{"type":"FeatureCollection","features":[{"type":"Feature","geometry":{"type":"Point","coordinates":[23.543525,46.75181]},"properties":{"name":"Disp. Clăbucet","band":0,"modes":"bus,tram","arr":["1","6","9","14","24","25","25N","52","52L","101","102","102L","M21","M22","M24","M25","M27","M51","M52","M81"],"off":[0,-0.8],"sc":0.86}},{"type":"Feature","geometry":{"type":"Point","coordinates":[23.543525,46.75181]},"properties":{"name":"Disp. Bucium","band":0,"modes":"bus,tram","arr":["1","6","9","14","24","25","25N","52","52L","101","102","102L","M21","M22","M24","M25","M27","M51","M52","M81"],"off":[0,-1.9],"sc":0.86}},{"type":"Feature","geometry":{"type":"Point","coordinates":[23.543525,46.75181]},"properties":{"name":"Academia de Muzica","band":0,"modes":"bus,tram","arr":["1","6","9","14","24","25","25N","52","52L","101","102","102L","M21","M22","M24","M25","M27","M51","M52","M81"],"off":[0,-3],"sc":0.86}},{"type":"Feature","geometry":{"type":"Point","coordinates":[23.543525,46.75181]},"properties":{"line":"1","mode":"bus","color":"#149a3f","colorDark":"#0a5121","band":0,"sc":0.86,"off":[-6.8,1.1]}},{"type":"Feature","geometry":{"type":"Point","coordinates":[23.543525,46.75181]},"properties":{"line":"6","mode":"bus","color":"#149a3f","colorDark":"#0a5121","band":0,"sc":0.86,"off":[-3.4,1.1]}},{"type":"Feature","geometry":{"type":"Point","coordinates":[23.543525,46.75181]},"properties":{"line":"9","mode":"bus","color":"#0059a9","colorDark":"#00294f","band":0,"sc":0.86,"off":[0,1.1]}},{"type":"Feature","geometry":{"type":"Point","coordinates":[23.543525,46.75181]},"properties":{"line":"14","mode":"bus","color":"#149a3f","colorDark":"#0a5121","band":0,"sc":0.86,"off":[3.4,1.1]}},{"type":"Feature","geometry":{"type":"Point","coordinates":[23.543525,46.75181]},"properties":{"line":"24","mode":"bus","color":"#0059a9","colorDark":"#00294f","band":0,"sc":0.86,"off":[6.8,1.1]}},{"type":"Feature","geometry":{"type":"Point","coordinates":[23.543525,46.75181]},"properties":{"line":"25","mode":"bus","color":"#149a3f","colorDark":"#0a5121","band":0,"sc":0.86,"off":[-6.8,3.1]}},{"type":"Feature","geometry":{"type":"Point","coordinates":[23.543525,46.75181]},"properties":{"line":"25N","mode":"bus","color":"#149a3f","colorDark":"#0a5121","band":0,"sc":0.86,"off":[-3.4,3.1]}},{"type":"Feature","geometry":{"type":"Point","coordinates":[23.543525,46.75181]},"properties":{"line":"52","mode":"bus","color":"#0059a9","colorDark":"#00294f","band":0,"sc":0.86,"off":[0,3.1]}},{"type":"Feature","geometry":{"type":"Point","coordinates":[23.543525,46.75181]},"properties":{"line":"52L","mode":"bus","color":"#0059a9","colorDark":"#00294f","band":0,"sc":0.86,"off":[3.4,3.1]}},{"type":"Feature","geometry":{"type":"Point","coordinates":[23.543525,46.75181]},"properties":{"line":"101","mode":"tram","color":"#d6212b","colorDark":"#7c1116","band":0,"sc":0.86,"off":[6.8,3.1]}},{"type":"Feature","geometry":{"type":"Point","coordinates":[23.543525,46.75181]},"properties":{"line":"102","mode":"tram","color":"#d6212b","colorDark":"#7c1116","band":0,"sc":0.86,"off":[-6.8,5.1]}},{"type":"Feature","geometry":{"type":"Point","coordinates":[23.543525,46.75181]},"properties":{"line":"102L","mode":"tram","color":"#d6212b","colorDark":"#7c1116","band":0,"sc":0.86,"off":[-3.4,5.1]}},{"type":"Feature","geometry":{"type":"Point","coordinates":[23.543525,46.75181]},"properties":{"line":"M21","mode":"bus","color":"#0059a9","colorDark":"#00294f","band":0,"sc":0.86,"off":[0,5.1]}},{"type":"Feature","geometry":{"type":"Point","coordinates":[23.543525,46.75181]},"properties":{"line":"M22","mode":"bus","color":"#0059a9","colorDark":"#00294f","band":0,"sc":0.86,"off":[3.4,5.1]}},{"type":"Feature","geometry":{"type":"Point","coordinates":[23.543525,46.75181]},"properties":{"line":"M24","mode":"bus","color":"#0059a9","colorDark":"#00294f","band":0,"sc":0.86,"off":[6.8,5.1]}},{"type":"Feature","geometry":{"type":"Point","coordinates":[23.543525,46.75181]},"properties":{"line":"M25","mode":"bus","color":"#0059a9","colorDark":"#00294f","band":0,"sc":0.86,"off":[-6.8,7.1]}},{"type":"Feature","geometry":{"type":"Point","coordinates":[23.543525,46.75181]},"properties":{"line":"M27","mode":"bus","color":"#0059a9","colorDark":"#00294f","band":0,"sc":0.86,"off":[-3.4,7.1]}},{"type":"Feature","geometry":{"type":"Point","coordinates":[23.543525,46.75181]},"properties":{"line":"M51","mode":"bus","color":"#0059a9","colorDark":"#00294f","band":0,"sc":0.86,"off":[0,7.1]}},{"type":"Feature","geometry":{"type":"Point","coordinates":[23.543525,46.75181]},"properties":{"line":"M52","mode":"bus","color":"#0059a9","colorDark":"#00294f","band":0,"sc":0.86,"off":[3.4,7.1]}},{"type":"Feature","geometry":{"type":"Point","coordinates":[23.543525,46.75181]},"properties":{"line":"M81","mode":"bus","color":"#0059a9","colorDark":"#00294f","band":0,"sc":0.86,"off":[6.8,7.1]}},{"type":"Feature","geometry":{"type":"Point","coordinates":[23.561942,46.75549]},"properties":{"name":"Izlazului","band":0,"modes":"bus","arr":["7"],"off":[0,-0.8]}},{"type":"Feature","geometry":{"type":"Point","coordinates":[23.561942,46.75549]},"properties":{"line":"7","mode":"bus","color":"#149a3f","colorDark":"#0a5121","band":0,"off":[0,1.1]}},{"type":"Feature","geometry":{"type":"Point","coordinates":[23.60553,46.78683]},"properties":{"name":"P-ța 1 Mai Sosire","band":0,"modes":"bus","arr":["1","41"],"off":[0,-0.8]}},{"type":"Feature","geometry":{"type":"Point","coordinates":[23.60553,46.78683]},"properties":{"name":"P-ța 1 Mai","band":0,"modes":"bus","arr":["1","41"],"off":[0,-1.9]}},{"type":"Feature","geometry":{"type":"Point","coordinates":[23.60553,46.78683]},"properties":{"line":"1","mode":"bus","color":"#149a3f","colorDark":"#0a5121","band":0,"off":[-1.7,1.1]}},{"type":"Feature","geometry":{"type":"Point","coordinates":[23.60553,46.78683]},"properties":{"line":"41","mode":"bus","color":"#0059a9","colorDark":"#00294f","band":0,"off":[1.7,1.1]}},{"type":"Feature","geometry":{"type":"Point","coordinates":[23.590431,46.773195]},"properties":{"name":"Pod Traian","band":0,"modes":"bus","arr":["8","19","23","28","28B","42","47","56","M26"],"off":[0,-0.8]}},{"type":"Feature","geometry":{"type":"Point","coordinates":[23.590431,46.773195]},"properties":{"name":"P-ța M. Viteazul Sud","band":0,"modes":"bus","arr":["8","19","23","28","28B","42","47","56","M26"],"off":[0,-1.9]}},{"type":"Feature","geometry":{"type":"Point","coordinates":[23.590431,46.773195]},"properties":{"name":"I.P. Voitești","band":0,"modes":"bus","arr":["8","19","23","28","28B","42","47","56","M26"],"off":[0,-4.1]}},{"type":"Feature","geometry":{"type":"Point","coordinates":[23.590431,46.773195]},"properties":{"line":"8","mode":"bus","color":"#149a3f","colorDark":"#0a5121","band":0,"off":[-6.8,1.1]}},{"type":"Feature","geometry":{"type":"Point","coordinates":[23.590431,46.773195]},"properties":{"line":"19","mode":"bus","color":"#0059a9","colorDark":"#00294f","band":0,"off":[-3.4,1.1]}},{"type":"Feature","geometry":{"type":"Point","coordinates":[23.590431,46.773195]},"properties":{"line":"23","mode":"bus","color":"#149a3f","colorDark":"#0a5121","band":0,"off":[0,1.1]}},{"type":"Feature","geometry":{"type":"Point","coordinates":[23.590431,46.773195]},"properties":{"line":"28","mode":"bus","color":"#0059a9","colorDark":"#00294f","band":0,"off":[3.4,1.1]}},{"type":"Feature","geometry":{"type":"Point","coordinates":[23.590431,46.773195]},"properties":{"line":"28B","mode":"bus","color":"#0059a9","colorDark":"#00294f","band":0,"off":[6.8,1.1]}},{"type":"Feature","geometry":{"type":"Point","coordinates":[23.590431,46.773195]},"properties":{"line":"42","mode":"bus","color":"#0059a9","colorDark":"#00294f","band":0,"off":[-5.1,3.1]}},{"type":"Feature","geometry":{"type":"Point","coordinates":[23.590431,46.773195]},"properties":{"line":"47","mode":"bus","color":"#0059a9","colorDark":"#00294f","band":0,"off":[-1.7,3.1]}},{"type":"Feature","geometry":{"type":"Point","coordinates":[23.590431,46.773195]},"properties":{"line":"56","mode":"bus","color":"#0059a9","colorDark":"#00294f","band":0,"off":[1.7,3.1]}},{"type":"Feature","geometry":{"type":"Point","coordinates":[23.590431,46.773195]},"properties":{"line":"M26","mode":"bus","color":"#0059a9","colorDark":"#00294f","band":0,"off":[5.1,3.1]}},{"type":"Feature","geometry":{"type":"Point","coordinates":[23.629316,46.768026]},"properties":{"name":"Snagov Nord","band":0,"modes":"bus","arr":["3","10","24","24B","25","25N","45"],"off":[0,-0.8]}},{"type":"Feature","geometry":{"type":"Point","coordinates":[23.629316,46.768026]},"properties":{"name":"Disp. Unirii","band":0,"modes":"bus","arr":["3","10","24","24B","25","25N","45"],"off":[0,-1.9]}},{"type":"Feature","geometry":{"type":"Point","coordinates":[23.629316,46.768026]},"properties":{"line":"3","mode":"bus","color":"#149a3f","colorDark":"#0a5121","band":0,"off":[-6.8,1.1]}},{"type":"Feature","geometry":{"type":"Point","coordinates":[23.629316,46.768026]},"properties":{"line":"10","mode":"bus","color":"#149a3f","colorDark":"#0a5121","band":0,"off":[-3.4,1.1]}},{"type":"Feature","geometry":{"type":"Point","coordinates":[23.629316,46.768026]},"properties":{"line":"24","mode":"bus","color":"#0059a9","colorDark":"#00294f","band":0,"off":[0,1.1]}},{"type":"Feature","geometry":{"type":"Point","coordinates":[23.629316,46.768026]},"properties":{"line":"24B","mode":"bus","color":"#0059a9","colorDark":"#00294f","band":0,"off":[3.4,1.1]}},{"type":"Feature","geometry":{"type":"Point","coordinates":[23.629316,46.768026]},"properties":{"line":"25","mode":"bus","color":"#149a3f","colorDark":"#0a5121","band":0,"off":[6.8,1.1]}},{"type":"Feature","geometry":{"type":"Point","coordinates":[23.629316,46.768026]},"properties":{"line":"25N","mode":"bus","color":"#149a3f","colorDark":"#0a5121","band":0,"off":[-1.7,3.1]}},{"type":"Feature","geometry":{"type":"Point","coordinates":[23.629316,46.768026]},"properties":{"line":"45","mode":"bus","color":"#0059a9","colorDark":"#00294f","band":0,"off":[1.7,3.1]}},{"type":"Feature","geometry":{"type":"Point","coordinates":[23.594811,46.764921]},"properties":{"name":"Teatru","band":0,"modes":"bus","arr":["21","32","33","36B","36L","46","46L","53","A1"],"off":[0,-0.8]}},{"type":"Feature","geometry":{"type":"Point","coordinates":[23.594811,46.764921]},"properties":{"name":"P-ța M. Viteazul Vest","band":0,"modes":"bus","arr":["21","32","33","36B","36L","46","46L","53","A1"],"off":[0,-1.9]}},{"type":"Feature","geometry":{"type":"Point","coordinates":[23.594811,46.764921]},"properties":{"name":"P-ța Avram Iancu","band":0,"modes":"bus","arr":["21","32","33","36B","36L","46","46L","53","A1"],"off":[0,-4.1]}},{"type":"Feature","geometry":{"type":"Point","coordinates":[23.594811,46.764921]},"properties":{"line":"21","mode":"bus","color":"#0059a9","colorDark":"#00294f","band":0,"off":[-6.8,1.1]}},{"type":"Feature","geometry":{"type":"Point","coordinates":[23.594811,46.764921]},"properties":{"line":"32","mode":"bus","color":"#0059a9","colorDark":"#00294f","band":0,"off":[-3.4,1.1]}},{"type":"Feature","geometry":{"type":"Point","coordinates":[23.594811,46.764921]},"properties":{"line":"33","mode":"bus","color":"#0059a9","colorDark":"#00294f","band":0,"off":[0,1.1]}},{"type":"Feature","geometry":{"type":"Point","coordinates":[23.594811,46.764921]},"properties":{"line":"36B","mode":"bus","color":"#0059a9","colorDark":"#00294f","band":0,"off":[3.4,1.1]}},{"type":"Feature","geometry":{"type":"Point","coordinates":[23.594811,46.764921]},"properties":{"line":"36L","mode":"bus","color":"#0059a9","colorDark":"#00294f","band":0,"off":[6.8,1.1]}},{"type":"Feature","geometry":{"type":"Point","coordinates":[23.594811,46.764921]},"properties":{"line":"46","mode":"bus","color":"#0059a9","colorDark":"#00294f","band":0,"off":[-5.1,3.1]}},{"type":"Feature","geometry":{"type":"Point","coordinates":[23.594811,46.764921]},"properties":{"line":"46L","mode":"bus","color":"#0059a9","colorDark":"#00294f","band":0,"off":[-1.7,3.1]}},{"type":"Feature","geometry":{"type":"Point","coordinates":[23.594811,46.764921]},"properties":{"line":"53","mode":"bus","color":"#0059a9","colorDark":"#00294f","band":0,"off":[1.7,3.1]}},{"type":"Feature","geometry":{"type":"Point","coordinates":[23.594811,46.764921]},"properties":{"line":"A1","mode":"bus","color":"#0059a9","colorDark":"#00294f","band":0,"off":[5.1,3.1]}},{"type":"Feature","geometry":{"type":"Point","coordinates":[23.587112,46.78636]},"properties":{"name":"P-ța Gării Sud","band":0,"modes":"bus,tram","arr":["3","4","5","5N","9","22","27","32B","34","35","101"],"off":[0,-0.8]}},{"type":"Feature","geometry":{"type":"Point","coordinates":[23.587112,46.78636]},"properties":{"name":"P-ța Gării Sosire","band":0,"modes":"bus,tram","arr":["3","4","5","5N","9","22","27","32B","34","35","101"],"off":[0,-1.9]}},{"type":"Feature","geometry":{"type":"Point","coordinates":[23.587112,46.78636]},"properties":{"name":"P-ța Gării Nord","band":0,"modes":"bus,tram","arr":["3","4","5","5N","9","22","27","32B","34","35","101"],"off":[0,-3]}},{"type":"Feature","geometry":{"type":"Point","coordinates":[23.587112,46.78636]},"properties":{"line":"3","mode":"bus","color":"#149a3f","colorDark":"#0a5121","band":0,"off":[-6.8,1.1]}},{"type":"Feature","geometry":{"type":"Point","coordinates":[23.587112,46.78636]},"properties":{"line":"4","mode":"bus","color":"#149a3f","colorDark":"#0a5121","band":0,"off":[-3.4,1.1]}},{"type":"Feature","geometry":{"type":"Point","coordinates":[23.587112,46.78636]},"properties":{"line":"5","mode":"bus","color":"#149a3f","colorDark":"#0a5121","band":0,"off":[0,1.1]}},{"type":"Feature","geometry":{"type":"Point","coordinates":[23.587112,46.78636]},"properties":{"line":"5N","mode":"bus","color":"#149a3f","colorDark":"#0a5121","band":0,"off":[3.4,1.1]}},{"type":"Feature","geometry":{"type":"Point","coordinates":[23.587112,46.78636]},"properties":{"line":"9","mode":"bus","color":"#0059a9","colorDark":"#00294f","band":0,"off":[6.8,1.1]}},{"type":"Feature","geometry":{"type":"Point","coordinates":[23.587112,46.78636]},"properties":{"line":"22","mode":"bus","color":"#0059a9","colorDark":"#00294f","band":0,"off":[-6.8,3.1]}},{"type":"Feature","geometry":{"type":"Point","coordinates":[23.587112,46.78636]},"properties":{"line":"27","mode":"bus","color":"#0059a9","colorDark":"#00294f","band":0,"off":[-3.4,3.1]}},{"type":"Feature","geometry":{"type":"Point","coordinates":[23.587112,46.78636]},"properties":{"line":"32B","mode":"bus","color":"#0059a9","colorDark":"#00294f","band":0,"off":[0,3.1]}},{"type":"Feature","geometry":{"type":"Point","coordinates":[23.587112,46.78636]},"properties":{"line":"34","mode":"bus","color":"#0059a9","colorDark":"#00294f","band":0,"off":[3.4,3.1]}},{"type":"Feature","geometry":{"type":"Point","coordinates":[23.587112,46.78636]},"properties":{"line":"35","mode":"bus","color":"#0059a9","colorDark":"#00294f","band":0,"off":[6.8,3.1]}},{"type":"Feature","geometry":{"type":"Point","coordinates":[23.587112,46.78636]},"properties":{"line":"101","mode":"tram","color":"#d6212b","colorDark":"#7c1116","band":0,"off":[0,5.1]}},{"type":"Feature","geometry":{"type":"Point","coordinates":[23.637752,46.780262]},"properties":{"name":"Jiului","band":0,"modes":"bus","arr":["4","6","7","12","30","46B","47","57"],"off":[0,-0.8]}},{"type":"Feature","geometry":{"type":"Point","coordinates":[23.637752,46.780262]},"properties":{"name":"EXPO Transilvania","band":0,"modes":"bus","arr":["4","6","7","12","30","46B","47","57"],"off":[0,-1.9]}},{"type":"Feature","geometry":{"type":"Point","coordinates":[23.637752,46.780262]},"properties":{"name":"Disp. IRA","band":0,"modes":"bus","arr":["4","6","7","12","30","46B","47","57"],"off":[0,-3]}},{"type":"Feature","geometry":{"type":"Point","coordinates":[23.637752,46.780262]},"properties":{"line":"4","mode":"bus","color":"#149a3f","colorDark":"#0a5121","band":0,"off":[-6.8,1.1]}},{"type":"Feature","geometry":{"type":"Point","coordinates":[23.637752,46.780262]},"properties":{"line":"6","mode":"bus","color":"#149a3f","colorDark":"#0a5121","band":0,"off":[-3.4,1.1]}},{"type":"Feature","geometry":{"type":"Point","coordinates":[23.637752,46.780262]},"properties":{"line":"7","mode":"bus","color":"#149a3f","colorDark":"#0a5121","band":0,"off":[0,1.1]}},{"type":"Feature","geometry":{"type":"Point","coordinates":[23.637752,46.780262]},"properties":{"line":"12","mode":"bus","color":"#149a3f","colorDark":"#0a5121","band":0,"off":[3.4,1.1]}},{"type":"Feature","geometry":{"type":"Point","coordinates":[23.637752,46.780262]},"properties":{"line":"30","mode":"bus","color":"#0059a9","colorDark":"#00294f","band":0,"off":[6.8,1.1]}},{"type":"Feature","geometry":{"type":"Point","coordinates":[23.637752,46.780262]},"properties":{"line":"46B","mode":"bus","color":"#0059a9","colorDark":"#00294f","band":0,"off":[-3.4,3.1]}},{"type":"Feature","geometry":{"type":"Point","coordinates":[23.637752,46.780262]},"properties":{"line":"47","mode":"bus","color":"#0059a9","colorDark":"#00294f","band":0,"off":[0,3.1]}},{"type":"Feature","geometry":{"type":"Point","coordinates":[23.637752,46.780262]},"properties":{"line":"57","mode":"bus","color":"#0059a9","colorDark":"#00294f","band":0,"off":[3.4,3.1]}},{"type":"Feature","geometry":{"type":"Point","coordinates":[23.61655,46.778661]},"properties":{"name":"Mareșal C-tin Prezan","band":0,"modes":"bus","arr":["8L","M41","M41L","M42","M42L","M43","M44","M45"],"off":[0,-0.8]}},{"type":"Feature","geometry":{"type":"Point","coordinates":[23.61655,46.778661]},"properties":{"name":"Arte Plastice","band":0,"modes":"bus","arr":["8L","M41","M41L","M42","M42L","M43","M44","M45"],"off":[0,-3]}},{"type":"Feature","geometry":{"type":"Point","coordinates":[23.61655,46.778661]},"properties":{"line":"8L","mode":"bus","color":"#0059a9","colorDark":"#00294f","band":0,"off":[-6.8,1.1]}},{"type":"Feature","geometry":{"type":"Point","coordinates":[23.61655,46.778661]},"properties":{"line":"M41","mode":"bus","color":"#0059a9","colorDark":"#00294f","band":0,"off":[-3.4,1.1]}},{"type":"Feature","geometry":{"type":"Point","coordinates":[23.61655,46.778661]},"properties":{"line":"M41L","mode":"bus","color":"#0059a9","colorDark":"#00294f","band":0,"off":[0,1.1]}},{"type":"Feature","geometry":{"type":"Point","coordinates":[23.61655,46.778661]},"properties":{"line":"M42","mode":"bus","color":"#0059a9","colorDark":"#00294f","band":0,"off":[3.4,1.1]}},{"type":"Feature","geometry":{"type":"Point","coordinates":[23.61655,46.778661]},"properties":{"line":"M42L","mode":"bus","color":"#0059a9","colorDark":"#00294f","band":0,"off":[6.8,1.1]}},{"type":"Feature","geometry":{"type":"Point","coordinates":[23.61655,46.778661]},"properties":{"line":"M43","mode":"bus","color":"#0059a9","colorDark":"#00294f","band":0,"off":[-3.4,3.1]}},{"type":"Feature","geometry":{"type":"Point","coordinates":[23.61655,46.778661]},"properties":{"line":"M44","mode":"bus","color":"#0059a9","colorDark":"#00294f","band":0,"off":[0,3.1]}},{"type":"Feature","geometry":{"type":"Point","coordinates":[23.61655,46.778661]},"properties":{"line":"M45","mode":"bus","color":"#0059a9","colorDark":"#00294f","band":0,"off":[3.4,3.1]}},{"type":"Feature","geometry":{"type":"Point","coordinates":[23.697144,46.781918]},"properties":{"name":"Electromontaj Sud","band":0,"modes":"bus","arr":["5","5N","8"],"off":[0,-0.8]}},{"type":"Feature","geometry":{"type":"Point","coordinates":[23.697144,46.781918]},"properties":{"name":"Electromontaj Nord","band":0,"modes":"bus","arr":["5","5N","8"],"off":[0,-1.9]}},{"type":"Feature","geometry":{"type":"Point","coordinates":[23.697144,46.781918]},"properties":{"line":"5","mode":"bus","color":"#149a3f","colorDark":"#0a5121","band":0,"off":[-3.4,1.1]}},{"type":"Feature","geometry":{"type":"Point","coordinates":[23.697144,46.781918]},"properties":{"line":"5N","mode":"bus","color":"#149a3f","colorDark":"#0a5121","band":0,"off":[0,1.1]}},{"type":"Feature","geometry":{"type":"Point","coordinates":[23.697144,46.781918]},"properties":{"line":"8","mode":"bus","color":"#149a3f","colorDark":"#0a5121","band":0,"off":[3.4,1.1]}},{"type":"Feature","geometry":{"type":"Point","coordinates":[23.710521,46.781449]},"properties":{"name":"Piața AGRO Sosire","band":0,"modes":"bus","arr":["8L"],"off":[0,-0.8]}},{"type":"Feature","geometry":{"type":"Point","coordinates":[23.710521,46.781449]},"properties":{"name":"AGRO Transilvania","band":0,"modes":"bus","arr":["8L"],"off":[0,-1.9]}},{"type":"Feature","geometry":{"type":"Point","coordinates":[23.710521,46.781449]},"properties":{"line":"8L","mode":"bus","color":"#0059a9","colorDark":"#00294f","band":0,"off":[0,1.1]}},{"type":"Feature","geometry":{"type":"Point","coordinates":[23.63525,46.797742]},"properties":{"name":"ERS CUG Sud","band":0,"modes":"bus","arr":["10","12","14","23","26","48","50"],"off":[0,-0.8]}},{"type":"Feature","geometry":{"type":"Point","coordinates":[23.63525,46.797742]},"properties":{"name":"ERS CUG Nord","band":0,"modes":"bus","arr":["10","12","14","23","26","48","50"],"off":[0,-1.9]}},{"type":"Feature","geometry":{"type":"Point","coordinates":[23.63525,46.797742]},"properties":{"name":"Disp. ERS CUG","band":0,"modes":"bus","arr":["10","12","14","23","26","48","50"],"off":[0,-3]}},{"type":"Feature","geometry":{"type":"Point","coordinates":[23.63525,46.797742]},"properties":{"line":"10","mode":"bus","color":"#149a3f","colorDark":"#0a5121","band":0,"off":[-6.8,1.1]}},{"type":"Feature","geometry":{"type":"Point","coordinates":[23.63525,46.797742]},"properties":{"line":"12","mode":"bus","color":"#149a3f","colorDark":"#0a5121","band":0,"off":[-3.4,1.1]}},{"type":"Feature","geometry":{"type":"Point","coordinates":[23.63525,46.797742]},"properties":{"line":"14","mode":"bus","color":"#149a3f","colorDark":"#0a5121","band":0,"off":[0,1.1]}},{"type":"Feature","geometry":{"type":"Point","coordinates":[23.63525,46.797742]},"properties":{"line":"23","mode":"bus","color":"#149a3f","colorDark":"#0a5121","band":0,"off":[3.4,1.1]}},{"type":"Feature","geometry":{"type":"Point","coordinates":[23.63525,46.797742]},"properties":{"line":"26","mode":"bus","color":"#0059a9","colorDark":"#00294f","band":0,"off":[6.8,1.1]}},{"type":"Feature","geometry":{"type":"Point","coordinates":[23.63525,46.797742]},"properties":{"line":"48","mode":"bus","color":"#0059a9","colorDark":"#00294f","band":0,"off":[-1.7,3.1]}},{"type":"Feature","geometry":{"type":"Point","coordinates":[23.63525,46.797742]},"properties":{"line":"50","mode":"bus","color":"#0059a9","colorDark":"#00294f","band":0,"off":[1.7,3.1]}},{"type":"Feature","geometry":{"type":"Point","coordinates":[23.598488,46.761544]},"properties":{"name":"Posada","band":0,"modes":"bus","arr":["18","20","40","M11","M12","M13","M16","M17","M18","M61","M71"],"off":[0,-0.8]}},{"type":"Feature","geometry":{"type":"Point","coordinates":[23.598488,46.761544]},"properties":{"line":"18","mode":"bus","color":"#0059a9","colorDark":"#00294f","band":0,"off":[-6.8,1.1]}},{"type":"Feature","geometry":{"type":"Point","coordinates":[23.598488,46.761544]},"properties":{"line":"20","mode":"bus","color":"#0059a9","colorDark":"#00294f","band":0,"off":[-3.4,1.1]}},{"type":"Feature","geometry":{"type":"Point","coordinates":[23.598488,46.761544]},"properties":{"line":"40","mode":"bus","color":"#0059a9","colorDark":"#00294f","band":0,"off":[0,1.1]}},{"type":"Feature","geometry":{"type":"Point","coordinates":[23.598488,46.761544]},"properties":{"line":"M11","mode":"bus","color":"#0059a9","colorDark":"#00294f","band":0,"off":[3.4,1.1]}},{"type":"Feature","geometry":{"type":"Point","coordinates":[23.598488,46.761544]},"properties":{"line":"M12","mode":"bus","color":"#0059a9","colorDark":"#00294f","band":0,"off":[6.8,1.1]}},{"type":"Feature","geometry":{"type":"Point","coordinates":[23.598488,46.761544]},"properties":{"line":"M13","mode":"bus","color":"#0059a9","colorDark":"#00294f","band":0,"off":[-6.8,3.1]}},{"type":"Feature","geometry":{"type":"Point","coordinates":[23.598488,46.761544]},"properties":{"line":"M16","mode":"bus","color":"#0059a9","colorDark":"#00294f","band":0,"off":[-3.4,3.1]}},{"type":"Feature","geometry":{"type":"Point","coordinates":[23.598488,46.761544]},"properties":{"line":"M17","mode":"bus","color":"#0059a9","colorDark":"#00294f","band":0,"off":[0,3.1]}},{"type":"Feature","geometry":{"type":"Point","coordinates":[23.598488,46.761544]},"properties":{"line":"M18","mode":"bus","color":"#0059a9","colorDark":"#00294f","band":0,"off":[3.4,3.1]}},{"type":"Feature","geometry":{"type":"Point","coordinates":[23.598488,46.761544]},"properties":{"line":"M61","mode":"bus","color":"#0059a9","colorDark":"#00294f","band":0,"off":[6.8,3.1]}},{"type":"Feature","geometry":{"type":"Point","coordinates":[23.598488,46.761544]},"properties":{"line":"M71","mode":"bus","color":"#0059a9","colorDark":"#00294f","band":0,"off":[0,5.1]}},{"type":"Feature","geometry":{"type":"Point","coordinates":[23.636541,46.73852]},"properties":{"name":"Veseliei","band":0,"modes":"bus","arr":["18"],"off":[0,-0.8]}},{"type":"Feature","geometry":{"type":"Point","coordinates":[23.636541,46.73852]},"properties":{"line":"18","mode":"bus","color":"#0059a9","colorDark":"#00294f","band":0,"off":[0,1.1]}},{"type":"Feature","geometry":{"type":"Point","coordinates":[23.565335,46.742728]},"properties":{"name":"E.Quinet Sud","band":0,"modes":"bus","arr":["19"],"off":[0,-0.8]}},{"type":"Feature","geometry":{"type":"Point","coordinates":[23.565335,46.742728]},"properties":{"line":"19","mode":"bus","color":"#0059a9","colorDark":"#00294f","band":0,"off":[0,1.1]}},{"type":"Feature","geometry":{"type":"Point","coordinates":[23.651131,46.743897]},"properties":{"name":"Biserica Borhanci Vest","band":0,"modes":"bus","arr":["20"],"off":[0,-0.8]}},{"type":"Feature","geometry":{"type":"Point","coordinates":[23.651131,46.743897]},"properties":{"name":"Biserica Borhanci Est","band":0,"modes":"bus","arr":["20"],"off":[0,-3]}},{"type":"Feature","geometry":{"type":"Point","coordinates":[23.651131,46.743897]},"properties":{"line":"20","mode":"bus","color":"#0059a9","colorDark":"#00294f","band":0,"off":[0,1.1]}},{"type":"Feature","geometry":{"type":"Point","coordinates":[23.59175,46.741657]},"properties":{"name":"Dacia Service Sosire","band":0,"modes":"bus","arr":["21","43B"],"off":[0,-0.8]}},{"type":"Feature","geometry":{"type":"Point","coordinates":[23.59175,46.741657]},"properties":{"name":"Dacia Service","band":0,"modes":"bus","arr":["21","43B"],"off":[0,-3]}},{"type":"Feature","geometry":{"type":"Point","coordinates":[23.59175,46.741657]},"properties":{"line":"21","mode":"bus","color":"#0059a9","colorDark":"#00294f","band":0,"off":[-1.7,1.1]}},{"type":"Feature","geometry":{"type":"Point","coordinates":[23.59175,46.741657]},"properties":{"line":"43B","mode":"bus","color":"#0059a9","colorDark":"#00294f","band":0,"off":[1.7,1.1]}},{"type":"Feature","geometry":{"type":"Point","coordinates":[23.583399,46.760147]},"properties":{"name":"Sp. de Boli Infecțioase","band":0,"modes":"bus","arr":["22"],"off":[0,-0.8]}},{"type":"Feature","geometry":{"type":"Point","coordinates":[23.583399,46.760147]},"properties":{"name":"Boli Infecțioase Sosire","band":0,"modes":"bus","arr":["22"],"off":[0,-3]}},{"type":"Feature","geometry":{"type":"Point","coordinates":[23.583399,46.760147]},"properties":{"line":"22","mode":"bus","color":"#0059a9","colorDark":"#00294f","band":0,"off":[0,1.1]}},{"type":"Feature","geometry":{"type":"Point","coordinates":[23.532739,46.752869]},"properties":{"name":"VIVO Sosire","band":0,"modes":"bus","arr":["24B","28B","43P"],"off":[0,-0.8]}},{"type":"Feature","geometry":{"type":"Point","coordinates":[23.532739,46.752869]},"properties":{"name":"VIVO","band":0,"modes":"bus","arr":["24B","28B","43P"],"off":[0,-1.9]}},{"type":"Feature","geometry":{"type":"Point","coordinates":[23.532739,46.752869]},"properties":{"line":"24B","mode":"bus","color":"#0059a9","colorDark":"#00294f","band":0,"off":[-3.4,1.1]}},{"type":"Feature","geometry":{"type":"Point","coordinates":[23.532739,46.752869]},"properties":{"line":"28B","mode":"bus","color":"#0059a9","colorDark":"#00294f","band":0,"off":[0,1.1]}},{"type":"Feature","geometry":{"type":"Point","coordinates":[23.532739,46.752869]},"properties":{"line":"43P","mode":"bus","color":"#0059a9","colorDark":"#00294f","band":0,"off":[3.4,1.1]}},{"type":"Feature","geometry":{"type":"Point","coordinates":[23.548686,46.765293]},"properties":{"name":"Radio România Cluj","band":0,"modes":"bus","arr":["26","26L","27","28","30","41","43","43B","44","54N"],"off":[0,-0.8]}},{"type":"Feature","geometry":{"type":"Point","coordinates":[23.548686,46.765293]},"properties":{"name":"Disp. Grigorescu","band":0,"modes":"bus","arr":["26","26L","27","28","30","41","43","43B","44","54N"],"off":[0,-1.9]}},{"type":"Feature","geometry":{"type":"Point","coordinates":[23.548686,46.765293]},"properties":{"line":"26","mode":"bus","color":"#0059a9","colorDark":"#00294f","band":0,"off":[-6.8,1.1]}},{"type":"Feature","geometry":{"type":"Point","coordinates":[23.548686,46.765293]},"properties":{"line":"26L","mode":"bus","color":"#0059a9","colorDark":"#00294f","band":0,"off":[-3.4,1.1]}},{"type":"Feature","geometry":{"type":"Point","coordinates":[23.548686,46.765293]},"properties":{"line":"27","mode":"bus","color":"#0059a9","colorDark":"#00294f","band":0,"off":[0,1.1]}},{"type":"Feature","geometry":{"type":"Point","coordinates":[23.548686,46.765293]},"properties":{"line":"28","mode":"bus","color":"#0059a9","colorDark":"#00294f","band":0,"off":[3.4,1.1]}},{"type":"Feature","geometry":{"type":"Point","coordinates":[23.548686,46.765293]},"properties":{"line":"30","mode":"bus","color":"#0059a9","colorDark":"#00294f","band":0,"off":[6.8,1.1]}},{"type":"Feature","geometry":{"type":"Point","coordinates":[23.548686,46.765293]},"properties":{"line":"41","mode":"bus","color":"#0059a9","colorDark":"#00294f","band":0,"off":[-6.8,3.1]}},{"type":"Feature","geometry":{"type":"Point","coordinates":[23.548686,46.765293]},"properties":{"line":"43","mode":"bus","color":"#0059a9","colorDark":"#00294f","band":0,"off":[-3.4,3.1]}},{"type":"Feature","geometry":{"type":"Point","coordinates":[23.548686,46.765293]},"properties":{"line":"43B","mode":"bus","color":"#0059a9","colorDark":"#00294f","band":0,"off":[0,3.1]}},{"type":"Feature","geometry":{"type":"Point","coordinates":[23.548686,46.765293]},"properties":{"line":"44","mode":"bus","color":"#0059a9","colorDark":"#00294f","band":0,"off":[3.4,3.1]}},{"type":"Feature","geometry":{"type":"Point","coordinates":[23.548686,46.765293]},"properties":{"line":"54N","mode":"bus","color":"#0059a9","colorDark":"#00294f","band":0,"off":[6.8,3.1]}},{"type":"Feature","geometry":{"type":"Point","coordinates":[23.635326,46.794188]},"properties":{"name":"ERS CUG S.","band":0,"modes":"bus","arr":["26","48","50"],"off":[0,-0.8]}},{"type":"Feature","geometry":{"type":"Point","coordinates":[23.635326,46.794188]},"properties":{"line":"26","mode":"bus","color":"#0059a9","colorDark":"#00294f","band":0,"off":[-3.4,1.1]}},{"type":"Feature","geometry":{"type":"Point","coordinates":[23.635326,46.794188]},"properties":{"line":"48","mode":"bus","color":"#0059a9","colorDark":"#00294f","band":0,"off":[0,1.1]}},{"type":"Feature","geometry":{"type":"Point","coordinates":[23.635326,46.794188]},"properties":{"line":"50","mode":"bus","color":"#0059a9","colorDark":"#00294f","band":0,"off":[3.4,1.1]}},{"type":"Feature","geometry":{"type":"Point","coordinates":[23.662845,46.797451]},"properties":{"name":"Emerson Sosire","band":0,"modes":"bus,tram","arr":["26L","36L","48L","50L","52L","57L","102L"],"off":[0,-0.8]}},{"type":"Feature","geometry":{"type":"Point","coordinates":[23.662845,46.797451]},"properties":{"name":"EMERSON","band":0,"modes":"bus,tram","arr":["26L","36L","48L","50L","52L","57L","102L"],"off":[0,-1.9]}},{"type":"Feature","geometry":{"type":"Point","coordinates":[23.662845,46.797451]},"properties":{"name":"DEPOU Vest","band":0,"modes":"bus,tram","arr":["26L","36L","48L","50L","52L","57L","102L"],"off":[0,-3]}},{"type":"Feature","geometry":{"type":"Point","coordinates":[23.662845,46.797451]},"properties":{"line":"26L","mode":"bus","color":"#0059a9","colorDark":"#00294f","band":0,"off":[-6.8,1.1]}},{"type":"Feature","geometry":{"type":"Point","coordinates":[23.662845,46.797451]},"properties":{"line":"36L","mode":"bus","color":"#0059a9","colorDark":"#00294f","band":0,"off":[-3.4,1.1]}},{"type":"Feature","geometry":{"type":"Point","coordinates":[23.662845,46.797451]},"properties":{"line":"48L","mode":"bus","color":"#0059a9","colorDark":"#00294f","band":0,"off":[0,1.1]}},{"type":"Feature","geometry":{"type":"Point","coordinates":[23.662845,46.797451]},"properties":{"line":"50L","mode":"bus","color":"#0059a9","colorDark":"#00294f","band":0,"off":[3.4,1.1]}},{"type":"Feature","geometry":{"type":"Point","coordinates":[23.662845,46.797451]},"properties":{"line":"52L","mode":"bus","color":"#0059a9","colorDark":"#00294f","band":0,"off":[6.8,1.1]}},{"type":"Feature","geometry":{"type":"Point","coordinates":[23.662845,46.797451]},"properties":{"line":"57L","mode":"bus","color":"#0059a9","colorDark":"#00294f","band":0,"off":[-1.7,3.1]}},{"type":"Feature","geometry":{"type":"Point","coordinates":[23.662845,46.797451]},"properties":{"line":"102L","mode":"tram","color":"#d6212b","colorDark":"#7c1116","band":0,"off":[1.7,3.1]}},{"type":"Feature","geometry":{"type":"Point","coordinates":[23.590751,46.778692]},"properties":{"name":"Piața Mihai Viteazul Est Sosire","band":0,"modes":"bus","arr":["28","28B","29S","31","37","38","39","39L","42","M31"],"off":[0,-0.8]}},{"type":"Feature","geometry":{"type":"Point","coordinates":[23.590751,46.778692]},"properties":{"name":"P-ța M.Viteazu Sosire","band":0,"modes":"bus","arr":["28","28B","29S","31","37","38","39","39L","42","M31"],"off":[0,-3]}},{"type":"Feature","geometry":{"type":"Point","coordinates":[23.590751,46.778692]},"properties":{"name":"P-ța M. Viteazul Est","band":0,"modes":"bus","arr":["28","28B","29S","31","37","38","39","39L","42","M31"],"off":[0,-5.2]}},{"type":"Feature","geometry":{"type":"Point","coordinates":[23.590751,46.778692]},"properties":{"line":"28","mode":"bus","color":"#0059a9","colorDark":"#00294f","band":0,"off":[-6.8,1.1]}},{"type":"Feature","geometry":{"type":"Point","coordinates":[23.590751,46.778692]},"properties":{"line":"28B","mode":"bus","color":"#0059a9","colorDark":"#00294f","band":0,"off":[-3.4,1.1]}},{"type":"Feature","geometry":{"type":"Point","coordinates":[23.590751,46.778692]},"properties":{"line":"29S","mode":"bus","color":"#0059a9","colorDark":"#00294f","band":0,"off":[0,1.1]}},{"type":"Feature","geometry":{"type":"Point","coordinates":[23.590751,46.778692]},"properties":{"line":"31","mode":"bus","color":"#0059a9","colorDark":"#00294f","band":0,"off":[3.4,1.1]}},{"type":"Feature","geometry":{"type":"Point","coordinates":[23.590751,46.778692]},"properties":{"line":"37","mode":"bus","color":"#0059a9","colorDark":"#00294f","band":0,"off":[6.8,1.1]}},{"type":"Feature","geometry":{"type":"Point","coordinates":[23.590751,46.778692]},"properties":{"line":"38","mode":"bus","color":"#0059a9","colorDark":"#00294f","band":0,"off":[-6.8,3.1]}},{"type":"Feature","geometry":{"type":"Point","coordinates":[23.590751,46.778692]},"properties":{"line":"39","mode":"bus","color":"#0059a9","colorDark":"#00294f","band":0,"off":[-3.4,3.1]}},{"type":"Feature","geometry":{"type":"Point","coordinates":[23.590751,46.778692]},"properties":{"line":"39L","mode":"bus","color":"#0059a9","colorDark":"#00294f","band":0,"off":[0,3.1]}},{"type":"Feature","geometry":{"type":"Point","coordinates":[23.590751,46.778692]},"properties":{"line":"42","mode":"bus","color":"#0059a9","colorDark":"#00294f","band":0,"off":[3.4,3.1]}},{"type":"Feature","geometry":{"type":"Point","coordinates":[23.590751,46.778692]},"properties":{"line":"M31","mode":"bus","color":"#0059a9","colorDark":"#00294f","band":0,"off":[6.8,3.1]}},{"type":"Feature","geometry":{"type":"Point","coordinates":[23.53564,46.741979]},"properties":{"name":"Roata Faget Sosire","band":0,"modes":"bus","arr":["29","29S"],"off":[0,-0.8]}},{"type":"Feature","geometry":{"type":"Point","coordinates":[23.53564,46.741979]},"properties":{"name":"Roata Faget Plecare","band":0,"modes":"bus","arr":["29","29S"],"off":[0,-1.9]}},{"type":"Feature","geometry":{"type":"Point","coordinates":[23.53564,46.741979]},"properties":{"line":"29","mode":"bus","color":"#0059a9","colorDark":"#00294f","band":0,"off":[-1.7,1.1]}},{"type":"Feature","geometry":{"type":"Point","coordinates":[23.53564,46.741979]},"properties":{"line":"29S","mode":"bus","color":"#0059a9","colorDark":"#00294f","band":0,"off":[1.7,1.1]}},{"type":"Feature","geometry":{"type":"Point","coordinates":[23.607753,46.782393]},"properties":{"name":"Henri Barbusse Sosire","band":0,"modes":"bus","arr":["29"],"off":[0,-0.8]}},{"type":"Feature","geometry":{"type":"Point","coordinates":[23.607753,46.782393]},"properties":{"name":"Henri Barbusse Plecare","band":0,"modes":"bus","arr":["29"],"off":[0,-3]}},{"type":"Feature","geometry":{"type":"Point","coordinates":[23.607753,46.782393]},"properties":{"line":"29","mode":"bus","color":"#0059a9","colorDark":"#00294f","band":0,"off":[0,1.1]}},{"type":"Feature","geometry":{"type":"Point","coordinates":[23.535959,46.785546]},"properties":{"name":"Napolact Sosire","band":0,"modes":"bus","arr":["31"],"off":[0,-0.8]}},{"type":"Feature","geometry":{"type":"Point","coordinates":[23.535959,46.785546]},"properties":{"name":"Napolact","band":0,"modes":"bus","arr":["31"],"off":[0,-1.9]}},{"type":"Feature","geometry":{"type":"Point","coordinates":[23.535959,46.785546]},"properties":{"line":"31","mode":"bus","color":"#0059a9","colorDark":"#00294f","band":0,"off":[0,1.1]}},{"type":"Feature","geometry":{"type":"Point","coordinates":[23.619069,46.757058]},"properties":{"name":"Disp. Alverna","band":0,"modes":"bus","arr":["32","32B","57","57L"],"off":[0,-0.8]}},{"type":"Feature","geometry":{"type":"Point","coordinates":[23.619069,46.757058]},"properties":{"line":"32","mode":"bus","color":"#0059a9","colorDark":"#00294f","band":0,"off":[-5.1,1.1]}},{"type":"Feature","geometry":{"type":"Point","coordinates":[23.619069,46.757058]},"properties":{"line":"32B","mode":"bus","color":"#0059a9","colorDark":"#00294f","band":0,"off":[-1.7,1.1]}},{"type":"Feature","geometry":{"type":"Point","coordinates":[23.619069,46.757058]},"properties":{"line":"57","mode":"bus","color":"#0059a9","colorDark":"#00294f","band":0,"off":[1.7,1.1]}},{"type":"Feature","geometry":{"type":"Point","coordinates":[23.619069,46.757058]},"properties":{"line":"57L","mode":"bus","color":"#0059a9","colorDark":"#00294f","band":0,"off":[5.1,1.1]}},{"type":"Feature","geometry":{"type":"Point","coordinates":[23.58987,46.769176]},"properties":{"name":"Piața Mihai Viteazul Vest Sosire","band":0,"modes":"bus","arr":["32"],"off":[0,-0.8]}},{"type":"Feature","geometry":{"type":"Point","coordinates":[23.58987,46.769176]},"properties":{"line":"32","mode":"bus","color":"#0059a9","colorDark":"#00294f","band":0,"off":[0,1.1]}},{"type":"Feature","geometry":{"type":"Point","coordinates":[23.62244,46.762538]},"properties":{"name":"Băișoara Sosire","band":0,"modes":"bus","arr":["33","34","48","48L"],"off":[0,-0.8]}},{"type":"Feature","geometry":{"type":"Point","coordinates":[23.62244,46.762538]},"properties":{"name":"Băișoara","band":0,"modes":"bus","arr":["33","34","48","48L"],"off":[0,-1.9]}},{"type":"Feature","geometry":{"type":"Point","coordinates":[23.62244,46.762538]},"properties":{"line":"33","mode":"bus","color":"#0059a9","colorDark":"#00294f","band":0,"off":[-5.1,1.1]}},{"type":"Feature","geometry":{"type":"Point","coordinates":[23.62244,46.762538]},"properties":{"line":"34","mode":"bus","color":"#0059a9","colorDark":"#00294f","band":0,"off":[-1.7,1.1]}},{"type":"Feature","geometry":{"type":"Point","coordinates":[23.62244,46.762538]},"properties":{"line":"48","mode":"bus","color":"#0059a9","colorDark":"#00294f","band":0,"off":[1.7,1.1]}},{"type":"Feature","geometry":{"type":"Point","coordinates":[23.62244,46.762538]},"properties":{"line":"48L","mode":"bus","color":"#0059a9","colorDark":"#00294f","band":0,"off":[5.1,1.1]}},{"type":"Feature","geometry":{"type":"Point","coordinates":[23.578096,46.752809]},"properties":{"name":"Zorilor","band":0,"modes":"bus","arr":["35","45","46B","50","50D","50L","54N"],"off":[0,-0.8]}},{"type":"Feature","geometry":{"type":"Point","coordinates":[23.578096,46.752809]},"properties":{"name":"Ghe. Dima","band":0,"modes":"bus","arr":["35","45","46B","50","50D","50L","54N"],"off":[0,-1.9]}},{"type":"Feature","geometry":{"type":"Point","coordinates":[23.578096,46.752809]},"properties":{"name":"Disp. Zorilor","band":0,"modes":"bus","arr":["35","45","46B","50","50D","50L","54N"],"off":[0,-3]}},{"type":"Feature","geometry":{"type":"Point","coordinates":[23.578096,46.752809]},"properties":{"line":"35","mode":"bus","color":"#0059a9","colorDark":"#00294f","band":0,"off":[-6.8,1.1]}},{"type":"Feature","geometry":{"type":"Point","coordinates":[23.578096,46.752809]},"properties":{"line":"45","mode":"bus","color":"#0059a9","colorDark":"#00294f","band":0,"off":[-3.4,1.1]}},{"type":"Feature","geometry":{"type":"Point","coordinates":[23.578096,46.752809]},"properties":{"line":"46B","mode":"bus","color":"#0059a9","colorDark":"#00294f","band":0,"off":[0,1.1]}},{"type":"Feature","geometry":{"type":"Point","coordinates":[23.578096,46.752809]},"properties":{"line":"50","mode":"bus","color":"#0059a9","colorDark":"#00294f","band":0,"off":[3.4,1.1]}},{"type":"Feature","geometry":{"type":"Point","coordinates":[23.578096,46.752809]},"properties":{"line":"50D","mode":"bus","color":"#0059a9","colorDark":"#00294f","band":0,"off":[6.8,1.1]}},{"type":"Feature","geometry":{"type":"Point","coordinates":[23.578096,46.752809]},"properties":{"line":"50L","mode":"bus","color":"#0059a9","colorDark":"#00294f","band":0,"off":[-1.7,3.1]}},{"type":"Feature","geometry":{"type":"Point","coordinates":[23.578096,46.752809]},"properties":{"line":"54N","mode":"bus","color":"#0059a9","colorDark":"#00294f","band":0,"off":[1.7,3.1]}},{"type":"Feature","geometry":{"type":"Point","coordinates":[23.593266,46.755741]},"properties":{"name":"Observatorului Sud","band":0,"modes":"bus","arr":["43","43P"],"off":[0,-0.8]}},{"type":"Feature","geometry":{"type":"Point","coordinates":[23.593266,46.755741]},"properties":{"name":"Observatorului Nord","band":0,"modes":"bus","arr":["43","43P"],"off":[0,-1.9]}},{"type":"Feature","geometry":{"type":"Point","coordinates":[23.593266,46.755741]},"properties":{"line":"43","mode":"bus","color":"#0059a9","colorDark":"#00294f","band":0,"off":[-1.7,1.1]}},{"type":"Feature","geometry":{"type":"Point","coordinates":[23.593266,46.755741]},"properties":{"line":"43P","mode":"bus","color":"#0059a9","colorDark":"#00294f","band":0,"off":[1.7,1.1]}},{"type":"Feature","geometry":{"type":"Point","coordinates":[23.655835,46.790541]},"properties":{"name":"I. Ionescu Sosire","band":0,"modes":"bus","arr":["36B"],"off":[0,-0.8]}},{"type":"Feature","geometry":{"type":"Point","coordinates":[23.655835,46.790541]},"properties":{"name":"I. Ionescu","band":0,"modes":"bus","arr":["36B"],"off":[0,-1.9]}},{"type":"Feature","geometry":{"type":"Point","coordinates":[23.655835,46.790541]},"properties":{"line":"36B","mode":"bus","color":"#0059a9","colorDark":"#00294f","band":0,"off":[0,1.1]}},{"type":"Feature","geometry":{"type":"Point","coordinates":[23.642024,46.786965]},"properties":{"name":"Timișului Sosire","band":0,"modes":"bus","arr":["52"],"off":[0,-0.8]}},{"type":"Feature","geometry":{"type":"Point","coordinates":[23.642024,46.786965]},"properties":{"name":"Blajului","band":0,"modes":"bus","arr":["52"],"off":[0,-1.9]}},{"type":"Feature","geometry":{"type":"Point","coordinates":[23.642024,46.786965]},"properties":{"line":"52","mode":"bus","color":"#0059a9","colorDark":"#00294f","band":0,"off":[0,1.1]}},{"type":"Feature","geometry":{"type":"Point","coordinates":[23.547751,46.78034]},"properties":{"name":"Tetarom Vest","band":0,"modes":"bus","arr":["37"],"off":[0,-0.8]}},{"type":"Feature","geometry":{"type":"Point","coordinates":[23.547751,46.78034]},"properties":{"line":"37","mode":"bus","color":"#0059a9","colorDark":"#00294f","band":0,"off":[0,1.1]}},{"type":"Feature","geometry":{"type":"Point","coordinates":[23.573141,46.777129]},"properties":{"name":"Vânătorului Sosire","band":0,"modes":"bus","arr":["38"],"off":[0,-0.8]}},{"type":"Feature","geometry":{"type":"Point","coordinates":[23.573141,46.777129]},"properties":{"name":"Vânătorului","band":0,"modes":"bus","arr":["38"],"off":[0,-1.9]}},{"type":"Feature","geometry":{"type":"Point","coordinates":[23.573141,46.777129]},"properties":{"line":"38","mode":"bus","color":"#0059a9","colorDark":"#00294f","band":0,"off":[0,1.1]}},{"type":"Feature","geometry":{"type":"Point","coordinates":[23.607727,46.799567]},"properties":{"name":"Vama Chinteni","band":0,"modes":"bus","arr":["39 CREIC"],"off":[0,-0.8]}},{"type":"Feature","geometry":{"type":"Point","coordinates":[23.607727,46.799567]},"properties":{"line":"39 CREIC","mode":"bus","color":"#0059a9","colorDark":"#00294f","band":0,"off":[0,1.1]}},{"type":"Feature","geometry":{"type":"Point","coordinates":[23.579656,46.820982]},"properties":{"name":"CREIC Intors","band":0,"modes":"bus","arr":["39 CREIC"],"off":[0,-0.8]}},{"type":"Feature","geometry":{"type":"Point","coordinates":[23.579656,46.820982]},"properties":{"name":"CREIC Dus","band":0,"modes":"bus","arr":["39 CREIC"],"off":[0,-1.9]}},{"type":"Feature","geometry":{"type":"Point","coordinates":[23.579656,46.820982]},"properties":{"line":"39 CREIC","mode":"bus","color":"#0059a9","colorDark":"#00294f","band":0,"off":[0,1.1]}},{"type":"Feature","geometry":{"type":"Point","coordinates":[23.583336,46.827969]},"properties":{"name":"Valea Chintăului","band":0,"modes":"bus","arr":["39"],"off":[0,-0.8]}},{"type":"Feature","geometry":{"type":"Point","coordinates":[23.583336,46.827969]},"properties":{"line":"39","mode":"bus","color":"#0059a9","colorDark":"#00294f","band":0,"off":[0,1.1]}},{"type":"Feature","geometry":{"type":"Point","coordinates":[23.557889,46.843612]},"properties":{"name":"Cătun Vest","band":0,"modes":"bus","arr":["39L"],"off":[0,-0.8]}},{"type":"Feature","geometry":{"type":"Point","coordinates":[23.557889,46.843612]},"properties":{"line":"39L","mode":"bus","color":"#0059a9","colorDark":"#00294f","band":0,"off":[0,1.1]}},{"type":"Feature","geometry":{"type":"Point","coordinates":[23.575316,46.71705]},"properties":{"name":"Vila Tusa Sosire","band":0,"modes":"bus","arr":["40","46L"],"off":[0,-0.8]}},{"type":"Feature","geometry":{"type":"Point","coordinates":[23.575316,46.71705]},"properties":{"name":"Vila Tusa","band":0,"modes":"bus","arr":["40","46L"],"off":[0,-1.9]}},{"type":"Feature","geometry":{"type":"Point","coordinates":[23.575316,46.71705]},"properties":{"line":"40","mode":"bus","color":"#0059a9","colorDark":"#00294f","band":0,"off":[-1.7,1.1]}},{"type":"Feature","geometry":{"type":"Point","coordinates":[23.575316,46.71705]},"properties":{"line":"46L","mode":"bus","color":"#0059a9","colorDark":"#00294f","band":0,"off":[1.7,1.1]}},{"type":"Feature","geometry":{"type":"Point","coordinates":[23.57131,46.738866]},"properties":{"name":"Biserica Câmpului","band":0,"modes":"bus","arr":["42"],"off":[0,-0.8]}},{"type":"Feature","geometry":{"type":"Point","coordinates":[23.57131,46.738866]},"properties":{"line":"42","mode":"bus","color":"#0059a9","colorDark":"#00294f","band":0,"off":[0,1.1]}},{"type":"Feature","geometry":{"type":"Point","coordinates":[23.6405,46.768362]},"properties":{"name":"Soporului","band":0,"modes":"bus","arr":["44"],"off":[0,-0.8]}},{"type":"Feature","geometry":{"type":"Point","coordinates":[23.6405,46.768362]},"properties":{"line":"44","mode":"bus","color":"#0059a9","colorDark":"#00294f","band":0,"off":[0,1.1]}},{"type":"Feature","geometry":{"type":"Point","coordinates":[23.588385,46.738515]},"properties":{"name":"Luminii","band":0,"modes":"bus","arr":["46"],"off":[0,-0.8]}},{"type":"Feature","geometry":{"type":"Point","coordinates":[23.588385,46.738515]},"properties":{"name":"Girație Drum Făget","band":0,"modes":"bus","arr":["46"],"off":[0,-1.9]}},{"type":"Feature","geometry":{"type":"Point","coordinates":[23.588385,46.738515]},"properties":{"line":"46","mode":"bus","color":"#0059a9","colorDark":"#00294f","band":0,"off":[0,1.1]}},{"type":"Feature","geometry":{"type":"Point","coordinates":[23.640929,46.807687]},"properties":{"name":"Panselutelor 9","band":0,"modes":"bus","arr":["50D"],"off":[0,-0.8]}},{"type":"Feature","geometry":{"type":"Point","coordinates":[23.640929,46.807687]},"properties":{"line":"50D","mode":"bus","color":"#0059a9","colorDark":"#00294f","band":0,"off":[0,1.1]}},{"type":"Feature","geometry":{"type":"Point","coordinates":[23.636926,46.783823]},"properties":{"name":"P-ța Agroalimentară IRA","band":0,"modes":"bus","arr":["53"],"off":[0,-0.8]}},{"type":"Feature","geometry":{"type":"Point","coordinates":[23.636926,46.783823]},"properties":{"line":"53","mode":"bus","color":"#0059a9","colorDark":"#00294f","band":0,"off":[0,1.1]}},{"type":"Feature","geometry":{"type":"Point","coordinates":[23.559909,46.791852]},"properties":{"name":"Gheorghe Sion Vest","band":0,"modes":"bus","arr":["56"],"off":[0,-0.8]}},{"type":"Feature","geometry":{"type":"Point","coordinates":[23.559909,46.791852]},"properties":{"line":"56","mode":"bus","color":"#0059a9","colorDark":"#00294f","band":0,"off":[0,1.1]}},{"type":"Feature","geometry":{"type":"Point","coordinates":[23.588702,46.793344]},"properties":{"name":"P-ța Gării Vechi","band":0,"modes":"tram,bus","arr":["100","M32","M33","M34","M35","M37","M38","M39","M39L"],"off":[0,-0.8]}},{"type":"Feature","geometry":{"type":"Point","coordinates":[23.588702,46.793344]},"properties":{"name":"Gara Mică Sosire","band":0,"modes":"tram,bus","arr":["100","M32","M33","M34","M35","M37","M38","M39","M39L"],"off":[0,-1.9]}},{"type":"Feature","geometry":{"type":"Point","coordinates":[23.588702,46.793344]},"properties":{"name":"Gara Mică","band":0,"modes":"tram,bus","arr":["100","M32","M33","M34","M35","M37","M38","M39","M39L"],"off":[0,-3]}},{"type":"Feature","geometry":{"type":"Point","coordinates":[23.588702,46.793344]},"properties":{"line":"100","mode":"tram","color":"#d6212b","colorDark":"#7c1116","band":0,"off":[-6.8,1.1]}},{"type":"Feature","geometry":{"type":"Point","coordinates":[23.588702,46.793344]},"properties":{"line":"M32","mode":"bus","color":"#0059a9","colorDark":"#00294f","band":0,"off":[-3.4,1.1]}},{"type":"Feature","geometry":{"type":"Point","coordinates":[23.588702,46.793344]},"properties":{"line":"M33","mode":"bus","color":"#0059a9","colorDark":"#00294f","band":0,"off":[0,1.1]}},{"type":"Feature","geometry":{"type":"Point","coordinates":[23.588702,46.793344]},"properties":{"line":"M34","mode":"bus","color":"#0059a9","colorDark":"#00294f","band":0,"off":[3.4,1.1]}},{"type":"Feature","geometry":{"type":"Point","coordinates":[23.588702,46.793344]},"properties":{"line":"M35","mode":"bus","color":"#0059a9","colorDark":"#00294f","band":0,"off":[6.8,1.1]}},{"type":"Feature","geometry":{"type":"Point","coordinates":[23.588702,46.793344]},"properties":{"line":"M37","mode":"bus","color":"#0059a9","colorDark":"#00294f","band":0,"off":[-5.1,3.1]}},{"type":"Feature","geometry":{"type":"Point","coordinates":[23.588702,46.793344]},"properties":{"line":"M38","mode":"bus","color":"#0059a9","colorDark":"#00294f","band":0,"off":[-1.7,3.1]}},{"type":"Feature","geometry":{"type":"Point","coordinates":[23.588702,46.793344]},"properties":{"line":"M39","mode":"bus","color":"#0059a9","colorDark":"#00294f","band":0,"off":[1.7,3.1]}},{"type":"Feature","geometry":{"type":"Point","coordinates":[23.588702,46.793344]},"properties":{"line":"M39L","mode":"bus","color":"#0059a9","colorDark":"#00294f","band":0,"off":[5.1,3.1]}},{"type":"Feature","geometry":{"type":"Point","coordinates":[23.688499,46.781925]},"properties":{"name":"Aeroport Terminal","band":0,"modes":"bus","arr":["A1"],"off":[0,-0.8]}},{"type":"Feature","geometry":{"type":"Point","coordinates":[23.688499,46.781925]},"properties":{"line":"A1","mode":"bus","color":"#0059a9","colorDark":"#00294f","band":0,"off":[0,1.1]}},{"type":"Feature","geometry":{"type":"Point","coordinates":[23.630052,46.716148]},"properties":{"name":"M-Releu Sosire","band":0,"modes":"bus","arr":["M11"],"off":[0,-0.8]}},{"type":"Feature","geometry":{"type":"Point","coordinates":[23.630052,46.716148]},"properties":{"name":"M-Releu Plecare","band":0,"modes":"bus","arr":["M11"],"off":[0,-1.9]}},{"type":"Feature","geometry":{"type":"Point","coordinates":[23.630052,46.716148]},"properties":{"line":"M11","mode":"bus","color":"#0059a9","colorDark":"#00294f","band":0,"off":[0,1.1]}},{"type":"Feature","geometry":{"type":"Point","coordinates":[23.654109,46.687584]},"properties":{"name":"M-Biserica Vâlcele Sos","band":0,"modes":"bus","arr":["M12"],"off":[0,-0.8]}},{"type":"Feature","geometry":{"type":"Point","coordinates":[23.654109,46.687584]},"properties":{"name":"M-Biserica Vâlcele Plecare","band":0,"modes":"bus","arr":["M12"],"off":[0,-3]}},{"type":"Feature","geometry":{"type":"Point","coordinates":[23.654109,46.687584]},"properties":{"line":"M12","mode":"bus","color":"#0059a9","colorDark":"#00294f","band":0,"off":[0,1.1]}},{"type":"Feature","geometry":{"type":"Point","coordinates":[23.684931,46.715061]},"properties":{"name":"M-Școala Gheorgheni S","band":0,"modes":"bus","arr":["M13"],"off":[0,-0.8]}},{"type":"Feature","geometry":{"type":"Point","coordinates":[23.684931,46.715061]},"properties":{"line":"M13","mode":"bus","color":"#0059a9","colorDark":"#00294f","band":0,"off":[0,1.1]}},{"type":"Feature","geometry":{"type":"Point","coordinates":[23.691599,46.712219]},"properties":{"name":"M-Capăt Gheorgheni","band":0,"modes":"bus","arr":["M13"],"off":[0,-0.8]}},{"type":"Feature","geometry":{"type":"Point","coordinates":[23.691599,46.712219]},"properties":{"line":"M13","mode":"bus","color":"#0059a9","colorDark":"#00294f","band":0,"off":[0,1.1]}},{"type":"Feature","geometry":{"type":"Point","coordinates":[23.542354,46.648772]},"properties":{"name":"M-Primăria Ciurila Plecare","band":0,"modes":"bus","arr":["M16"],"off":[0,-0.8]}},{"type":"Feature","geometry":{"type":"Point","coordinates":[23.542354,46.648772]},"properties":{"name":"M-Primăria Ciurila","band":0,"modes":"bus","arr":["M16"],"off":[0,-3]}},{"type":"Feature","geometry":{"type":"Point","coordinates":[23.542354,46.648772]},"properties":{"line":"M16","mode":"bus","color":"#0059a9","colorDark":"#00294f","band":0,"off":[0,1.1]}},{"type":"Feature","geometry":{"type":"Point","coordinates":[23.582558,46.650301]},"properties":{"name":"Biserica lemn Saliste","band":0,"modes":"bus","arr":["M17"],"off":[0,-0.8]}},{"type":"Feature","geometry":{"type":"Point","coordinates":[23.582558,46.650301]},"properties":{"line":"M17","mode":"bus","color":"#0059a9","colorDark":"#00294f","band":0,"off":[0,1.1]}},{"type":"Feature","geometry":{"type":"Point","coordinates":[23.481102,46.609951]},"properties":{"name":"Filea de sus","band":0,"modes":"bus","arr":["M18"],"off":[0,-0.8]}},{"type":"Feature","geometry":{"type":"Point","coordinates":[23.481102,46.609951]},"properties":{"line":"M18","mode":"bus","color":"#0059a9","colorDark":"#00294f","band":0,"off":[0,1.1]}},{"type":"Feature","geometry":{"type":"Point","coordinates":[23.484563,46.728793]},"properties":{"name":"M-Str. Retezat","band":0,"modes":"bus","arr":["M21","M26"],"off":[0,-0.8]}},{"type":"Feature","geometry":{"type":"Point","coordinates":[23.484563,46.728793]},"properties":{"name":"M-Florești Cetate Plecare","band":0,"modes":"bus","arr":["M21","M26"],"off":[0,-1.9]}},{"type":"Feature","geometry":{"type":"Point","coordinates":[23.484563,46.728793]},"properties":{"line":"M21","mode":"bus","color":"#0059a9","colorDark":"#00294f","band":0,"off":[-1.7,1.1]}},{"type":"Feature","geometry":{"type":"Point","coordinates":[23.484563,46.728793]},"properties":{"line":"M26","mode":"bus","color":"#0059a9","colorDark":"#00294f","band":0,"off":[1.7,1.1]}},{"type":"Feature","geometry":{"type":"Point","coordinates":[23.466065,46.741365]},"properties":{"name":"M-Sesu de Sus Sosire","band":0,"modes":"bus","arr":["M22"],"off":[0,-0.8]}},{"type":"Feature","geometry":{"type":"Point","coordinates":[23.466065,46.741365]},"properties":{"line":"M22","mode":"bus","color":"#0059a9","colorDark":"#00294f","band":0,"off":[0,1.1]}},{"type":"Feature","geometry":{"type":"Point","coordinates":[23.427721,46.739519]},"properties":{"name":"M-Pasaj Luna","band":0,"modes":"bus","arr":["M23"],"off":[0,-0.8]}},{"type":"Feature","geometry":{"type":"Point","coordinates":[23.427721,46.739519]},"properties":{"line":"M23","mode":"bus","color":"#0059a9","colorDark":"#00294f","band":0,"off":[0,1.1]}},{"type":"Feature","geometry":{"type":"Point","coordinates":[23.455428,46.74436]},"properties":{"name":"M-Ferma 9 Sos (Florești)","band":0,"modes":"bus","arr":["M24"],"off":[0,-0.8]}},{"type":"Feature","geometry":{"type":"Point","coordinates":[23.455428,46.74436]},"properties":{"name":"M-Ferma 9 Nord","band":0,"modes":"bus","arr":["M24"],"off":[0,-3]}},{"type":"Feature","geometry":{"type":"Point","coordinates":[23.455428,46.74436]},"properties":{"line":"M24","mode":"bus","color":"#0059a9","colorDark":"#00294f","band":0,"off":[0,1.1]}},{"type":"Feature","geometry":{"type":"Point","coordinates":[23.557137,46.759746]},"properties":{"name":"Calvaria Auto Sosire","band":0,"modes":"bus","arr":["M23"],"off":[0,-0.8]}},{"type":"Feature","geometry":{"type":"Point","coordinates":[23.557137,46.759746]},"properties":{"line":"M23","mode":"bus","color":"#0059a9","colorDark":"#00294f","band":0,"off":[0,1.1]}},{"type":"Feature","geometry":{"type":"Point","coordinates":[23.51014,46.709251]},"properties":{"name":"M-Tăuți Sosire","band":0,"modes":"bus","arr":["M25"],"off":[0,-0.8]}},{"type":"Feature","geometry":{"type":"Point","coordinates":[23.51014,46.709251]},"properties":{"line":"M25","mode":"bus","color":"#0059a9","colorDark":"#00294f","band":0,"off":[0,1.1]}},{"type":"Feature","geometry":{"type":"Point","coordinates":[23.526919,46.746458]},"properties":{"name":"M-Razoare Vest","band":0,"modes":"bus","arr":["M27"],"off":[0,-0.8]}},{"type":"Feature","geometry":{"type":"Point","coordinates":[23.526919,46.746458]},"properties":{"line":"M27","mode":"bus","color":"#0059a9","colorDark":"#00294f","band":0,"off":[0,1.1]}},{"type":"Feature","geometry":{"type":"Point","coordinates":[23.514432,46.797121]},"properties":{"name":"M-Complex Baciu Sos","band":0,"modes":"bus","arr":["M31"],"off":[0,-0.8]}},{"type":"Feature","geometry":{"type":"Point","coordinates":[23.514432,46.797121]},"properties":{"name":"M-Complex Baciu","band":0,"modes":"bus","arr":["M31"],"off":[0,-3]}},{"type":"Feature","geometry":{"type":"Point","coordinates":[23.514432,46.797121]},"properties":{"line":"M31","mode":"bus","color":"#0059a9","colorDark":"#00294f","band":0,"off":[0,1.1]}},{"type":"Feature","geometry":{"type":"Point","coordinates":[23.45155,46.785261]},"properties":{"name":"M-Suceagu","band":0,"modes":"bus","arr":["M32"],"off":[0,-0.8]}},{"type":"Feature","geometry":{"type":"Point","coordinates":[23.45155,46.785261]},"properties":{"line":"M32","mode":"bus","color":"#0059a9","colorDark":"#00294f","band":0,"off":[0,1.1]}},{"type":"Feature","geometry":{"type":"Point","coordinates":[23.490041,46.872923]},"properties":{"name":"M-Săliștea Noua Sosire","band":0,"modes":"bus","arr":["M33"],"off":[0,-0.8]}},{"type":"Feature","geometry":{"type":"Point","coordinates":[23.490041,46.872923]},"properties":{"line":"M33","mode":"bus","color":"#0059a9","colorDark":"#00294f","band":0,"off":[0,1.1]}},{"type":"Feature","geometry":{"type":"Point","coordinates":[23.449319,46.82095]},"properties":{"name":"M - Teren Fotbal Mera","band":0,"modes":"bus","arr":["M34"],"off":[0,-0.8]}},{"type":"Feature","geometry":{"type":"Point","coordinates":[23.449319,46.82095]},"properties":{"line":"M34","mode":"bus","color":"#0059a9","colorDark":"#00294f","band":0,"off":[0,1.1]}},{"type":"Feature","geometry":{"type":"Point","coordinates":[23.533999,46.823269]},"properties":{"name":"M-Monument Popești Sos","band":0,"modes":"bus","arr":["M35"],"off":[0,-0.8]}},{"type":"Feature","geometry":{"type":"Point","coordinates":[23.533999,46.823269]},"properties":{"name":"M-Monument Popești Plecare","band":0,"modes":"bus","arr":["M35"],"off":[0,-3]}},{"type":"Feature","geometry":{"type":"Point","coordinates":[23.533999,46.823269]},"properties":{"line":"M35","mode":"bus","color":"#0059a9","colorDark":"#00294f","band":0,"off":[0,1.1]}},{"type":"Feature","geometry":{"type":"Point","coordinates":[23.626085,46.880133]},"properties":{"name":"M-Feiurdeni Sosire","band":0,"modes":"bus","arr":["M37"],"off":[0,-0.8]}},{"type":"Feature","geometry":{"type":"Point","coordinates":[23.626085,46.880133]},"properties":{"line":"M37","mode":"bus","color":"#0059a9","colorDark":"#00294f","band":0,"off":[0,1.1]}},{"type":"Feature","geometry":{"type":"Point","coordinates":[23.566919,46.88951]},"properties":{"name":"M-Macicasu","band":0,"modes":"bus","arr":["M38"],"off":[0,-0.8]}},{"type":"Feature","geometry":{"type":"Point","coordinates":[23.566919,46.88951]},"properties":{"line":"M38","mode":"bus","color":"#0059a9","colorDark":"#00294f","band":0,"off":[0,1.1]}},{"type":"Feature","geometry":{"type":"Point","coordinates":[23.520237,46.898227]},"properties":{"name":"M-Vechea S","band":0,"modes":"bus","arr":["M39L"],"off":[0,-0.8]}},{"type":"Feature","geometry":{"type":"Point","coordinates":[23.520237,46.898227]},"properties":{"name":"M-Vechea N","band":0,"modes":"bus","arr":["M39L"],"off":[0,-1.9]}},{"type":"Feature","geometry":{"type":"Point","coordinates":[23.520237,46.898227]},"properties":{"line":"M39L","mode":"bus","color":"#0059a9","colorDark":"#00294f","band":0,"off":[0,1.1]}},{"type":"Feature","geometry":{"type":"Point","coordinates":[23.525704,46.875372]},"properties":{"name":"M-Chinteni Lac Sosire","band":0,"modes":"bus","arr":["M39"],"off":[0,-0.8]}},{"type":"Feature","geometry":{"type":"Point","coordinates":[23.525704,46.875372]},"properties":{"name":"M-Chinteni Lac Plecare","band":0,"modes":"bus","arr":["M39"],"off":[0,-3]}},{"type":"Feature","geometry":{"type":"Point","coordinates":[23.525704,46.875372]},"properties":{"line":"M39","mode":"bus","color":"#0059a9","colorDark":"#00294f","band":0,"off":[0,1.1]}},{"type":"Feature","geometry":{"type":"Point","coordinates":[23.74765,46.814819]},"properties":{"name":"M-Pod Apahida V","band":0,"modes":"bus","arr":["M41"],"off":[0,-0.8]}},{"type":"Feature","geometry":{"type":"Point","coordinates":[23.74765,46.814819]},"properties":{"name":"M-Ferma Apahida","band":0,"modes":"bus","arr":["M41"],"off":[0,-1.9]}},{"type":"Feature","geometry":{"type":"Point","coordinates":[23.74765,46.814819]},"properties":{"line":"M41","mode":"bus","color":"#0059a9","colorDark":"#00294f","band":0,"off":[0,1.1]}},{"type":"Feature","geometry":{"type":"Point","coordinates":[23.738618,46.830925]},"properties":{"name":"M-Grădinița Câmpenești S","band":0,"modes":"bus","arr":["M41L"],"off":[0,-0.8]}},{"type":"Feature","geometry":{"type":"Point","coordinates":[23.738618,46.830925]},"properties":{"line":"M41L","mode":"bus","color":"#0059a9","colorDark":"#00294f","band":0,"off":[0,1.1]}},{"type":"Feature","geometry":{"type":"Point","coordinates":[23.738157,46.79427]},"properties":{"name":"N. Balcescu S","band":0,"modes":"bus","arr":["M42L"],"off":[0,-0.8]}},{"type":"Feature","geometry":{"type":"Point","coordinates":[23.738157,46.79427]},"properties":{"line":"M42L","mode":"bus","color":"#0059a9","colorDark":"#00294f","band":0,"off":[0,1.1]}},{"type":"Feature","geometry":{"type":"Point","coordinates":[23.735568,46.798827]},"properties":{"name":"Guhring S","band":0,"modes":"bus","arr":["M42","M42L"],"off":[0,-0.8]}},{"type":"Feature","geometry":{"type":"Point","coordinates":[23.735568,46.798827]},"properties":{"name":"Guhring N","band":0,"modes":"bus","arr":["M42","M42L"],"off":[0,-1.9]}},{"type":"Feature","geometry":{"type":"Point","coordinates":[23.735568,46.798827]},"properties":{"line":"M42","mode":"bus","color":"#0059a9","colorDark":"#00294f","band":0,"off":[-1.7,1.1]}},{"type":"Feature","geometry":{"type":"Point","coordinates":[23.735568,46.798827]},"properties":{"line":"M42L","mode":"bus","color":"#0059a9","colorDark":"#00294f","band":0,"off":[1.7,1.1]}},{"type":"Feature","geometry":{"type":"Point","coordinates":[23.726765,46.762694]},"properties":{"name":"M-Lacului","band":0,"modes":"bus","arr":["M43"],"off":[0,-0.8]}},{"type":"Feature","geometry":{"type":"Point","coordinates":[23.726765,46.762694]},"properties":{"line":"M43","mode":"bus","color":"#0059a9","colorDark":"#00294f","band":0,"off":[0,1.1]}},{"type":"Feature","geometry":{"type":"Point","coordinates":[23.824011,46.788537]},"properties":{"name":"M-Biserica Corpadea Sosire","band":0,"modes":"bus","arr":["M44"],"off":[0,-0.8]}},{"type":"Feature","geometry":{"type":"Point","coordinates":[23.824011,46.788537]},"properties":{"name":"M-Biserica Corpadea Plecare","band":0,"modes":"bus","arr":["M44"],"off":[0,-3]}},{"type":"Feature","geometry":{"type":"Point","coordinates":[23.824011,46.788537]},"properties":{"line":"M44","mode":"bus","color":"#0059a9","colorDark":"#00294f","band":0,"off":[0,1.1]}},{"type":"Feature","geometry":{"type":"Point","coordinates":[23.749299,46.725373]},"properties":{"name":"M-Primărie Pata Sosire","band":0,"modes":"bus","arr":["M45"],"off":[0,-0.8]}},{"type":"Feature","geometry":{"type":"Point","coordinates":[23.749299,46.725373]},"properties":{"name":"M-Primărie Pata Plecare","band":0,"modes":"bus","arr":["M45"],"off":[0,-3]}},{"type":"Feature","geometry":{"type":"Point","coordinates":[23.749299,46.725373]},"properties":{"line":"M45","mode":"bus","color":"#0059a9","colorDark":"#00294f","band":0,"off":[0,1.1]}},{"type":"Feature","geometry":{"type":"Point","coordinates":[23.360851,46.764498]},"properties":{"name":"M Pensiunea Dalia Gilau Sud","band":0,"modes":"bus","arr":["M51"],"off":[0,-0.8]}},{"type":"Feature","geometry":{"type":"Point","coordinates":[23.360851,46.764498]},"properties":{"name":"M Pensiunea Dalia Gilau Nord","band":0,"modes":"bus","arr":["M51"],"off":[0,-3]}},{"type":"Feature","geometry":{"type":"Point","coordinates":[23.360851,46.764498]},"properties":{"line":"M51","mode":"bus","color":"#0059a9","colorDark":"#00294f","band":0,"off":[0,1.1]}},{"type":"Feature","geometry":{"type":"Point","coordinates":[23.288839,46.686094]},"properties":{"name":"M Uzina Electrica Nord","band":0,"modes":"bus","arr":["M52"],"off":[0,-0.8]}},{"type":"Feature","geometry":{"type":"Point","coordinates":[23.288839,46.686094]},"properties":{"line":"M52","mode":"bus","color":"#0059a9","colorDark":"#00294f","band":0,"off":[0,1.1]}},{"type":"Feature","geometry":{"type":"Point","coordinates":[23.69067,46.680728]},"properties":{"name":"M Centru S","band":0,"modes":"bus","arr":["M61"],"off":[0,-0.8]}},{"type":"Feature","geometry":{"type":"Point","coordinates":[23.69067,46.680728]},"properties":{"name":"M Centru N","band":0,"modes":"bus","arr":["M61"],"off":[0,-1.9]}},{"type":"Feature","geometry":{"type":"Point","coordinates":[23.69067,46.680728]},"properties":{"line":"M61","mode":"bus","color":"#0059a9","colorDark":"#00294f","band":0,"off":[0,1.1]}},{"type":"Feature","geometry":{"type":"Point","coordinates":[23.658128,46.579133]},"properties":{"name":"M Primaria Petrestii de Jos S","band":0,"modes":"bus","arr":["M71"],"off":[0,-0.8]}},{"type":"Feature","geometry":{"type":"Point","coordinates":[23.658128,46.579133]},"properties":{"line":"M71","mode":"bus","color":"#0059a9","colorDark":"#00294f","band":0,"off":[0,1.1]}},{"type":"Feature","geometry":{"type":"Point","coordinates":[23.456573,46.675734]},"properties":{"name":"M - Savadisla02","band":0,"modes":"bus","arr":["M81"],"off":[0,-0.8]}},{"type":"Feature","geometry":{"type":"Point","coordinates":[23.456573,46.675734]},"properties":{"name":"M - Savadisla01","band":0,"modes":"bus","arr":["M81"],"off":[0,-1.9]}},{"type":"Feature","geometry":{"type":"Point","coordinates":[23.456573,46.675734]},"properties":{"line":"M81","mode":"bus","color":"#0059a9","colorDark":"#00294f","band":0,"off":[0,1.1]}},{"type":"Feature","geometry":{"type":"Point","coordinates":[23.646549,46.796452]},"properties":{"name":"Disp. Tram CUG","band":0,"modes":"tram","arr":["100","102"],"off":[0,-0.8]}},{"type":"Feature","geometry":{"type":"Point","coordinates":[23.646549,46.796452]},"properties":{"line":"100","mode":"tram","color":"#d6212b","colorDark":"#7c1116","band":0,"off":[-1.7,1.1]}},{"type":"Feature","geometry":{"type":"Point","coordinates":[23.646549,46.796452]},"properties":{"line":"102","mode":"tram","color":"#d6212b","colorDark":"#7c1116","band":0,"off":[1.7,1.1]}},{"type":"Feature","geometry":{"type":"Point","coordinates":[23.587242,46.789967]},"properties":{"name":"P-ța Gării Noi","band":0,"modes":"tram","arr":["100","101"],"off":[0,-0.8]}},{"type":"Feature","geometry":{"type":"Point","coordinates":[23.587242,46.789967]},"properties":{"line":"100","mode":"tram","color":"#d6212b","colorDark":"#7c1116","band":0,"off":[-1.7,1.1]}},{"type":"Feature","geometry":{"type":"Point","coordinates":[23.587242,46.789967]},"properties":{"line":"101","mode":"tram","color":"#d6212b","colorDark":"#7c1116","band":0,"off":[1.7,1.1]}},{"type":"Feature","geometry":{"type":"Point","coordinates":[23.659645,46.793896]},"properties":{"name":"DEPOU_Tram","band":0,"modes":"tram","arr":["102L"],"off":[0,-0.8]}},{"type":"Feature","geometry":{"type":"Point","coordinates":[23.659645,46.793896]},"properties":{"line":"102L","mode":"tram","color":"#d6212b","colorDark":"#7c1116","band":0,"off":[0,1.1]}},{"type":"Feature","geometry":{"type":"Point","coordinates":[23.543304,46.75181]},"properties":{"name":"Disp. Clăbucet","band":1,"modes":"bus,tram","arr":["1","6","9","14","24","25","25N","52","52L","101","102","102L","M21","M22","M24","M25","M27","M51","M52","M81"],"off":[0,-0.8],"sc":0.86}},{"type":"Feature","geometry":{"type":"Point","coordinates":[23.543304,46.75181]},"properties":{"name":"Disp. Bucium","band":1,"modes":"bus,tram","arr":["1","6","9","14","24","25","25N","52","52L","101","102","102L","M21","M22","M24","M25","M27","M51","M52","M81"],"off":[0,-1.9],"sc":0.86}},{"type":"Feature","geometry":{"type":"Point","coordinates":[23.543304,46.75181]},"properties":{"name":"Academia de Muzica","band":1,"modes":"bus,tram","arr":["1","6","9","14","24","25","25N","52","52L","101","102","102L","M21","M22","M24","M25","M27","M51","M52","M81"],"off":[0,-3],"sc":0.86}},{"type":"Feature","geometry":{"type":"Point","coordinates":[23.543304,46.75181]},"properties":{"line":"1","mode":"bus","color":"#149a3f","colorDark":"#0a5121","band":1,"sc":0.86,"off":[-6.8,1.1]}},{"type":"Feature","geometry":{"type":"Point","coordinates":[23.543304,46.75181]},"properties":{"line":"6","mode":"bus","color":"#149a3f","colorDark":"#0a5121","band":1,"sc":0.86,"off":[-3.4,1.1]}},{"type":"Feature","geometry":{"type":"Point","coordinates":[23.543304,46.75181]},"properties":{"line":"9","mode":"bus","color":"#0059a9","colorDark":"#00294f","band":1,"sc":0.86,"off":[0,1.1]}},{"type":"Feature","geometry":{"type":"Point","coordinates":[23.543304,46.75181]},"properties":{"line":"14","mode":"bus","color":"#149a3f","colorDark":"#0a5121","band":1,"sc":0.86,"off":[3.4,1.1]}},{"type":"Feature","geometry":{"type":"Point","coordinates":[23.543304,46.75181]},"properties":{"line":"24","mode":"bus","color":"#0059a9","colorDark":"#00294f","band":1,"sc":0.86,"off":[6.8,1.1]}},{"type":"Feature","geometry":{"type":"Point","coordinates":[23.543304,46.75181]},"properties":{"line":"25","mode":"bus","color":"#149a3f","colorDark":"#0a5121","band":1,"sc":0.86,"off":[-6.8,3.1]}},{"type":"Feature","geometry":{"type":"Point","coordinates":[23.543304,46.75181]},"properties":{"line":"25N","mode":"bus","color":"#149a3f","colorDark":"#0a5121","band":1,"sc":0.86,"off":[-3.4,3.1]}},{"type":"Feature","geometry":{"type":"Point","coordinates":[23.543304,46.75181]},"properties":{"line":"52","mode":"bus","color":"#0059a9","colorDark":"#00294f","band":1,"sc":0.86,"off":[0,3.1]}},{"type":"Feature","geometry":{"type":"Point","coordinates":[23.543304,46.75181]},"properties":{"line":"52L","mode":"bus","color":"#0059a9","colorDark":"#00294f","band":1,"sc":0.86,"off":[3.4,3.1]}},{"type":"Feature","geometry":{"type":"Point","coordinates":[23.543304,46.75181]},"properties":{"line":"101","mode":"tram","color":"#d6212b","colorDark":"#7c1116","band":1,"sc":0.86,"off":[6.8,3.1]}},{"type":"Feature","geometry":{"type":"Point","coordinates":[23.543304,46.75181]},"properties":{"line":"102","mode":"tram","color":"#d6212b","colorDark":"#7c1116","band":1,"sc":0.86,"off":[-6.8,5.1]}},{"type":"Feature","geometry":{"type":"Point","coordinates":[23.543304,46.75181]},"properties":{"line":"102L","mode":"tram","color":"#d6212b","colorDark":"#7c1116","band":1,"sc":0.86,"off":[-3.4,5.1]}},{"type":"Feature","geometry":{"type":"Point","coordinates":[23.543304,46.75181]},"properties":{"line":"M21","mode":"bus","color":"#0059a9","colorDark":"#00294f","band":1,"sc":0.86,"off":[0,5.1]}},{"type":"Feature","geometry":{"type":"Point","coordinates":[23.543304,46.75181]},"properties":{"line":"M22","mode":"bus","color":"#0059a9","colorDark":"#00294f","band":1,"sc":0.86,"off":[3.4,5.1]}},{"type":"Feature","geometry":{"type":"Point","coordinates":[23.543304,46.75181]},"properties":{"line":"M24","mode":"bus","color":"#0059a9","colorDark":"#00294f","band":1,"sc":0.86,"off":[6.8,5.1]}},{"type":"Feature","geometry":{"type":"Point","coordinates":[23.543304,46.75181]},"properties":{"line":"M25","mode":"bus","color":"#0059a9","colorDark":"#00294f","band":1,"sc":0.86,"off":[-6.8,7.1]}},{"type":"Feature","geometry":{"type":"Point","coordinates":[23.543304,46.75181]},"properties":{"line":"M27","mode":"bus","color":"#0059a9","colorDark":"#00294f","band":1,"sc":0.86,"off":[-3.4,7.1]}},{"type":"Feature","geometry":{"type":"Point","coordinates":[23.543304,46.75181]},"properties":{"line":"M51","mode":"bus","color":"#0059a9","colorDark":"#00294f","band":1,"sc":0.86,"off":[0,7.1]}},{"type":"Feature","geometry":{"type":"Point","coordinates":[23.543304,46.75181]},"properties":{"line":"M52","mode":"bus","color":"#0059a9","colorDark":"#00294f","band":1,"sc":0.86,"off":[3.4,7.1]}},{"type":"Feature","geometry":{"type":"Point","coordinates":[23.543304,46.75181]},"properties":{"line":"M81","mode":"bus","color":"#0059a9","colorDark":"#00294f","band":1,"sc":0.86,"off":[6.8,7.1]}},{"type":"Feature","geometry":{"type":"Point","coordinates":[23.561942,46.75549]},"properties":{"name":"Izlazului","band":1,"modes":"bus","arr":["7"],"off":[0,-0.8]}},{"type":"Feature","geometry":{"type":"Point","coordinates":[23.561942,46.75549]},"properties":{"line":"7","mode":"bus","color":"#149a3f","colorDark":"#0a5121","band":1,"off":[0,1.1]}},{"type":"Feature","geometry":{"type":"Point","coordinates":[23.60553,46.786226]},"properties":{"name":"P-ța 1 Mai Sosire","band":1,"modes":"bus","arr":["1","41"],"off":[0,-0.8]}},{"type":"Feature","geometry":{"type":"Point","coordinates":[23.60553,46.786226]},"properties":{"name":"P-ța 1 Mai","band":1,"modes":"bus","arr":["1","41"],"off":[0,-1.9]}},{"type":"Feature","geometry":{"type":"Point","coordinates":[23.60553,46.786226]},"properties":{"line":"1","mode":"bus","color":"#149a3f","colorDark":"#0a5121","band":1,"off":[-1.7,1.1]}},{"type":"Feature","geometry":{"type":"Point","coordinates":[23.60553,46.786226]},"properties":{"line":"41","mode":"bus","color":"#0059a9","colorDark":"#00294f","band":1,"off":[1.7,1.1]}},{"type":"Feature","geometry":{"type":"Point","coordinates":[23.590431,46.777944]},"properties":{"name":"Pod Traian","band":1,"modes":"bus","arr":["8","19","23","28","28B","42","47","56","M26"],"off":[0,-0.8]}},{"type":"Feature","geometry":{"type":"Point","coordinates":[23.590431,46.777944]},"properties":{"name":"P-ța M. Viteazul Sud","band":1,"modes":"bus","arr":["8","19","23","28","28B","42","47","56","M26"],"off":[0,-1.9]}},{"type":"Feature","geometry":{"type":"Point","coordinates":[23.590431,46.777944]},"properties":{"name":"I.P. Voitești","band":1,"modes":"bus","arr":["8","19","23","28","28B","42","47","56","M26"],"off":[0,-4.1]}},{"type":"Feature","geometry":{"type":"Point","coordinates":[23.590431,46.777944]},"properties":{"line":"8","mode":"bus","color":"#149a3f","colorDark":"#0a5121","band":1,"off":[-6.8,1.1]}},{"type":"Feature","geometry":{"type":"Point","coordinates":[23.590431,46.777944]},"properties":{"line":"19","mode":"bus","color":"#0059a9","colorDark":"#00294f","band":1,"off":[-3.4,1.1]}},{"type":"Feature","geometry":{"type":"Point","coordinates":[23.590431,46.777944]},"properties":{"line":"23","mode":"bus","color":"#149a3f","colorDark":"#0a5121","band":1,"off":[0,1.1]}},{"type":"Feature","geometry":{"type":"Point","coordinates":[23.590431,46.777944]},"properties":{"line":"28","mode":"bus","color":"#0059a9","colorDark":"#00294f","band":1,"off":[3.4,1.1]}},{"type":"Feature","geometry":{"type":"Point","coordinates":[23.590431,46.777944]},"properties":{"line":"28B","mode":"bus","color":"#0059a9","colorDark":"#00294f","band":1,"off":[6.8,1.1]}},{"type":"Feature","geometry":{"type":"Point","coordinates":[23.590431,46.777944]},"properties":{"line":"42","mode":"bus","color":"#0059a9","colorDark":"#00294f","band":1,"off":[-5.1,3.1]}},{"type":"Feature","geometry":{"type":"Point","coordinates":[23.590431,46.777944]},"properties":{"line":"47","mode":"bus","color":"#0059a9","colorDark":"#00294f","band":1,"off":[-1.7,3.1]}},{"type":"Feature","geometry":{"type":"Point","coordinates":[23.590431,46.777944]},"properties":{"line":"56","mode":"bus","color":"#0059a9","colorDark":"#00294f","band":1,"off":[1.7,3.1]}},{"type":"Feature","geometry":{"type":"Point","coordinates":[23.590431,46.777944]},"properties":{"line":"M26","mode":"bus","color":"#0059a9","colorDark":"#00294f","band":1,"off":[5.1,3.1]}},{"type":"Feature","geometry":{"type":"Point","coordinates":[23.629316,46.768026]},"properties":{"name":"Snagov Nord","band":1,"modes":"bus","arr":["3","10","24","24B","25","25N","45"],"off":[0,-0.8]}},{"type":"Feature","geometry":{"type":"Point","coordinates":[23.629316,46.768026]},"properties":{"name":"Disp. Unirii","band":1,"modes":"bus","arr":["3","10","24","24B","25","25N","45"],"off":[0,-1.9]}},{"type":"Feature","geometry":{"type":"Point","coordinates":[23.629316,46.768026]},"properties":{"line":"3","mode":"bus","color":"#149a3f","colorDark":"#0a5121","band":1,"off":[-6.8,1.1]}},{"type":"Feature","geometry":{"type":"Point","coordinates":[23.629316,46.768026]},"properties":{"line":"10","mode":"bus","color":"#149a3f","colorDark":"#0a5121","band":1,"off":[-3.4,1.1]}},{"type":"Feature","geometry":{"type":"Point","coordinates":[23.629316,46.768026]},"properties":{"line":"24","mode":"bus","color":"#0059a9","colorDark":"#00294f","band":1,"off":[0,1.1]}},{"type":"Feature","geometry":{"type":"Point","coordinates":[23.629316,46.768026]},"properties":{"line":"24B","mode":"bus","color":"#0059a9","colorDark":"#00294f","band":1,"off":[3.4,1.1]}},{"type":"Feature","geometry":{"type":"Point","coordinates":[23.629316,46.768026]},"properties":{"line":"25","mode":"bus","color":"#149a3f","colorDark":"#0a5121","band":1,"off":[6.8,1.1]}},{"type":"Feature","geometry":{"type":"Point","coordinates":[23.629316,46.768026]},"properties":{"line":"25N","mode":"bus","color":"#149a3f","colorDark":"#0a5121","band":1,"off":[-1.7,3.1]}},{"type":"Feature","geometry":{"type":"Point","coordinates":[23.629316,46.768026]},"properties":{"line":"45","mode":"bus","color":"#0059a9","colorDark":"#00294f","band":1,"off":[1.7,3.1]}},{"type":"Feature","geometry":{"type":"Point","coordinates":[23.597056,46.770754]},"properties":{"name":"Teatru","band":1,"modes":"bus","arr":["46","46L"],"off":[0,-0.8]}},{"type":"Feature","geometry":{"type":"Point","coordinates":[23.597056,46.770754]},"properties":{"name":"P-ța Avram Iancu","band":1,"modes":"bus","arr":["46","46L"],"off":[0,-1.9]}},{"type":"Feature","geometry":{"type":"Point","coordinates":[23.597056,46.770754]},"properties":{"line":"46","mode":"bus","color":"#0059a9","colorDark":"#00294f","band":1,"off":[-1.7,1.1]}},{"type":"Feature","geometry":{"type":"Point","coordinates":[23.597056,46.770754]},"properties":{"line":"46L","mode":"bus","color":"#0059a9","colorDark":"#00294f","band":1,"off":[1.7,1.1]}},{"type":"Feature","geometry":{"type":"Point","coordinates":[23.587112,46.782269]},"properties":{"name":"P-ța Gării Sud","band":1,"modes":"bus,tram","arr":["3","4","5","5N","9","22","27","32B","34","35","101"],"off":[0,-0.8]}},{"type":"Feature","geometry":{"type":"Point","coordinates":[23.587112,46.782269]},"properties":{"name":"P-ța Gării Sosire","band":1,"modes":"bus,tram","arr":["3","4","5","5N","9","22","27","32B","34","35","101"],"off":[0,-1.9]}},{"type":"Feature","geometry":{"type":"Point","coordinates":[23.587112,46.782269]},"properties":{"name":"P-ța Gării Nord","band":1,"modes":"bus,tram","arr":["3","4","5","5N","9","22","27","32B","34","35","101"],"off":[0,-3]}},{"type":"Feature","geometry":{"type":"Point","coordinates":[23.587112,46.782269]},"properties":{"line":"3","mode":"bus","color":"#149a3f","colorDark":"#0a5121","band":1,"off":[-6.8,1.1]}},{"type":"Feature","geometry":{"type":"Point","coordinates":[23.587112,46.782269]},"properties":{"line":"4","mode":"bus","color":"#149a3f","colorDark":"#0a5121","band":1,"off":[-3.4,1.1]}},{"type":"Feature","geometry":{"type":"Point","coordinates":[23.587112,46.782269]},"properties":{"line":"5","mode":"bus","color":"#149a3f","colorDark":"#0a5121","band":1,"off":[0,1.1]}},{"type":"Feature","geometry":{"type":"Point","coordinates":[23.587112,46.782269]},"properties":{"line":"5N","mode":"bus","color":"#149a3f","colorDark":"#0a5121","band":1,"off":[3.4,1.1]}},{"type":"Feature","geometry":{"type":"Point","coordinates":[23.587112,46.782269]},"properties":{"line":"9","mode":"bus","color":"#0059a9","colorDark":"#00294f","band":1,"off":[6.8,1.1]}},{"type":"Feature","geometry":{"type":"Point","coordinates":[23.587112,46.782269]},"properties":{"line":"22","mode":"bus","color":"#0059a9","colorDark":"#00294f","band":1,"off":[-6.8,3.1]}},{"type":"Feature","geometry":{"type":"Point","coordinates":[23.587112,46.782269]},"properties":{"line":"27","mode":"bus","color":"#0059a9","colorDark":"#00294f","band":1,"off":[-3.4,3.1]}},{"type":"Feature","geometry":{"type":"Point","coordinates":[23.587112,46.782269]},"properties":{"line":"32B","mode":"bus","color":"#0059a9","colorDark":"#00294f","band":1,"off":[0,3.1]}},{"type":"Feature","geometry":{"type":"Point","coordinates":[23.587112,46.782269]},"properties":{"line":"34","mode":"bus","color":"#0059a9","colorDark":"#00294f","band":1,"off":[3.4,3.1]}},{"type":"Feature","geometry":{"type":"Point","coordinates":[23.587112,46.782269]},"properties":{"line":"35","mode":"bus","color":"#0059a9","colorDark":"#00294f","band":1,"off":[6.8,3.1]}},{"type":"Feature","geometry":{"type":"Point","coordinates":[23.587112,46.782269]},"properties":{"line":"101","mode":"tram","color":"#d6212b","colorDark":"#7c1116","band":1,"off":[0,5.1]}},{"type":"Feature","geometry":{"type":"Point","coordinates":[23.636953,46.782451]},"properties":{"name":"P-ța Agroalimentară IRA","band":1,"modes":"bus","arr":["4","6","7","12","30","46B","47","53"],"off":[0,-0.8]}},{"type":"Feature","geometry":{"type":"Point","coordinates":[23.636953,46.782451]},"properties":{"name":"EXPO Transilvania","band":1,"modes":"bus","arr":["4","6","7","12","30","46B","47","53"],"off":[0,-3]}},{"type":"Feature","geometry":{"type":"Point","coordinates":[23.636953,46.782451]},"properties":{"name":"Disp. IRA","band":1,"modes":"bus","arr":["4","6","7","12","30","46B","47","53"],"off":[0,-4.1]}},{"type":"Feature","geometry":{"type":"Point","coordinates":[23.636953,46.782451]},"properties":{"line":"4","mode":"bus","color":"#149a3f","colorDark":"#0a5121","band":1,"off":[-6.8,1.1]}},{"type":"Feature","geometry":{"type":"Point","coordinates":[23.636953,46.782451]},"properties":{"line":"6","mode":"bus","color":"#149a3f","colorDark":"#0a5121","band":1,"off":[-3.4,1.1]}},{"type":"Feature","geometry":{"type":"Point","coordinates":[23.636953,46.782451]},"properties":{"line":"7","mode":"bus","color":"#149a3f","colorDark":"#0a5121","band":1,"off":[0,1.1]}},{"type":"Feature","geometry":{"type":"Point","coordinates":[23.636953,46.782451]},"properties":{"line":"12","mode":"bus","color":"#149a3f","colorDark":"#0a5121","band":1,"off":[3.4,1.1]}},{"type":"Feature","geometry":{"type":"Point","coordinates":[23.636953,46.782451]},"properties":{"line":"30","mode":"bus","color":"#0059a9","colorDark":"#00294f","band":1,"off":[6.8,1.1]}},{"type":"Feature","geometry":{"type":"Point","coordinates":[23.636953,46.782451]},"properties":{"line":"46B","mode":"bus","color":"#0059a9","colorDark":"#00294f","band":1,"off":[-3.4,3.1]}},{"type":"Feature","geometry":{"type":"Point","coordinates":[23.636953,46.782451]},"properties":{"line":"47","mode":"bus","color":"#0059a9","colorDark":"#00294f","band":1,"off":[0,3.1]}},{"type":"Feature","geometry":{"type":"Point","coordinates":[23.636953,46.782451]},"properties":{"line":"53","mode":"bus","color":"#0059a9","colorDark":"#00294f","band":1,"off":[3.4,3.1]}},{"type":"Feature","geometry":{"type":"Point","coordinates":[23.61655,46.778661]},"properties":{"name":"Mareșal C-tin Prezan","band":1,"modes":"bus","arr":["8L","M41","M41L","M42","M42L","M43","M44","M45"],"off":[0,-0.8]}},{"type":"Feature","geometry":{"type":"Point","coordinates":[23.61655,46.778661]},"properties":{"name":"Arte Plastice","band":1,"modes":"bus","arr":["8L","M41","M41L","M42","M42L","M43","M44","M45"],"off":[0,-3]}},{"type":"Feature","geometry":{"type":"Point","coordinates":[23.61655,46.778661]},"properties":{"line":"8L","mode":"bus","color":"#0059a9","colorDark":"#00294f","band":1,"off":[-6.8,1.1]}},{"type":"Feature","geometry":{"type":"Point","coordinates":[23.61655,46.778661]},"properties":{"line":"M41","mode":"bus","color":"#0059a9","colorDark":"#00294f","band":1,"off":[-3.4,1.1]}},{"type":"Feature","geometry":{"type":"Point","coordinates":[23.61655,46.778661]},"properties":{"line":"M41L","mode":"bus","color":"#0059a9","colorDark":"#00294f","band":1,"off":[0,1.1]}},{"type":"Feature","geometry":{"type":"Point","coordinates":[23.61655,46.778661]},"properties":{"line":"M42","mode":"bus","color":"#0059a9","colorDark":"#00294f","band":1,"off":[3.4,1.1]}},{"type":"Feature","geometry":{"type":"Point","coordinates":[23.61655,46.778661]},"properties":{"line":"M42L","mode":"bus","color":"#0059a9","colorDark":"#00294f","band":1,"off":[6.8,1.1]}},{"type":"Feature","geometry":{"type":"Point","coordinates":[23.61655,46.778661]},"properties":{"line":"M43","mode":"bus","color":"#0059a9","colorDark":"#00294f","band":1,"off":[-3.4,3.1]}},{"type":"Feature","geometry":{"type":"Point","coordinates":[23.61655,46.778661]},"properties":{"line":"M44","mode":"bus","color":"#0059a9","colorDark":"#00294f","band":1,"off":[0,3.1]}},{"type":"Feature","geometry":{"type":"Point","coordinates":[23.61655,46.778661]},"properties":{"line":"M45","mode":"bus","color":"#0059a9","colorDark":"#00294f","band":1,"off":[3.4,3.1]}},{"type":"Feature","geometry":{"type":"Point","coordinates":[23.697144,46.781918]},"properties":{"name":"Electromontaj Sud","band":1,"modes":"bus","arr":["5","5N","8"],"off":[0,-0.8]}},{"type":"Feature","geometry":{"type":"Point","coordinates":[23.697144,46.781918]},"properties":{"name":"Electromontaj Nord","band":1,"modes":"bus","arr":["5","5N","8"],"off":[0,-1.9]}},{"type":"Feature","geometry":{"type":"Point","coordinates":[23.697144,46.781918]},"properties":{"line":"5","mode":"bus","color":"#149a3f","colorDark":"#0a5121","band":1,"off":[-3.4,1.1]}},{"type":"Feature","geometry":{"type":"Point","coordinates":[23.697144,46.781918]},"properties":{"line":"5N","mode":"bus","color":"#149a3f","colorDark":"#0a5121","band":1,"off":[0,1.1]}},{"type":"Feature","geometry":{"type":"Point","coordinates":[23.697144,46.781918]},"properties":{"line":"8","mode":"bus","color":"#149a3f","colorDark":"#0a5121","band":1,"off":[3.4,1.1]}},{"type":"Feature","geometry":{"type":"Point","coordinates":[23.710521,46.781449]},"properties":{"name":"Piața AGRO Sosire","band":1,"modes":"bus","arr":["8L"],"off":[0,-0.8]}},{"type":"Feature","geometry":{"type":"Point","coordinates":[23.710521,46.781449]},"properties":{"name":"AGRO Transilvania","band":1,"modes":"bus","arr":["8L"],"off":[0,-1.9]}},{"type":"Feature","geometry":{"type":"Point","coordinates":[23.710521,46.781449]},"properties":{"line":"8L","mode":"bus","color":"#0059a9","colorDark":"#00294f","band":1,"off":[0,1.1]}},{"type":"Feature","geometry":{"type":"Point","coordinates":[23.63525,46.797138]},"properties":{"name":"ERS CUG Sud","band":1,"modes":"bus","arr":["10","12","14","23","26","48","50"],"off":[0,-0.8]}},{"type":"Feature","geometry":{"type":"Point","coordinates":[23.63525,46.797138]},"properties":{"name":"ERS CUG Nord","band":1,"modes":"bus","arr":["10","12","14","23","26","48","50"],"off":[0,-1.9]}},{"type":"Feature","geometry":{"type":"Point","coordinates":[23.63525,46.797138]},"properties":{"name":"Disp. ERS CUG","band":1,"modes":"bus","arr":["10","12","14","23","26","48","50"],"off":[0,-3]}},{"type":"Feature","geometry":{"type":"Point","coordinates":[23.63525,46.797138]},"properties":{"line":"10","mode":"bus","color":"#149a3f","colorDark":"#0a5121","band":1,"off":[-6.8,1.1]}},{"type":"Feature","geometry":{"type":"Point","coordinates":[23.63525,46.797138]},"properties":{"line":"12","mode":"bus","color":"#149a3f","colorDark":"#0a5121","band":1,"off":[-3.4,1.1]}},{"type":"Feature","geometry":{"type":"Point","coordinates":[23.63525,46.797138]},"properties":{"line":"14","mode":"bus","color":"#149a3f","colorDark":"#0a5121","band":1,"off":[0,1.1]}},{"type":"Feature","geometry":{"type":"Point","coordinates":[23.63525,46.797138]},"properties":{"line":"23","mode":"bus","color":"#149a3f","colorDark":"#0a5121","band":1,"off":[3.4,1.1]}},{"type":"Feature","geometry":{"type":"Point","coordinates":[23.63525,46.797138]},"properties":{"line":"26","mode":"bus","color":"#0059a9","colorDark":"#00294f","band":1,"off":[6.8,1.1]}},{"type":"Feature","geometry":{"type":"Point","coordinates":[23.63525,46.797138]},"properties":{"line":"48","mode":"bus","color":"#0059a9","colorDark":"#00294f","band":1,"off":[-1.7,3.1]}},{"type":"Feature","geometry":{"type":"Point","coordinates":[23.63525,46.797138]},"properties":{"line":"50","mode":"bus","color":"#0059a9","colorDark":"#00294f","band":1,"off":[1.7,3.1]}},{"type":"Feature","geometry":{"type":"Point","coordinates":[23.598818,46.768488]},"properties":{"name":"Posada","band":1,"modes":"bus","arr":["18","20","40","M11","M12","M13","M16","M17","M18","M61","M71"],"off":[0,-0.8]}},{"type":"Feature","geometry":{"type":"Point","coordinates":[23.598818,46.768488]},"properties":{"line":"18","mode":"bus","color":"#0059a9","colorDark":"#00294f","band":1,"off":[-6.8,1.1]}},{"type":"Feature","geometry":{"type":"Point","coordinates":[23.598818,46.768488]},"properties":{"line":"20","mode":"bus","color":"#0059a9","colorDark":"#00294f","band":1,"off":[-3.4,1.1]}},{"type":"Feature","geometry":{"type":"Point","coordinates":[23.598818,46.768488]},"properties":{"line":"40","mode":"bus","color":"#0059a9","colorDark":"#00294f","band":1,"off":[0,1.1]}},{"type":"Feature","geometry":{"type":"Point","coordinates":[23.598818,46.768488]},"properties":{"line":"M11","mode":"bus","color":"#0059a9","colorDark":"#00294f","band":1,"off":[3.4,1.1]}},{"type":"Feature","geometry":{"type":"Point","coordinates":[23.598818,46.768488]},"properties":{"line":"M12","mode":"bus","color":"#0059a9","colorDark":"#00294f","band":1,"off":[6.8,1.1]}},{"type":"Feature","geometry":{"type":"Point","coordinates":[23.598818,46.768488]},"properties":{"line":"M13","mode":"bus","color":"#0059a9","colorDark":"#00294f","band":1,"off":[-6.8,3.1]}},{"type":"Feature","geometry":{"type":"Point","coordinates":[23.598818,46.768488]},"properties":{"line":"M16","mode":"bus","color":"#0059a9","colorDark":"#00294f","band":1,"off":[-3.4,3.1]}},{"type":"Feature","geometry":{"type":"Point","coordinates":[23.598818,46.768488]},"properties":{"line":"M17","mode":"bus","color":"#0059a9","colorDark":"#00294f","band":1,"off":[0,3.1]}},{"type":"Feature","geometry":{"type":"Point","coordinates":[23.598818,46.768488]},"properties":{"line":"M18","mode":"bus","color":"#0059a9","colorDark":"#00294f","band":1,"off":[3.4,3.1]}},{"type":"Feature","geometry":{"type":"Point","coordinates":[23.598818,46.768488]},"properties":{"line":"M61","mode":"bus","color":"#0059a9","colorDark":"#00294f","band":1,"off":[6.8,3.1]}},{"type":"Feature","geometry":{"type":"Point","coordinates":[23.598818,46.768488]},"properties":{"line":"M71","mode":"bus","color":"#0059a9","colorDark":"#00294f","band":1,"off":[0,5.1]}},{"type":"Feature","geometry":{"type":"Point","coordinates":[23.636541,46.73852]},"properties":{"name":"Veseliei","band":1,"modes":"bus","arr":["18"],"off":[0,-0.8]}},{"type":"Feature","geometry":{"type":"Point","coordinates":[23.636541,46.73852]},"properties":{"line":"18","mode":"bus","color":"#0059a9","colorDark":"#00294f","band":1,"off":[0,1.1]}},{"type":"Feature","geometry":{"type":"Point","coordinates":[23.565335,46.742728]},"properties":{"name":"E.Quinet Sud","band":1,"modes":"bus","arr":["19"],"off":[0,-0.8]}},{"type":"Feature","geometry":{"type":"Point","coordinates":[23.565335,46.742728]},"properties":{"line":"19","mode":"bus","color":"#0059a9","colorDark":"#00294f","band":1,"off":[0,1.1]}},{"type":"Feature","geometry":{"type":"Point","coordinates":[23.651131,46.743897]},"properties":{"name":"Biserica Borhanci Vest","band":1,"modes":"bus","arr":["20"],"off":[0,-0.8]}},{"type":"Feature","geometry":{"type":"Point","coordinates":[23.651131,46.743897]},"properties":{"name":"Biserica Borhanci Est","band":1,"modes":"bus","arr":["20"],"off":[0,-3]}},{"type":"Feature","geometry":{"type":"Point","coordinates":[23.651131,46.743897]},"properties":{"line":"20","mode":"bus","color":"#0059a9","colorDark":"#00294f","band":1,"off":[0,1.1]}},{"type":"Feature","geometry":{"type":"Point","coordinates":[23.589781,46.770374]},"properties":{"name":"P-ța M.Viteazu Sosire","band":1,"modes":"bus","arr":["21","28","28B","29S","31","32","33","36B","36L","37","38","39","39L","42","53","A1","M31"],"off":[0,-0.8],"sc":0.9}},{"type":"Feature","geometry":{"type":"Point","coordinates":[23.589781,46.770374]},"properties":{"name":"P-ța M. Viteazul Vest","band":1,"modes":"bus","arr":["21","28","28B","29S","31","32","33","36B","36L","37","38","39","39L","42","53","A1","M31"],"off":[0,-3],"sc":0.9}},{"type":"Feature","geometry":{"type":"Point","coordinates":[23.589781,46.770374]},"properties":{"name":"P-ța M. Viteazul Est","band":1,"modes":"bus","arr":["21","28","28B","29S","31","32","33","36B","36L","37","38","39","39L","42","53","A1","M31"],"off":[0,-5.2],"sc":0.9}},{"type":"Feature","geometry":{"type":"Point","coordinates":[23.589781,46.770374]},"properties":{"line":"21","mode":"bus","color":"#0059a9","colorDark":"#00294f","band":1,"sc":0.9,"off":[-6.8,1.1]}},{"type":"Feature","geometry":{"type":"Point","coordinates":[23.589781,46.770374]},"properties":{"line":"28","mode":"bus","color":"#0059a9","colorDark":"#00294f","band":1,"sc":0.9,"off":[-3.4,1.1]}},{"type":"Feature","geometry":{"type":"Point","coordinates":[23.589781,46.770374]},"properties":{"line":"28B","mode":"bus","color":"#0059a9","colorDark":"#00294f","band":1,"sc":0.9,"off":[0,1.1]}},{"type":"Feature","geometry":{"type":"Point","coordinates":[23.589781,46.770374]},"properties":{"line":"29S","mode":"bus","color":"#0059a9","colorDark":"#00294f","band":1,"sc":0.9,"off":[3.4,1.1]}},{"type":"Feature","geometry":{"type":"Point","coordinates":[23.589781,46.770374]},"properties":{"line":"31","mode":"bus","color":"#0059a9","colorDark":"#00294f","band":1,"sc":0.9,"off":[6.8,1.1]}},{"type":"Feature","geometry":{"type":"Point","coordinates":[23.589781,46.770374]},"properties":{"line":"32","mode":"bus","color":"#0059a9","colorDark":"#00294f","band":1,"sc":0.9,"off":[-6.8,3.1]}},{"type":"Feature","geometry":{"type":"Point","coordinates":[23.589781,46.770374]},"properties":{"line":"33","mode":"bus","color":"#0059a9","colorDark":"#00294f","band":1,"sc":0.9,"off":[-3.4,3.1]}},{"type":"Feature","geometry":{"type":"Point","coordinates":[23.589781,46.770374]},"properties":{"line":"36B","mode":"bus","color":"#0059a9","colorDark":"#00294f","band":1,"sc":0.9,"off":[0,3.1]}},{"type":"Feature","geometry":{"type":"Point","coordinates":[23.589781,46.770374]},"properties":{"line":"36L","mode":"bus","color":"#0059a9","colorDark":"#00294f","band":1,"sc":0.9,"off":[3.4,3.1]}},{"type":"Feature","geometry":{"type":"Point","coordinates":[23.589781,46.770374]},"properties":{"line":"37","mode":"bus","color":"#0059a9","colorDark":"#00294f","band":1,"sc":0.9,"off":[6.8,3.1]}},{"type":"Feature","geometry":{"type":"Point","coordinates":[23.589781,46.770374]},"properties":{"line":"38","mode":"bus","color":"#0059a9","colorDark":"#00294f","band":1,"sc":0.9,"off":[-6.8,5.1]}},{"type":"Feature","geometry":{"type":"Point","coordinates":[23.589781,46.770374]},"properties":{"line":"39","mode":"bus","color":"#0059a9","colorDark":"#00294f","band":1,"sc":0.9,"off":[-3.4,5.1]}},{"type":"Feature","geometry":{"type":"Point","coordinates":[23.589781,46.770374]},"properties":{"line":"39L","mode":"bus","color":"#0059a9","colorDark":"#00294f","band":1,"sc":0.9,"off":[0,5.1]}},{"type":"Feature","geometry":{"type":"Point","coordinates":[23.589781,46.770374]},"properties":{"line":"42","mode":"bus","color":"#0059a9","colorDark":"#00294f","band":1,"sc":0.9,"off":[3.4,5.1]}},{"type":"Feature","geometry":{"type":"Point","coordinates":[23.589781,46.770374]},"properties":{"line":"53","mode":"bus","color":"#0059a9","colorDark":"#00294f","band":1,"sc":0.9,"off":[6.8,5.1]}},{"type":"Feature","geometry":{"type":"Point","coordinates":[23.589781,46.770374]},"properties":{"line":"A1","mode":"bus","color":"#0059a9","colorDark":"#00294f","band":1,"sc":0.9,"off":[-1.7,7.1]}},{"type":"Feature","geometry":{"type":"Point","coordinates":[23.589781,46.770374]},"properties":{"line":"M31","mode":"bus","color":"#0059a9","colorDark":"#00294f","band":1,"sc":0.9,"off":[1.7,7.1]}},{"type":"Feature","geometry":{"type":"Point","coordinates":[23.59175,46.741137]},"properties":{"name":"Dacia Service Sosire","band":1,"modes":"bus","arr":["21","43B"],"off":[0,-0.8]}},{"type":"Feature","geometry":{"type":"Point","coordinates":[23.59175,46.741137]},"properties":{"name":"Dacia Service","band":1,"modes":"bus","arr":["21","43B"],"off":[0,-3]}},{"type":"Feature","geometry":{"type":"Point","coordinates":[23.59175,46.741137]},"properties":{"line":"21","mode":"bus","color":"#0059a9","colorDark":"#00294f","band":1,"off":[-1.7,1.1]}},{"type":"Feature","geometry":{"type":"Point","coordinates":[23.59175,46.741137]},"properties":{"line":"43B","mode":"bus","color":"#0059a9","colorDark":"#00294f","band":1,"off":[1.7,1.1]}},{"type":"Feature","geometry":{"type":"Point","coordinates":[23.583399,46.760147]},"properties":{"name":"Sp. de Boli Infecțioase","band":1,"modes":"bus","arr":["22"],"off":[0,-0.8]}},{"type":"Feature","geometry":{"type":"Point","coordinates":[23.583399,46.760147]},"properties":{"name":"Boli Infecțioase Sosire","band":1,"modes":"bus","arr":["22"],"off":[0,-3]}},{"type":"Feature","geometry":{"type":"Point","coordinates":[23.583399,46.760147]},"properties":{"line":"22","mode":"bus","color":"#0059a9","colorDark":"#00294f","band":1,"off":[0,1.1]}},{"type":"Feature","geometry":{"type":"Point","coordinates":[23.53296,46.752869]},"properties":{"name":"VIVO Sosire","band":1,"modes":"bus","arr":["24B","28B","43P"],"off":[0,-0.8]}},{"type":"Feature","geometry":{"type":"Point","coordinates":[23.53296,46.752869]},"properties":{"name":"VIVO","band":1,"modes":"bus","arr":["24B","28B","43P"],"off":[0,-1.9]}},{"type":"Feature","geometry":{"type":"Point","coordinates":[23.53296,46.752869]},"properties":{"line":"24B","mode":"bus","color":"#0059a9","colorDark":"#00294f","band":1,"off":[-3.4,1.1]}},{"type":"Feature","geometry":{"type":"Point","coordinates":[23.53296,46.752869]},"properties":{"line":"28B","mode":"bus","color":"#0059a9","colorDark":"#00294f","band":1,"off":[0,1.1]}},{"type":"Feature","geometry":{"type":"Point","coordinates":[23.53296,46.752869]},"properties":{"line":"43P","mode":"bus","color":"#0059a9","colorDark":"#00294f","band":1,"off":[3.4,1.1]}},{"type":"Feature","geometry":{"type":"Point","coordinates":[23.548686,46.765293]},"properties":{"name":"Radio România Cluj","band":1,"modes":"bus","arr":["26","26L","27","28","30","41","43","43B","44","54N"],"off":[0,-0.8]}},{"type":"Feature","geometry":{"type":"Point","coordinates":[23.548686,46.765293]},"properties":{"name":"Disp. Grigorescu","band":1,"modes":"bus","arr":["26","26L","27","28","30","41","43","43B","44","54N"],"off":[0,-1.9]}},{"type":"Feature","geometry":{"type":"Point","coordinates":[23.548686,46.765293]},"properties":{"line":"26","mode":"bus","color":"#0059a9","colorDark":"#00294f","band":1,"off":[-6.8,1.1]}},{"type":"Feature","geometry":{"type":"Point","coordinates":[23.548686,46.765293]},"properties":{"line":"26L","mode":"bus","color":"#0059a9","colorDark":"#00294f","band":1,"off":[-3.4,1.1]}},{"type":"Feature","geometry":{"type":"Point","coordinates":[23.548686,46.765293]},"properties":{"line":"27","mode":"bus","color":"#0059a9","colorDark":"#00294f","band":1,"off":[0,1.1]}},{"type":"Feature","geometry":{"type":"Point","coordinates":[23.548686,46.765293]},"properties":{"line":"28","mode":"bus","color":"#0059a9","colorDark":"#00294f","band":1,"off":[3.4,1.1]}},{"type":"Feature","geometry":{"type":"Point","coordinates":[23.548686,46.765293]},"properties":{"line":"30","mode":"bus","color":"#0059a9","colorDark":"#00294f","band":1,"off":[6.8,1.1]}},{"type":"Feature","geometry":{"type":"Point","coordinates":[23.548686,46.765293]},"properties":{"line":"41","mode":"bus","color":"#0059a9","colorDark":"#00294f","band":1,"off":[-6.8,3.1]}},{"type":"Feature","geometry":{"type":"Point","coordinates":[23.548686,46.765293]},"properties":{"line":"43","mode":"bus","color":"#0059a9","colorDark":"#00294f","band":1,"off":[-3.4,3.1]}},{"type":"Feature","geometry":{"type":"Point","coordinates":[23.548686,46.765293]},"properties":{"line":"43B","mode":"bus","color":"#0059a9","colorDark":"#00294f","band":1,"off":[0,3.1]}},{"type":"Feature","geometry":{"type":"Point","coordinates":[23.548686,46.765293]},"properties":{"line":"44","mode":"bus","color":"#0059a9","colorDark":"#00294f","band":1,"off":[3.4,3.1]}},{"type":"Feature","geometry":{"type":"Point","coordinates":[23.548686,46.765293]},"properties":{"line":"54N","mode":"bus","color":"#0059a9","colorDark":"#00294f","band":1,"off":[6.8,3.1]}},{"type":"Feature","geometry":{"type":"Point","coordinates":[23.635326,46.794792]},"properties":{"name":"ERS CUG S.","band":1,"modes":"bus","arr":["26","48","50"],"off":[0,-0.8]}},{"type":"Feature","geometry":{"type":"Point","coordinates":[23.635326,46.794792]},"properties":{"line":"26","mode":"bus","color":"#0059a9","colorDark":"#00294f","band":1,"off":[-3.4,1.1]}},{"type":"Feature","geometry":{"type":"Point","coordinates":[23.635326,46.794792]},"properties":{"line":"48","mode":"bus","color":"#0059a9","colorDark":"#00294f","band":1,"off":[0,1.1]}},{"type":"Feature","geometry":{"type":"Point","coordinates":[23.635326,46.794792]},"properties":{"line":"50","mode":"bus","color":"#0059a9","colorDark":"#00294f","band":1,"off":[3.4,1.1]}},{"type":"Feature","geometry":{"type":"Point","coordinates":[23.663077,46.794887]},"properties":{"name":"Emerson Sosire","band":1,"modes":"bus,tram","arr":["26L","36L","48L","50L","52L","57L","102L"],"off":[0,-0.8]}},{"type":"Feature","geometry":{"type":"Point","coordinates":[23.663077,46.794887]},"properties":{"name":"EMERSON","band":1,"modes":"bus,tram","arr":["26L","36L","48L","50L","52L","57L","102L"],"off":[0,-1.9]}},{"type":"Feature","geometry":{"type":"Point","coordinates":[23.663077,46.794887]},"properties":{"name":"DEPOU_Tram","band":1,"modes":"bus,tram","arr":["26L","36L","48L","50L","52L","57L","102L"],"off":[0,-3]}},{"type":"Feature","geometry":{"type":"Point","coordinates":[23.663077,46.794887]},"properties":{"line":"26L","mode":"bus","color":"#0059a9","colorDark":"#00294f","band":1,"off":[-6.8,1.1]}},{"type":"Feature","geometry":{"type":"Point","coordinates":[23.663077,46.794887]},"properties":{"line":"36L","mode":"bus","color":"#0059a9","colorDark":"#00294f","band":1,"off":[-3.4,1.1]}},{"type":"Feature","geometry":{"type":"Point","coordinates":[23.663077,46.794887]},"properties":{"line":"48L","mode":"bus","color":"#0059a9","colorDark":"#00294f","band":1,"off":[0,1.1]}},{"type":"Feature","geometry":{"type":"Point","coordinates":[23.663077,46.794887]},"properties":{"line":"50L","mode":"bus","color":"#0059a9","colorDark":"#00294f","band":1,"off":[3.4,1.1]}},{"type":"Feature","geometry":{"type":"Point","coordinates":[23.663077,46.794887]},"properties":{"line":"52L","mode":"bus","color":"#0059a9","colorDark":"#00294f","band":1,"off":[6.8,1.1]}},{"type":"Feature","geometry":{"type":"Point","coordinates":[23.663077,46.794887]},"properties":{"line":"57L","mode":"bus","color":"#0059a9","colorDark":"#00294f","band":1,"off":[-1.7,3.1]}},{"type":"Feature","geometry":{"type":"Point","coordinates":[23.663077,46.794887]},"properties":{"line":"102L","mode":"tram","color":"#d6212b","colorDark":"#7c1116","band":1,"off":[1.7,3.1]}},{"type":"Feature","geometry":{"type":"Point","coordinates":[23.53564,46.741979]},"properties":{"name":"Roata Faget Sosire","band":1,"modes":"bus","arr":["29","29S"],"off":[0,-0.8]}},{"type":"Feature","geometry":{"type":"Point","coordinates":[23.53564,46.741979]},"properties":{"name":"Roata Faget Plecare","band":1,"modes":"bus","arr":["29","29S"],"off":[0,-1.9]}},{"type":"Feature","geometry":{"type":"Point","coordinates":[23.53564,46.741979]},"properties":{"line":"29","mode":"bus","color":"#0059a9","colorDark":"#00294f","band":1,"off":[-1.7,1.1]}},{"type":"Feature","geometry":{"type":"Point","coordinates":[23.53564,46.741979]},"properties":{"line":"29S","mode":"bus","color":"#0059a9","colorDark":"#00294f","band":1,"off":[1.7,1.1]}},{"type":"Feature","geometry":{"type":"Point","coordinates":[23.607753,46.782997]},"properties":{"name":"Henri Barbusse Sosire","band":1,"modes":"bus","arr":["29"],"off":[0,-0.8]}},{"type":"Feature","geometry":{"type":"Point","coordinates":[23.607753,46.782997]},"properties":{"name":"Henri Barbusse Plecare","band":1,"modes":"bus","arr":["29"],"off":[0,-3]}},{"type":"Feature","geometry":{"type":"Point","coordinates":[23.607753,46.782997]},"properties":{"line":"29","mode":"bus","color":"#0059a9","colorDark":"#00294f","band":1,"off":[0,1.1]}},{"type":"Feature","geometry":{"type":"Point","coordinates":[23.535959,46.785546]},"properties":{"name":"Napolact Sosire","band":1,"modes":"bus","arr":["31"],"off":[0,-0.8]}},{"type":"Feature","geometry":{"type":"Point","coordinates":[23.535959,46.785546]},"properties":{"name":"Napolact","band":1,"modes":"bus","arr":["31"],"off":[0,-1.9]}},{"type":"Feature","geometry":{"type":"Point","coordinates":[23.535959,46.785546]},"properties":{"line":"31","mode":"bus","color":"#0059a9","colorDark":"#00294f","band":1,"off":[0,1.1]}},{"type":"Feature","geometry":{"type":"Point","coordinates":[23.591057,46.774443]},"properties":{"name":"Piața Mihai Viteazul Vest Sosire","band":1,"modes":"bus","arr":["31","32","37","38","39","39L","M31"],"off":[0,-0.8]}},{"type":"Feature","geometry":{"type":"Point","coordinates":[23.591057,46.774443]},"properties":{"name":"Piața Mihai Viteazul Est Sosire","band":1,"modes":"bus","arr":["31","32","37","38","39","39L","M31"],"off":[0,-3]}},{"type":"Feature","geometry":{"type":"Point","coordinates":[23.591057,46.774443]},"properties":{"line":"31","mode":"bus","color":"#0059a9","colorDark":"#00294f","band":1,"off":[-6.8,1.1]}},{"type":"Feature","geometry":{"type":"Point","coordinates":[23.591057,46.774443]},"properties":{"line":"32","mode":"bus","color":"#0059a9","colorDark":"#00294f","band":1,"off":[-3.4,1.1]}},{"type":"Feature","geometry":{"type":"Point","coordinates":[23.591057,46.774443]},"properties":{"line":"37","mode":"bus","color":"#0059a9","colorDark":"#00294f","band":1,"off":[0,1.1]}},{"type":"Feature","geometry":{"type":"Point","coordinates":[23.591057,46.774443]},"properties":{"line":"38","mode":"bus","color":"#0059a9","colorDark":"#00294f","band":1,"off":[3.4,1.1]}},{"type":"Feature","geometry":{"type":"Point","coordinates":[23.591057,46.774443]},"properties":{"line":"39","mode":"bus","color":"#0059a9","colorDark":"#00294f","band":1,"off":[6.8,1.1]}},{"type":"Feature","geometry":{"type":"Point","coordinates":[23.591057,46.774443]},"properties":{"line":"39L","mode":"bus","color":"#0059a9","colorDark":"#00294f","band":1,"off":[-1.7,3.1]}},{"type":"Feature","geometry":{"type":"Point","coordinates":[23.591057,46.774443]},"properties":{"line":"M31","mode":"bus","color":"#0059a9","colorDark":"#00294f","band":1,"off":[1.7,3.1]}},{"type":"Feature","geometry":{"type":"Point","coordinates":[23.619069,46.757058]},"properties":{"name":"Disp. Alverna","band":1,"modes":"bus","arr":["32","32B","57","57L"],"off":[0,-0.8]}},{"type":"Feature","geometry":{"type":"Point","coordinates":[23.619069,46.757058]},"properties":{"line":"32","mode":"bus","color":"#0059a9","colorDark":"#00294f","band":1,"off":[-5.1,1.1]}},{"type":"Feature","geometry":{"type":"Point","coordinates":[23.619069,46.757058]},"properties":{"line":"32B","mode":"bus","color":"#0059a9","colorDark":"#00294f","band":1,"off":[-1.7,1.1]}},{"type":"Feature","geometry":{"type":"Point","coordinates":[23.619069,46.757058]},"properties":{"line":"57","mode":"bus","color":"#0059a9","colorDark":"#00294f","band":1,"off":[1.7,1.1]}},{"type":"Feature","geometry":{"type":"Point","coordinates":[23.619069,46.757058]},"properties":{"line":"57L","mode":"bus","color":"#0059a9","colorDark":"#00294f","band":1,"off":[5.1,1.1]}},{"type":"Feature","geometry":{"type":"Point","coordinates":[23.62244,46.762538]},"properties":{"name":"Băișoara Sosire","band":1,"modes":"bus","arr":["33","34","48","48L"],"off":[0,-0.8]}},{"type":"Feature","geometry":{"type":"Point","coordinates":[23.62244,46.762538]},"properties":{"name":"Băișoara","band":1,"modes":"bus","arr":["33","34","48","48L"],"off":[0,-1.9]}},{"type":"Feature","geometry":{"type":"Point","coordinates":[23.62244,46.762538]},"properties":{"line":"33","mode":"bus","color":"#0059a9","colorDark":"#00294f","band":1,"off":[-5.1,1.1]}},{"type":"Feature","geometry":{"type":"Point","coordinates":[23.62244,46.762538]},"properties":{"line":"34","mode":"bus","color":"#0059a9","colorDark":"#00294f","band":1,"off":[-1.7,1.1]}},{"type":"Feature","geometry":{"type":"Point","coordinates":[23.62244,46.762538]},"properties":{"line":"48","mode":"bus","color":"#0059a9","colorDark":"#00294f","band":1,"off":[1.7,1.1]}},{"type":"Feature","geometry":{"type":"Point","coordinates":[23.62244,46.762538]},"properties":{"line":"48L","mode":"bus","color":"#0059a9","colorDark":"#00294f","band":1,"off":[5.1,1.1]}},{"type":"Feature","geometry":{"type":"Point","coordinates":[23.578096,46.752809]},"properties":{"name":"Zorilor","band":1,"modes":"bus","arr":["35","45","46B","50","50D","50L","54N"],"off":[0,-0.8]}},{"type":"Feature","geometry":{"type":"Point","coordinates":[23.578096,46.752809]},"properties":{"name":"Ghe. Dima","band":1,"modes":"bus","arr":["35","45","46B","50","50D","50L","54N"],"off":[0,-1.9]}},{"type":"Feature","geometry":{"type":"Point","coordinates":[23.578096,46.752809]},"properties":{"name":"Disp. Zorilor","band":1,"modes":"bus","arr":["35","45","46B","50","50D","50L","54N"],"off":[0,-3]}},{"type":"Feature","geometry":{"type":"Point","coordinates":[23.578096,46.752809]},"properties":{"line":"35","mode":"bus","color":"#0059a9","colorDark":"#00294f","band":1,"off":[-6.8,1.1]}},{"type":"Feature","geometry":{"type":"Point","coordinates":[23.578096,46.752809]},"properties":{"line":"45","mode":"bus","color":"#0059a9","colorDark":"#00294f","band":1,"off":[-3.4,1.1]}},{"type":"Feature","geometry":{"type":"Point","coordinates":[23.578096,46.752809]},"properties":{"line":"46B","mode":"bus","color":"#0059a9","colorDark":"#00294f","band":1,"off":[0,1.1]}},{"type":"Feature","geometry":{"type":"Point","coordinates":[23.578096,46.752809]},"properties":{"line":"50","mode":"bus","color":"#0059a9","colorDark":"#00294f","band":1,"off":[3.4,1.1]}},{"type":"Feature","geometry":{"type":"Point","coordinates":[23.578096,46.752809]},"properties":{"line":"50D","mode":"bus","color":"#0059a9","colorDark":"#00294f","band":1,"off":[6.8,1.1]}},{"type":"Feature","geometry":{"type":"Point","coordinates":[23.578096,46.752809]},"properties":{"line":"50L","mode":"bus","color":"#0059a9","colorDark":"#00294f","band":1,"off":[-1.7,3.1]}},{"type":"Feature","geometry":{"type":"Point","coordinates":[23.578096,46.752809]},"properties":{"line":"54N","mode":"bus","color":"#0059a9","colorDark":"#00294f","band":1,"off":[1.7,3.1]}},{"type":"Feature","geometry":{"type":"Point","coordinates":[23.593266,46.755741]},"properties":{"name":"Observatorului Sud","band":1,"modes":"bus","arr":["43","43P"],"off":[0,-0.8]}},{"type":"Feature","geometry":{"type":"Point","coordinates":[23.593266,46.755741]},"properties":{"name":"Observatorului Nord","band":1,"modes":"bus","arr":["43","43P"],"off":[0,-1.9]}},{"type":"Feature","geometry":{"type":"Point","coordinates":[23.593266,46.755741]},"properties":{"line":"43","mode":"bus","color":"#0059a9","colorDark":"#00294f","band":1,"off":[-1.7,1.1]}},{"type":"Feature","geometry":{"type":"Point","coordinates":[23.593266,46.755741]},"properties":{"line":"43P","mode":"bus","color":"#0059a9","colorDark":"#00294f","band":1,"off":[1.7,1.1]}},{"type":"Feature","geometry":{"type":"Point","coordinates":[23.655835,46.790541]},"properties":{"name":"I. Ionescu Sosire","band":1,"modes":"bus","arr":["36B"],"off":[0,-0.8]}},{"type":"Feature","geometry":{"type":"Point","coordinates":[23.655835,46.790541]},"properties":{"name":"I. Ionescu","band":1,"modes":"bus","arr":["36B"],"off":[0,-1.9]}},{"type":"Feature","geometry":{"type":"Point","coordinates":[23.655835,46.790541]},"properties":{"line":"36B","mode":"bus","color":"#0059a9","colorDark":"#00294f","band":1,"off":[0,1.1]}},{"type":"Feature","geometry":{"type":"Point","coordinates":[23.642024,46.786736]},"properties":{"name":"Timișului Sosire","band":1,"modes":"bus","arr":["52"],"off":[0,-0.8]}},{"type":"Feature","geometry":{"type":"Point","coordinates":[23.642024,46.786736]},"properties":{"name":"Blajului","band":1,"modes":"bus","arr":["52"],"off":[0,-1.9]}},{"type":"Feature","geometry":{"type":"Point","coordinates":[23.642024,46.786736]},"properties":{"line":"52","mode":"bus","color":"#0059a9","colorDark":"#00294f","band":1,"off":[0,1.1]}},{"type":"Feature","geometry":{"type":"Point","coordinates":[23.547751,46.78034]},"properties":{"name":"Tetarom Vest","band":1,"modes":"bus","arr":["37"],"off":[0,-0.8]}},{"type":"Feature","geometry":{"type":"Point","coordinates":[23.547751,46.78034]},"properties":{"line":"37","mode":"bus","color":"#0059a9","colorDark":"#00294f","band":1,"off":[0,1.1]}},{"type":"Feature","geometry":{"type":"Point","coordinates":[23.573141,46.777129]},"properties":{"name":"Vânătorului Sosire","band":1,"modes":"bus","arr":["38"],"off":[0,-0.8]}},{"type":"Feature","geometry":{"type":"Point","coordinates":[23.573141,46.777129]},"properties":{"name":"Vânătorului","band":1,"modes":"bus","arr":["38"],"off":[0,-1.9]}},{"type":"Feature","geometry":{"type":"Point","coordinates":[23.573141,46.777129]},"properties":{"line":"38","mode":"bus","color":"#0059a9","colorDark":"#00294f","band":1,"off":[0,1.1]}},{"type":"Feature","geometry":{"type":"Point","coordinates":[23.607727,46.799567]},"properties":{"name":"Vama Chinteni","band":1,"modes":"bus","arr":["39 CREIC"],"off":[0,-0.8]}},{"type":"Feature","geometry":{"type":"Point","coordinates":[23.607727,46.799567]},"properties":{"line":"39 CREIC","mode":"bus","color":"#0059a9","colorDark":"#00294f","band":1,"off":[0,1.1]}},{"type":"Feature","geometry":{"type":"Point","coordinates":[23.579656,46.820982]},"properties":{"name":"CREIC Intors","band":1,"modes":"bus","arr":["39 CREIC"],"off":[0,-0.8]}},{"type":"Feature","geometry":{"type":"Point","coordinates":[23.579656,46.820982]},"properties":{"name":"CREIC Dus","band":1,"modes":"bus","arr":["39 CREIC"],"off":[0,-1.9]}},{"type":"Feature","geometry":{"type":"Point","coordinates":[23.579656,46.820982]},"properties":{"line":"39 CREIC","mode":"bus","color":"#0059a9","colorDark":"#00294f","band":1,"off":[0,1.1]}},{"type":"Feature","geometry":{"type":"Point","coordinates":[23.583336,46.827969]},"properties":{"name":"Valea Chintăului","band":1,"modes":"bus","arr":["39"],"off":[0,-0.8]}},{"type":"Feature","geometry":{"type":"Point","coordinates":[23.583336,46.827969]},"properties":{"line":"39","mode":"bus","color":"#0059a9","colorDark":"#00294f","band":1,"off":[0,1.1]}},{"type":"Feature","geometry":{"type":"Point","coordinates":[23.557889,46.843612]},"properties":{"name":"Cătun Vest","band":1,"modes":"bus","arr":["39L"],"off":[0,-0.8]}},{"type":"Feature","geometry":{"type":"Point","coordinates":[23.557889,46.843612]},"properties":{"line":"39L","mode":"bus","color":"#0059a9","colorDark":"#00294f","band":1,"off":[0,1.1]}},{"type":"Feature","geometry":{"type":"Point","coordinates":[23.575316,46.71705]},"properties":{"name":"Vila Tusa Sosire","band":1,"modes":"bus","arr":["40","46L"],"off":[0,-0.8]}},{"type":"Feature","geometry":{"type":"Point","coordinates":[23.575316,46.71705]},"properties":{"name":"Vila Tusa","band":1,"modes":"bus","arr":["40","46L"],"off":[0,-1.9]}},{"type":"Feature","geometry":{"type":"Point","coordinates":[23.575316,46.71705]},"properties":{"line":"40","mode":"bus","color":"#0059a9","colorDark":"#00294f","band":1,"off":[-1.7,1.1]}},{"type":"Feature","geometry":{"type":"Point","coordinates":[23.575316,46.71705]},"properties":{"line":"46L","mode":"bus","color":"#0059a9","colorDark":"#00294f","band":1,"off":[1.7,1.1]}},{"type":"Feature","geometry":{"type":"Point","coordinates":[23.57131,46.738866]},"properties":{"name":"Biserica Câmpului","band":1,"modes":"bus","arr":["42"],"off":[0,-0.8]}},{"type":"Feature","geometry":{"type":"Point","coordinates":[23.57131,46.738866]},"properties":{"line":"42","mode":"bus","color":"#0059a9","colorDark":"#00294f","band":1,"off":[0,1.1]}},{"type":"Feature","geometry":{"type":"Point","coordinates":[23.6405,46.768362]},"properties":{"name":"Soporului","band":1,"modes":"bus","arr":["44"],"off":[0,-0.8]}},{"type":"Feature","geometry":{"type":"Point","coordinates":[23.6405,46.768362]},"properties":{"line":"44","mode":"bus","color":"#0059a9","colorDark":"#00294f","band":1,"off":[0,1.1]}},{"type":"Feature","geometry":{"type":"Point","coordinates":[23.590336,46.738268]},"properties":{"name":"Girație Drum Făget","band":1,"modes":"bus","arr":["46"],"off":[0,-0.8]}},{"type":"Feature","geometry":{"type":"Point","coordinates":[23.590336,46.738268]},"properties":{"line":"46","mode":"bus","color":"#0059a9","colorDark":"#00294f","band":1,"off":[0,1.1]}},{"type":"Feature","geometry":{"type":"Point","coordinates":[23.586433,46.739802]},"properties":{"name":"Luminii","band":1,"modes":"bus","arr":["46"],"off":[0,-0.8]}},{"type":"Feature","geometry":{"type":"Point","coordinates":[23.586433,46.739802]},"properties":{"line":"46","mode":"bus","color":"#0059a9","colorDark":"#00294f","band":1,"off":[0,1.1]}},{"type":"Feature","geometry":{"type":"Point","coordinates":[23.639324,46.779]},"properties":{"name":"Jiului","band":1,"modes":"bus","arr":["57"],"off":[0,-0.8]}},{"type":"Feature","geometry":{"type":"Point","coordinates":[23.639324,46.779]},"properties":{"line":"57","mode":"bus","color":"#0059a9","colorDark":"#00294f","band":1,"off":[0,1.1]}},{"type":"Feature","geometry":{"type":"Point","coordinates":[23.640929,46.807687]},"properties":{"name":"Panselutelor 9","band":1,"modes":"bus","arr":["50D"],"off":[0,-0.8]}},{"type":"Feature","geometry":{"type":"Point","coordinates":[23.640929,46.807687]},"properties":{"line":"50D","mode":"bus","color":"#0059a9","colorDark":"#00294f","band":1,"off":[0,1.1]}},{"type":"Feature","geometry":{"type":"Point","coordinates":[23.559909,46.791852]},"properties":{"name":"Gheorghe Sion Vest","band":1,"modes":"bus","arr":["56"],"off":[0,-0.8]}},{"type":"Feature","geometry":{"type":"Point","coordinates":[23.559909,46.791852]},"properties":{"line":"56","mode":"bus","color":"#0059a9","colorDark":"#00294f","band":1,"off":[0,1.1]}},{"type":"Feature","geometry":{"type":"Point","coordinates":[23.588702,46.786864]},"properties":{"name":"P-ța Gării Vechi","band":1,"modes":"tram,bus","arr":["100","M32","M33","M34","M35","M37","M38","M39","M39L"],"off":[0,-0.8]}},{"type":"Feature","geometry":{"type":"Point","coordinates":[23.588702,46.786864]},"properties":{"name":"Gara Mică Sosire","band":1,"modes":"tram,bus","arr":["100","M32","M33","M34","M35","M37","M38","M39","M39L"],"off":[0,-1.9]}},{"type":"Feature","geometry":{"type":"Point","coordinates":[23.588702,46.786864]},"properties":{"name":"Gara Mică","band":1,"modes":"tram,bus","arr":["100","M32","M33","M34","M35","M37","M38","M39","M39L"],"off":[0,-3]}},{"type":"Feature","geometry":{"type":"Point","coordinates":[23.588702,46.786864]},"properties":{"line":"100","mode":"tram","color":"#d6212b","colorDark":"#7c1116","band":1,"off":[-6.8,1.1]}},{"type":"Feature","geometry":{"type":"Point","coordinates":[23.588702,46.786864]},"properties":{"line":"M32","mode":"bus","color":"#0059a9","colorDark":"#00294f","band":1,"off":[-3.4,1.1]}},{"type":"Feature","geometry":{"type":"Point","coordinates":[23.588702,46.786864]},"properties":{"line":"M33","mode":"bus","color":"#0059a9","colorDark":"#00294f","band":1,"off":[0,1.1]}},{"type":"Feature","geometry":{"type":"Point","coordinates":[23.588702,46.786864]},"properties":{"line":"M34","mode":"bus","color":"#0059a9","colorDark":"#00294f","band":1,"off":[3.4,1.1]}},{"type":"Feature","geometry":{"type":"Point","coordinates":[23.588702,46.786864]},"properties":{"line":"M35","mode":"bus","color":"#0059a9","colorDark":"#00294f","band":1,"off":[6.8,1.1]}},{"type":"Feature","geometry":{"type":"Point","coordinates":[23.588702,46.786864]},"properties":{"line":"M37","mode":"bus","color":"#0059a9","colorDark":"#00294f","band":1,"off":[-5.1,3.1]}},{"type":"Feature","geometry":{"type":"Point","coordinates":[23.588702,46.786864]},"properties":{"line":"M38","mode":"bus","color":"#0059a9","colorDark":"#00294f","band":1,"off":[-1.7,3.1]}},{"type":"Feature","geometry":{"type":"Point","coordinates":[23.588702,46.786864]},"properties":{"line":"M39","mode":"bus","color":"#0059a9","colorDark":"#00294f","band":1,"off":[1.7,3.1]}},{"type":"Feature","geometry":{"type":"Point","coordinates":[23.588702,46.786864]},"properties":{"line":"M39L","mode":"bus","color":"#0059a9","colorDark":"#00294f","band":1,"off":[5.1,3.1]}},{"type":"Feature","geometry":{"type":"Point","coordinates":[23.688499,46.781925]},"properties":{"name":"Aeroport Terminal","band":1,"modes":"bus","arr":["A1"],"off":[0,-0.8]}},{"type":"Feature","geometry":{"type":"Point","coordinates":[23.688499,46.781925]},"properties":{"line":"A1","mode":"bus","color":"#0059a9","colorDark":"#00294f","band":1,"off":[0,1.1]}},{"type":"Feature","geometry":{"type":"Point","coordinates":[23.630052,46.716148]},"properties":{"name":"M-Releu Sosire","band":1,"modes":"bus","arr":["M11"],"off":[0,-0.8]}},{"type":"Feature","geometry":{"type":"Point","coordinates":[23.630052,46.716148]},"properties":{"name":"M-Releu Plecare","band":1,"modes":"bus","arr":["M11"],"off":[0,-1.9]}},{"type":"Feature","geometry":{"type":"Point","coordinates":[23.630052,46.716148]},"properties":{"line":"M11","mode":"bus","color":"#0059a9","colorDark":"#00294f","band":1,"off":[0,1.1]}},{"type":"Feature","geometry":{"type":"Point","coordinates":[23.654109,46.687584]},"properties":{"name":"M-Biserica Vâlcele Sos","band":1,"modes":"bus","arr":["M12"],"off":[0,-0.8]}},{"type":"Feature","geometry":{"type":"Point","coordinates":[23.654109,46.687584]},"properties":{"name":"M-Biserica Vâlcele Plecare","band":1,"modes":"bus","arr":["M12"],"off":[0,-3]}},{"type":"Feature","geometry":{"type":"Point","coordinates":[23.654109,46.687584]},"properties":{"line":"M12","mode":"bus","color":"#0059a9","colorDark":"#00294f","band":1,"off":[0,1.1]}},{"type":"Feature","geometry":{"type":"Point","coordinates":[23.684931,46.715061]},"properties":{"name":"M-Școala Gheorgheni S","band":1,"modes":"bus","arr":["M13"],"off":[0,-0.8]}},{"type":"Feature","geometry":{"type":"Point","coordinates":[23.684931,46.715061]},"properties":{"line":"M13","mode":"bus","color":"#0059a9","colorDark":"#00294f","band":1,"off":[0,1.1]}},{"type":"Feature","geometry":{"type":"Point","coordinates":[23.691599,46.712219]},"properties":{"name":"M-Capăt Gheorgheni","band":1,"modes":"bus","arr":["M13"],"off":[0,-0.8]}},{"type":"Feature","geometry":{"type":"Point","coordinates":[23.691599,46.712219]},"properties":{"line":"M13","mode":"bus","color":"#0059a9","colorDark":"#00294f","band":1,"off":[0,1.1]}},{"type":"Feature","geometry":{"type":"Point","coordinates":[23.542354,46.648772]},"properties":{"name":"M-Primăria Ciurila Plecare","band":1,"modes":"bus","arr":["M16"],"off":[0,-0.8]}},{"type":"Feature","geometry":{"type":"Point","coordinates":[23.542354,46.648772]},"properties":{"name":"M-Primăria Ciurila","band":1,"modes":"bus","arr":["M16"],"off":[0,-3]}},{"type":"Feature","geometry":{"type":"Point","coordinates":[23.542354,46.648772]},"properties":{"line":"M16","mode":"bus","color":"#0059a9","colorDark":"#00294f","band":1,"off":[0,1.1]}},{"type":"Feature","geometry":{"type":"Point","coordinates":[23.582558,46.650301]},"properties":{"name":"Biserica lemn Saliste","band":1,"modes":"bus","arr":["M17"],"off":[0,-0.8]}},{"type":"Feature","geometry":{"type":"Point","coordinates":[23.582558,46.650301]},"properties":{"line":"M17","mode":"bus","color":"#0059a9","colorDark":"#00294f","band":1,"off":[0,1.1]}},{"type":"Feature","geometry":{"type":"Point","coordinates":[23.481102,46.609951]},"properties":{"name":"Filea de sus","band":1,"modes":"bus","arr":["M18"],"off":[0,-0.8]}},{"type":"Feature","geometry":{"type":"Point","coordinates":[23.481102,46.609951]},"properties":{"line":"M18","mode":"bus","color":"#0059a9","colorDark":"#00294f","band":1,"off":[0,1.1]}},{"type":"Feature","geometry":{"type":"Point","coordinates":[23.484563,46.728793]},"properties":{"name":"M-Str. Retezat","band":1,"modes":"bus","arr":["M21","M26"],"off":[0,-0.8]}},{"type":"Feature","geometry":{"type":"Point","coordinates":[23.484563,46.728793]},"properties":{"name":"M-Florești Cetate Plecare","band":1,"modes":"bus","arr":["M21","M26"],"off":[0,-1.9]}},{"type":"Feature","geometry":{"type":"Point","coordinates":[23.484563,46.728793]},"properties":{"line":"M21","mode":"bus","color":"#0059a9","colorDark":"#00294f","band":1,"off":[-1.7,1.1]}},{"type":"Feature","geometry":{"type":"Point","coordinates":[23.484563,46.728793]},"properties":{"line":"M26","mode":"bus","color":"#0059a9","colorDark":"#00294f","band":1,"off":[1.7,1.1]}},{"type":"Feature","geometry":{"type":"Point","coordinates":[23.466065,46.741365]},"properties":{"name":"M-Sesu de Sus Sosire","band":1,"modes":"bus","arr":["M22"],"off":[0,-0.8]}},{"type":"Feature","geometry":{"type":"Point","coordinates":[23.466065,46.741365]},"properties":{"line":"M22","mode":"bus","color":"#0059a9","colorDark":"#00294f","band":1,"off":[0,1.1]}},{"type":"Feature","geometry":{"type":"Point","coordinates":[23.427721,46.739519]},"properties":{"name":"M-Pasaj Luna","band":1,"modes":"bus","arr":["M23"],"off":[0,-0.8]}},{"type":"Feature","geometry":{"type":"Point","coordinates":[23.427721,46.739519]},"properties":{"line":"M23","mode":"bus","color":"#0059a9","colorDark":"#00294f","band":1,"off":[0,1.1]}},{"type":"Feature","geometry":{"type":"Point","coordinates":[23.455428,46.74436]},"properties":{"name":"M-Ferma 9 Sos (Florești)","band":1,"modes":"bus","arr":["M24"],"off":[0,-0.8]}},{"type":"Feature","geometry":{"type":"Point","coordinates":[23.455428,46.74436]},"properties":{"name":"M-Ferma 9 Nord","band":1,"modes":"bus","arr":["M24"],"off":[0,-3]}},{"type":"Feature","geometry":{"type":"Point","coordinates":[23.455428,46.74436]},"properties":{"line":"M24","mode":"bus","color":"#0059a9","colorDark":"#00294f","band":1,"off":[0,1.1]}},{"type":"Feature","geometry":{"type":"Point","coordinates":[23.557137,46.759746]},"properties":{"name":"Calvaria Auto Sosire","band":1,"modes":"bus","arr":["M23"],"off":[0,-0.8]}},{"type":"Feature","geometry":{"type":"Point","coordinates":[23.557137,46.759746]},"properties":{"line":"M23","mode":"bus","color":"#0059a9","colorDark":"#00294f","band":1,"off":[0,1.1]}},{"type":"Feature","geometry":{"type":"Point","coordinates":[23.51014,46.709251]},"properties":{"name":"M-Tăuți Sosire","band":1,"modes":"bus","arr":["M25"],"off":[0,-0.8]}},{"type":"Feature","geometry":{"type":"Point","coordinates":[23.51014,46.709251]},"properties":{"line":"M25","mode":"bus","color":"#0059a9","colorDark":"#00294f","band":1,"off":[0,1.1]}},{"type":"Feature","geometry":{"type":"Point","coordinates":[23.526919,46.746458]},"properties":{"name":"M-Razoare Vest","band":1,"modes":"bus","arr":["M27"],"off":[0,-0.8]}},{"type":"Feature","geometry":{"type":"Point","coordinates":[23.526919,46.746458]},"properties":{"line":"M27","mode":"bus","color":"#0059a9","colorDark":"#00294f","band":1,"off":[0,1.1]}},{"type":"Feature","geometry":{"type":"Point","coordinates":[23.514432,46.797121]},"properties":{"name":"M-Complex Baciu Sos","band":1,"modes":"bus","arr":["M31"],"off":[0,-0.8]}},{"type":"Feature","geometry":{"type":"Point","coordinates":[23.514432,46.797121]},"properties":{"name":"M-Complex Baciu","band":1,"modes":"bus","arr":["M31"],"off":[0,-3]}},{"type":"Feature","geometry":{"type":"Point","coordinates":[23.514432,46.797121]},"properties":{"line":"M31","mode":"bus","color":"#0059a9","colorDark":"#00294f","band":1,"off":[0,1.1]}},{"type":"Feature","geometry":{"type":"Point","coordinates":[23.45155,46.785261]},"properties":{"name":"M-Suceagu","band":1,"modes":"bus","arr":["M32"],"off":[0,-0.8]}},{"type":"Feature","geometry":{"type":"Point","coordinates":[23.45155,46.785261]},"properties":{"line":"M32","mode":"bus","color":"#0059a9","colorDark":"#00294f","band":1,"off":[0,1.1]}},{"type":"Feature","geometry":{"type":"Point","coordinates":[23.490041,46.872923]},"properties":{"name":"M-Săliștea Noua Sosire","band":1,"modes":"bus","arr":["M33"],"off":[0,-0.8]}},{"type":"Feature","geometry":{"type":"Point","coordinates":[23.490041,46.872923]},"properties":{"line":"M33","mode":"bus","color":"#0059a9","colorDark":"#00294f","band":1,"off":[0,1.1]}},{"type":"Feature","geometry":{"type":"Point","coordinates":[23.449319,46.82095]},"properties":{"name":"M - Teren Fotbal Mera","band":1,"modes":"bus","arr":["M34"],"off":[0,-0.8]}},{"type":"Feature","geometry":{"type":"Point","coordinates":[23.449319,46.82095]},"properties":{"line":"M34","mode":"bus","color":"#0059a9","colorDark":"#00294f","band":1,"off":[0,1.1]}},{"type":"Feature","geometry":{"type":"Point","coordinates":[23.533999,46.823269]},"properties":{"name":"M-Monument Popești Sos","band":1,"modes":"bus","arr":["M35"],"off":[0,-0.8]}},{"type":"Feature","geometry":{"type":"Point","coordinates":[23.533999,46.823269]},"properties":{"name":"M-Monument Popești Plecare","band":1,"modes":"bus","arr":["M35"],"off":[0,-3]}},{"type":"Feature","geometry":{"type":"Point","coordinates":[23.533999,46.823269]},"properties":{"line":"M35","mode":"bus","color":"#0059a9","colorDark":"#00294f","band":1,"off":[0,1.1]}},{"type":"Feature","geometry":{"type":"Point","coordinates":[23.626085,46.880133]},"properties":{"name":"M-Feiurdeni Sosire","band":1,"modes":"bus","arr":["M37"],"off":[0,-0.8]}},{"type":"Feature","geometry":{"type":"Point","coordinates":[23.626085,46.880133]},"properties":{"line":"M37","mode":"bus","color":"#0059a9","colorDark":"#00294f","band":1,"off":[0,1.1]}},{"type":"Feature","geometry":{"type":"Point","coordinates":[23.566919,46.88951]},"properties":{"name":"M-Macicasu","band":1,"modes":"bus","arr":["M38"],"off":[0,-0.8]}},{"type":"Feature","geometry":{"type":"Point","coordinates":[23.566919,46.88951]},"properties":{"line":"M38","mode":"bus","color":"#0059a9","colorDark":"#00294f","band":1,"off":[0,1.1]}},{"type":"Feature","geometry":{"type":"Point","coordinates":[23.520237,46.898227]},"properties":{"name":"M-Vechea S","band":1,"modes":"bus","arr":["M39L"],"off":[0,-0.8]}},{"type":"Feature","geometry":{"type":"Point","coordinates":[23.520237,46.898227]},"properties":{"name":"M-Vechea N","band":1,"modes":"bus","arr":["M39L"],"off":[0,-1.9]}},{"type":"Feature","geometry":{"type":"Point","coordinates":[23.520237,46.898227]},"properties":{"line":"M39L","mode":"bus","color":"#0059a9","colorDark":"#00294f","band":1,"off":[0,1.1]}},{"type":"Feature","geometry":{"type":"Point","coordinates":[23.525704,46.875372]},"properties":{"name":"M-Chinteni Lac Sosire","band":1,"modes":"bus","arr":["M39"],"off":[0,-0.8]}},{"type":"Feature","geometry":{"type":"Point","coordinates":[23.525704,46.875372]},"properties":{"name":"M-Chinteni Lac Plecare","band":1,"modes":"bus","arr":["M39"],"off":[0,-3]}},{"type":"Feature","geometry":{"type":"Point","coordinates":[23.525704,46.875372]},"properties":{"line":"M39","mode":"bus","color":"#0059a9","colorDark":"#00294f","band":1,"off":[0,1.1]}},{"type":"Feature","geometry":{"type":"Point","coordinates":[23.74464,46.815761]},"properties":{"name":"M-Ferma Apahida","band":1,"modes":"bus","arr":["M41"],"off":[0,-0.8]}},{"type":"Feature","geometry":{"type":"Point","coordinates":[23.74464,46.815761]},"properties":{"line":"M41","mode":"bus","color":"#0059a9","colorDark":"#00294f","band":1,"off":[0,1.1]}},{"type":"Feature","geometry":{"type":"Point","coordinates":[23.750659,46.813877]},"properties":{"name":"M-Pod Apahida V","band":1,"modes":"bus","arr":["M41"],"off":[0,-0.8]}},{"type":"Feature","geometry":{"type":"Point","coordinates":[23.750659,46.813877]},"properties":{"line":"M41","mode":"bus","color":"#0059a9","colorDark":"#00294f","band":1,"off":[0,1.1]}},{"type":"Feature","geometry":{"type":"Point","coordinates":[23.738618,46.830925]},"properties":{"name":"M-Grădinița Câmpenești S","band":1,"modes":"bus","arr":["M41L"],"off":[0,-0.8]}},{"type":"Feature","geometry":{"type":"Point","coordinates":[23.738618,46.830925]},"properties":{"line":"M41L","mode":"bus","color":"#0059a9","colorDark":"#00294f","band":1,"off":[0,1.1]}},{"type":"Feature","geometry":{"type":"Point","coordinates":[23.738157,46.79427]},"properties":{"name":"N. Balcescu S","band":1,"modes":"bus","arr":["M42L"],"off":[0,-0.8]}},{"type":"Feature","geometry":{"type":"Point","coordinates":[23.738157,46.79427]},"properties":{"line":"M42L","mode":"bus","color":"#0059a9","colorDark":"#00294f","band":1,"off":[0,1.1]}},{"type":"Feature","geometry":{"type":"Point","coordinates":[23.735568,46.798827]},"properties":{"name":"Guhring S","band":1,"modes":"bus","arr":["M42","M42L"],"off":[0,-0.8]}},{"type":"Feature","geometry":{"type":"Point","coordinates":[23.735568,46.798827]},"properties":{"name":"Guhring N","band":1,"modes":"bus","arr":["M42","M42L"],"off":[0,-1.9]}},{"type":"Feature","geometry":{"type":"Point","coordinates":[23.735568,46.798827]},"properties":{"line":"M42","mode":"bus","color":"#0059a9","colorDark":"#00294f","band":1,"off":[-1.7,1.1]}},{"type":"Feature","geometry":{"type":"Point","coordinates":[23.735568,46.798827]},"properties":{"line":"M42L","mode":"bus","color":"#0059a9","colorDark":"#00294f","band":1,"off":[1.7,1.1]}},{"type":"Feature","geometry":{"type":"Point","coordinates":[23.726765,46.762694]},"properties":{"name":"M-Lacului","band":1,"modes":"bus","arr":["M43"],"off":[0,-0.8]}},{"type":"Feature","geometry":{"type":"Point","coordinates":[23.726765,46.762694]},"properties":{"line":"M43","mode":"bus","color":"#0059a9","colorDark":"#00294f","band":1,"off":[0,1.1]}},{"type":"Feature","geometry":{"type":"Point","coordinates":[23.824011,46.788537]},"properties":{"name":"M-Biserica Corpadea Sosire","band":1,"modes":"bus","arr":["M44"],"off":[0,-0.8]}},{"type":"Feature","geometry":{"type":"Point","coordinates":[23.824011,46.788537]},"properties":{"name":"M-Biserica Corpadea Plecare","band":1,"modes":"bus","arr":["M44"],"off":[0,-3]}},{"type":"Feature","geometry":{"type":"Point","coordinates":[23.824011,46.788537]},"properties":{"line":"M44","mode":"bus","color":"#0059a9","colorDark":"#00294f","band":1,"off":[0,1.1]}},{"type":"Feature","geometry":{"type":"Point","coordinates":[23.749299,46.725373]},"properties":{"name":"M-Primărie Pata Sosire","band":1,"modes":"bus","arr":["M45"],"off":[0,-0.8]}},{"type":"Feature","geometry":{"type":"Point","coordinates":[23.749299,46.725373]},"properties":{"name":"M-Primărie Pata Plecare","band":1,"modes":"bus","arr":["M45"],"off":[0,-3]}},{"type":"Feature","geometry":{"type":"Point","coordinates":[23.749299,46.725373]},"properties":{"line":"M45","mode":"bus","color":"#0059a9","colorDark":"#00294f","band":1,"off":[0,1.1]}},{"type":"Feature","geometry":{"type":"Point","coordinates":[23.360851,46.764498]},"properties":{"name":"M Pensiunea Dalia Gilau Sud","band":1,"modes":"bus","arr":["M51"],"off":[0,-0.8]}},{"type":"Feature","geometry":{"type":"Point","coordinates":[23.360851,46.764498]},"properties":{"name":"M Pensiunea Dalia Gilau Nord","band":1,"modes":"bus","arr":["M51"],"off":[0,-3]}},{"type":"Feature","geometry":{"type":"Point","coordinates":[23.360851,46.764498]},"properties":{"line":"M51","mode":"bus","color":"#0059a9","colorDark":"#00294f","band":1,"off":[0,1.1]}},{"type":"Feature","geometry":{"type":"Point","coordinates":[23.288839,46.686094]},"properties":{"name":"M Uzina Electrica Nord","band":1,"modes":"bus","arr":["M52"],"off":[0,-0.8]}},{"type":"Feature","geometry":{"type":"Point","coordinates":[23.288839,46.686094]},"properties":{"line":"M52","mode":"bus","color":"#0059a9","colorDark":"#00294f","band":1,"off":[0,1.1]}},{"type":"Feature","geometry":{"type":"Point","coordinates":[23.69067,46.680728]},"properties":{"name":"M Centru S","band":1,"modes":"bus","arr":["M61"],"off":[0,-0.8]}},{"type":"Feature","geometry":{"type":"Point","coordinates":[23.69067,46.680728]},"properties":{"name":"M Centru N","band":1,"modes":"bus","arr":["M61"],"off":[0,-1.9]}},{"type":"Feature","geometry":{"type":"Point","coordinates":[23.69067,46.680728]},"properties":{"line":"M61","mode":"bus","color":"#0059a9","colorDark":"#00294f","band":1,"off":[0,1.1]}},{"type":"Feature","geometry":{"type":"Point","coordinates":[23.658128,46.579133]},"properties":{"name":"M Primaria Petrestii de Jos S","band":1,"modes":"bus","arr":["M71"],"off":[0,-0.8]}},{"type":"Feature","geometry":{"type":"Point","coordinates":[23.658128,46.579133]},"properties":{"line":"M71","mode":"bus","color":"#0059a9","colorDark":"#00294f","band":1,"off":[0,1.1]}},{"type":"Feature","geometry":{"type":"Point","coordinates":[23.456479,46.67652]},"properties":{"name":"M - Savadisla01","band":1,"modes":"bus","arr":["M81"],"off":[0,-0.8]}},{"type":"Feature","geometry":{"type":"Point","coordinates":[23.456479,46.67652]},"properties":{"line":"M81","mode":"bus","color":"#0059a9","colorDark":"#00294f","band":1,"off":[0,1.1]}},{"type":"Feature","geometry":{"type":"Point","coordinates":[23.456666,46.674947]},"properties":{"name":"M - Savadisla02","band":1,"modes":"bus","arr":["M81"],"off":[0,-0.8]}},{"type":"Feature","geometry":{"type":"Point","coordinates":[23.456666,46.674947]},"properties":{"line":"M81","mode":"bus","color":"#0059a9","colorDark":"#00294f","band":1,"off":[0,1.1]}},{"type":"Feature","geometry":{"type":"Point","coordinates":[23.646549,46.796452]},"properties":{"name":"Disp. Tram CUG","band":1,"modes":"tram","arr":["100","102"],"off":[0,-0.8]}},{"type":"Feature","geometry":{"type":"Point","coordinates":[23.646549,46.796452]},"properties":{"line":"100","mode":"tram","color":"#d6212b","colorDark":"#7c1116","band":1,"off":[-1.7,1.1]}},{"type":"Feature","geometry":{"type":"Point","coordinates":[23.646549,46.796452]},"properties":{"line":"102","mode":"tram","color":"#d6212b","colorDark":"#7c1116","band":1,"off":[1.7,1.1]}},{"type":"Feature","geometry":{"type":"Point","coordinates":[23.587242,46.784644]},"properties":{"name":"P-ța Gării Noi","band":1,"modes":"tram","arr":["100","101"],"off":[0,-0.8]}},{"type":"Feature","geometry":{"type":"Point","coordinates":[23.587242,46.784644]},"properties":{"line":"100","mode":"tram","color":"#d6212b","colorDark":"#7c1116","band":1,"off":[-1.7,1.1]}},{"type":"Feature","geometry":{"type":"Point","coordinates":[23.587242,46.784644]},"properties":{"line":"101","mode":"tram","color":"#d6212b","colorDark":"#7c1116","band":1,"off":[1.7,1.1]}},{"type":"Feature","geometry":{"type":"Point","coordinates":[23.658949,46.797388]},"properties":{"name":"DEPOU Vest","band":1,"modes":"tram","arr":["102L"],"off":[0,-0.8]}},{"type":"Feature","geometry":{"type":"Point","coordinates":[23.658949,46.797388]},"properties":{"line":"102L","mode":"tram","color":"#d6212b","colorDark":"#7c1116","band":1,"off":[0,1.1]}},{"type":"Feature","geometry":{"type":"Point","coordinates":[23.543245,46.751472]},"properties":{"name":"Disp. Clăbucet","band":2,"modes":"bus,tram","arr":["1","6","9","14","24","25","25N","52","52L","101","102","102L","M21","M22","M24","M25","M27","M51","M52","M81"],"off":[0,-0.8],"sc":0.86}},{"type":"Feature","geometry":{"type":"Point","coordinates":[23.543245,46.751472]},"properties":{"name":"Disp. Bucium","band":2,"modes":"bus,tram","arr":["1","6","9","14","24","25","25N","52","52L","101","102","102L","M21","M22","M24","M25","M27","M51","M52","M81"],"off":[0,-1.9],"sc":0.86}},{"type":"Feature","geometry":{"type":"Point","coordinates":[23.543245,46.751472]},"properties":{"line":"1","mode":"bus","color":"#149a3f","colorDark":"#0a5121","band":2,"sc":0.86,"off":[-6.8,1.1]}},{"type":"Feature","geometry":{"type":"Point","coordinates":[23.543245,46.751472]},"properties":{"line":"6","mode":"bus","color":"#149a3f","colorDark":"#0a5121","band":2,"sc":0.86,"off":[-3.4,1.1]}},{"type":"Feature","geometry":{"type":"Point","coordinates":[23.543245,46.751472]},"properties":{"line":"9","mode":"bus","color":"#0059a9","colorDark":"#00294f","band":2,"sc":0.86,"off":[0,1.1]}},{"type":"Feature","geometry":{"type":"Point","coordinates":[23.543245,46.751472]},"properties":{"line":"14","mode":"bus","color":"#149a3f","colorDark":"#0a5121","band":2,"sc":0.86,"off":[3.4,1.1]}},{"type":"Feature","geometry":{"type":"Point","coordinates":[23.543245,46.751472]},"properties":{"line":"24","mode":"bus","color":"#0059a9","colorDark":"#00294f","band":2,"sc":0.86,"off":[6.8,1.1]}},{"type":"Feature","geometry":{"type":"Point","coordinates":[23.543245,46.751472]},"properties":{"line":"25","mode":"bus","color":"#149a3f","colorDark":"#0a5121","band":2,"sc":0.86,"off":[-6.8,3.1]}},{"type":"Feature","geometry":{"type":"Point","coordinates":[23.543245,46.751472]},"properties":{"line":"25N","mode":"bus","color":"#149a3f","colorDark":"#0a5121","band":2,"sc":0.86,"off":[-3.4,3.1]}},{"type":"Feature","geometry":{"type":"Point","coordinates":[23.543245,46.751472]},"properties":{"line":"52","mode":"bus","color":"#0059a9","colorDark":"#00294f","band":2,"sc":0.86,"off":[0,3.1]}},{"type":"Feature","geometry":{"type":"Point","coordinates":[23.543245,46.751472]},"properties":{"line":"52L","mode":"bus","color":"#0059a9","colorDark":"#00294f","band":2,"sc":0.86,"off":[3.4,3.1]}},{"type":"Feature","geometry":{"type":"Point","coordinates":[23.543245,46.751472]},"properties":{"line":"101","mode":"tram","color":"#d6212b","colorDark":"#7c1116","band":2,"sc":0.86,"off":[6.8,3.1]}},{"type":"Feature","geometry":{"type":"Point","coordinates":[23.543245,46.751472]},"properties":{"line":"102","mode":"tram","color":"#d6212b","colorDark":"#7c1116","band":2,"sc":0.86,"off":[-6.8,5.1]}},{"type":"Feature","geometry":{"type":"Point","coordinates":[23.543245,46.751472]},"properties":{"line":"102L","mode":"tram","color":"#d6212b","colorDark":"#7c1116","band":2,"sc":0.86,"off":[-3.4,5.1]}},{"type":"Feature","geometry":{"type":"Point","coordinates":[23.543245,46.751472]},"properties":{"line":"M21","mode":"bus","color":"#0059a9","colorDark":"#00294f","band":2,"sc":0.86,"off":[0,5.1]}},{"type":"Feature","geometry":{"type":"Point","coordinates":[23.543245,46.751472]},"properties":{"line":"M22","mode":"bus","color":"#0059a9","colorDark":"#00294f","band":2,"sc":0.86,"off":[3.4,5.1]}},{"type":"Feature","geometry":{"type":"Point","coordinates":[23.543245,46.751472]},"properties":{"line":"M24","mode":"bus","color":"#0059a9","colorDark":"#00294f","band":2,"sc":0.86,"off":[6.8,5.1]}},{"type":"Feature","geometry":{"type":"Point","coordinates":[23.543245,46.751472]},"properties":{"line":"M25","mode":"bus","color":"#0059a9","colorDark":"#00294f","band":2,"sc":0.86,"off":[-6.8,7.1]}},{"type":"Feature","geometry":{"type":"Point","coordinates":[23.543245,46.751472]},"properties":{"line":"M27","mode":"bus","color":"#0059a9","colorDark":"#00294f","band":2,"sc":0.86,"off":[-3.4,7.1]}},{"type":"Feature","geometry":{"type":"Point","coordinates":[23.543245,46.751472]},"properties":{"line":"M51","mode":"bus","color":"#0059a9","colorDark":"#00294f","band":2,"sc":0.86,"off":[0,7.1]}},{"type":"Feature","geometry":{"type":"Point","coordinates":[23.543245,46.751472]},"properties":{"line":"M52","mode":"bus","color":"#0059a9","colorDark":"#00294f","band":2,"sc":0.86,"off":[3.4,7.1]}},{"type":"Feature","geometry":{"type":"Point","coordinates":[23.543245,46.751472]},"properties":{"line":"M81","mode":"bus","color":"#0059a9","colorDark":"#00294f","band":2,"sc":0.86,"off":[6.8,7.1]}},{"type":"Feature","geometry":{"type":"Point","coordinates":[23.561942,46.75549]},"properties":{"name":"Izlazului","band":2,"modes":"bus","arr":["7"],"off":[0,-0.8]}},{"type":"Feature","geometry":{"type":"Point","coordinates":[23.561942,46.75549]},"properties":{"line":"7","mode":"bus","color":"#149a3f","colorDark":"#0a5121","band":2,"off":[0,1.1]}},{"type":"Feature","geometry":{"type":"Point","coordinates":[23.60553,46.786226]},"properties":{"name":"P-ța 1 Mai Sosire","band":2,"modes":"bus","arr":["1","41"],"off":[0,-0.8]}},{"type":"Feature","geometry":{"type":"Point","coordinates":[23.60553,46.786226]},"properties":{"name":"P-ța 1 Mai","band":2,"modes":"bus","arr":["1","41"],"off":[0,-1.9]}},{"type":"Feature","geometry":{"type":"Point","coordinates":[23.60553,46.786226]},"properties":{"line":"1","mode":"bus","color":"#149a3f","colorDark":"#0a5121","band":2,"off":[-1.7,1.1]}},{"type":"Feature","geometry":{"type":"Point","coordinates":[23.60553,46.786226]},"properties":{"line":"41","mode":"bus","color":"#0059a9","colorDark":"#00294f","band":2,"off":[1.7,1.1]}},{"type":"Feature","geometry":{"type":"Point","coordinates":[23.59074,46.777097]},"properties":{"name":"Pod Traian","band":2,"modes":"bus","arr":["19","21","23","32","33","36B","36L","42","53","56","A1"],"off":[0,-0.8]}},{"type":"Feature","geometry":{"type":"Point","coordinates":[23.59074,46.777097]},"properties":{"name":"P-ța M. Viteazul Vest","band":2,"modes":"bus","arr":["19","21","23","32","33","36B","36L","42","53","56","A1"],"off":[0,-1.9]}},{"type":"Feature","geometry":{"type":"Point","coordinates":[23.59074,46.777097]},"properties":{"name":"I.P. Voitești","band":2,"modes":"bus","arr":["19","21","23","32","33","36B","36L","42","53","56","A1"],"off":[0,-4.1]}},{"type":"Feature","geometry":{"type":"Point","coordinates":[23.59074,46.777097]},"properties":{"line":"19","mode":"bus","color":"#0059a9","colorDark":"#00294f","band":2,"off":[-6.8,1.1]}},{"type":"Feature","geometry":{"type":"Point","coordinates":[23.59074,46.777097]},"properties":{"line":"21","mode":"bus","color":"#0059a9","colorDark":"#00294f","band":2,"off":[-3.4,1.1]}},{"type":"Feature","geometry":{"type":"Point","coordinates":[23.59074,46.777097]},"properties":{"line":"23","mode":"bus","color":"#149a3f","colorDark":"#0a5121","band":2,"off":[0,1.1]}},{"type":"Feature","geometry":{"type":"Point","coordinates":[23.59074,46.777097]},"properties":{"line":"32","mode":"bus","color":"#0059a9","colorDark":"#00294f","band":2,"off":[3.4,1.1]}},{"type":"Feature","geometry":{"type":"Point","coordinates":[23.59074,46.777097]},"properties":{"line":"33","mode":"bus","color":"#0059a9","colorDark":"#00294f","band":2,"off":[6.8,1.1]}},{"type":"Feature","geometry":{"type":"Point","coordinates":[23.59074,46.777097]},"properties":{"line":"36B","mode":"bus","color":"#0059a9","colorDark":"#00294f","band":2,"off":[-6.8,3.1]}},{"type":"Feature","geometry":{"type":"Point","coordinates":[23.59074,46.777097]},"properties":{"line":"36L","mode":"bus","color":"#0059a9","colorDark":"#00294f","band":2,"off":[-3.4,3.1]}},{"type":"Feature","geometry":{"type":"Point","coordinates":[23.59074,46.777097]},"properties":{"line":"42","mode":"bus","color":"#0059a9","colorDark":"#00294f","band":2,"off":[0,3.1]}},{"type":"Feature","geometry":{"type":"Point","coordinates":[23.59074,46.777097]},"properties":{"line":"53","mode":"bus","color":"#0059a9","colorDark":"#00294f","band":2,"off":[3.4,3.1]}},{"type":"Feature","geometry":{"type":"Point","coordinates":[23.59074,46.777097]},"properties":{"line":"56","mode":"bus","color":"#0059a9","colorDark":"#00294f","band":2,"off":[6.8,3.1]}},{"type":"Feature","geometry":{"type":"Point","coordinates":[23.59074,46.777097]},"properties":{"line":"A1","mode":"bus","color":"#0059a9","colorDark":"#00294f","band":2,"off":[0,5.1]}},{"type":"Feature","geometry":{"type":"Point","coordinates":[23.629316,46.768026]},"properties":{"name":"Snagov Nord","band":2,"modes":"bus","arr":["3","10","24","24B","25","25N","45"],"off":[0,-0.8]}},{"type":"Feature","geometry":{"type":"Point","coordinates":[23.629316,46.768026]},"properties":{"name":"Disp. Unirii","band":2,"modes":"bus","arr":["3","10","24","24B","25","25N","45"],"off":[0,-1.9]}},{"type":"Feature","geometry":{"type":"Point","coordinates":[23.629316,46.768026]},"properties":{"line":"3","mode":"bus","color":"#149a3f","colorDark":"#0a5121","band":2,"off":[-6.8,1.1]}},{"type":"Feature","geometry":{"type":"Point","coordinates":[23.629316,46.768026]},"properties":{"line":"10","mode":"bus","color":"#149a3f","colorDark":"#0a5121","band":2,"off":[-3.4,1.1]}},{"type":"Feature","geometry":{"type":"Point","coordinates":[23.629316,46.768026]},"properties":{"line":"24","mode":"bus","color":"#0059a9","colorDark":"#00294f","band":2,"off":[0,1.1]}},{"type":"Feature","geometry":{"type":"Point","coordinates":[23.629316,46.768026]},"properties":{"line":"24B","mode":"bus","color":"#0059a9","colorDark":"#00294f","band":2,"off":[3.4,1.1]}},{"type":"Feature","geometry":{"type":"Point","coordinates":[23.629316,46.768026]},"properties":{"line":"25","mode":"bus","color":"#149a3f","colorDark":"#0a5121","band":2,"off":[6.8,1.1]}},{"type":"Feature","geometry":{"type":"Point","coordinates":[23.629316,46.768026]},"properties":{"line":"25N","mode":"bus","color":"#149a3f","colorDark":"#0a5121","band":2,"off":[-1.7,3.1]}},{"type":"Feature","geometry":{"type":"Point","coordinates":[23.629316,46.768026]},"properties":{"line":"45","mode":"bus","color":"#0059a9","colorDark":"#00294f","band":2,"off":[1.7,3.1]}},{"type":"Feature","geometry":{"type":"Point","coordinates":[23.597261,46.771338]},"properties":{"name":"P-ța Avram Iancu","band":2,"modes":"bus","arr":["46L"],"off":[0,-0.8]}},{"type":"Feature","geometry":{"type":"Point","coordinates":[23.597261,46.771338]},"properties":{"line":"46L","mode":"bus","color":"#0059a9","colorDark":"#00294f","band":2,"off":[0,1.1]}},{"type":"Feature","geometry":{"type":"Point","coordinates":[23.587112,46.782851]},"properties":{"name":"P-ța Gării Sud","band":2,"modes":"bus,tram","arr":["3","4","5","5N","9","22","27","32B","34","35","101"],"off":[0,-0.8]}},{"type":"Feature","geometry":{"type":"Point","coordinates":[23.587112,46.782851]},"properties":{"name":"P-ța Gării Sosire","band":2,"modes":"bus,tram","arr":["3","4","5","5N","9","22","27","32B","34","35","101"],"off":[0,-1.9]}},{"type":"Feature","geometry":{"type":"Point","coordinates":[23.587112,46.782851]},"properties":{"name":"P-ța Gării Nord","band":2,"modes":"bus,tram","arr":["3","4","5","5N","9","22","27","32B","34","35","101"],"off":[0,-3]}},{"type":"Feature","geometry":{"type":"Point","coordinates":[23.587112,46.782851]},"properties":{"line":"3","mode":"bus","color":"#149a3f","colorDark":"#0a5121","band":2,"off":[-6.8,1.1]}},{"type":"Feature","geometry":{"type":"Point","coordinates":[23.587112,46.782851]},"properties":{"line":"4","mode":"bus","color":"#149a3f","colorDark":"#0a5121","band":2,"off":[-3.4,1.1]}},{"type":"Feature","geometry":{"type":"Point","coordinates":[23.587112,46.782851]},"properties":{"line":"5","mode":"bus","color":"#149a3f","colorDark":"#0a5121","band":2,"off":[0,1.1]}},{"type":"Feature","geometry":{"type":"Point","coordinates":[23.587112,46.782851]},"properties":{"line":"5N","mode":"bus","color":"#149a3f","colorDark":"#0a5121","band":2,"off":[3.4,1.1]}},{"type":"Feature","geometry":{"type":"Point","coordinates":[23.587112,46.782851]},"properties":{"line":"9","mode":"bus","color":"#0059a9","colorDark":"#00294f","band":2,"off":[6.8,1.1]}},{"type":"Feature","geometry":{"type":"Point","coordinates":[23.587112,46.782851]},"properties":{"line":"22","mode":"bus","color":"#0059a9","colorDark":"#00294f","band":2,"off":[-6.8,3.1]}},{"type":"Feature","geometry":{"type":"Point","coordinates":[23.587112,46.782851]},"properties":{"line":"27","mode":"bus","color":"#0059a9","colorDark":"#00294f","band":2,"off":[-3.4,3.1]}},{"type":"Feature","geometry":{"type":"Point","coordinates":[23.587112,46.782851]},"properties":{"line":"32B","mode":"bus","color":"#0059a9","colorDark":"#00294f","band":2,"off":[0,3.1]}},{"type":"Feature","geometry":{"type":"Point","coordinates":[23.587112,46.782851]},"properties":{"line":"34","mode":"bus","color":"#0059a9","colorDark":"#00294f","band":2,"off":[3.4,3.1]}},{"type":"Feature","geometry":{"type":"Point","coordinates":[23.587112,46.782851]},"properties":{"line":"35","mode":"bus","color":"#0059a9","colorDark":"#00294f","band":2,"off":[6.8,3.1]}},{"type":"Feature","geometry":{"type":"Point","coordinates":[23.587112,46.782851]},"properties":{"line":"101","mode":"tram","color":"#d6212b","colorDark":"#7c1116","band":2,"off":[0,5.1]}},{"type":"Feature","geometry":{"type":"Point","coordinates":[23.59685,46.770171]},"properties":{"name":"Teatru","band":2,"modes":"bus","arr":["46","46L"],"off":[0,-0.8]}},{"type":"Feature","geometry":{"type":"Point","coordinates":[23.59685,46.770171]},"properties":{"line":"46","mode":"bus","color":"#0059a9","colorDark":"#00294f","band":2,"off":[-1.7,1.1]}},{"type":"Feature","geometry":{"type":"Point","coordinates":[23.59685,46.770171]},"properties":{"line":"46L","mode":"bus","color":"#0059a9","colorDark":"#00294f","band":2,"off":[1.7,1.1]}},{"type":"Feature","geometry":{"type":"Point","coordinates":[23.636966,46.78203]},"properties":{"name":"EXPO Transilvania","band":2,"modes":"bus","arr":["4","6","7","12","30","46B","47"],"off":[0,-0.8]}},{"type":"Feature","geometry":{"type":"Point","coordinates":[23.636966,46.78203]},"properties":{"name":"Disp. IRA","band":2,"modes":"bus","arr":["4","6","7","12","30","46B","47"],"off":[0,-1.9]}},{"type":"Feature","geometry":{"type":"Point","coordinates":[23.636966,46.78203]},"properties":{"line":"4","mode":"bus","color":"#149a3f","colorDark":"#0a5121","band":2,"off":[-6.8,1.1]}},{"type":"Feature","geometry":{"type":"Point","coordinates":[23.636966,46.78203]},"properties":{"line":"6","mode":"bus","color":"#149a3f","colorDark":"#0a5121","band":2,"off":[-3.4,1.1]}},{"type":"Feature","geometry":{"type":"Point","coordinates":[23.636966,46.78203]},"properties":{"line":"7","mode":"bus","color":"#149a3f","colorDark":"#0a5121","band":2,"off":[0,1.1]}},{"type":"Feature","geometry":{"type":"Point","coordinates":[23.636966,46.78203]},"properties":{"line":"12","mode":"bus","color":"#149a3f","colorDark":"#0a5121","band":2,"off":[3.4,1.1]}},{"type":"Feature","geometry":{"type":"Point","coordinates":[23.636966,46.78203]},"properties":{"line":"30","mode":"bus","color":"#0059a9","colorDark":"#00294f","band":2,"off":[6.8,1.1]}},{"type":"Feature","geometry":{"type":"Point","coordinates":[23.636966,46.78203]},"properties":{"line":"46B","mode":"bus","color":"#0059a9","colorDark":"#00294f","band":2,"off":[-1.7,3.1]}},{"type":"Feature","geometry":{"type":"Point","coordinates":[23.636966,46.78203]},"properties":{"line":"47","mode":"bus","color":"#0059a9","colorDark":"#00294f","band":2,"off":[1.7,3.1]}},{"type":"Feature","geometry":{"type":"Point","coordinates":[23.61655,46.778661]},"properties":{"name":"Mareșal C-tin Prezan","band":2,"modes":"bus","arr":["8L","M41","M41L","M42","M42L","M43","M44","M45"],"off":[0,-0.8]}},{"type":"Feature","geometry":{"type":"Point","coordinates":[23.61655,46.778661]},"properties":{"name":"Arte Plastice","band":2,"modes":"bus","arr":["8L","M41","M41L","M42","M42L","M43","M44","M45"],"off":[0,-3]}},{"type":"Feature","geometry":{"type":"Point","coordinates":[23.61655,46.778661]},"properties":{"line":"8L","mode":"bus","color":"#0059a9","colorDark":"#00294f","band":2,"off":[-6.8,1.1]}},{"type":"Feature","geometry":{"type":"Point","coordinates":[23.61655,46.778661]},"properties":{"line":"M41","mode":"bus","color":"#0059a9","colorDark":"#00294f","band":2,"off":[-3.4,1.1]}},{"type":"Feature","geometry":{"type":"Point","coordinates":[23.61655,46.778661]},"properties":{"line":"M41L","mode":"bus","color":"#0059a9","colorDark":"#00294f","band":2,"off":[0,1.1]}},{"type":"Feature","geometry":{"type":"Point","coordinates":[23.61655,46.778661]},"properties":{"line":"M42","mode":"bus","color":"#0059a9","colorDark":"#00294f","band":2,"off":[3.4,1.1]}},{"type":"Feature","geometry":{"type":"Point","coordinates":[23.61655,46.778661]},"properties":{"line":"M42L","mode":"bus","color":"#0059a9","colorDark":"#00294f","band":2,"off":[6.8,1.1]}},{"type":"Feature","geometry":{"type":"Point","coordinates":[23.61655,46.778661]},"properties":{"line":"M43","mode":"bus","color":"#0059a9","colorDark":"#00294f","band":2,"off":[-3.4,3.1]}},{"type":"Feature","geometry":{"type":"Point","coordinates":[23.61655,46.778661]},"properties":{"line":"M44","mode":"bus","color":"#0059a9","colorDark":"#00294f","band":2,"off":[0,3.1]}},{"type":"Feature","geometry":{"type":"Point","coordinates":[23.61655,46.778661]},"properties":{"line":"M45","mode":"bus","color":"#0059a9","colorDark":"#00294f","band":2,"off":[3.4,3.1]}},{"type":"Feature","geometry":{"type":"Point","coordinates":[23.697144,46.781918]},"properties":{"name":"Electromontaj Sud","band":2,"modes":"bus","arr":["5","5N","8"],"off":[0,-0.8]}},{"type":"Feature","geometry":{"type":"Point","coordinates":[23.697144,46.781918]},"properties":{"name":"Electromontaj Nord","band":2,"modes":"bus","arr":["5","5N","8"],"off":[0,-1.9]}},{"type":"Feature","geometry":{"type":"Point","coordinates":[23.697144,46.781918]},"properties":{"line":"5","mode":"bus","color":"#149a3f","colorDark":"#0a5121","band":2,"off":[-3.4,1.1]}},{"type":"Feature","geometry":{"type":"Point","coordinates":[23.697144,46.781918]},"properties":{"line":"5N","mode":"bus","color":"#149a3f","colorDark":"#0a5121","band":2,"off":[0,1.1]}},{"type":"Feature","geometry":{"type":"Point","coordinates":[23.697144,46.781918]},"properties":{"line":"8","mode":"bus","color":"#149a3f","colorDark":"#0a5121","band":2,"off":[3.4,1.1]}},{"type":"Feature","geometry":{"type":"Point","coordinates":[23.589803,46.772164]},"properties":{"name":"P-ța M.Viteazu Sosire","band":2,"modes":"bus","arr":["8","19","28","28B","29S","31","37","38","39","39L","42","47","M26","M31"],"off":[0,-0.8],"sc":0.95}},{"type":"Feature","geometry":{"type":"Point","coordinates":[23.589803,46.772164]},"properties":{"name":"P-ța M. Viteazul Sud","band":2,"modes":"bus","arr":["8","19","28","28B","29S","31","37","38","39","39L","42","47","M26","M31"],"off":[0,-3],"sc":0.95}},{"type":"Feature","geometry":{"type":"Point","coordinates":[23.589803,46.772164]},"properties":{"name":"P-ța M. Viteazul Est","band":2,"modes":"bus","arr":["8","19","28","28B","29S","31","37","38","39","39L","42","47","M26","M31"],"off":[0,-5.2],"sc":0.95}},{"type":"Feature","geometry":{"type":"Point","coordinates":[23.589803,46.772164]},"properties":{"line":"8","mode":"bus","color":"#149a3f","colorDark":"#0a5121","band":2,"sc":0.95,"off":[-6.8,1.1]}},{"type":"Feature","geometry":{"type":"Point","coordinates":[23.589803,46.772164]},"properties":{"line":"19","mode":"bus","color":"#0059a9","colorDark":"#00294f","band":2,"sc":0.95,"off":[-3.4,1.1]}},{"type":"Feature","geometry":{"type":"Point","coordinates":[23.589803,46.772164]},"properties":{"line":"28","mode":"bus","color":"#0059a9","colorDark":"#00294f","band":2,"sc":0.95,"off":[0,1.1]}},{"type":"Feature","geometry":{"type":"Point","coordinates":[23.589803,46.772164]},"properties":{"line":"28B","mode":"bus","color":"#0059a9","colorDark":"#00294f","band":2,"sc":0.95,"off":[3.4,1.1]}},{"type":"Feature","geometry":{"type":"Point","coordinates":[23.589803,46.772164]},"properties":{"line":"29S","mode":"bus","color":"#0059a9","colorDark":"#00294f","band":2,"sc":0.95,"off":[6.8,1.1]}},{"type":"Feature","geometry":{"type":"Point","coordinates":[23.589803,46.772164]},"properties":{"line":"31","mode":"bus","color":"#0059a9","colorDark":"#00294f","band":2,"sc":0.95,"off":[-6.8,3.1]}},{"type":"Feature","geometry":{"type":"Point","coordinates":[23.589803,46.772164]},"properties":{"line":"37","mode":"bus","color":"#0059a9","colorDark":"#00294f","band":2,"sc":0.95,"off":[-3.4,3.1]}},{"type":"Feature","geometry":{"type":"Point","coordinates":[23.589803,46.772164]},"properties":{"line":"38","mode":"bus","color":"#0059a9","colorDark":"#00294f","band":2,"sc":0.95,"off":[0,3.1]}},{"type":"Feature","geometry":{"type":"Point","coordinates":[23.589803,46.772164]},"properties":{"line":"39","mode":"bus","color":"#0059a9","colorDark":"#00294f","band":2,"sc":0.95,"off":[3.4,3.1]}},{"type":"Feature","geometry":{"type":"Point","coordinates":[23.589803,46.772164]},"properties":{"line":"39L","mode":"bus","color":"#0059a9","colorDark":"#00294f","band":2,"sc":0.95,"off":[6.8,3.1]}},{"type":"Feature","geometry":{"type":"Point","coordinates":[23.589803,46.772164]},"properties":{"line":"42","mode":"bus","color":"#0059a9","colorDark":"#00294f","band":2,"sc":0.95,"off":[-5.1,5.1]}},{"type":"Feature","geometry":{"type":"Point","coordinates":[23.589803,46.772164]},"properties":{"line":"47","mode":"bus","color":"#0059a9","colorDark":"#00294f","band":2,"sc":0.95,"off":[-1.7,5.1]}},{"type":"Feature","geometry":{"type":"Point","coordinates":[23.589803,46.772164]},"properties":{"line":"M26","mode":"bus","color":"#0059a9","colorDark":"#00294f","band":2,"sc":0.95,"off":[1.7,5.1]}},{"type":"Feature","geometry":{"type":"Point","coordinates":[23.589803,46.772164]},"properties":{"line":"M31","mode":"bus","color":"#0059a9","colorDark":"#00294f","band":2,"sc":0.95,"off":[5.1,5.1]}},{"type":"Feature","geometry":{"type":"Point","coordinates":[23.710521,46.781449]},"properties":{"name":"Piața AGRO Sosire","band":2,"modes":"bus","arr":["8L"],"off":[0,-0.8]}},{"type":"Feature","geometry":{"type":"Point","coordinates":[23.710521,46.781449]},"properties":{"name":"AGRO Transilvania","band":2,"modes":"bus","arr":["8L"],"off":[0,-1.9]}},{"type":"Feature","geometry":{"type":"Point","coordinates":[23.710521,46.781449]},"properties":{"line":"8L","mode":"bus","color":"#0059a9","colorDark":"#00294f","band":2,"off":[0,1.1]}},{"type":"Feature","geometry":{"type":"Point","coordinates":[23.543482,46.752826]},"properties":{"name":"Academia de Muzica","band":2,"modes":"bus","arr":["52L"],"off":[0,-0.8]}},{"type":"Feature","geometry":{"type":"Point","coordinates":[23.543482,46.752826]},"properties":{"line":"52L","mode":"bus","color":"#0059a9","colorDark":"#00294f","band":2,"off":[0,1.1]}},{"type":"Feature","geometry":{"type":"Point","coordinates":[23.63525,46.796639]},"properties":{"name":"ERS CUG Sud","band":2,"modes":"bus","arr":["10","12","14","23","26","48","50"],"off":[0,-0.8]}},{"type":"Feature","geometry":{"type":"Point","coordinates":[23.63525,46.796639]},"properties":{"name":"ERS CUG Nord","band":2,"modes":"bus","arr":["10","12","14","23","26","48","50"],"off":[0,-1.9]}},{"type":"Feature","geometry":{"type":"Point","coordinates":[23.63525,46.796639]},"properties":{"name":"Disp. ERS CUG","band":2,"modes":"bus","arr":["10","12","14","23","26","48","50"],"off":[0,-3]}},{"type":"Feature","geometry":{"type":"Point","coordinates":[23.63525,46.796639]},"properties":{"line":"10","mode":"bus","color":"#149a3f","colorDark":"#0a5121","band":2,"off":[-6.8,1.1]}},{"type":"Feature","geometry":{"type":"Point","coordinates":[23.63525,46.796639]},"properties":{"line":"12","mode":"bus","color":"#149a3f","colorDark":"#0a5121","band":2,"off":[-3.4,1.1]}},{"type":"Feature","geometry":{"type":"Point","coordinates":[23.63525,46.796639]},"properties":{"line":"14","mode":"bus","color":"#149a3f","colorDark":"#0a5121","band":2,"off":[0,1.1]}},{"type":"Feature","geometry":{"type":"Point","coordinates":[23.63525,46.796639]},"properties":{"line":"23","mode":"bus","color":"#149a3f","colorDark":"#0a5121","band":2,"off":[3.4,1.1]}},{"type":"Feature","geometry":{"type":"Point","coordinates":[23.63525,46.796639]},"properties":{"line":"26","mode":"bus","color":"#0059a9","colorDark":"#00294f","band":2,"off":[6.8,1.1]}},{"type":"Feature","geometry":{"type":"Point","coordinates":[23.63525,46.796639]},"properties":{"line":"48","mode":"bus","color":"#0059a9","colorDark":"#00294f","band":2,"off":[-1.7,3.1]}},{"type":"Feature","geometry":{"type":"Point","coordinates":[23.63525,46.796639]},"properties":{"line":"50","mode":"bus","color":"#0059a9","colorDark":"#00294f","band":2,"off":[1.7,3.1]}},{"type":"Feature","geometry":{"type":"Point","coordinates":[23.598488,46.768488]},"properties":{"name":"Posada","band":2,"modes":"bus","arr":["18","20","40","M11","M12","M13","M16","M17","M18","M61","M71"],"off":[0,-0.8]}},{"type":"Feature","geometry":{"type":"Point","coordinates":[23.598488,46.768488]},"properties":{"line":"18","mode":"bus","color":"#0059a9","colorDark":"#00294f","band":2,"off":[-6.8,1.1]}},{"type":"Feature","geometry":{"type":"Point","coordinates":[23.598488,46.768488]},"properties":{"line":"20","mode":"bus","color":"#0059a9","colorDark":"#00294f","band":2,"off":[-3.4,1.1]}},{"type":"Feature","geometry":{"type":"Point","coordinates":[23.598488,46.768488]},"properties":{"line":"40","mode":"bus","color":"#0059a9","colorDark":"#00294f","band":2,"off":[0,1.1]}},{"type":"Feature","geometry":{"type":"Point","coordinates":[23.598488,46.768488]},"properties":{"line":"M11","mode":"bus","color":"#0059a9","colorDark":"#00294f","band":2,"off":[3.4,1.1]}},{"type":"Feature","geometry":{"type":"Point","coordinates":[23.598488,46.768488]},"properties":{"line":"M12","mode":"bus","color":"#0059a9","colorDark":"#00294f","band":2,"off":[6.8,1.1]}},{"type":"Feature","geometry":{"type":"Point","coordinates":[23.598488,46.768488]},"properties":{"line":"M13","mode":"bus","color":"#0059a9","colorDark":"#00294f","band":2,"off":[-6.8,3.1]}},{"type":"Feature","geometry":{"type":"Point","coordinates":[23.598488,46.768488]},"properties":{"line":"M16","mode":"bus","color":"#0059a9","colorDark":"#00294f","band":2,"off":[-3.4,3.1]}},{"type":"Feature","geometry":{"type":"Point","coordinates":[23.598488,46.768488]},"properties":{"line":"M17","mode":"bus","color":"#0059a9","colorDark":"#00294f","band":2,"off":[0,3.1]}},{"type":"Feature","geometry":{"type":"Point","coordinates":[23.598488,46.768488]},"properties":{"line":"M18","mode":"bus","color":"#0059a9","colorDark":"#00294f","band":2,"off":[3.4,3.1]}},{"type":"Feature","geometry":{"type":"Point","coordinates":[23.598488,46.768488]},"properties":{"line":"M61","mode":"bus","color":"#0059a9","colorDark":"#00294f","band":2,"off":[6.8,3.1]}},{"type":"Feature","geometry":{"type":"Point","coordinates":[23.598488,46.768488]},"properties":{"line":"M71","mode":"bus","color":"#0059a9","colorDark":"#00294f","band":2,"off":[0,5.1]}},{"type":"Feature","geometry":{"type":"Point","coordinates":[23.636541,46.73852]},"properties":{"name":"Veseliei","band":2,"modes":"bus","arr":["18"],"off":[0,-0.8]}},{"type":"Feature","geometry":{"type":"Point","coordinates":[23.636541,46.73852]},"properties":{"line":"18","mode":"bus","color":"#0059a9","colorDark":"#00294f","band":2,"off":[0,1.1]}},{"type":"Feature","geometry":{"type":"Point","coordinates":[23.565335,46.742728]},"properties":{"name":"E.Quinet Sud","band":2,"modes":"bus","arr":["19"],"off":[0,-0.8]}},{"type":"Feature","geometry":{"type":"Point","coordinates":[23.565335,46.742728]},"properties":{"line":"19","mode":"bus","color":"#0059a9","colorDark":"#00294f","band":2,"off":[0,1.1]}},{"type":"Feature","geometry":{"type":"Point","coordinates":[23.651131,46.743897]},"properties":{"name":"Biserica Borhanci Vest","band":2,"modes":"bus","arr":["20"],"off":[0,-0.8]}},{"type":"Feature","geometry":{"type":"Point","coordinates":[23.651131,46.743897]},"properties":{"name":"Biserica Borhanci Est","band":2,"modes":"bus","arr":["20"],"off":[0,-3]}},{"type":"Feature","geometry":{"type":"Point","coordinates":[23.651131,46.743897]},"properties":{"line":"20","mode":"bus","color":"#0059a9","colorDark":"#00294f","band":2,"off":[0,1.1]}},{"type":"Feature","geometry":{"type":"Point","coordinates":[23.59175,46.741137]},"properties":{"name":"Dacia Service Sosire","band":2,"modes":"bus","arr":["21","43B"],"off":[0,-0.8]}},{"type":"Feature","geometry":{"type":"Point","coordinates":[23.59175,46.741137]},"properties":{"name":"Dacia Service","band":2,"modes":"bus","arr":["21","43B"],"off":[0,-3]}},{"type":"Feature","geometry":{"type":"Point","coordinates":[23.59175,46.741137]},"properties":{"line":"21","mode":"bus","color":"#0059a9","colorDark":"#00294f","band":2,"off":[-1.7,1.1]}},{"type":"Feature","geometry":{"type":"Point","coordinates":[23.59175,46.741137]},"properties":{"line":"43B","mode":"bus","color":"#0059a9","colorDark":"#00294f","band":2,"off":[1.7,1.1]}},{"type":"Feature","geometry":{"type":"Point","coordinates":[23.583399,46.760147]},"properties":{"name":"Sp. de Boli Infecțioase","band":2,"modes":"bus","arr":["22"],"off":[0,-0.8]}},{"type":"Feature","geometry":{"type":"Point","coordinates":[23.583399,46.760147]},"properties":{"name":"Boli Infecțioase Sosire","band":2,"modes":"bus","arr":["22"],"off":[0,-3]}},{"type":"Feature","geometry":{"type":"Point","coordinates":[23.583399,46.760147]},"properties":{"line":"22","mode":"bus","color":"#0059a9","colorDark":"#00294f","band":2,"off":[0,1.1]}},{"type":"Feature","geometry":{"type":"Point","coordinates":[23.53296,46.752869]},"properties":{"name":"VIVO Sosire","band":2,"modes":"bus","arr":["24B","28B","43P"],"off":[0,-0.8]}},{"type":"Feature","geometry":{"type":"Point","coordinates":[23.53296,46.752869]},"properties":{"name":"VIVO","band":2,"modes":"bus","arr":["24B","28B","43P"],"off":[0,-1.9]}},{"type":"Feature","geometry":{"type":"Point","coordinates":[23.53296,46.752869]},"properties":{"line":"24B","mode":"bus","color":"#0059a9","colorDark":"#00294f","band":2,"off":[-3.4,1.1]}},{"type":"Feature","geometry":{"type":"Point","coordinates":[23.53296,46.752869]},"properties":{"line":"28B","mode":"bus","color":"#0059a9","colorDark":"#00294f","band":2,"off":[0,1.1]}},{"type":"Feature","geometry":{"type":"Point","coordinates":[23.53296,46.752869]},"properties":{"line":"43P","mode":"bus","color":"#0059a9","colorDark":"#00294f","band":2,"off":[3.4,1.1]}},{"type":"Feature","geometry":{"type":"Point","coordinates":[23.548686,46.765293]},"properties":{"name":"Radio România Cluj","band":2,"modes":"bus","arr":["26","26L","27","28","30","41","43","43B","44","54N"],"off":[0,-0.8]}},{"type":"Feature","geometry":{"type":"Point","coordinates":[23.548686,46.765293]},"properties":{"name":"Disp. Grigorescu","band":2,"modes":"bus","arr":["26","26L","27","28","30","41","43","43B","44","54N"],"off":[0,-1.9]}},{"type":"Feature","geometry":{"type":"Point","coordinates":[23.548686,46.765293]},"properties":{"line":"26","mode":"bus","color":"#0059a9","colorDark":"#00294f","band":2,"off":[-6.8,1.1]}},{"type":"Feature","geometry":{"type":"Point","coordinates":[23.548686,46.765293]},"properties":{"line":"26L","mode":"bus","color":"#0059a9","colorDark":"#00294f","band":2,"off":[-3.4,1.1]}},{"type":"Feature","geometry":{"type":"Point","coordinates":[23.548686,46.765293]},"properties":{"line":"27","mode":"bus","color":"#0059a9","colorDark":"#00294f","band":2,"off":[0,1.1]}},{"type":"Feature","geometry":{"type":"Point","coordinates":[23.548686,46.765293]},"properties":{"line":"28","mode":"bus","color":"#0059a9","colorDark":"#00294f","band":2,"off":[3.4,1.1]}},{"type":"Feature","geometry":{"type":"Point","coordinates":[23.548686,46.765293]},"properties":{"line":"30","mode":"bus","color":"#0059a9","colorDark":"#00294f","band":2,"off":[6.8,1.1]}},{"type":"Feature","geometry":{"type":"Point","coordinates":[23.548686,46.765293]},"properties":{"line":"41","mode":"bus","color":"#0059a9","colorDark":"#00294f","band":2,"off":[-6.8,3.1]}},{"type":"Feature","geometry":{"type":"Point","coordinates":[23.548686,46.765293]},"properties":{"line":"43","mode":"bus","color":"#0059a9","colorDark":"#00294f","band":2,"off":[-3.4,3.1]}},{"type":"Feature","geometry":{"type":"Point","coordinates":[23.548686,46.765293]},"properties":{"line":"43B","mode":"bus","color":"#0059a9","colorDark":"#00294f","band":2,"off":[0,3.1]}},{"type":"Feature","geometry":{"type":"Point","coordinates":[23.548686,46.765293]},"properties":{"line":"44","mode":"bus","color":"#0059a9","colorDark":"#00294f","band":2,"off":[3.4,3.1]}},{"type":"Feature","geometry":{"type":"Point","coordinates":[23.548686,46.765293]},"properties":{"line":"54N","mode":"bus","color":"#0059a9","colorDark":"#00294f","band":2,"off":[6.8,3.1]}},{"type":"Feature","geometry":{"type":"Point","coordinates":[23.635326,46.795291]},"properties":{"name":"ERS CUG S.","band":2,"modes":"bus","arr":["26","48","50"],"off":[0,-0.8]}},{"type":"Feature","geometry":{"type":"Point","coordinates":[23.635326,46.795291]},"properties":{"line":"26","mode":"bus","color":"#0059a9","colorDark":"#00294f","band":2,"off":[-3.4,1.1]}},{"type":"Feature","geometry":{"type":"Point","coordinates":[23.635326,46.795291]},"properties":{"line":"48","mode":"bus","color":"#0059a9","colorDark":"#00294f","band":2,"off":[0,1.1]}},{"type":"Feature","geometry":{"type":"Point","coordinates":[23.635326,46.795291]},"properties":{"line":"50","mode":"bus","color":"#0059a9","colorDark":"#00294f","band":2,"off":[3.4,1.1]}},{"type":"Feature","geometry":{"type":"Point","coordinates":[23.664781,46.79554]},"properties":{"name":"Emerson Sosire","band":2,"modes":"bus","arr":["26L","36L","48L","50L","52L"],"off":[0,-0.8]}},{"type":"Feature","geometry":{"type":"Point","coordinates":[23.664781,46.79554]},"properties":{"line":"26L","mode":"bus","color":"#0059a9","colorDark":"#00294f","band":2,"off":[-6.8,1.1]}},{"type":"Feature","geometry":{"type":"Point","coordinates":[23.664781,46.79554]},"properties":{"line":"36L","mode":"bus","color":"#0059a9","colorDark":"#00294f","band":2,"off":[-3.4,1.1]}},{"type":"Feature","geometry":{"type":"Point","coordinates":[23.664781,46.79554]},"properties":{"line":"48L","mode":"bus","color":"#0059a9","colorDark":"#00294f","band":2,"off":[0,1.1]}},{"type":"Feature","geometry":{"type":"Point","coordinates":[23.664781,46.79554]},"properties":{"line":"50L","mode":"bus","color":"#0059a9","colorDark":"#00294f","band":2,"off":[3.4,1.1]}},{"type":"Feature","geometry":{"type":"Point","coordinates":[23.664781,46.79554]},"properties":{"line":"52L","mode":"bus","color":"#0059a9","colorDark":"#00294f","band":2,"off":[6.8,1.1]}},{"type":"Feature","geometry":{"type":"Point","coordinates":[23.664806,46.79447]},"properties":{"name":"EMERSON","band":2,"modes":"bus","arr":["26L","36L","48L","50L","52L","57L"],"off":[0,-0.8]}},{"type":"Feature","geometry":{"type":"Point","coordinates":[23.664806,46.79447]},"properties":{"line":"26L","mode":"bus","color":"#0059a9","colorDark":"#00294f","band":2,"off":[-6.8,1.1]}},{"type":"Feature","geometry":{"type":"Point","coordinates":[23.664806,46.79447]},"properties":{"line":"36L","mode":"bus","color":"#0059a9","colorDark":"#00294f","band":2,"off":[-3.4,1.1]}},{"type":"Feature","geometry":{"type":"Point","coordinates":[23.664806,46.79447]},"properties":{"line":"48L","mode":"bus","color":"#0059a9","colorDark":"#00294f","band":2,"off":[0,1.1]}},{"type":"Feature","geometry":{"type":"Point","coordinates":[23.664806,46.79447]},"properties":{"line":"50L","mode":"bus","color":"#0059a9","colorDark":"#00294f","band":2,"off":[3.4,1.1]}},{"type":"Feature","geometry":{"type":"Point","coordinates":[23.664806,46.79447]},"properties":{"line":"52L","mode":"bus","color":"#0059a9","colorDark":"#00294f","band":2,"off":[6.8,1.1]}},{"type":"Feature","geometry":{"type":"Point","coordinates":[23.664806,46.79447]},"properties":{"line":"57L","mode":"bus","color":"#0059a9","colorDark":"#00294f","band":2,"off":[0,3.1]}},{"type":"Feature","geometry":{"type":"Point","coordinates":[23.53564,46.741979]},"properties":{"name":"Roata Faget Sosire","band":2,"modes":"bus","arr":["29","29S"],"off":[0,-0.8]}},{"type":"Feature","geometry":{"type":"Point","coordinates":[23.53564,46.741979]},"properties":{"name":"Roata Faget Plecare","band":2,"modes":"bus","arr":["29","29S"],"off":[0,-1.9]}},{"type":"Feature","geometry":{"type":"Point","coordinates":[23.53564,46.741979]},"properties":{"line":"29","mode":"bus","color":"#0059a9","colorDark":"#00294f","band":2,"off":[-1.7,1.1]}},{"type":"Feature","geometry":{"type":"Point","coordinates":[23.53564,46.741979]},"properties":{"line":"29S","mode":"bus","color":"#0059a9","colorDark":"#00294f","band":2,"off":[1.7,1.1]}},{"type":"Feature","geometry":{"type":"Point","coordinates":[23.607753,46.782997]},"properties":{"name":"Henri Barbusse Sosire","band":2,"modes":"bus","arr":["29"],"off":[0,-0.8]}},{"type":"Feature","geometry":{"type":"Point","coordinates":[23.607753,46.782997]},"properties":{"name":"Henri Barbusse Plecare","band":2,"modes":"bus","arr":["29"],"off":[0,-3]}},{"type":"Feature","geometry":{"type":"Point","coordinates":[23.607753,46.782997]},"properties":{"line":"29","mode":"bus","color":"#0059a9","colorDark":"#00294f","band":2,"off":[0,1.1]}},{"type":"Feature","geometry":{"type":"Point","coordinates":[23.535959,46.785546]},"properties":{"name":"Napolact Sosire","band":2,"modes":"bus","arr":["31"],"off":[0,-0.8]}},{"type":"Feature","geometry":{"type":"Point","coordinates":[23.535959,46.785546]},"properties":{"name":"Napolact","band":2,"modes":"bus","arr":["31"],"off":[0,-1.9]}},{"type":"Feature","geometry":{"type":"Point","coordinates":[23.535959,46.785546]},"properties":{"line":"31","mode":"bus","color":"#0059a9","colorDark":"#00294f","band":2,"off":[0,1.1]}},{"type":"Feature","geometry":{"type":"Point","coordinates":[23.591057,46.774663]},"properties":{"name":"Piața Mihai Viteazul Vest Sosire","band":2,"modes":"bus","arr":["31","32","37","38","39","39L","M31"],"off":[0,-0.8]}},{"type":"Feature","geometry":{"type":"Point","coordinates":[23.591057,46.774663]},"properties":{"name":"Piața Mihai Viteazul Est Sosire","band":2,"modes":"bus","arr":["31","32","37","38","39","39L","M31"],"off":[0,-3]}},{"type":"Feature","geometry":{"type":"Point","coordinates":[23.591057,46.774663]},"properties":{"line":"31","mode":"bus","color":"#0059a9","colorDark":"#00294f","band":2,"off":[-6.8,1.1]}},{"type":"Feature","geometry":{"type":"Point","coordinates":[23.591057,46.774663]},"properties":{"line":"32","mode":"bus","color":"#0059a9","colorDark":"#00294f","band":2,"off":[-3.4,1.1]}},{"type":"Feature","geometry":{"type":"Point","coordinates":[23.591057,46.774663]},"properties":{"line":"37","mode":"bus","color":"#0059a9","colorDark":"#00294f","band":2,"off":[0,1.1]}},{"type":"Feature","geometry":{"type":"Point","coordinates":[23.591057,46.774663]},"properties":{"line":"38","mode":"bus","color":"#0059a9","colorDark":"#00294f","band":2,"off":[3.4,1.1]}},{"type":"Feature","geometry":{"type":"Point","coordinates":[23.591057,46.774663]},"properties":{"line":"39","mode":"bus","color":"#0059a9","colorDark":"#00294f","band":2,"off":[6.8,1.1]}},{"type":"Feature","geometry":{"type":"Point","coordinates":[23.591057,46.774663]},"properties":{"line":"39L","mode":"bus","color":"#0059a9","colorDark":"#00294f","band":2,"off":[-1.7,3.1]}},{"type":"Feature","geometry":{"type":"Point","coordinates":[23.591057,46.774663]},"properties":{"line":"M31","mode":"bus","color":"#0059a9","colorDark":"#00294f","band":2,"off":[1.7,3.1]}},{"type":"Feature","geometry":{"type":"Point","coordinates":[23.619069,46.757058]},"properties":{"name":"Disp. Alverna","band":2,"modes":"bus","arr":["32","32B","57","57L"],"off":[0,-0.8]}},{"type":"Feature","geometry":{"type":"Point","coordinates":[23.619069,46.757058]},"properties":{"line":"32","mode":"bus","color":"#0059a9","colorDark":"#00294f","band":2,"off":[-5.1,1.1]}},{"type":"Feature","geometry":{"type":"Point","coordinates":[23.619069,46.757058]},"properties":{"line":"32B","mode":"bus","color":"#0059a9","colorDark":"#00294f","band":2,"off":[-1.7,1.1]}},{"type":"Feature","geometry":{"type":"Point","coordinates":[23.619069,46.757058]},"properties":{"line":"57","mode":"bus","color":"#0059a9","colorDark":"#00294f","band":2,"off":[1.7,1.1]}},{"type":"Feature","geometry":{"type":"Point","coordinates":[23.619069,46.757058]},"properties":{"line":"57L","mode":"bus","color":"#0059a9","colorDark":"#00294f","band":2,"off":[5.1,1.1]}},{"type":"Feature","geometry":{"type":"Point","coordinates":[23.62244,46.762538]},"properties":{"name":"Băișoara Sosire","band":2,"modes":"bus","arr":["33","34","48","48L"],"off":[0,-0.8]}},{"type":"Feature","geometry":{"type":"Point","coordinates":[23.62244,46.762538]},"properties":{"name":"Băișoara","band":2,"modes":"bus","arr":["33","34","48","48L"],"off":[0,-1.9]}},{"type":"Feature","geometry":{"type":"Point","coordinates":[23.62244,46.762538]},"properties":{"line":"33","mode":"bus","color":"#0059a9","colorDark":"#00294f","band":2,"off":[-5.1,1.1]}},{"type":"Feature","geometry":{"type":"Point","coordinates":[23.62244,46.762538]},"properties":{"line":"34","mode":"bus","color":"#0059a9","colorDark":"#00294f","band":2,"off":[-1.7,1.1]}},{"type":"Feature","geometry":{"type":"Point","coordinates":[23.62244,46.762538]},"properties":{"line":"48","mode":"bus","color":"#0059a9","colorDark":"#00294f","band":2,"off":[1.7,1.1]}},{"type":"Feature","geometry":{"type":"Point","coordinates":[23.62244,46.762538]},"properties":{"line":"48L","mode":"bus","color":"#0059a9","colorDark":"#00294f","band":2,"off":[5.1,1.1]}},{"type":"Feature","geometry":{"type":"Point","coordinates":[23.578096,46.752809]},"properties":{"name":"Zorilor","band":2,"modes":"bus","arr":["35","45","46B","50","50D","50L","54N"],"off":[0,-0.8]}},{"type":"Feature","geometry":{"type":"Point","coordinates":[23.578096,46.752809]},"properties":{"name":"Ghe. Dima","band":2,"modes":"bus","arr":["35","45","46B","50","50D","50L","54N"],"off":[0,-1.9]}},{"type":"Feature","geometry":{"type":"Point","coordinates":[23.578096,46.752809]},"properties":{"name":"Disp. Zorilor","band":2,"modes":"bus","arr":["35","45","46B","50","50D","50L","54N"],"off":[0,-3]}},{"type":"Feature","geometry":{"type":"Point","coordinates":[23.578096,46.752809]},"properties":{"line":"35","mode":"bus","color":"#0059a9","colorDark":"#00294f","band":2,"off":[-6.8,1.1]}},{"type":"Feature","geometry":{"type":"Point","coordinates":[23.578096,46.752809]},"properties":{"line":"45","mode":"bus","color":"#0059a9","colorDark":"#00294f","band":2,"off":[-3.4,1.1]}},{"type":"Feature","geometry":{"type":"Point","coordinates":[23.578096,46.752809]},"properties":{"line":"46B","mode":"bus","color":"#0059a9","colorDark":"#00294f","band":2,"off":[0,1.1]}},{"type":"Feature","geometry":{"type":"Point","coordinates":[23.578096,46.752809]},"properties":{"line":"50","mode":"bus","color":"#0059a9","colorDark":"#00294f","band":2,"off":[3.4,1.1]}},{"type":"Feature","geometry":{"type":"Point","coordinates":[23.578096,46.752809]},"properties":{"line":"50D","mode":"bus","color":"#0059a9","colorDark":"#00294f","band":2,"off":[6.8,1.1]}},{"type":"Feature","geometry":{"type":"Point","coordinates":[23.578096,46.752809]},"properties":{"line":"50L","mode":"bus","color":"#0059a9","colorDark":"#00294f","band":2,"off":[-1.7,3.1]}},{"type":"Feature","geometry":{"type":"Point","coordinates":[23.578096,46.752809]},"properties":{"line":"54N","mode":"bus","color":"#0059a9","colorDark":"#00294f","band":2,"off":[1.7,3.1]}},{"type":"Feature","geometry":{"type":"Point","coordinates":[23.593266,46.755741]},"properties":{"name":"Observatorului Sud","band":2,"modes":"bus","arr":["43","43P"],"off":[0,-0.8]}},{"type":"Feature","geometry":{"type":"Point","coordinates":[23.593266,46.755741]},"properties":{"name":"Observatorului Nord","band":2,"modes":"bus","arr":["43","43P"],"off":[0,-1.9]}},{"type":"Feature","geometry":{"type":"Point","coordinates":[23.593266,46.755741]},"properties":{"line":"43","mode":"bus","color":"#0059a9","colorDark":"#00294f","band":2,"off":[-1.7,1.1]}},{"type":"Feature","geometry":{"type":"Point","coordinates":[23.593266,46.755741]},"properties":{"line":"43P","mode":"bus","color":"#0059a9","colorDark":"#00294f","band":2,"off":[1.7,1.1]}},{"type":"Feature","geometry":{"type":"Point","coordinates":[23.655835,46.790541]},"properties":{"name":"I. Ionescu Sosire","band":2,"modes":"bus","arr":["36B"],"off":[0,-0.8]}},{"type":"Feature","geometry":{"type":"Point","coordinates":[23.655835,46.790541]},"properties":{"name":"I. Ionescu","band":2,"modes":"bus","arr":["36B"],"off":[0,-1.9]}},{"type":"Feature","geometry":{"type":"Point","coordinates":[23.655835,46.790541]},"properties":{"line":"36B","mode":"bus","color":"#0059a9","colorDark":"#00294f","band":2,"off":[0,1.1]}},{"type":"Feature","geometry":{"type":"Point","coordinates":[23.642024,46.786736]},"properties":{"name":"Timișului Sosire","band":2,"modes":"bus","arr":["52"],"off":[0,-0.8]}},{"type":"Feature","geometry":{"type":"Point","coordinates":[23.642024,46.786736]},"properties":{"name":"Blajului","band":2,"modes":"bus","arr":["52"],"off":[0,-1.9]}},{"type":"Feature","geometry":{"type":"Point","coordinates":[23.642024,46.786736]},"properties":{"line":"52","mode":"bus","color":"#0059a9","colorDark":"#00294f","band":2,"off":[0,1.1]}},{"type":"Feature","geometry":{"type":"Point","coordinates":[23.547751,46.78034]},"properties":{"name":"Tetarom Vest","band":2,"modes":"bus","arr":["37"],"off":[0,-0.8]}},{"type":"Feature","geometry":{"type":"Point","coordinates":[23.547751,46.78034]},"properties":{"line":"37","mode":"bus","color":"#0059a9","colorDark":"#00294f","band":2,"off":[0,1.1]}},{"type":"Feature","geometry":{"type":"Point","coordinates":[23.573141,46.777129]},"properties":{"name":"Vânătorului Sosire","band":2,"modes":"bus","arr":["38"],"off":[0,-0.8]}},{"type":"Feature","geometry":{"type":"Point","coordinates":[23.573141,46.777129]},"properties":{"name":"Vânătorului","band":2,"modes":"bus","arr":["38"],"off":[0,-1.9]}},{"type":"Feature","geometry":{"type":"Point","coordinates":[23.573141,46.777129]},"properties":{"line":"38","mode":"bus","color":"#0059a9","colorDark":"#00294f","band":2,"off":[0,1.1]}},{"type":"Feature","geometry":{"type":"Point","coordinates":[23.607727,46.799567]},"properties":{"name":"Vama Chinteni","band":2,"modes":"bus","arr":["39 CREIC"],"off":[0,-0.8]}},{"type":"Feature","geometry":{"type":"Point","coordinates":[23.607727,46.799567]},"properties":{"line":"39 CREIC","mode":"bus","color":"#0059a9","colorDark":"#00294f","band":2,"off":[0,1.1]}},{"type":"Feature","geometry":{"type":"Point","coordinates":[23.579656,46.820982]},"properties":{"name":"CREIC Intors","band":2,"modes":"bus","arr":["39 CREIC"],"off":[0,-0.8]}},{"type":"Feature","geometry":{"type":"Point","coordinates":[23.579656,46.820982]},"properties":{"name":"CREIC Dus","band":2,"modes":"bus","arr":["39 CREIC"],"off":[0,-1.9]}},{"type":"Feature","geometry":{"type":"Point","coordinates":[23.579656,46.820982]},"properties":{"line":"39 CREIC","mode":"bus","color":"#0059a9","colorDark":"#00294f","band":2,"off":[0,1.1]}},{"type":"Feature","geometry":{"type":"Point","coordinates":[23.583336,46.827969]},"properties":{"name":"Valea Chintăului","band":2,"modes":"bus","arr":["39"],"off":[0,-0.8]}},{"type":"Feature","geometry":{"type":"Point","coordinates":[23.583336,46.827969]},"properties":{"line":"39","mode":"bus","color":"#0059a9","colorDark":"#00294f","band":2,"off":[0,1.1]}},{"type":"Feature","geometry":{"type":"Point","coordinates":[23.557889,46.843612]},"properties":{"name":"Cătun Vest","band":2,"modes":"bus","arr":["39L"],"off":[0,-0.8]}},{"type":"Feature","geometry":{"type":"Point","coordinates":[23.557889,46.843612]},"properties":{"line":"39L","mode":"bus","color":"#0059a9","colorDark":"#00294f","band":2,"off":[0,1.1]}},{"type":"Feature","geometry":{"type":"Point","coordinates":[23.575316,46.71705]},"properties":{"name":"Vila Tusa Sosire","band":2,"modes":"bus","arr":["40","46L"],"off":[0,-0.8]}},{"type":"Feature","geometry":{"type":"Point","coordinates":[23.575316,46.71705]},"properties":{"name":"Vila Tusa","band":2,"modes":"bus","arr":["40","46L"],"off":[0,-1.9]}},{"type":"Feature","geometry":{"type":"Point","coordinates":[23.575316,46.71705]},"properties":{"line":"40","mode":"bus","color":"#0059a9","colorDark":"#00294f","band":2,"off":[-1.7,1.1]}},{"type":"Feature","geometry":{"type":"Point","coordinates":[23.575316,46.71705]},"properties":{"line":"46L","mode":"bus","color":"#0059a9","colorDark":"#00294f","band":2,"off":[1.7,1.1]}},{"type":"Feature","geometry":{"type":"Point","coordinates":[23.57131,46.738866]},"properties":{"name":"Biserica Câmpului","band":2,"modes":"bus","arr":["42"],"off":[0,-0.8]}},{"type":"Feature","geometry":{"type":"Point","coordinates":[23.57131,46.738866]},"properties":{"line":"42","mode":"bus","color":"#0059a9","colorDark":"#00294f","band":2,"off":[0,1.1]}},{"type":"Feature","geometry":{"type":"Point","coordinates":[23.6405,46.768362]},"properties":{"name":"Soporului","band":2,"modes":"bus","arr":["44"],"off":[0,-0.8]}},{"type":"Feature","geometry":{"type":"Point","coordinates":[23.6405,46.768362]},"properties":{"line":"44","mode":"bus","color":"#0059a9","colorDark":"#00294f","band":2,"off":[0,1.1]}},{"type":"Feature","geometry":{"type":"Point","coordinates":[23.590336,46.738268]},"properties":{"name":"Girație Drum Făget","band":2,"modes":"bus","arr":["46"],"off":[0,-0.8]}},{"type":"Feature","geometry":{"type":"Point","coordinates":[23.590336,46.738268]},"properties":{"line":"46","mode":"bus","color":"#0059a9","colorDark":"#00294f","band":2,"off":[0,1.1]}},{"type":"Feature","geometry":{"type":"Point","coordinates":[23.586433,46.739802]},"properties":{"name":"Luminii","band":2,"modes":"bus","arr":["46"],"off":[0,-0.8]}},{"type":"Feature","geometry":{"type":"Point","coordinates":[23.586433,46.739802]},"properties":{"line":"46","mode":"bus","color":"#0059a9","colorDark":"#00294f","band":2,"off":[0,1.1]}},{"type":"Feature","geometry":{"type":"Point","coordinates":[23.639324,46.779]},"properties":{"name":"Jiului","band":2,"modes":"bus","arr":["57"],"off":[0,-0.8]}},{"type":"Feature","geometry":{"type":"Point","coordinates":[23.639324,46.779]},"properties":{"line":"57","mode":"bus","color":"#0059a9","colorDark":"#00294f","band":2,"off":[0,1.1]}},{"type":"Feature","geometry":{"type":"Point","coordinates":[23.640929,46.807687]},"properties":{"name":"Panselutelor 9","band":2,"modes":"bus","arr":["50D"],"off":[0,-0.8]}},{"type":"Feature","geometry":{"type":"Point","coordinates":[23.640929,46.807687]},"properties":{"line":"50D","mode":"bus","color":"#0059a9","colorDark":"#00294f","band":2,"off":[0,1.1]}},{"type":"Feature","geometry":{"type":"Point","coordinates":[23.636926,46.783295]},"properties":{"name":"P-ța Agroalimentară IRA","band":2,"modes":"bus","arr":["53"],"off":[0,-0.8]}},{"type":"Feature","geometry":{"type":"Point","coordinates":[23.636926,46.783295]},"properties":{"line":"53","mode":"bus","color":"#0059a9","colorDark":"#00294f","band":2,"off":[0,1.1]}},{"type":"Feature","geometry":{"type":"Point","coordinates":[23.559909,46.791852]},"properties":{"name":"Gheorghe Sion Vest","band":2,"modes":"bus","arr":["56"],"off":[0,-0.8]}},{"type":"Feature","geometry":{"type":"Point","coordinates":[23.559909,46.791852]},"properties":{"line":"56","mode":"bus","color":"#0059a9","colorDark":"#00294f","band":2,"off":[0,1.1]}},{"type":"Feature","geometry":{"type":"Point","coordinates":[23.588702,46.785555]},"properties":{"name":"P-ța Gării Vechi","band":2,"modes":"tram,bus","arr":["100","M32","M33","M34","M35","M37","M38","M39","M39L"],"off":[0,-0.8]}},{"type":"Feature","geometry":{"type":"Point","coordinates":[23.588702,46.785555]},"properties":{"name":"Gara Mică Sosire","band":2,"modes":"tram,bus","arr":["100","M32","M33","M34","M35","M37","M38","M39","M39L"],"off":[0,-1.9]}},{"type":"Feature","geometry":{"type":"Point","coordinates":[23.588702,46.785555]},"properties":{"name":"Gara Mică","band":2,"modes":"tram,bus","arr":["100","M32","M33","M34","M35","M37","M38","M39","M39L"],"off":[0,-3]}},{"type":"Feature","geometry":{"type":"Point","coordinates":[23.588702,46.785555]},"properties":{"line":"100","mode":"tram","color":"#d6212b","colorDark":"#7c1116","band":2,"off":[-6.8,1.1]}},{"type":"Feature","geometry":{"type":"Point","coordinates":[23.588702,46.785555]},"properties":{"line":"M32","mode":"bus","color":"#0059a9","colorDark":"#00294f","band":2,"off":[-3.4,1.1]}},{"type":"Feature","geometry":{"type":"Point","coordinates":[23.588702,46.785555]},"properties":{"line":"M33","mode":"bus","color":"#0059a9","colorDark":"#00294f","band":2,"off":[0,1.1]}},{"type":"Feature","geometry":{"type":"Point","coordinates":[23.588702,46.785555]},"properties":{"line":"M34","mode":"bus","color":"#0059a9","colorDark":"#00294f","band":2,"off":[3.4,1.1]}},{"type":"Feature","geometry":{"type":"Point","coordinates":[23.588702,46.785555]},"properties":{"line":"M35","mode":"bus","color":"#0059a9","colorDark":"#00294f","band":2,"off":[6.8,1.1]}},{"type":"Feature","geometry":{"type":"Point","coordinates":[23.588702,46.785555]},"properties":{"line":"M37","mode":"bus","color":"#0059a9","colorDark":"#00294f","band":2,"off":[-5.1,3.1]}},{"type":"Feature","geometry":{"type":"Point","coordinates":[23.588702,46.785555]},"properties":{"line":"M38","mode":"bus","color":"#0059a9","colorDark":"#00294f","band":2,"off":[-1.7,3.1]}},{"type":"Feature","geometry":{"type":"Point","coordinates":[23.588702,46.785555]},"properties":{"line":"M39","mode":"bus","color":"#0059a9","colorDark":"#00294f","band":2,"off":[1.7,3.1]}},{"type":"Feature","geometry":{"type":"Point","coordinates":[23.588702,46.785555]},"properties":{"line":"M39L","mode":"bus","color":"#0059a9","colorDark":"#00294f","band":2,"off":[5.1,3.1]}},{"type":"Feature","geometry":{"type":"Point","coordinates":[23.688499,46.781925]},"properties":{"name":"Aeroport Terminal","band":2,"modes":"bus","arr":["A1"],"off":[0,-0.8]}},{"type":"Feature","geometry":{"type":"Point","coordinates":[23.688499,46.781925]},"properties":{"line":"A1","mode":"bus","color":"#0059a9","colorDark":"#00294f","band":2,"off":[0,1.1]}},{"type":"Feature","geometry":{"type":"Point","coordinates":[23.630052,46.716148]},"properties":{"name":"M-Releu Sosire","band":2,"modes":"bus","arr":["M11"],"off":[0,-0.8]}},{"type":"Feature","geometry":{"type":"Point","coordinates":[23.630052,46.716148]},"properties":{"name":"M-Releu Plecare","band":2,"modes":"bus","arr":["M11"],"off":[0,-1.9]}},{"type":"Feature","geometry":{"type":"Point","coordinates":[23.630052,46.716148]},"properties":{"line":"M11","mode":"bus","color":"#0059a9","colorDark":"#00294f","band":2,"off":[0,1.1]}},{"type":"Feature","geometry":{"type":"Point","coordinates":[23.654109,46.687584]},"properties":{"name":"M-Biserica Vâlcele Sos","band":2,"modes":"bus","arr":["M12"],"off":[0,-0.8]}},{"type":"Feature","geometry":{"type":"Point","coordinates":[23.654109,46.687584]},"properties":{"name":"M-Biserica Vâlcele Plecare","band":2,"modes":"bus","arr":["M12"],"off":[0,-3]}},{"type":"Feature","geometry":{"type":"Point","coordinates":[23.654109,46.687584]},"properties":{"line":"M12","mode":"bus","color":"#0059a9","colorDark":"#00294f","band":2,"off":[0,1.1]}},{"type":"Feature","geometry":{"type":"Point","coordinates":[23.684931,46.715061]},"properties":{"name":"M-Școala Gheorgheni S","band":2,"modes":"bus","arr":["M13"],"off":[0,-0.8]}},{"type":"Feature","geometry":{"type":"Point","coordinates":[23.684931,46.715061]},"properties":{"line":"M13","mode":"bus","color":"#0059a9","colorDark":"#00294f","band":2,"off":[0,1.1]}},{"type":"Feature","geometry":{"type":"Point","coordinates":[23.691599,46.712219]},"properties":{"name":"M-Capăt Gheorgheni","band":2,"modes":"bus","arr":["M13"],"off":[0,-0.8]}},{"type":"Feature","geometry":{"type":"Point","coordinates":[23.691599,46.712219]},"properties":{"line":"M13","mode":"bus","color":"#0059a9","colorDark":"#00294f","band":2,"off":[0,1.1]}},{"type":"Feature","geometry":{"type":"Point","coordinates":[23.542354,46.648772]},"properties":{"name":"M-Primăria Ciurila Plecare","band":2,"modes":"bus","arr":["M16"],"off":[0,-0.8]}},{"type":"Feature","geometry":{"type":"Point","coordinates":[23.542354,46.648772]},"properties":{"name":"M-Primăria Ciurila","band":2,"modes":"bus","arr":["M16"],"off":[0,-3]}},{"type":"Feature","geometry":{"type":"Point","coordinates":[23.542354,46.648772]},"properties":{"line":"M16","mode":"bus","color":"#0059a9","colorDark":"#00294f","band":2,"off":[0,1.1]}},{"type":"Feature","geometry":{"type":"Point","coordinates":[23.582558,46.650301]},"properties":{"name":"Biserica lemn Saliste","band":2,"modes":"bus","arr":["M17"],"off":[0,-0.8]}},{"type":"Feature","geometry":{"type":"Point","coordinates":[23.582558,46.650301]},"properties":{"line":"M17","mode":"bus","color":"#0059a9","colorDark":"#00294f","band":2,"off":[0,1.1]}},{"type":"Feature","geometry":{"type":"Point","coordinates":[23.481102,46.609951]},"properties":{"name":"Filea de sus","band":2,"modes":"bus","arr":["M18"],"off":[0,-0.8]}},{"type":"Feature","geometry":{"type":"Point","coordinates":[23.481102,46.609951]},"properties":{"line":"M18","mode":"bus","color":"#0059a9","colorDark":"#00294f","band":2,"off":[0,1.1]}},{"type":"Feature","geometry":{"type":"Point","coordinates":[23.485088,46.728087]},"properties":{"name":"M-Str. Retezat","band":2,"modes":"bus","arr":["M21"],"off":[0,-0.8]}},{"type":"Feature","geometry":{"type":"Point","coordinates":[23.485088,46.728087]},"properties":{"line":"M21","mode":"bus","color":"#0059a9","colorDark":"#00294f","band":2,"off":[0,1.1]}},{"type":"Feature","geometry":{"type":"Point","coordinates":[23.484038,46.729499]},"properties":{"name":"M-Florești Cetate Plecare","band":2,"modes":"bus","arr":["M21","M26"],"off":[0,-0.8]}},{"type":"Feature","geometry":{"type":"Point","coordinates":[23.484038,46.729499]},"properties":{"line":"M21","mode":"bus","color":"#0059a9","colorDark":"#00294f","band":2,"off":[-1.7,1.1]}},{"type":"Feature","geometry":{"type":"Point","coordinates":[23.484038,46.729499]},"properties":{"line":"M26","mode":"bus","color":"#0059a9","colorDark":"#00294f","band":2,"off":[1.7,1.1]}},{"type":"Feature","geometry":{"type":"Point","coordinates":[23.466065,46.741365]},"properties":{"name":"M-Sesu de Sus Sosire","band":2,"modes":"bus","arr":["M22"],"off":[0,-0.8]}},{"type":"Feature","geometry":{"type":"Point","coordinates":[23.466065,46.741365]},"properties":{"line":"M22","mode":"bus","color":"#0059a9","colorDark":"#00294f","band":2,"off":[0,1.1]}},{"type":"Feature","geometry":{"type":"Point","coordinates":[23.427721,46.739519]},"properties":{"name":"M-Pasaj Luna","band":2,"modes":"bus","arr":["M23"],"off":[0,-0.8]}},{"type":"Feature","geometry":{"type":"Point","coordinates":[23.427721,46.739519]},"properties":{"line":"M23","mode":"bus","color":"#0059a9","colorDark":"#00294f","band":2,"off":[0,1.1]}},{"type":"Feature","geometry":{"type":"Point","coordinates":[23.455428,46.74436]},"properties":{"name":"M-Ferma 9 Sos (Florești)","band":2,"modes":"bus","arr":["M24"],"off":[0,-0.8]}},{"type":"Feature","geometry":{"type":"Point","coordinates":[23.455428,46.74436]},"properties":{"name":"M-Ferma 9 Nord","band":2,"modes":"bus","arr":["M24"],"off":[0,-3]}},{"type":"Feature","geometry":{"type":"Point","coordinates":[23.455428,46.74436]},"properties":{"line":"M24","mode":"bus","color":"#0059a9","colorDark":"#00294f","band":2,"off":[0,1.1]}},{"type":"Feature","geometry":{"type":"Point","coordinates":[23.557137,46.759746]},"properties":{"name":"Calvaria Auto Sosire","band":2,"modes":"bus","arr":["M23"],"off":[0,-0.8]}},{"type":"Feature","geometry":{"type":"Point","coordinates":[23.557137,46.759746]},"properties":{"line":"M23","mode":"bus","color":"#0059a9","colorDark":"#00294f","band":2,"off":[0,1.1]}},{"type":"Feature","geometry":{"type":"Point","coordinates":[23.51014,46.709251]},"properties":{"name":"M-Tăuți Sosire","band":2,"modes":"bus","arr":["M25"],"off":[0,-0.8]}},{"type":"Feature","geometry":{"type":"Point","coordinates":[23.51014,46.709251]},"properties":{"line":"M25","mode":"bus","color":"#0059a9","colorDark":"#00294f","band":2,"off":[0,1.1]}},{"type":"Feature","geometry":{"type":"Point","coordinates":[23.526919,46.746458]},"properties":{"name":"M-Razoare Vest","band":2,"modes":"bus","arr":["M27"],"off":[0,-0.8]}},{"type":"Feature","geometry":{"type":"Point","coordinates":[23.526919,46.746458]},"properties":{"line":"M27","mode":"bus","color":"#0059a9","colorDark":"#00294f","band":2,"off":[0,1.1]}},{"type":"Feature","geometry":{"type":"Point","coordinates":[23.514432,46.797121]},"properties":{"name":"M-Complex Baciu Sos","band":2,"modes":"bus","arr":["M31"],"off":[0,-0.8]}},{"type":"Feature","geometry":{"type":"Point","coordinates":[23.514432,46.797121]},"properties":{"name":"M-Complex Baciu","band":2,"modes":"bus","arr":["M31"],"off":[0,-3]}},{"type":"Feature","geometry":{"type":"Point","coordinates":[23.514432,46.797121]},"properties":{"line":"M31","mode":"bus","color":"#0059a9","colorDark":"#00294f","band":2,"off":[0,1.1]}},{"type":"Feature","geometry":{"type":"Point","coordinates":[23.45155,46.785261]},"properties":{"name":"M-Suceagu","band":2,"modes":"bus","arr":["M32"],"off":[0,-0.8]}},{"type":"Feature","geometry":{"type":"Point","coordinates":[23.45155,46.785261]},"properties":{"line":"M32","mode":"bus","color":"#0059a9","colorDark":"#00294f","band":2,"off":[0,1.1]}},{"type":"Feature","geometry":{"type":"Point","coordinates":[23.490041,46.872923]},"properties":{"name":"M-Săliștea Noua Sosire","band":2,"modes":"bus","arr":["M33"],"off":[0,-0.8]}},{"type":"Feature","geometry":{"type":"Point","coordinates":[23.490041,46.872923]},"properties":{"line":"M33","mode":"bus","color":"#0059a9","colorDark":"#00294f","band":2,"off":[0,1.1]}},{"type":"Feature","geometry":{"type":"Point","coordinates":[23.449319,46.82095]},"properties":{"name":"M - Teren Fotbal Mera","band":2,"modes":"bus","arr":["M34"],"off":[0,-0.8]}},{"type":"Feature","geometry":{"type":"Point","coordinates":[23.449319,46.82095]},"properties":{"line":"M34","mode":"bus","color":"#0059a9","colorDark":"#00294f","band":2,"off":[0,1.1]}},{"type":"Feature","geometry":{"type":"Point","coordinates":[23.533999,46.823269]},"properties":{"name":"M-Monument Popești Sos","band":2,"modes":"bus","arr":["M35"],"off":[0,-0.8]}},{"type":"Feature","geometry":{"type":"Point","coordinates":[23.533999,46.823269]},"properties":{"name":"M-Monument Popești Plecare","band":2,"modes":"bus","arr":["M35"],"off":[0,-3]}},{"type":"Feature","geometry":{"type":"Point","coordinates":[23.533999,46.823269]},"properties":{"line":"M35","mode":"bus","color":"#0059a9","colorDark":"#00294f","band":2,"off":[0,1.1]}},{"type":"Feature","geometry":{"type":"Point","coordinates":[23.626085,46.880133]},"properties":{"name":"M-Feiurdeni Sosire","band":2,"modes":"bus","arr":["M37"],"off":[0,-0.8]}},{"type":"Feature","geometry":{"type":"Point","coordinates":[23.626085,46.880133]},"properties":{"line":"M37","mode":"bus","color":"#0059a9","colorDark":"#00294f","band":2,"off":[0,1.1]}},{"type":"Feature","geometry":{"type":"Point","coordinates":[23.566919,46.88951]},"properties":{"name":"M-Macicasu","band":2,"modes":"bus","arr":["M38"],"off":[0,-0.8]}},{"type":"Feature","geometry":{"type":"Point","coordinates":[23.566919,46.88951]},"properties":{"line":"M38","mode":"bus","color":"#0059a9","colorDark":"#00294f","band":2,"off":[0,1.1]}},{"type":"Feature","geometry":{"type":"Point","coordinates":[23.520237,46.898227]},"properties":{"name":"M-Vechea S","band":2,"modes":"bus","arr":["M39L"],"off":[0,-0.8]}},{"type":"Feature","geometry":{"type":"Point","coordinates":[23.520237,46.898227]},"properties":{"name":"M-Vechea N","band":2,"modes":"bus","arr":["M39L"],"off":[0,-1.9]}},{"type":"Feature","geometry":{"type":"Point","coordinates":[23.520237,46.898227]},"properties":{"line":"M39L","mode":"bus","color":"#0059a9","colorDark":"#00294f","band":2,"off":[0,1.1]}},{"type":"Feature","geometry":{"type":"Point","coordinates":[23.525704,46.875372]},"properties":{"name":"M-Chinteni Lac Sosire","band":2,"modes":"bus","arr":["M39"],"off":[0,-0.8]}},{"type":"Feature","geometry":{"type":"Point","coordinates":[23.525704,46.875372]},"properties":{"name":"M-Chinteni Lac Plecare","band":2,"modes":"bus","arr":["M39"],"off":[0,-3]}},{"type":"Feature","geometry":{"type":"Point","coordinates":[23.525704,46.875372]},"properties":{"line":"M39","mode":"bus","color":"#0059a9","colorDark":"#00294f","band":2,"off":[0,1.1]}},{"type":"Feature","geometry":{"type":"Point","coordinates":[23.74464,46.815761]},"properties":{"name":"M-Ferma Apahida","band":2,"modes":"bus","arr":["M41"],"off":[0,-0.8]}},{"type":"Feature","geometry":{"type":"Point","coordinates":[23.74464,46.815761]},"properties":{"line":"M41","mode":"bus","color":"#0059a9","colorDark":"#00294f","band":2,"off":[0,1.1]}},{"type":"Feature","geometry":{"type":"Point","coordinates":[23.750659,46.813877]},"properties":{"name":"M-Pod Apahida V","band":2,"modes":"bus","arr":["M41"],"off":[0,-0.8]}},{"type":"Feature","geometry":{"type":"Point","coordinates":[23.750659,46.813877]},"properties":{"line":"M41","mode":"bus","color":"#0059a9","colorDark":"#00294f","band":2,"off":[0,1.1]}},{"type":"Feature","geometry":{"type":"Point","coordinates":[23.738618,46.830925]},"properties":{"name":"M-Grădinița Câmpenești S","band":2,"modes":"bus","arr":["M41L"],"off":[0,-0.8]}},{"type":"Feature","geometry":{"type":"Point","coordinates":[23.738618,46.830925]},"properties":{"line":"M41L","mode":"bus","color":"#0059a9","colorDark":"#00294f","band":2,"off":[0,1.1]}},{"type":"Feature","geometry":{"type":"Point","coordinates":[23.738157,46.79427]},"properties":{"name":"N. Balcescu S","band":2,"modes":"bus","arr":["M42L"],"off":[0,-0.8]}},{"type":"Feature","geometry":{"type":"Point","coordinates":[23.738157,46.79427]},"properties":{"line":"M42L","mode":"bus","color":"#0059a9","colorDark":"#00294f","band":2,"off":[0,1.1]}},{"type":"Feature","geometry":{"type":"Point","coordinates":[23.735568,46.798827]},"properties":{"name":"Guhring S","band":2,"modes":"bus","arr":["M42","M42L"],"off":[0,-0.8]}},{"type":"Feature","geometry":{"type":"Point","coordinates":[23.735568,46.798827]},"properties":{"name":"Guhring N","band":2,"modes":"bus","arr":["M42","M42L"],"off":[0,-1.9]}},{"type":"Feature","geometry":{"type":"Point","coordinates":[23.735568,46.798827]},"properties":{"line":"M42","mode":"bus","color":"#0059a9","colorDark":"#00294f","band":2,"off":[-1.7,1.1]}},{"type":"Feature","geometry":{"type":"Point","coordinates":[23.735568,46.798827]},"properties":{"line":"M42L","mode":"bus","color":"#0059a9","colorDark":"#00294f","band":2,"off":[1.7,1.1]}},{"type":"Feature","geometry":{"type":"Point","coordinates":[23.726765,46.762694]},"properties":{"name":"M-Lacului","band":2,"modes":"bus","arr":["M43"],"off":[0,-0.8]}},{"type":"Feature","geometry":{"type":"Point","coordinates":[23.726765,46.762694]},"properties":{"line":"M43","mode":"bus","color":"#0059a9","colorDark":"#00294f","band":2,"off":[0,1.1]}},{"type":"Feature","geometry":{"type":"Point","coordinates":[23.824011,46.788537]},"properties":{"name":"M-Biserica Corpadea Sosire","band":2,"modes":"bus","arr":["M44"],"off":[0,-0.8]}},{"type":"Feature","geometry":{"type":"Point","coordinates":[23.824011,46.788537]},"properties":{"name":"M-Biserica Corpadea Plecare","band":2,"modes":"bus","arr":["M44"],"off":[0,-3]}},{"type":"Feature","geometry":{"type":"Point","coordinates":[23.824011,46.788537]},"properties":{"line":"M44","mode":"bus","color":"#0059a9","colorDark":"#00294f","band":2,"off":[0,1.1]}},{"type":"Feature","geometry":{"type":"Point","coordinates":[23.749299,46.725373]},"properties":{"name":"M-Primărie Pata Sosire","band":2,"modes":"bus","arr":["M45"],"off":[0,-0.8]}},{"type":"Feature","geometry":{"type":"Point","coordinates":[23.749299,46.725373]},"properties":{"name":"M-Primărie Pata Plecare","band":2,"modes":"bus","arr":["M45"],"off":[0,-3]}},{"type":"Feature","geometry":{"type":"Point","coordinates":[23.749299,46.725373]},"properties":{"line":"M45","mode":"bus","color":"#0059a9","colorDark":"#00294f","band":2,"off":[0,1.1]}},{"type":"Feature","geometry":{"type":"Point","coordinates":[23.360851,46.764498]},"properties":{"name":"M Pensiunea Dalia Gilau Sud","band":2,"modes":"bus","arr":["M51"],"off":[0,-0.8]}},{"type":"Feature","geometry":{"type":"Point","coordinates":[23.360851,46.764498]},"properties":{"name":"M Pensiunea Dalia Gilau Nord","band":2,"modes":"bus","arr":["M51"],"off":[0,-3]}},{"type":"Feature","geometry":{"type":"Point","coordinates":[23.360851,46.764498]},"properties":{"line":"M51","mode":"bus","color":"#0059a9","colorDark":"#00294f","band":2,"off":[0,1.1]}},{"type":"Feature","geometry":{"type":"Point","coordinates":[23.288839,46.686094]},"properties":{"name":"M Uzina Electrica Nord","band":2,"modes":"bus","arr":["M52"],"off":[0,-0.8]}},{"type":"Feature","geometry":{"type":"Point","coordinates":[23.288839,46.686094]},"properties":{"line":"M52","mode":"bus","color":"#0059a9","colorDark":"#00294f","band":2,"off":[0,1.1]}},{"type":"Feature","geometry":{"type":"Point","coordinates":[23.69067,46.680728]},"properties":{"name":"M Centru S","band":2,"modes":"bus","arr":["M61"],"off":[0,-0.8]}},{"type":"Feature","geometry":{"type":"Point","coordinates":[23.69067,46.680728]},"properties":{"name":"M Centru N","band":2,"modes":"bus","arr":["M61"],"off":[0,-1.9]}},{"type":"Feature","geometry":{"type":"Point","coordinates":[23.69067,46.680728]},"properties":{"line":"M61","mode":"bus","color":"#0059a9","colorDark":"#00294f","band":2,"off":[0,1.1]}},{"type":"Feature","geometry":{"type":"Point","coordinates":[23.658128,46.579133]},"properties":{"name":"M Primaria Petrestii de Jos S","band":2,"modes":"bus","arr":["M71"],"off":[0,-0.8]}},{"type":"Feature","geometry":{"type":"Point","coordinates":[23.658128,46.579133]},"properties":{"line":"M71","mode":"bus","color":"#0059a9","colorDark":"#00294f","band":2,"off":[0,1.1]}},{"type":"Feature","geometry":{"type":"Point","coordinates":[23.456479,46.67652]},"properties":{"name":"M - Savadisla01","band":2,"modes":"bus","arr":["M81"],"off":[0,-0.8]}},{"type":"Feature","geometry":{"type":"Point","coordinates":[23.456479,46.67652]},"properties":{"line":"M81","mode":"bus","color":"#0059a9","colorDark":"#00294f","band":2,"off":[0,1.1]}},{"type":"Feature","geometry":{"type":"Point","coordinates":[23.456666,46.674947]},"properties":{"name":"M - Savadisla02","band":2,"modes":"bus","arr":["M81"],"off":[0,-0.8]}},{"type":"Feature","geometry":{"type":"Point","coordinates":[23.456666,46.674947]},"properties":{"line":"M81","mode":"bus","color":"#0059a9","colorDark":"#00294f","band":2,"off":[0,1.1]}},{"type":"Feature","geometry":{"type":"Point","coordinates":[23.646549,46.796452]},"properties":{"name":"Disp. Tram CUG","band":2,"modes":"tram","arr":["100","102"],"off":[0,-0.8]}},{"type":"Feature","geometry":{"type":"Point","coordinates":[23.646549,46.796452]},"properties":{"line":"100","mode":"tram","color":"#d6212b","colorDark":"#7c1116","band":2,"off":[-1.7,1.1]}},{"type":"Feature","geometry":{"type":"Point","coordinates":[23.646549,46.796452]},"properties":{"line":"102","mode":"tram","color":"#d6212b","colorDark":"#7c1116","band":2,"off":[1.7,1.1]}},{"type":"Feature","geometry":{"type":"Point","coordinates":[23.587242,46.784208]},"properties":{"name":"P-ța Gării Noi","band":2,"modes":"tram","arr":["100","101"],"off":[0,-0.8]}},{"type":"Feature","geometry":{"type":"Point","coordinates":[23.587242,46.784208]},"properties":{"line":"100","mode":"tram","color":"#d6212b","colorDark":"#7c1116","band":2,"off":[-1.7,1.1]}},{"type":"Feature","geometry":{"type":"Point","coordinates":[23.587242,46.784208]},"properties":{"line":"101","mode":"tram","color":"#d6212b","colorDark":"#7c1116","band":2,"off":[1.7,1.1]}},{"type":"Feature","geometry":{"type":"Point","coordinates":[23.658949,46.797051]},"properties":{"name":"DEPOU Vest","band":2,"modes":"tram","arr":["102L"],"off":[0,-0.8]}},{"type":"Feature","geometry":{"type":"Point","coordinates":[23.658949,46.797051]},"properties":{"line":"102L","mode":"tram","color":"#d6212b","colorDark":"#7c1116","band":2,"off":[0,1.1]}},{"type":"Feature","geometry":{"type":"Point","coordinates":[23.659645,46.79566]},"properties":{"name":"DEPOU_Tram","band":2,"modes":"tram","arr":["102L"],"off":[0,-0.8]}},{"type":"Feature","geometry":{"type":"Point","coordinates":[23.659645,46.79566]},"properties":{"line":"102L","mode":"tram","color":"#d6212b","colorDark":"#7c1116","band":2,"off":[0,1.1]}},{"type":"Feature","geometry":{"type":"Point","coordinates":[23.543245,46.751472]},"properties":{"name":"Disp. Clăbucet","band":3,"modes":"bus,tram","arr":["1","6","9","14","24","25","25N","52","52L","101","102","102L","M21","M22","M24","M25","M27","M51","M52","M81"],"off":[0,-0.8]}},{"type":"Feature","geometry":{"type":"Point","coordinates":[23.543245,46.751472]},"properties":{"name":"Disp. Bucium","band":3,"modes":"bus,tram","arr":["1","6","9","14","24","25","25N","52","52L","101","102","102L","M21","M22","M24","M25","M27","M51","M52","M81"],"off":[0,-1.9]}},{"type":"Feature","geometry":{"type":"Point","coordinates":[23.543245,46.751472]},"properties":{"line":"1","mode":"bus","color":"#149a3f","colorDark":"#0a5121","band":3,"off":[-6.8,1.1]}},{"type":"Feature","geometry":{"type":"Point","coordinates":[23.543245,46.751472]},"properties":{"line":"6","mode":"bus","color":"#149a3f","colorDark":"#0a5121","band":3,"off":[-3.4,1.1]}},{"type":"Feature","geometry":{"type":"Point","coordinates":[23.543245,46.751472]},"properties":{"line":"9","mode":"bus","color":"#0059a9","colorDark":"#00294f","band":3,"off":[0,1.1]}},{"type":"Feature","geometry":{"type":"Point","coordinates":[23.543245,46.751472]},"properties":{"line":"14","mode":"bus","color":"#149a3f","colorDark":"#0a5121","band":3,"off":[3.4,1.1]}},{"type":"Feature","geometry":{"type":"Point","coordinates":[23.543245,46.751472]},"properties":{"line":"24","mode":"bus","color":"#0059a9","colorDark":"#00294f","band":3,"off":[6.8,1.1]}},{"type":"Feature","geometry":{"type":"Point","coordinates":[23.543245,46.751472]},"properties":{"line":"25","mode":"bus","color":"#149a3f","colorDark":"#0a5121","band":3,"off":[-6.8,3.1]}},{"type":"Feature","geometry":{"type":"Point","coordinates":[23.543245,46.751472]},"properties":{"line":"25N","mode":"bus","color":"#149a3f","colorDark":"#0a5121","band":3,"off":[-3.4,3.1]}},{"type":"Feature","geometry":{"type":"Point","coordinates":[23.543245,46.751472]},"properties":{"line":"52","mode":"bus","color":"#0059a9","colorDark":"#00294f","band":3,"off":[0,3.1]}},{"type":"Feature","geometry":{"type":"Point","coordinates":[23.543245,46.751472]},"properties":{"line":"52L","mode":"bus","color":"#0059a9","colorDark":"#00294f","band":3,"off":[3.4,3.1]}},{"type":"Feature","geometry":{"type":"Point","coordinates":[23.543245,46.751472]},"properties":{"line":"101","mode":"tram","color":"#d6212b","colorDark":"#7c1116","band":3,"off":[6.8,3.1]}},{"type":"Feature","geometry":{"type":"Point","coordinates":[23.543245,46.751472]},"properties":{"line":"102","mode":"tram","color":"#d6212b","colorDark":"#7c1116","band":3,"off":[-6.8,5.1]}},{"type":"Feature","geometry":{"type":"Point","coordinates":[23.543245,46.751472]},"properties":{"line":"102L","mode":"tram","color":"#d6212b","colorDark":"#7c1116","band":3,"off":[-3.4,5.1]}},{"type":"Feature","geometry":{"type":"Point","coordinates":[23.543245,46.751472]},"properties":{"line":"M21","mode":"bus","color":"#0059a9","colorDark":"#00294f","band":3,"off":[0,5.1]}},{"type":"Feature","geometry":{"type":"Point","coordinates":[23.543245,46.751472]},"properties":{"line":"M22","mode":"bus","color":"#0059a9","colorDark":"#00294f","band":3,"off":[3.4,5.1]}},{"type":"Feature","geometry":{"type":"Point","coordinates":[23.543245,46.751472]},"properties":{"line":"M24","mode":"bus","color":"#0059a9","colorDark":"#00294f","band":3,"off":[6.8,5.1]}},{"type":"Feature","geometry":{"type":"Point","coordinates":[23.543245,46.751472]},"properties":{"line":"M25","mode":"bus","color":"#0059a9","colorDark":"#00294f","band":3,"off":[-6.8,7.1]}},{"type":"Feature","geometry":{"type":"Point","coordinates":[23.543245,46.751472]},"properties":{"line":"M27","mode":"bus","color":"#0059a9","colorDark":"#00294f","band":3,"off":[-3.4,7.1]}},{"type":"Feature","geometry":{"type":"Point","coordinates":[23.543245,46.751472]},"properties":{"line":"M51","mode":"bus","color":"#0059a9","colorDark":"#00294f","band":3,"off":[0,7.1]}},{"type":"Feature","geometry":{"type":"Point","coordinates":[23.543245,46.751472]},"properties":{"line":"M52","mode":"bus","color":"#0059a9","colorDark":"#00294f","band":3,"off":[3.4,7.1]}},{"type":"Feature","geometry":{"type":"Point","coordinates":[23.543245,46.751472]},"properties":{"line":"M81","mode":"bus","color":"#0059a9","colorDark":"#00294f","band":3,"off":[6.8,7.1]}},{"type":"Feature","geometry":{"type":"Point","coordinates":[23.561942,46.75549]},"properties":{"name":"Izlazului","band":3,"modes":"bus","arr":["7"],"off":[0,-0.8]}},{"type":"Feature","geometry":{"type":"Point","coordinates":[23.561942,46.75549]},"properties":{"line":"7","mode":"bus","color":"#149a3f","colorDark":"#0a5121","band":3,"off":[0,1.1]}},{"type":"Feature","geometry":{"type":"Point","coordinates":[23.60553,46.786226]},"properties":{"name":"P-ța 1 Mai Sosire","band":3,"modes":"bus","arr":["1","41"],"off":[0,-0.8]}},{"type":"Feature","geometry":{"type":"Point","coordinates":[23.60553,46.786226]},"properties":{"name":"P-ța 1 Mai","band":3,"modes":"bus","arr":["1","41"],"off":[0,-1.9]}},{"type":"Feature","geometry":{"type":"Point","coordinates":[23.60553,46.786226]},"properties":{"line":"1","mode":"bus","color":"#149a3f","colorDark":"#0a5121","band":3,"off":[-1.7,1.1]}},{"type":"Feature","geometry":{"type":"Point","coordinates":[23.60553,46.786226]},"properties":{"line":"41","mode":"bus","color":"#0059a9","colorDark":"#00294f","band":3,"off":[1.7,1.1]}},{"type":"Feature","geometry":{"type":"Point","coordinates":[23.590545,46.775587]},"properties":{"name":"Pod Traian","band":3,"modes":"bus","arr":["19","31","37","38","39","39L","42","56","M31"],"off":[0,-0.8]}},{"type":"Feature","geometry":{"type":"Point","coordinates":[23.590545,46.775587]},"properties":{"name":"P-ța M. Viteazul Est","band":3,"modes":"bus","arr":["19","31","37","38","39","39L","42","56","M31"],"off":[0,-1.9]}},{"type":"Feature","geometry":{"type":"Point","coordinates":[23.590545,46.775587]},"properties":{"line":"19","mode":"bus","color":"#0059a9","colorDark":"#00294f","band":3,"off":[-6.8,1.1]}},{"type":"Feature","geometry":{"type":"Point","coordinates":[23.590545,46.775587]},"properties":{"line":"31","mode":"bus","color":"#0059a9","colorDark":"#00294f","band":3,"off":[-3.4,1.1]}},{"type":"Feature","geometry":{"type":"Point","coordinates":[23.590545,46.775587]},"properties":{"line":"37","mode":"bus","color":"#0059a9","colorDark":"#00294f","band":3,"off":[0,1.1]}},{"type":"Feature","geometry":{"type":"Point","coordinates":[23.590545,46.775587]},"properties":{"line":"38","mode":"bus","color":"#0059a9","colorDark":"#00294f","band":3,"off":[3.4,1.1]}},{"type":"Feature","geometry":{"type":"Point","coordinates":[23.590545,46.775587]},"properties":{"line":"39","mode":"bus","color":"#0059a9","colorDark":"#00294f","band":3,"off":[6.8,1.1]}},{"type":"Feature","geometry":{"type":"Point","coordinates":[23.590545,46.775587]},"properties":{"line":"39L","mode":"bus","color":"#0059a9","colorDark":"#00294f","band":3,"off":[-5.1,3.1]}},{"type":"Feature","geometry":{"type":"Point","coordinates":[23.590545,46.775587]},"properties":{"line":"42","mode":"bus","color":"#0059a9","colorDark":"#00294f","band":3,"off":[-1.7,3.1]}},{"type":"Feature","geometry":{"type":"Point","coordinates":[23.590545,46.775587]},"properties":{"line":"56","mode":"bus","color":"#0059a9","colorDark":"#00294f","band":3,"off":[1.7,3.1]}},{"type":"Feature","geometry":{"type":"Point","coordinates":[23.590545,46.775587]},"properties":{"line":"M31","mode":"bus","color":"#0059a9","colorDark":"#00294f","band":3,"off":[5.1,3.1]}},{"type":"Feature","geometry":{"type":"Point","coordinates":[23.6302,46.768141]},"properties":{"name":"Disp. Unirii","band":3,"modes":"bus","arr":["3","10","24","24B","25N","45"],"off":[0,-0.8]}},{"type":"Feature","geometry":{"type":"Point","coordinates":[23.6302,46.768141]},"properties":{"line":"3","mode":"bus","color":"#149a3f","colorDark":"#0a5121","band":3,"off":[-6.8,1.1]}},{"type":"Feature","geometry":{"type":"Point","coordinates":[23.6302,46.768141]},"properties":{"line":"10","mode":"bus","color":"#149a3f","colorDark":"#0a5121","band":3,"off":[-3.4,1.1]}},{"type":"Feature","geometry":{"type":"Point","coordinates":[23.6302,46.768141]},"properties":{"line":"24","mode":"bus","color":"#0059a9","colorDark":"#00294f","band":3,"off":[0,1.1]}},{"type":"Feature","geometry":{"type":"Point","coordinates":[23.6302,46.768141]},"properties":{"line":"24B","mode":"bus","color":"#0059a9","colorDark":"#00294f","band":3,"off":[3.4,1.1]}},{"type":"Feature","geometry":{"type":"Point","coordinates":[23.6302,46.768141]},"properties":{"line":"25N","mode":"bus","color":"#149a3f","colorDark":"#0a5121","band":3,"off":[6.8,1.1]}},{"type":"Feature","geometry":{"type":"Point","coordinates":[23.6302,46.768141]},"properties":{"line":"45","mode":"bus","color":"#0059a9","colorDark":"#00294f","band":3,"off":[0,3.1]}},{"type":"Feature","geometry":{"type":"Point","coordinates":[23.628432,46.76791]},"properties":{"name":"Snagov Nord","band":3,"modes":"bus","arr":["25"],"off":[0,-0.8]}},{"type":"Feature","geometry":{"type":"Point","coordinates":[23.628432,46.76791]},"properties":{"line":"25","mode":"bus","color":"#149a3f","colorDark":"#0a5121","band":3,"off":[0,1.1]}},{"type":"Feature","geometry":{"type":"Point","coordinates":[23.597261,46.771338]},"properties":{"name":"P-ța Avram Iancu","band":3,"modes":"bus","arr":["46L"],"off":[0,-0.8]}},{"type":"Feature","geometry":{"type":"Point","coordinates":[23.597261,46.771338]},"properties":{"line":"46L","mode":"bus","color":"#0059a9","colorDark":"#00294f","band":3,"off":[0,1.1]}},{"type":"Feature","geometry":{"type":"Point","coordinates":[23.588382,46.783932]},"properties":{"name":"P-ța Gării Vechi","band":3,"modes":"bus,tram","arr":["3","4","5","5N","9","22","27","32B","34","35","100","M39","M39L"],"off":[0,-0.8]}},{"type":"Feature","geometry":{"type":"Point","coordinates":[23.588382,46.783932]},"properties":{"name":"P-ța Gării Sud","band":3,"modes":"bus,tram","arr":["3","4","5","5N","9","22","27","32B","34","35","100","M39","M39L"],"off":[0,-1.9]}},{"type":"Feature","geometry":{"type":"Point","coordinates":[23.588382,46.783932]},"properties":{"name":"P-ța Gării Sosire","band":3,"modes":"bus,tram","arr":["3","4","5","5N","9","22","27","32B","34","35","100","M39","M39L"],"off":[0,-3]}},{"type":"Feature","geometry":{"type":"Point","coordinates":[23.588382,46.783932]},"properties":{"line":"3","mode":"bus","color":"#149a3f","colorDark":"#0a5121","band":3,"off":[-6.8,1.1]}},{"type":"Feature","geometry":{"type":"Point","coordinates":[23.588382,46.783932]},"properties":{"line":"4","mode":"bus","color":"#149a3f","colorDark":"#0a5121","band":3,"off":[-3.4,1.1]}},{"type":"Feature","geometry":{"type":"Point","coordinates":[23.588382,46.783932]},"properties":{"line":"5","mode":"bus","color":"#149a3f","colorDark":"#0a5121","band":3,"off":[0,1.1]}},{"type":"Feature","geometry":{"type":"Point","coordinates":[23.588382,46.783932]},"properties":{"line":"5N","mode":"bus","color":"#149a3f","colorDark":"#0a5121","band":3,"off":[3.4,1.1]}},{"type":"Feature","geometry":{"type":"Point","coordinates":[23.588382,46.783932]},"properties":{"line":"9","mode":"bus","color":"#0059a9","colorDark":"#00294f","band":3,"off":[6.8,1.1]}},{"type":"Feature","geometry":{"type":"Point","coordinates":[23.588382,46.783932]},"properties":{"line":"22","mode":"bus","color":"#0059a9","colorDark":"#00294f","band":3,"off":[-6.8,3.1]}},{"type":"Feature","geometry":{"type":"Point","coordinates":[23.588382,46.783932]},"properties":{"line":"27","mode":"bus","color":"#0059a9","colorDark":"#00294f","band":3,"off":[-3.4,3.1]}},{"type":"Feature","geometry":{"type":"Point","coordinates":[23.588382,46.783932]},"properties":{"line":"32B","mode":"bus","color":"#0059a9","colorDark":"#00294f","band":3,"off":[0,3.1]}},{"type":"Feature","geometry":{"type":"Point","coordinates":[23.588382,46.783932]},"properties":{"line":"34","mode":"bus","color":"#0059a9","colorDark":"#00294f","band":3,"off":[3.4,3.1]}},{"type":"Feature","geometry":{"type":"Point","coordinates":[23.588382,46.783932]},"properties":{"line":"35","mode":"bus","color":"#0059a9","colorDark":"#00294f","band":3,"off":[6.8,3.1]}},{"type":"Feature","geometry":{"type":"Point","coordinates":[23.588382,46.783932]},"properties":{"line":"100","mode":"tram","color":"#d6212b","colorDark":"#7c1116","band":3,"off":[-3.4,5.1]}},{"type":"Feature","geometry":{"type":"Point","coordinates":[23.588382,46.783932]},"properties":{"line":"M39","mode":"bus","color":"#0059a9","colorDark":"#00294f","band":3,"off":[0,5.1]}},{"type":"Feature","geometry":{"type":"Point","coordinates":[23.588382,46.783932]},"properties":{"line":"M39L","mode":"bus","color":"#0059a9","colorDark":"#00294f","band":3,"off":[3.4,5.1]}},{"type":"Feature","geometry":{"type":"Point","coordinates":[23.591539,46.774915]},"properties":{"name":"I.P. Voitești","band":3,"modes":"bus","arr":["23"],"off":[0,-0.8]}},{"type":"Feature","geometry":{"type":"Point","coordinates":[23.591539,46.774915]},"properties":{"line":"23","mode":"bus","color":"#149a3f","colorDark":"#0a5121","band":3,"off":[0,1.1]}},{"type":"Feature","geometry":{"type":"Point","coordinates":[23.59685,46.770171]},"properties":{"name":"Teatru","band":3,"modes":"bus","arr":["46","46L"],"off":[0,-0.8]}},{"type":"Feature","geometry":{"type":"Point","coordinates":[23.59685,46.770171]},"properties":{"line":"46","mode":"bus","color":"#0059a9","colorDark":"#00294f","band":3,"off":[-1.7,1.1]}},{"type":"Feature","geometry":{"type":"Point","coordinates":[23.59685,46.770171]},"properties":{"line":"46L","mode":"bus","color":"#0059a9","colorDark":"#00294f","band":3,"off":[1.7,1.1]}},{"type":"Feature","geometry":{"type":"Point","coordinates":[23.636966,46.78203]},"properties":{"name":"EXPO Transilvania","band":3,"modes":"bus","arr":["4","6","7","12","30","46B","47"],"off":[0,-0.8]}},{"type":"Feature","geometry":{"type":"Point","coordinates":[23.636966,46.78203]},"properties":{"name":"Disp. IRA","band":3,"modes":"bus","arr":["4","6","7","12","30","46B","47"],"off":[0,-1.9]}},{"type":"Feature","geometry":{"type":"Point","coordinates":[23.636966,46.78203]},"properties":{"line":"4","mode":"bus","color":"#149a3f","colorDark":"#0a5121","band":3,"off":[-6.8,1.1]}},{"type":"Feature","geometry":{"type":"Point","coordinates":[23.636966,46.78203]},"properties":{"line":"6","mode":"bus","color":"#149a3f","colorDark":"#0a5121","band":3,"off":[-3.4,1.1]}},{"type":"Feature","geometry":{"type":"Point","coordinates":[23.636966,46.78203]},"properties":{"line":"7","mode":"bus","color":"#149a3f","colorDark":"#0a5121","band":3,"off":[0,1.1]}},{"type":"Feature","geometry":{"type":"Point","coordinates":[23.636966,46.78203]},"properties":{"line":"12","mode":"bus","color":"#149a3f","colorDark":"#0a5121","band":3,"off":[3.4,1.1]}},{"type":"Feature","geometry":{"type":"Point","coordinates":[23.636966,46.78203]},"properties":{"line":"30","mode":"bus","color":"#0059a9","colorDark":"#00294f","band":3,"off":[6.8,1.1]}},{"type":"Feature","geometry":{"type":"Point","coordinates":[23.636966,46.78203]},"properties":{"line":"46B","mode":"bus","color":"#0059a9","colorDark":"#00294f","band":3,"off":[-1.7,3.1]}},{"type":"Feature","geometry":{"type":"Point","coordinates":[23.636966,46.78203]},"properties":{"line":"47","mode":"bus","color":"#0059a9","colorDark":"#00294f","band":3,"off":[1.7,3.1]}},{"type":"Feature","geometry":{"type":"Point","coordinates":[23.61655,46.778661]},"properties":{"name":"Mareșal C-tin Prezan","band":3,"modes":"bus","arr":["8L","M41","M41L","M42","M42L","M43","M44","M45"],"off":[0,-0.8]}},{"type":"Feature","geometry":{"type":"Point","coordinates":[23.61655,46.778661]},"properties":{"name":"Arte Plastice","band":3,"modes":"bus","arr":["8L","M41","M41L","M42","M42L","M43","M44","M45"],"off":[0,-3]}},{"type":"Feature","geometry":{"type":"Point","coordinates":[23.61655,46.778661]},"properties":{"line":"8L","mode":"bus","color":"#0059a9","colorDark":"#00294f","band":3,"off":[-6.8,1.1]}},{"type":"Feature","geometry":{"type":"Point","coordinates":[23.61655,46.778661]},"properties":{"line":"M41","mode":"bus","color":"#0059a9","colorDark":"#00294f","band":3,"off":[-3.4,1.1]}},{"type":"Feature","geometry":{"type":"Point","coordinates":[23.61655,46.778661]},"properties":{"line":"M41L","mode":"bus","color":"#0059a9","colorDark":"#00294f","band":3,"off":[0,1.1]}},{"type":"Feature","geometry":{"type":"Point","coordinates":[23.61655,46.778661]},"properties":{"line":"M42","mode":"bus","color":"#0059a9","colorDark":"#00294f","band":3,"off":[3.4,1.1]}},{"type":"Feature","geometry":{"type":"Point","coordinates":[23.61655,46.778661]},"properties":{"line":"M42L","mode":"bus","color":"#0059a9","colorDark":"#00294f","band":3,"off":[6.8,1.1]}},{"type":"Feature","geometry":{"type":"Point","coordinates":[23.61655,46.778661]},"properties":{"line":"M43","mode":"bus","color":"#0059a9","colorDark":"#00294f","band":3,"off":[-3.4,3.1]}},{"type":"Feature","geometry":{"type":"Point","coordinates":[23.61655,46.778661]},"properties":{"line":"M44","mode":"bus","color":"#0059a9","colorDark":"#00294f","band":3,"off":[0,3.1]}},{"type":"Feature","geometry":{"type":"Point","coordinates":[23.61655,46.778661]},"properties":{"line":"M45","mode":"bus","color":"#0059a9","colorDark":"#00294f","band":3,"off":[3.4,3.1]}},{"type":"Feature","geometry":{"type":"Point","coordinates":[23.697144,46.781918]},"properties":{"name":"Electromontaj Sud","band":3,"modes":"bus","arr":["5","5N","8"],"off":[0,-0.8]}},{"type":"Feature","geometry":{"type":"Point","coordinates":[23.697144,46.781918]},"properties":{"name":"Electromontaj Nord","band":3,"modes":"bus","arr":["5","5N","8"],"off":[0,-1.9]}},{"type":"Feature","geometry":{"type":"Point","coordinates":[23.697144,46.781918]},"properties":{"line":"5","mode":"bus","color":"#149a3f","colorDark":"#0a5121","band":3,"off":[-3.4,1.1]}},{"type":"Feature","geometry":{"type":"Point","coordinates":[23.697144,46.781918]},"properties":{"line":"5N","mode":"bus","color":"#149a3f","colorDark":"#0a5121","band":3,"off":[0,1.1]}},{"type":"Feature","geometry":{"type":"Point","coordinates":[23.697144,46.781918]},"properties":{"line":"8","mode":"bus","color":"#149a3f","colorDark":"#0a5121","band":3,"off":[3.4,1.1]}},{"type":"Feature","geometry":{"type":"Point","coordinates":[23.589666,46.773872]},"properties":{"name":"P-ța M.Viteazu Sosire","band":3,"modes":"bus","arr":["8","19","21","28","28B","29S","32","33","36B","36L","42","47","53","A1","M26"],"off":[0,-0.8]}},{"type":"Feature","geometry":{"type":"Point","coordinates":[23.589666,46.773872]},"properties":{"name":"P-ța M. Viteazul Vest","band":3,"modes":"bus","arr":["8","19","21","28","28B","29S","32","33","36B","36L","42","47","53","A1","M26"],"off":[0,-3]}},{"type":"Feature","geometry":{"type":"Point","coordinates":[23.589666,46.773872]},"properties":{"name":"P-ța M. Viteazul Sud","band":3,"modes":"bus","arr":["8","19","21","28","28B","29S","32","33","36B","36L","42","47","53","A1","M26"],"off":[0,-5.2]}},{"type":"Feature","geometry":{"type":"Point","coordinates":[23.589666,46.773872]},"properties":{"line":"8","mode":"bus","color":"#149a3f","colorDark":"#0a5121","band":3,"off":[-6.8,1.1]}},{"type":"Feature","geometry":{"type":"Point","coordinates":[23.589666,46.773872]},"properties":{"line":"19","mode":"bus","color":"#0059a9","colorDark":"#00294f","band":3,"off":[-3.4,1.1]}},{"type":"Feature","geometry":{"type":"Point","coordinates":[23.589666,46.773872]},"properties":{"line":"21","mode":"bus","color":"#0059a9","colorDark":"#00294f","band":3,"off":[0,1.1]}},{"type":"Feature","geometry":{"type":"Point","coordinates":[23.589666,46.773872]},"properties":{"line":"28","mode":"bus","color":"#0059a9","colorDark":"#00294f","band":3,"off":[3.4,1.1]}},{"type":"Feature","geometry":{"type":"Point","coordinates":[23.589666,46.773872]},"properties":{"line":"28B","mode":"bus","color":"#0059a9","colorDark":"#00294f","band":3,"off":[6.8,1.1]}},{"type":"Feature","geometry":{"type":"Point","coordinates":[23.589666,46.773872]},"properties":{"line":"29S","mode":"bus","color":"#0059a9","colorDark":"#00294f","band":3,"off":[-6.8,3.1]}},{"type":"Feature","geometry":{"type":"Point","coordinates":[23.589666,46.773872]},"properties":{"line":"32","mode":"bus","color":"#0059a9","colorDark":"#00294f","band":3,"off":[-3.4,3.1]}},{"type":"Feature","geometry":{"type":"Point","coordinates":[23.589666,46.773872]},"properties":{"line":"33","mode":"bus","color":"#0059a9","colorDark":"#00294f","band":3,"off":[0,3.1]}},{"type":"Feature","geometry":{"type":"Point","coordinates":[23.589666,46.773872]},"properties":{"line":"36B","mode":"bus","color":"#0059a9","colorDark":"#00294f","band":3,"off":[3.4,3.1]}},{"type":"Feature","geometry":{"type":"Point","coordinates":[23.589666,46.773872]},"properties":{"line":"36L","mode":"bus","color":"#0059a9","colorDark":"#00294f","band":3,"off":[6.8,3.1]}},{"type":"Feature","geometry":{"type":"Point","coordinates":[23.589666,46.773872]},"properties":{"line":"42","mode":"bus","color":"#0059a9","colorDark":"#00294f","band":3,"off":[-6.8,5.1]}},{"type":"Feature","geometry":{"type":"Point","coordinates":[23.589666,46.773872]},"properties":{"line":"47","mode":"bus","color":"#0059a9","colorDark":"#00294f","band":3,"off":[-3.4,5.1]}},{"type":"Feature","geometry":{"type":"Point","coordinates":[23.589666,46.773872]},"properties":{"line":"53","mode":"bus","color":"#0059a9","colorDark":"#00294f","band":3,"off":[0,5.1]}},{"type":"Feature","geometry":{"type":"Point","coordinates":[23.589666,46.773872]},"properties":{"line":"A1","mode":"bus","color":"#0059a9","colorDark":"#00294f","band":3,"off":[3.4,5.1]}},{"type":"Feature","geometry":{"type":"Point","coordinates":[23.589666,46.773872]},"properties":{"line":"M26","mode":"bus","color":"#0059a9","colorDark":"#00294f","band":3,"off":[6.8,5.1]}},{"type":"Feature","geometry":{"type":"Point","coordinates":[23.710521,46.781449]},"properties":{"name":"Piața AGRO Sosire","band":3,"modes":"bus","arr":["8L"],"off":[0,-0.8]}},{"type":"Feature","geometry":{"type":"Point","coordinates":[23.710521,46.781449]},"properties":{"name":"AGRO Transilvania","band":3,"modes":"bus","arr":["8L"],"off":[0,-1.9]}},{"type":"Feature","geometry":{"type":"Point","coordinates":[23.710521,46.781449]},"properties":{"line":"8L","mode":"bus","color":"#0059a9","colorDark":"#00294f","band":3,"off":[0,1.1]}},{"type":"Feature","geometry":{"type":"Point","coordinates":[23.543482,46.752826]},"properties":{"name":"Academia de Muzica","band":3,"modes":"bus","arr":["52L"],"off":[0,-0.8]}},{"type":"Feature","geometry":{"type":"Point","coordinates":[23.543482,46.752826]},"properties":{"line":"52L","mode":"bus","color":"#0059a9","colorDark":"#00294f","band":3,"off":[0,1.1]}},{"type":"Feature","geometry":{"type":"Point","coordinates":[23.63525,46.796279]},"properties":{"name":"ERS CUG Sud","band":3,"modes":"bus","arr":["10","12","14","23","26","48","50"],"off":[0,-0.8]}},{"type":"Feature","geometry":{"type":"Point","coordinates":[23.63525,46.796279]},"properties":{"name":"ERS CUG Nord","band":3,"modes":"bus","arr":["10","12","14","23","26","48","50"],"off":[0,-1.9]}},{"type":"Feature","geometry":{"type":"Point","coordinates":[23.63525,46.796279]},"properties":{"name":"Disp. ERS CUG","band":3,"modes":"bus","arr":["10","12","14","23","26","48","50"],"off":[0,-3]}},{"type":"Feature","geometry":{"type":"Point","coordinates":[23.63525,46.796279]},"properties":{"line":"10","mode":"bus","color":"#149a3f","colorDark":"#0a5121","band":3,"off":[-6.8,1.1]}},{"type":"Feature","geometry":{"type":"Point","coordinates":[23.63525,46.796279]},"properties":{"line":"12","mode":"bus","color":"#149a3f","colorDark":"#0a5121","band":3,"off":[-3.4,1.1]}},{"type":"Feature","geometry":{"type":"Point","coordinates":[23.63525,46.796279]},"properties":{"line":"14","mode":"bus","color":"#149a3f","colorDark":"#0a5121","band":3,"off":[0,1.1]}},{"type":"Feature","geometry":{"type":"Point","coordinates":[23.63525,46.796279]},"properties":{"line":"23","mode":"bus","color":"#149a3f","colorDark":"#0a5121","band":3,"off":[3.4,1.1]}},{"type":"Feature","geometry":{"type":"Point","coordinates":[23.63525,46.796279]},"properties":{"line":"26","mode":"bus","color":"#0059a9","colorDark":"#00294f","band":3,"off":[6.8,1.1]}},{"type":"Feature","geometry":{"type":"Point","coordinates":[23.63525,46.796279]},"properties":{"line":"48","mode":"bus","color":"#0059a9","colorDark":"#00294f","band":3,"off":[-1.7,3.1]}},{"type":"Feature","geometry":{"type":"Point","coordinates":[23.63525,46.796279]},"properties":{"line":"50","mode":"bus","color":"#0059a9","colorDark":"#00294f","band":3,"off":[1.7,3.1]}},{"type":"Feature","geometry":{"type":"Point","coordinates":[23.598488,46.768488]},"properties":{"name":"Posada","band":3,"modes":"bus","arr":["18","20","40","M11","M12","M13","M16","M17","M18","M61","M71"],"off":[0,-0.8]}},{"type":"Feature","geometry":{"type":"Point","coordinates":[23.598488,46.768488]},"properties":{"line":"18","mode":"bus","color":"#0059a9","colorDark":"#00294f","band":3,"off":[-6.8,1.1]}},{"type":"Feature","geometry":{"type":"Point","coordinates":[23.598488,46.768488]},"properties":{"line":"20","mode":"bus","color":"#0059a9","colorDark":"#00294f","band":3,"off":[-3.4,1.1]}},{"type":"Feature","geometry":{"type":"Point","coordinates":[23.598488,46.768488]},"properties":{"line":"40","mode":"bus","color":"#0059a9","colorDark":"#00294f","band":3,"off":[0,1.1]}},{"type":"Feature","geometry":{"type":"Point","coordinates":[23.598488,46.768488]},"properties":{"line":"M11","mode":"bus","color":"#0059a9","colorDark":"#00294f","band":3,"off":[3.4,1.1]}},{"type":"Feature","geometry":{"type":"Point","coordinates":[23.598488,46.768488]},"properties":{"line":"M12","mode":"bus","color":"#0059a9","colorDark":"#00294f","band":3,"off":[6.8,1.1]}},{"type":"Feature","geometry":{"type":"Point","coordinates":[23.598488,46.768488]},"properties":{"line":"M13","mode":"bus","color":"#0059a9","colorDark":"#00294f","band":3,"off":[-6.8,3.1]}},{"type":"Feature","geometry":{"type":"Point","coordinates":[23.598488,46.768488]},"properties":{"line":"M16","mode":"bus","color":"#0059a9","colorDark":"#00294f","band":3,"off":[-3.4,3.1]}},{"type":"Feature","geometry":{"type":"Point","coordinates":[23.598488,46.768488]},"properties":{"line":"M17","mode":"bus","color":"#0059a9","colorDark":"#00294f","band":3,"off":[0,3.1]}},{"type":"Feature","geometry":{"type":"Point","coordinates":[23.598488,46.768488]},"properties":{"line":"M18","mode":"bus","color":"#0059a9","colorDark":"#00294f","band":3,"off":[3.4,3.1]}},{"type":"Feature","geometry":{"type":"Point","coordinates":[23.598488,46.768488]},"properties":{"line":"M61","mode":"bus","color":"#0059a9","colorDark":"#00294f","band":3,"off":[6.8,3.1]}},{"type":"Feature","geometry":{"type":"Point","coordinates":[23.598488,46.768488]},"properties":{"line":"M71","mode":"bus","color":"#0059a9","colorDark":"#00294f","band":3,"off":[0,5.1]}},{"type":"Feature","geometry":{"type":"Point","coordinates":[23.636541,46.73852]},"properties":{"name":"Veseliei","band":3,"modes":"bus","arr":["18"],"off":[0,-0.8]}},{"type":"Feature","geometry":{"type":"Point","coordinates":[23.636541,46.73852]},"properties":{"line":"18","mode":"bus","color":"#0059a9","colorDark":"#00294f","band":3,"off":[0,1.1]}},{"type":"Feature","geometry":{"type":"Point","coordinates":[23.565335,46.742728]},"properties":{"name":"E.Quinet Sud","band":3,"modes":"bus","arr":["19"],"off":[0,-0.8]}},{"type":"Feature","geometry":{"type":"Point","coordinates":[23.565335,46.742728]},"properties":{"line":"19","mode":"bus","color":"#0059a9","colorDark":"#00294f","band":3,"off":[0,1.1]}},{"type":"Feature","geometry":{"type":"Point","coordinates":[23.651131,46.743897]},"properties":{"name":"Biserica Borhanci Vest","band":3,"modes":"bus","arr":["20"],"off":[0,-0.8]}},{"type":"Feature","geometry":{"type":"Point","coordinates":[23.651131,46.743897]},"properties":{"name":"Biserica Borhanci Est","band":3,"modes":"bus","arr":["20"],"off":[0,-3]}},{"type":"Feature","geometry":{"type":"Point","coordinates":[23.651131,46.743897]},"properties":{"line":"20","mode":"bus","color":"#0059a9","colorDark":"#00294f","band":3,"off":[0,1.1]}},{"type":"Feature","geometry":{"type":"Point","coordinates":[23.59175,46.741137]},"properties":{"name":"Dacia Service Sosire","band":3,"modes":"bus","arr":["21","43B"],"off":[0,-0.8]}},{"type":"Feature","geometry":{"type":"Point","coordinates":[23.59175,46.741137]},"properties":{"name":"Dacia Service","band":3,"modes":"bus","arr":["21","43B"],"off":[0,-3]}},{"type":"Feature","geometry":{"type":"Point","coordinates":[23.59175,46.741137]},"properties":{"line":"21","mode":"bus","color":"#0059a9","colorDark":"#00294f","band":3,"off":[-1.7,1.1]}},{"type":"Feature","geometry":{"type":"Point","coordinates":[23.59175,46.741137]},"properties":{"line":"43B","mode":"bus","color":"#0059a9","colorDark":"#00294f","band":3,"off":[1.7,1.1]}},{"type":"Feature","geometry":{"type":"Point","coordinates":[23.583399,46.760147]},"properties":{"name":"Sp. de Boli Infecțioase","band":3,"modes":"bus","arr":["22"],"off":[0,-0.8]}},{"type":"Feature","geometry":{"type":"Point","coordinates":[23.583399,46.760147]},"properties":{"name":"Boli Infecțioase Sosire","band":3,"modes":"bus","arr":["22"],"off":[0,-3]}},{"type":"Feature","geometry":{"type":"Point","coordinates":[23.583399,46.760147]},"properties":{"line":"22","mode":"bus","color":"#0059a9","colorDark":"#00294f","band":3,"off":[0,1.1]}},{"type":"Feature","geometry":{"type":"Point","coordinates":[23.532992,46.752664]},"properties":{"name":"VIVO Sosire","band":3,"modes":"bus","arr":["24B","28B","43P"],"off":[0,-0.8]}},{"type":"Feature","geometry":{"type":"Point","coordinates":[23.532992,46.752664]},"properties":{"line":"24B","mode":"bus","color":"#0059a9","colorDark":"#00294f","band":3,"off":[-3.4,1.1]}},{"type":"Feature","geometry":{"type":"Point","coordinates":[23.532992,46.752664]},"properties":{"line":"28B","mode":"bus","color":"#0059a9","colorDark":"#00294f","band":3,"off":[0,1.1]}},{"type":"Feature","geometry":{"type":"Point","coordinates":[23.532992,46.752664]},"properties":{"line":"43P","mode":"bus","color":"#0059a9","colorDark":"#00294f","band":3,"off":[3.4,1.1]}},{"type":"Feature","geometry":{"type":"Point","coordinates":[23.532928,46.753073]},"properties":{"name":"VIVO","band":3,"modes":"bus","arr":["24B","28B","43P"],"off":[0,-0.8]}},{"type":"Feature","geometry":{"type":"Point","coordinates":[23.532928,46.753073]},"properties":{"line":"24B","mode":"bus","color":"#0059a9","colorDark":"#00294f","band":3,"off":[-3.4,1.1]}},{"type":"Feature","geometry":{"type":"Point","coordinates":[23.532928,46.753073]},"properties":{"line":"28B","mode":"bus","color":"#0059a9","colorDark":"#00294f","band":3,"off":[0,1.1]}},{"type":"Feature","geometry":{"type":"Point","coordinates":[23.532928,46.753073]},"properties":{"line":"43P","mode":"bus","color":"#0059a9","colorDark":"#00294f","band":3,"off":[3.4,1.1]}},{"type":"Feature","geometry":{"type":"Point","coordinates":[23.548292,46.764984]},"properties":{"name":"Disp. Grigorescu","band":3,"modes":"bus","arr":["26","26L","27","28","30","41","43","43B","44","54N"],"off":[0,-0.8]}},{"type":"Feature","geometry":{"type":"Point","coordinates":[23.548292,46.764984]},"properties":{"line":"26","mode":"bus","color":"#0059a9","colorDark":"#00294f","band":3,"off":[-6.8,1.1]}},{"type":"Feature","geometry":{"type":"Point","coordinates":[23.548292,46.764984]},"properties":{"line":"26L","mode":"bus","color":"#0059a9","colorDark":"#00294f","band":3,"off":[-3.4,1.1]}},{"type":"Feature","geometry":{"type":"Point","coordinates":[23.548292,46.764984]},"properties":{"line":"27","mode":"bus","color":"#0059a9","colorDark":"#00294f","band":3,"off":[0,1.1]}},{"type":"Feature","geometry":{"type":"Point","coordinates":[23.548292,46.764984]},"properties":{"line":"28","mode":"bus","color":"#0059a9","colorDark":"#00294f","band":3,"off":[3.4,1.1]}},{"type":"Feature","geometry":{"type":"Point","coordinates":[23.548292,46.764984]},"properties":{"line":"30","mode":"bus","color":"#0059a9","colorDark":"#00294f","band":3,"off":[6.8,1.1]}},{"type":"Feature","geometry":{"type":"Point","coordinates":[23.548292,46.764984]},"properties":{"line":"41","mode":"bus","color":"#0059a9","colorDark":"#00294f","band":3,"off":[-6.8,3.1]}},{"type":"Feature","geometry":{"type":"Point","coordinates":[23.548292,46.764984]},"properties":{"line":"43","mode":"bus","color":"#0059a9","colorDark":"#00294f","band":3,"off":[-3.4,3.1]}},{"type":"Feature","geometry":{"type":"Point","coordinates":[23.548292,46.764984]},"properties":{"line":"43B","mode":"bus","color":"#0059a9","colorDark":"#00294f","band":3,"off":[0,3.1]}},{"type":"Feature","geometry":{"type":"Point","coordinates":[23.548292,46.764984]},"properties":{"line":"44","mode":"bus","color":"#0059a9","colorDark":"#00294f","band":3,"off":[3.4,3.1]}},{"type":"Feature","geometry":{"type":"Point","coordinates":[23.548292,46.764984]},"properties":{"line":"54N","mode":"bus","color":"#0059a9","colorDark":"#00294f","band":3,"off":[6.8,3.1]}},{"type":"Feature","geometry":{"type":"Point","coordinates":[23.54908,46.765602]},"properties":{"name":"Radio România Cluj","band":3,"modes":"bus","arr":["30"],"off":[0,-0.8]}},{"type":"Feature","geometry":{"type":"Point","coordinates":[23.54908,46.765602]},"properties":{"line":"30","mode":"bus","color":"#0059a9","colorDark":"#00294f","band":3,"off":[0,1.1]}},{"type":"Feature","geometry":{"type":"Point","coordinates":[23.635326,46.795651]},"properties":{"name":"ERS CUG S.","band":3,"modes":"bus","arr":["26","48","50"],"off":[0,-0.8]}},{"type":"Feature","geometry":{"type":"Point","coordinates":[23.635326,46.795651]},"properties":{"line":"26","mode":"bus","color":"#0059a9","colorDark":"#00294f","band":3,"off":[-3.4,1.1]}},{"type":"Feature","geometry":{"type":"Point","coordinates":[23.635326,46.795651]},"properties":{"line":"48","mode":"bus","color":"#0059a9","colorDark":"#00294f","band":3,"off":[0,1.1]}},{"type":"Feature","geometry":{"type":"Point","coordinates":[23.635326,46.795651]},"properties":{"line":"50","mode":"bus","color":"#0059a9","colorDark":"#00294f","band":3,"off":[3.4,1.1]}},{"type":"Feature","geometry":{"type":"Point","coordinates":[23.664781,46.79554]},"properties":{"name":"Emerson Sosire","band":3,"modes":"bus","arr":["26L","36L","48L","50L","52L"],"off":[0,-0.8]}},{"type":"Feature","geometry":{"type":"Point","coordinates":[23.664781,46.79554]},"properties":{"line":"26L","mode":"bus","color":"#0059a9","colorDark":"#00294f","band":3,"off":[-6.8,1.1]}},{"type":"Feature","geometry":{"type":"Point","coordinates":[23.664781,46.79554]},"properties":{"line":"36L","mode":"bus","color":"#0059a9","colorDark":"#00294f","band":3,"off":[-3.4,1.1]}},{"type":"Feature","geometry":{"type":"Point","coordinates":[23.664781,46.79554]},"properties":{"line":"48L","mode":"bus","color":"#0059a9","colorDark":"#00294f","band":3,"off":[0,1.1]}},{"type":"Feature","geometry":{"type":"Point","coordinates":[23.664781,46.79554]},"properties":{"line":"50L","mode":"bus","color":"#0059a9","colorDark":"#00294f","band":3,"off":[3.4,1.1]}},{"type":"Feature","geometry":{"type":"Point","coordinates":[23.664781,46.79554]},"properties":{"line":"52L","mode":"bus","color":"#0059a9","colorDark":"#00294f","band":3,"off":[6.8,1.1]}},{"type":"Feature","geometry":{"type":"Point","coordinates":[23.664806,46.79447]},"properties":{"name":"EMERSON","band":3,"modes":"bus","arr":["26L","36L","48L","50L","52L","57L"],"off":[0,-0.8]}},{"type":"Feature","geometry":{"type":"Point","coordinates":[23.664806,46.79447]},"properties":{"line":"26L","mode":"bus","color":"#0059a9","colorDark":"#00294f","band":3,"off":[-6.8,1.1]}},{"type":"Feature","geometry":{"type":"Point","coordinates":[23.664806,46.79447]},"properties":{"line":"36L","mode":"bus","color":"#0059a9","colorDark":"#00294f","band":3,"off":[-3.4,1.1]}},{"type":"Feature","geometry":{"type":"Point","coordinates":[23.664806,46.79447]},"properties":{"line":"48L","mode":"bus","color":"#0059a9","colorDark":"#00294f","band":3,"off":[0,1.1]}},{"type":"Feature","geometry":{"type":"Point","coordinates":[23.664806,46.79447]},"properties":{"line":"50L","mode":"bus","color":"#0059a9","colorDark":"#00294f","band":3,"off":[3.4,1.1]}},{"type":"Feature","geometry":{"type":"Point","coordinates":[23.664806,46.79447]},"properties":{"line":"52L","mode":"bus","color":"#0059a9","colorDark":"#00294f","band":3,"off":[6.8,1.1]}},{"type":"Feature","geometry":{"type":"Point","coordinates":[23.664806,46.79447]},"properties":{"line":"57L","mode":"bus","color":"#0059a9","colorDark":"#00294f","band":3,"off":[0,3.1]}},{"type":"Feature","geometry":{"type":"Point","coordinates":[23.53564,46.741979]},"properties":{"name":"Roata Faget Sosire","band":3,"modes":"bus","arr":["29","29S"],"off":[0,-0.8]}},{"type":"Feature","geometry":{"type":"Point","coordinates":[23.53564,46.741979]},"properties":{"name":"Roata Faget Plecare","band":3,"modes":"bus","arr":["29","29S"],"off":[0,-1.9]}},{"type":"Feature","geometry":{"type":"Point","coordinates":[23.53564,46.741979]},"properties":{"line":"29","mode":"bus","color":"#0059a9","colorDark":"#00294f","band":3,"off":[-1.7,1.1]}},{"type":"Feature","geometry":{"type":"Point","coordinates":[23.53564,46.741979]},"properties":{"line":"29S","mode":"bus","color":"#0059a9","colorDark":"#00294f","band":3,"off":[1.7,1.1]}},{"type":"Feature","geometry":{"type":"Point","coordinates":[23.607753,46.782997]},"properties":{"name":"Henri Barbusse Sosire","band":3,"modes":"bus","arr":["29"],"off":[0,-0.8]}},{"type":"Feature","geometry":{"type":"Point","coordinates":[23.607753,46.782997]},"properties":{"name":"Henri Barbusse Plecare","band":3,"modes":"bus","arr":["29"],"off":[0,-3]}},{"type":"Feature","geometry":{"type":"Point","coordinates":[23.607753,46.782997]},"properties":{"line":"29","mode":"bus","color":"#0059a9","colorDark":"#00294f","band":3,"off":[0,1.1]}},{"type":"Feature","geometry":{"type":"Point","coordinates":[23.58631,46.784046]},"properties":{"name":"P-ța Gării Nord","band":3,"modes":"bus,tram","arr":["34","100","101"],"off":[0,-0.8]}},{"type":"Feature","geometry":{"type":"Point","coordinates":[23.58631,46.784046]},"properties":{"name":"P-ța Gării Noi","band":3,"modes":"bus,tram","arr":["34","100","101"],"off":[0,-1.9]}},{"type":"Feature","geometry":{"type":"Point","coordinates":[23.58631,46.784046]},"properties":{"line":"34","mode":"bus","color":"#0059a9","colorDark":"#00294f","band":3,"off":[-3.4,1.1]}},{"type":"Feature","geometry":{"type":"Point","coordinates":[23.58631,46.784046]},"properties":{"line":"100","mode":"tram","color":"#d6212b","colorDark":"#7c1116","band":3,"off":[0,1.1]}},{"type":"Feature","geometry":{"type":"Point","coordinates":[23.58631,46.784046]},"properties":{"line":"101","mode":"tram","color":"#d6212b","colorDark":"#7c1116","band":3,"off":[3.4,1.1]}},{"type":"Feature","geometry":{"type":"Point","coordinates":[23.535959,46.785546]},"properties":{"name":"Napolact Sosire","band":3,"modes":"bus","arr":["31"],"off":[0,-0.8]}},{"type":"Feature","geometry":{"type":"Point","coordinates":[23.535959,46.785546]},"properties":{"name":"Napolact","band":3,"modes":"bus","arr":["31"],"off":[0,-1.9]}},{"type":"Feature","geometry":{"type":"Point","coordinates":[23.535959,46.785546]},"properties":{"line":"31","mode":"bus","color":"#0059a9","colorDark":"#00294f","band":3,"off":[0,1.1]}},{"type":"Feature","geometry":{"type":"Point","coordinates":[23.592243,46.774337]},"properties":{"name":"Piața Mihai Viteazul Est Sosire","band":3,"modes":"bus","arr":["31","37","38","39","39L","M31"],"off":[0,-0.8]}},{"type":"Feature","geometry":{"type":"Point","coordinates":[23.592243,46.774337]},"properties":{"line":"31","mode":"bus","color":"#0059a9","colorDark":"#00294f","band":3,"off":[-6.8,1.1]}},{"type":"Feature","geometry":{"type":"Point","coordinates":[23.592243,46.774337]},"properties":{"line":"37","mode":"bus","color":"#0059a9","colorDark":"#00294f","band":3,"off":[-3.4,1.1]}},{"type":"Feature","geometry":{"type":"Point","coordinates":[23.592243,46.774337]},"properties":{"line":"38","mode":"bus","color":"#0059a9","colorDark":"#00294f","band":3,"off":[0,1.1]}},{"type":"Feature","geometry":{"type":"Point","coordinates":[23.592243,46.774337]},"properties":{"line":"39","mode":"bus","color":"#0059a9","colorDark":"#00294f","band":3,"off":[3.4,1.1]}},{"type":"Feature","geometry":{"type":"Point","coordinates":[23.592243,46.774337]},"properties":{"line":"39L","mode":"bus","color":"#0059a9","colorDark":"#00294f","band":3,"off":[6.8,1.1]}},{"type":"Feature","geometry":{"type":"Point","coordinates":[23.592243,46.774337]},"properties":{"line":"M31","mode":"bus","color":"#0059a9","colorDark":"#00294f","band":3,"off":[0,3.1]}},{"type":"Feature","geometry":{"type":"Point","coordinates":[23.619069,46.757058]},"properties":{"name":"Disp. Alverna","band":3,"modes":"bus","arr":["32","32B","57","57L"],"off":[0,-0.8]}},{"type":"Feature","geometry":{"type":"Point","coordinates":[23.619069,46.757058]},"properties":{"line":"32","mode":"bus","color":"#0059a9","colorDark":"#00294f","band":3,"off":[-5.1,1.1]}},{"type":"Feature","geometry":{"type":"Point","coordinates":[23.619069,46.757058]},"properties":{"line":"32B","mode":"bus","color":"#0059a9","colorDark":"#00294f","band":3,"off":[-1.7,1.1]}},{"type":"Feature","geometry":{"type":"Point","coordinates":[23.619069,46.757058]},"properties":{"line":"57","mode":"bus","color":"#0059a9","colorDark":"#00294f","band":3,"off":[1.7,1.1]}},{"type":"Feature","geometry":{"type":"Point","coordinates":[23.619069,46.757058]},"properties":{"line":"57L","mode":"bus","color":"#0059a9","colorDark":"#00294f","band":3,"off":[5.1,1.1]}},{"type":"Feature","geometry":{"type":"Point","coordinates":[23.58987,46.774885]},"properties":{"name":"Piața Mihai Viteazul Vest Sosire","band":3,"modes":"bus","arr":["32"],"off":[0,-0.8]}},{"type":"Feature","geometry":{"type":"Point","coordinates":[23.58987,46.774885]},"properties":{"line":"32","mode":"bus","color":"#0059a9","colorDark":"#00294f","band":3,"off":[0,1.1]}},{"type":"Feature","geometry":{"type":"Point","coordinates":[23.62244,46.762538]},"properties":{"name":"Băișoara Sosire","band":3,"modes":"bus","arr":["33","34","48","48L"],"off":[0,-0.8]}},{"type":"Feature","geometry":{"type":"Point","coordinates":[23.62244,46.762538]},"properties":{"name":"Băișoara","band":3,"modes":"bus","arr":["33","34","48","48L"],"off":[0,-1.9]}},{"type":"Feature","geometry":{"type":"Point","coordinates":[23.62244,46.762538]},"properties":{"line":"33","mode":"bus","color":"#0059a9","colorDark":"#00294f","band":3,"off":[-5.1,1.1]}},{"type":"Feature","geometry":{"type":"Point","coordinates":[23.62244,46.762538]},"properties":{"line":"34","mode":"bus","color":"#0059a9","colorDark":"#00294f","band":3,"off":[-1.7,1.1]}},{"type":"Feature","geometry":{"type":"Point","coordinates":[23.62244,46.762538]},"properties":{"line":"48","mode":"bus","color":"#0059a9","colorDark":"#00294f","band":3,"off":[1.7,1.1]}},{"type":"Feature","geometry":{"type":"Point","coordinates":[23.62244,46.762538]},"properties":{"line":"48L","mode":"bus","color":"#0059a9","colorDark":"#00294f","band":3,"off":[5.1,1.1]}},{"type":"Feature","geometry":{"type":"Point","coordinates":[23.578096,46.752809]},"properties":{"name":"Zorilor","band":3,"modes":"bus","arr":["35","45","46B","50","50D","50L","54N"],"off":[0,-0.8]}},{"type":"Feature","geometry":{"type":"Point","coordinates":[23.578096,46.752809]},"properties":{"name":"Ghe. Dima","band":3,"modes":"bus","arr":["35","45","46B","50","50D","50L","54N"],"off":[0,-1.9]}},{"type":"Feature","geometry":{"type":"Point","coordinates":[23.578096,46.752809]},"properties":{"name":"Disp. Zorilor","band":3,"modes":"bus","arr":["35","45","46B","50","50D","50L","54N"],"off":[0,-3]}},{"type":"Feature","geometry":{"type":"Point","coordinates":[23.578096,46.752809]},"properties":{"line":"35","mode":"bus","color":"#0059a9","colorDark":"#00294f","band":3,"off":[-6.8,1.1]}},{"type":"Feature","geometry":{"type":"Point","coordinates":[23.578096,46.752809]},"properties":{"line":"45","mode":"bus","color":"#0059a9","colorDark":"#00294f","band":3,"off":[-3.4,1.1]}},{"type":"Feature","geometry":{"type":"Point","coordinates":[23.578096,46.752809]},"properties":{"line":"46B","mode":"bus","color":"#0059a9","colorDark":"#00294f","band":3,"off":[0,1.1]}},{"type":"Feature","geometry":{"type":"Point","coordinates":[23.578096,46.752809]},"properties":{"line":"50","mode":"bus","color":"#0059a9","colorDark":"#00294f","band":3,"off":[3.4,1.1]}},{"type":"Feature","geometry":{"type":"Point","coordinates":[23.578096,46.752809]},"properties":{"line":"50D","mode":"bus","color":"#0059a9","colorDark":"#00294f","band":3,"off":[6.8,1.1]}},{"type":"Feature","geometry":{"type":"Point","coordinates":[23.578096,46.752809]},"properties":{"line":"50L","mode":"bus","color":"#0059a9","colorDark":"#00294f","band":3,"off":[-1.7,3.1]}},{"type":"Feature","geometry":{"type":"Point","coordinates":[23.578096,46.752809]},"properties":{"line":"54N","mode":"bus","color":"#0059a9","colorDark":"#00294f","band":3,"off":[1.7,3.1]}},{"type":"Feature","geometry":{"type":"Point","coordinates":[23.593266,46.755741]},"properties":{"name":"Observatorului Sud","band":3,"modes":"bus","arr":["43","43P"],"off":[0,-0.8]}},{"type":"Feature","geometry":{"type":"Point","coordinates":[23.593266,46.755741]},"properties":{"name":"Observatorului Nord","band":3,"modes":"bus","arr":["43","43P"],"off":[0,-1.9]}},{"type":"Feature","geometry":{"type":"Point","coordinates":[23.593266,46.755741]},"properties":{"line":"43","mode":"bus","color":"#0059a9","colorDark":"#00294f","band":3,"off":[-1.7,1.1]}},{"type":"Feature","geometry":{"type":"Point","coordinates":[23.593266,46.755741]},"properties":{"line":"43P","mode":"bus","color":"#0059a9","colorDark":"#00294f","band":3,"off":[1.7,1.1]}},{"type":"Feature","geometry":{"type":"Point","coordinates":[23.655835,46.790541]},"properties":{"name":"I. Ionescu Sosire","band":3,"modes":"bus","arr":["36B"],"off":[0,-0.8]}},{"type":"Feature","geometry":{"type":"Point","coordinates":[23.655835,46.790541]},"properties":{"name":"I. Ionescu","band":3,"modes":"bus","arr":["36B"],"off":[0,-1.9]}},{"type":"Feature","geometry":{"type":"Point","coordinates":[23.655835,46.790541]},"properties":{"line":"36B","mode":"bus","color":"#0059a9","colorDark":"#00294f","band":3,"off":[0,1.1]}},{"type":"Feature","geometry":{"type":"Point","coordinates":[23.642024,46.786736]},"properties":{"name":"Timișului Sosire","band":3,"modes":"bus","arr":["52"],"off":[0,-0.8]}},{"type":"Feature","geometry":{"type":"Point","coordinates":[23.642024,46.786736]},"properties":{"name":"Blajului","band":3,"modes":"bus","arr":["52"],"off":[0,-1.9]}},{"type":"Feature","geometry":{"type":"Point","coordinates":[23.642024,46.786736]},"properties":{"line":"52","mode":"bus","color":"#0059a9","colorDark":"#00294f","band":3,"off":[0,1.1]}},{"type":"Feature","geometry":{"type":"Point","coordinates":[23.547751,46.78034]},"properties":{"name":"Tetarom Vest","band":3,"modes":"bus","arr":["37"],"off":[0,-0.8]}},{"type":"Feature","geometry":{"type":"Point","coordinates":[23.547751,46.78034]},"properties":{"line":"37","mode":"bus","color":"#0059a9","colorDark":"#00294f","band":3,"off":[0,1.1]}},{"type":"Feature","geometry":{"type":"Point","coordinates":[23.57284,46.777536]},"properties":{"name":"Vânătorului Sosire","band":3,"modes":"bus","arr":["38"],"off":[0,-0.8]}},{"type":"Feature","geometry":{"type":"Point","coordinates":[23.57284,46.777536]},"properties":{"line":"38","mode":"bus","color":"#0059a9","colorDark":"#00294f","band":3,"off":[0,1.1]}},{"type":"Feature","geometry":{"type":"Point","coordinates":[23.573442,46.776721]},"properties":{"name":"Vânătorului","band":3,"modes":"bus","arr":["38"],"off":[0,-0.8]}},{"type":"Feature","geometry":{"type":"Point","coordinates":[23.573442,46.776721]},"properties":{"line":"38","mode":"bus","color":"#0059a9","colorDark":"#00294f","band":3,"off":[0,1.1]}},{"type":"Feature","geometry":{"type":"Point","coordinates":[23.607727,46.799567]},"properties":{"name":"Vama Chinteni","band":3,"modes":"bus","arr":["39 CREIC"],"off":[0,-0.8]}},{"type":"Feature","geometry":{"type":"Point","coordinates":[23.607727,46.799567]},"properties":{"line":"39 CREIC","mode":"bus","color":"#0059a9","colorDark":"#00294f","band":3,"off":[0,1.1]}},{"type":"Feature","geometry":{"type":"Point","coordinates":[23.579656,46.820982]},"properties":{"name":"CREIC Intors","band":3,"modes":"bus","arr":["39 CREIC"],"off":[0,-0.8]}},{"type":"Feature","geometry":{"type":"Point","coordinates":[23.579656,46.820982]},"properties":{"name":"CREIC Dus","band":3,"modes":"bus","arr":["39 CREIC"],"off":[0,-1.9]}},{"type":"Feature","geometry":{"type":"Point","coordinates":[23.579656,46.820982]},"properties":{"line":"39 CREIC","mode":"bus","color":"#0059a9","colorDark":"#00294f","band":3,"off":[0,1.1]}},{"type":"Feature","geometry":{"type":"Point","coordinates":[23.583336,46.827969]},"properties":{"name":"Valea Chintăului","band":3,"modes":"bus","arr":["39"],"off":[0,-0.8]}},{"type":"Feature","geometry":{"type":"Point","coordinates":[23.583336,46.827969]},"properties":{"line":"39","mode":"bus","color":"#0059a9","colorDark":"#00294f","band":3,"off":[0,1.1]}},{"type":"Feature","geometry":{"type":"Point","coordinates":[23.557889,46.843612]},"properties":{"name":"Cătun Vest","band":3,"modes":"bus","arr":["39L"],"off":[0,-0.8]}},{"type":"Feature","geometry":{"type":"Point","coordinates":[23.557889,46.843612]},"properties":{"line":"39L","mode":"bus","color":"#0059a9","colorDark":"#00294f","band":3,"off":[0,1.1]}},{"type":"Feature","geometry":{"type":"Point","coordinates":[23.575316,46.71705]},"properties":{"name":"Vila Tusa Sosire","band":3,"modes":"bus","arr":["40","46L"],"off":[0,-0.8]}},{"type":"Feature","geometry":{"type":"Point","coordinates":[23.575316,46.71705]},"properties":{"name":"Vila Tusa","band":3,"modes":"bus","arr":["40","46L"],"off":[0,-1.9]}},{"type":"Feature","geometry":{"type":"Point","coordinates":[23.575316,46.71705]},"properties":{"line":"40","mode":"bus","color":"#0059a9","colorDark":"#00294f","band":3,"off":[-1.7,1.1]}},{"type":"Feature","geometry":{"type":"Point","coordinates":[23.575316,46.71705]},"properties":{"line":"46L","mode":"bus","color":"#0059a9","colorDark":"#00294f","band":3,"off":[1.7,1.1]}},{"type":"Feature","geometry":{"type":"Point","coordinates":[23.57131,46.738866]},"properties":{"name":"Biserica Câmpului","band":3,"modes":"bus","arr":["42"],"off":[0,-0.8]}},{"type":"Feature","geometry":{"type":"Point","coordinates":[23.57131,46.738866]},"properties":{"line":"42","mode":"bus","color":"#0059a9","colorDark":"#00294f","band":3,"off":[0,1.1]}},{"type":"Feature","geometry":{"type":"Point","coordinates":[23.6405,46.768362]},"properties":{"name":"Soporului","band":3,"modes":"bus","arr":["44"],"off":[0,-0.8]}},{"type":"Feature","geometry":{"type":"Point","coordinates":[23.6405,46.768362]},"properties":{"line":"44","mode":"bus","color":"#0059a9","colorDark":"#00294f","band":3,"off":[0,1.1]}},{"type":"Feature","geometry":{"type":"Point","coordinates":[23.590336,46.738268]},"properties":{"name":"Girație Drum Făget","band":3,"modes":"bus","arr":["46"],"off":[0,-0.8]}},{"type":"Feature","geometry":{"type":"Point","coordinates":[23.590336,46.738268]},"properties":{"line":"46","mode":"bus","color":"#0059a9","colorDark":"#00294f","band":3,"off":[0,1.1]}},{"type":"Feature","geometry":{"type":"Point","coordinates":[23.586433,46.739802]},"properties":{"name":"Luminii","band":3,"modes":"bus","arr":["46"],"off":[0,-0.8]}},{"type":"Feature","geometry":{"type":"Point","coordinates":[23.586433,46.739802]},"properties":{"line":"46","mode":"bus","color":"#0059a9","colorDark":"#00294f","band":3,"off":[0,1.1]}},{"type":"Feature","geometry":{"type":"Point","coordinates":[23.639324,46.779]},"properties":{"name":"Jiului","band":3,"modes":"bus","arr":["57"],"off":[0,-0.8]}},{"type":"Feature","geometry":{"type":"Point","coordinates":[23.639324,46.779]},"properties":{"line":"57","mode":"bus","color":"#0059a9","colorDark":"#00294f","band":3,"off":[0,1.1]}},{"type":"Feature","geometry":{"type":"Point","coordinates":[23.640929,46.807687]},"properties":{"name":"Panselutelor 9","band":3,"modes":"bus","arr":["50D"],"off":[0,-0.8]}},{"type":"Feature","geometry":{"type":"Point","coordinates":[23.640929,46.807687]},"properties":{"line":"50D","mode":"bus","color":"#0059a9","colorDark":"#00294f","band":3,"off":[0,1.1]}},{"type":"Feature","geometry":{"type":"Point","coordinates":[23.636926,46.783295]},"properties":{"name":"P-ța Agroalimentară IRA","band":3,"modes":"bus","arr":["53"],"off":[0,-0.8]}},{"type":"Feature","geometry":{"type":"Point","coordinates":[23.636926,46.783295]},"properties":{"line":"53","mode":"bus","color":"#0059a9","colorDark":"#00294f","band":3,"off":[0,1.1]}},{"type":"Feature","geometry":{"type":"Point","coordinates":[23.559909,46.791852]},"properties":{"name":"Gheorghe Sion Vest","band":3,"modes":"bus","arr":["56"],"off":[0,-0.8]}},{"type":"Feature","geometry":{"type":"Point","coordinates":[23.559909,46.791852]},"properties":{"line":"56","mode":"bus","color":"#0059a9","colorDark":"#00294f","band":3,"off":[0,1.1]}},{"type":"Feature","geometry":{"type":"Point","coordinates":[23.688499,46.781925]},"properties":{"name":"Aeroport Terminal","band":3,"modes":"bus","arr":["A1"],"off":[0,-0.8]}},{"type":"Feature","geometry":{"type":"Point","coordinates":[23.688499,46.781925]},"properties":{"line":"A1","mode":"bus","color":"#0059a9","colorDark":"#00294f","band":3,"off":[0,1.1]}},{"type":"Feature","geometry":{"type":"Point","coordinates":[23.630052,46.716148]},"properties":{"name":"M-Releu Sosire","band":3,"modes":"bus","arr":["M11"],"off":[0,-0.8]}},{"type":"Feature","geometry":{"type":"Point","coordinates":[23.630052,46.716148]},"properties":{"name":"M-Releu Plecare","band":3,"modes":"bus","arr":["M11"],"off":[0,-1.9]}},{"type":"Feature","geometry":{"type":"Point","coordinates":[23.630052,46.716148]},"properties":{"line":"M11","mode":"bus","color":"#0059a9","colorDark":"#00294f","band":3,"off":[0,1.1]}},{"type":"Feature","geometry":{"type":"Point","coordinates":[23.654109,46.687584]},"properties":{"name":"M-Biserica Vâlcele Sos","band":3,"modes":"bus","arr":["M12"],"off":[0,-0.8]}},{"type":"Feature","geometry":{"type":"Point","coordinates":[23.654109,46.687584]},"properties":{"name":"M-Biserica Vâlcele Plecare","band":3,"modes":"bus","arr":["M12"],"off":[0,-3]}},{"type":"Feature","geometry":{"type":"Point","coordinates":[23.654109,46.687584]},"properties":{"line":"M12","mode":"bus","color":"#0059a9","colorDark":"#00294f","band":3,"off":[0,1.1]}},{"type":"Feature","geometry":{"type":"Point","coordinates":[23.684931,46.715061]},"properties":{"name":"M-Școala Gheorgheni S","band":3,"modes":"bus","arr":["M13"],"off":[0,-0.8]}},{"type":"Feature","geometry":{"type":"Point","coordinates":[23.684931,46.715061]},"properties":{"line":"M13","mode":"bus","color":"#0059a9","colorDark":"#00294f","band":3,"off":[0,1.1]}},{"type":"Feature","geometry":{"type":"Point","coordinates":[23.691599,46.712219]},"properties":{"name":"M-Capăt Gheorgheni","band":3,"modes":"bus","arr":["M13"],"off":[0,-0.8]}},{"type":"Feature","geometry":{"type":"Point","coordinates":[23.691599,46.712219]},"properties":{"line":"M13","mode":"bus","color":"#0059a9","colorDark":"#00294f","band":3,"off":[0,1.1]}},{"type":"Feature","geometry":{"type":"Point","coordinates":[23.542354,46.648772]},"properties":{"name":"M-Primăria Ciurila Plecare","band":3,"modes":"bus","arr":["M16"],"off":[0,-0.8]}},{"type":"Feature","geometry":{"type":"Point","coordinates":[23.542354,46.648772]},"properties":{"name":"M-Primăria Ciurila","band":3,"modes":"bus","arr":["M16"],"off":[0,-3]}},{"type":"Feature","geometry":{"type":"Point","coordinates":[23.542354,46.648772]},"properties":{"line":"M16","mode":"bus","color":"#0059a9","colorDark":"#00294f","band":3,"off":[0,1.1]}},{"type":"Feature","geometry":{"type":"Point","coordinates":[23.582558,46.650301]},"properties":{"name":"Biserica lemn Saliste","band":3,"modes":"bus","arr":["M17"],"off":[0,-0.8]}},{"type":"Feature","geometry":{"type":"Point","coordinates":[23.582558,46.650301]},"properties":{"line":"M17","mode":"bus","color":"#0059a9","colorDark":"#00294f","band":3,"off":[0,1.1]}},{"type":"Feature","geometry":{"type":"Point","coordinates":[23.481102,46.609951]},"properties":{"name":"Filea de sus","band":3,"modes":"bus","arr":["M18"],"off":[0,-0.8]}},{"type":"Feature","geometry":{"type":"Point","coordinates":[23.481102,46.609951]},"properties":{"line":"M18","mode":"bus","color":"#0059a9","colorDark":"#00294f","band":3,"off":[0,1.1]}},{"type":"Feature","geometry":{"type":"Point","coordinates":[23.485088,46.728087]},"properties":{"name":"M-Str. Retezat","band":3,"modes":"bus","arr":["M21"],"off":[0,-0.8]}},{"type":"Feature","geometry":{"type":"Point","coordinates":[23.485088,46.728087]},"properties":{"line":"M21","mode":"bus","color":"#0059a9","colorDark":"#00294f","band":3,"off":[0,1.1]}},{"type":"Feature","geometry":{"type":"Point","coordinates":[23.484038,46.729499]},"properties":{"name":"M-Florești Cetate Plecare","band":3,"modes":"bus","arr":["M21","M26"],"off":[0,-0.8]}},{"type":"Feature","geometry":{"type":"Point","coordinates":[23.484038,46.729499]},"properties":{"line":"M21","mode":"bus","color":"#0059a9","colorDark":"#00294f","band":3,"off":[-1.7,1.1]}},{"type":"Feature","geometry":{"type":"Point","coordinates":[23.484038,46.729499]},"properties":{"line":"M26","mode":"bus","color":"#0059a9","colorDark":"#00294f","band":3,"off":[1.7,1.1]}},{"type":"Feature","geometry":{"type":"Point","coordinates":[23.466065,46.741365]},"properties":{"name":"M-Sesu de Sus Sosire","band":3,"modes":"bus","arr":["M22"],"off":[0,-0.8]}},{"type":"Feature","geometry":{"type":"Point","coordinates":[23.466065,46.741365]},"properties":{"line":"M22","mode":"bus","color":"#0059a9","colorDark":"#00294f","band":3,"off":[0,1.1]}},{"type":"Feature","geometry":{"type":"Point","coordinates":[23.427721,46.739519]},"properties":{"name":"M-Pasaj Luna","band":3,"modes":"bus","arr":["M23"],"off":[0,-0.8]}},{"type":"Feature","geometry":{"type":"Point","coordinates":[23.427721,46.739519]},"properties":{"line":"M23","mode":"bus","color":"#0059a9","colorDark":"#00294f","band":3,"off":[0,1.1]}},{"type":"Feature","geometry":{"type":"Point","coordinates":[23.455428,46.74436]},"properties":{"name":"M-Ferma 9 Sos (Florești)","band":3,"modes":"bus","arr":["M24"],"off":[0,-0.8]}},{"type":"Feature","geometry":{"type":"Point","coordinates":[23.455428,46.74436]},"properties":{"name":"M-Ferma 9 Nord","band":3,"modes":"bus","arr":["M24"],"off":[0,-3]}},{"type":"Feature","geometry":{"type":"Point","coordinates":[23.455428,46.74436]},"properties":{"line":"M24","mode":"bus","color":"#0059a9","colorDark":"#00294f","band":3,"off":[0,1.1]}},{"type":"Feature","geometry":{"type":"Point","coordinates":[23.557137,46.759746]},"properties":{"name":"Calvaria Auto Sosire","band":3,"modes":"bus","arr":["M23"],"off":[0,-0.8]}},{"type":"Feature","geometry":{"type":"Point","coordinates":[23.557137,46.759746]},"properties":{"line":"M23","mode":"bus","color":"#0059a9","colorDark":"#00294f","band":3,"off":[0,1.1]}},{"type":"Feature","geometry":{"type":"Point","coordinates":[23.51014,46.709251]},"properties":{"name":"M-Tăuți Sosire","band":3,"modes":"bus","arr":["M25"],"off":[0,-0.8]}},{"type":"Feature","geometry":{"type":"Point","coordinates":[23.51014,46.709251]},"properties":{"line":"M25","mode":"bus","color":"#0059a9","colorDark":"#00294f","band":3,"off":[0,1.1]}},{"type":"Feature","geometry":{"type":"Point","coordinates":[23.526919,46.746458]},"properties":{"name":"M-Razoare Vest","band":3,"modes":"bus","arr":["M27"],"off":[0,-0.8]}},{"type":"Feature","geometry":{"type":"Point","coordinates":[23.526919,46.746458]},"properties":{"line":"M27","mode":"bus","color":"#0059a9","colorDark":"#00294f","band":3,"off":[0,1.1]}},{"type":"Feature","geometry":{"type":"Point","coordinates":[23.514432,46.797121]},"properties":{"name":"M-Complex Baciu Sos","band":3,"modes":"bus","arr":["M31"],"off":[0,-0.8]}},{"type":"Feature","geometry":{"type":"Point","coordinates":[23.514432,46.797121]},"properties":{"name":"M-Complex Baciu","band":3,"modes":"bus","arr":["M31"],"off":[0,-3]}},{"type":"Feature","geometry":{"type":"Point","coordinates":[23.514432,46.797121]},"properties":{"line":"M31","mode":"bus","color":"#0059a9","colorDark":"#00294f","band":3,"off":[0,1.1]}},{"type":"Feature","geometry":{"type":"Point","coordinates":[23.58909,46.784789]},"properties":{"name":"Gara Mică Sosire","band":3,"modes":"bus","arr":["M32","M33","M34","M35","M37","M38","M39","M39L"],"off":[0,-0.8]}},{"type":"Feature","geometry":{"type":"Point","coordinates":[23.58909,46.784789]},"properties":{"name":"Gara Mică","band":3,"modes":"bus","arr":["M32","M33","M34","M35","M37","M38","M39","M39L"],"off":[0,-1.9]}},{"type":"Feature","geometry":{"type":"Point","coordinates":[23.58909,46.784789]},"properties":{"line":"M32","mode":"bus","color":"#0059a9","colorDark":"#00294f","band":3,"off":[-6.8,1.1]}},{"type":"Feature","geometry":{"type":"Point","coordinates":[23.58909,46.784789]},"properties":{"line":"M33","mode":"bus","color":"#0059a9","colorDark":"#00294f","band":3,"off":[-3.4,1.1]}},{"type":"Feature","geometry":{"type":"Point","coordinates":[23.58909,46.784789]},"properties":{"line":"M34","mode":"bus","color":"#0059a9","colorDark":"#00294f","band":3,"off":[0,1.1]}},{"type":"Feature","geometry":{"type":"Point","coordinates":[23.58909,46.784789]},"properties":{"line":"M35","mode":"bus","color":"#0059a9","colorDark":"#00294f","band":3,"off":[3.4,1.1]}},{"type":"Feature","geometry":{"type":"Point","coordinates":[23.58909,46.784789]},"properties":{"line":"M37","mode":"bus","color":"#0059a9","colorDark":"#00294f","band":3,"off":[6.8,1.1]}},{"type":"Feature","geometry":{"type":"Point","coordinates":[23.58909,46.784789]},"properties":{"line":"M38","mode":"bus","color":"#0059a9","colorDark":"#00294f","band":3,"off":[-3.4,3.1]}},{"type":"Feature","geometry":{"type":"Point","coordinates":[23.58909,46.784789]},"properties":{"line":"M39","mode":"bus","color":"#0059a9","colorDark":"#00294f","band":3,"off":[0,3.1]}},{"type":"Feature","geometry":{"type":"Point","coordinates":[23.58909,46.784789]},"properties":{"line":"M39L","mode":"bus","color":"#0059a9","colorDark":"#00294f","band":3,"off":[3.4,3.1]}},{"type":"Feature","geometry":{"type":"Point","coordinates":[23.45155,46.785261]},"properties":{"name":"M-Suceagu","band":3,"modes":"bus","arr":["M32"],"off":[0,-0.8]}},{"type":"Feature","geometry":{"type":"Point","coordinates":[23.45155,46.785261]},"properties":{"line":"M32","mode":"bus","color":"#0059a9","colorDark":"#00294f","band":3,"off":[0,1.1]}},{"type":"Feature","geometry":{"type":"Point","coordinates":[23.490041,46.872923]},"properties":{"name":"M-Săliștea Noua Sosire","band":3,"modes":"bus","arr":["M33"],"off":[0,-0.8]}},{"type":"Feature","geometry":{"type":"Point","coordinates":[23.490041,46.872923]},"properties":{"line":"M33","mode":"bus","color":"#0059a9","colorDark":"#00294f","band":3,"off":[0,1.1]}},{"type":"Feature","geometry":{"type":"Point","coordinates":[23.449319,46.82095]},"properties":{"name":"M - Teren Fotbal Mera","band":3,"modes":"bus","arr":["M34"],"off":[0,-0.8]}},{"type":"Feature","geometry":{"type":"Point","coordinates":[23.449319,46.82095]},"properties":{"line":"M34","mode":"bus","color":"#0059a9","colorDark":"#00294f","band":3,"off":[0,1.1]}},{"type":"Feature","geometry":{"type":"Point","coordinates":[23.533999,46.823269]},"properties":{"name":"M-Monument Popești Sos","band":3,"modes":"bus","arr":["M35"],"off":[0,-0.8]}},{"type":"Feature","geometry":{"type":"Point","coordinates":[23.533999,46.823269]},"properties":{"name":"M-Monument Popești Plecare","band":3,"modes":"bus","arr":["M35"],"off":[0,-3]}},{"type":"Feature","geometry":{"type":"Point","coordinates":[23.533999,46.823269]},"properties":{"line":"M35","mode":"bus","color":"#0059a9","colorDark":"#00294f","band":3,"off":[0,1.1]}},{"type":"Feature","geometry":{"type":"Point","coordinates":[23.626085,46.880133]},"properties":{"name":"M-Feiurdeni Sosire","band":3,"modes":"bus","arr":["M37"],"off":[0,-0.8]}},{"type":"Feature","geometry":{"type":"Point","coordinates":[23.626085,46.880133]},"properties":{"line":"M37","mode":"bus","color":"#0059a9","colorDark":"#00294f","band":3,"off":[0,1.1]}},{"type":"Feature","geometry":{"type":"Point","coordinates":[23.566919,46.88951]},"properties":{"name":"M-Macicasu","band":3,"modes":"bus","arr":["M38"],"off":[0,-0.8]}},{"type":"Feature","geometry":{"type":"Point","coordinates":[23.566919,46.88951]},"properties":{"line":"M38","mode":"bus","color":"#0059a9","colorDark":"#00294f","band":3,"off":[0,1.1]}},{"type":"Feature","geometry":{"type":"Point","coordinates":[23.520237,46.898227]},"properties":{"name":"M-Vechea S","band":3,"modes":"bus","arr":["M39L"],"off":[0,-0.8]}},{"type":"Feature","geometry":{"type":"Point","coordinates":[23.520237,46.898227]},"properties":{"name":"M-Vechea N","band":3,"modes":"bus","arr":["M39L"],"off":[0,-1.9]}},{"type":"Feature","geometry":{"type":"Point","coordinates":[23.520237,46.898227]},"properties":{"line":"M39L","mode":"bus","color":"#0059a9","colorDark":"#00294f","band":3,"off":[0,1.1]}},{"type":"Feature","geometry":{"type":"Point","coordinates":[23.525704,46.875372]},"properties":{"name":"M-Chinteni Lac Sosire","band":3,"modes":"bus","arr":["M39"],"off":[0,-0.8]}},{"type":"Feature","geometry":{"type":"Point","coordinates":[23.525704,46.875372]},"properties":{"name":"M-Chinteni Lac Plecare","band":3,"modes":"bus","arr":["M39"],"off":[0,-3]}},{"type":"Feature","geometry":{"type":"Point","coordinates":[23.525704,46.875372]},"properties":{"line":"M39","mode":"bus","color":"#0059a9","colorDark":"#00294f","band":3,"off":[0,1.1]}},{"type":"Feature","geometry":{"type":"Point","coordinates":[23.74464,46.815761]},"properties":{"name":"M-Ferma Apahida","band":3,"modes":"bus","arr":["M41"],"off":[0,-0.8]}},{"type":"Feature","geometry":{"type":"Point","coordinates":[23.74464,46.815761]},"properties":{"line":"M41","mode":"bus","color":"#0059a9","colorDark":"#00294f","band":3,"off":[0,1.1]}},{"type":"Feature","geometry":{"type":"Point","coordinates":[23.750659,46.813877]},"properties":{"name":"M-Pod Apahida V","band":3,"modes":"bus","arr":["M41"],"off":[0,-0.8]}},{"type":"Feature","geometry":{"type":"Point","coordinates":[23.750659,46.813877]},"properties":{"line":"M41","mode":"bus","color":"#0059a9","colorDark":"#00294f","band":3,"off":[0,1.1]}},{"type":"Feature","geometry":{"type":"Point","coordinates":[23.738618,46.830925]},"properties":{"name":"M-Grădinița Câmpenești S","band":3,"modes":"bus","arr":["M41L"],"off":[0,-0.8]}},{"type":"Feature","geometry":{"type":"Point","coordinates":[23.738618,46.830925]},"properties":{"line":"M41L","mode":"bus","color":"#0059a9","colorDark":"#00294f","band":3,"off":[0,1.1]}},{"type":"Feature","geometry":{"type":"Point","coordinates":[23.738157,46.79427]},"properties":{"name":"N. Balcescu S","band":3,"modes":"bus","arr":["M42L"],"off":[0,-0.8]}},{"type":"Feature","geometry":{"type":"Point","coordinates":[23.738157,46.79427]},"properties":{"line":"M42L","mode":"bus","color":"#0059a9","colorDark":"#00294f","band":3,"off":[0,1.1]}},{"type":"Feature","geometry":{"type":"Point","coordinates":[23.735568,46.798827]},"properties":{"name":"Guhring S","band":3,"modes":"bus","arr":["M42","M42L"],"off":[0,-0.8]}},{"type":"Feature","geometry":{"type":"Point","coordinates":[23.735568,46.798827]},"properties":{"name":"Guhring N","band":3,"modes":"bus","arr":["M42","M42L"],"off":[0,-1.9]}},{"type":"Feature","geometry":{"type":"Point","coordinates":[23.735568,46.798827]},"properties":{"line":"M42","mode":"bus","color":"#0059a9","colorDark":"#00294f","band":3,"off":[-1.7,1.1]}},{"type":"Feature","geometry":{"type":"Point","coordinates":[23.735568,46.798827]},"properties":{"line":"M42L","mode":"bus","color":"#0059a9","colorDark":"#00294f","band":3,"off":[1.7,1.1]}},{"type":"Feature","geometry":{"type":"Point","coordinates":[23.726765,46.762694]},"properties":{"name":"M-Lacului","band":3,"modes":"bus","arr":["M43"],"off":[0,-0.8]}},{"type":"Feature","geometry":{"type":"Point","coordinates":[23.726765,46.762694]},"properties":{"line":"M43","mode":"bus","color":"#0059a9","colorDark":"#00294f","band":3,"off":[0,1.1]}},{"type":"Feature","geometry":{"type":"Point","coordinates":[23.824011,46.788537]},"properties":{"name":"M-Biserica Corpadea Sosire","band":3,"modes":"bus","arr":["M44"],"off":[0,-0.8]}},{"type":"Feature","geometry":{"type":"Point","coordinates":[23.824011,46.788537]},"properties":{"name":"M-Biserica Corpadea Plecare","band":3,"modes":"bus","arr":["M44"],"off":[0,-3]}},{"type":"Feature","geometry":{"type":"Point","coordinates":[23.824011,46.788537]},"properties":{"line":"M44","mode":"bus","color":"#0059a9","colorDark":"#00294f","band":3,"off":[0,1.1]}},{"type":"Feature","geometry":{"type":"Point","coordinates":[23.749299,46.725373]},"properties":{"name":"M-Primărie Pata Sosire","band":3,"modes":"bus","arr":["M45"],"off":[0,-0.8]}},{"type":"Feature","geometry":{"type":"Point","coordinates":[23.749299,46.725373]},"properties":{"name":"M-Primărie Pata Plecare","band":3,"modes":"bus","arr":["M45"],"off":[0,-3]}},{"type":"Feature","geometry":{"type":"Point","coordinates":[23.749299,46.725373]},"properties":{"line":"M45","mode":"bus","color":"#0059a9","colorDark":"#00294f","band":3,"off":[0,1.1]}},{"type":"Feature","geometry":{"type":"Point","coordinates":[23.360851,46.764498]},"properties":{"name":"M Pensiunea Dalia Gilau Sud","band":3,"modes":"bus","arr":["M51"],"off":[0,-0.8]}},{"type":"Feature","geometry":{"type":"Point","coordinates":[23.360851,46.764498]},"properties":{"name":"M Pensiunea Dalia Gilau Nord","band":3,"modes":"bus","arr":["M51"],"off":[0,-3]}},{"type":"Feature","geometry":{"type":"Point","coordinates":[23.360851,46.764498]},"properties":{"line":"M51","mode":"bus","color":"#0059a9","colorDark":"#00294f","band":3,"off":[0,1.1]}},{"type":"Feature","geometry":{"type":"Point","coordinates":[23.288839,46.686094]},"properties":{"name":"M Uzina Electrica Nord","band":3,"modes":"bus","arr":["M52"],"off":[0,-0.8]}},{"type":"Feature","geometry":{"type":"Point","coordinates":[23.288839,46.686094]},"properties":{"line":"M52","mode":"bus","color":"#0059a9","colorDark":"#00294f","band":3,"off":[0,1.1]}},{"type":"Feature","geometry":{"type":"Point","coordinates":[23.69054,46.680933]},"properties":{"name":"M Centru N","band":3,"modes":"bus","arr":["M61"],"off":[0,-0.8]}},{"type":"Feature","geometry":{"type":"Point","coordinates":[23.69054,46.680933]},"properties":{"line":"M61","mode":"bus","color":"#0059a9","colorDark":"#00294f","band":3,"off":[0,1.1]}},{"type":"Feature","geometry":{"type":"Point","coordinates":[23.6908,46.680523]},"properties":{"name":"M Centru S","band":3,"modes":"bus","arr":["M61"],"off":[0,-0.8]}},{"type":"Feature","geometry":{"type":"Point","coordinates":[23.6908,46.680523]},"properties":{"line":"M61","mode":"bus","color":"#0059a9","colorDark":"#00294f","band":3,"off":[0,1.1]}},{"type":"Feature","geometry":{"type":"Point","coordinates":[23.658128,46.579133]},"properties":{"name":"M Primaria Petrestii de Jos S","band":3,"modes":"bus","arr":["M71"],"off":[0,-0.8]}},{"type":"Feature","geometry":{"type":"Point","coordinates":[23.658128,46.579133]},"properties":{"line":"M71","mode":"bus","color":"#0059a9","colorDark":"#00294f","band":3,"off":[0,1.1]}},{"type":"Feature","geometry":{"type":"Point","coordinates":[23.456479,46.67652]},"properties":{"name":"M - Savadisla01","band":3,"modes":"bus","arr":["M81"],"off":[0,-0.8]}},{"type":"Feature","geometry":{"type":"Point","coordinates":[23.456479,46.67652]},"properties":{"line":"M81","mode":"bus","color":"#0059a9","colorDark":"#00294f","band":3,"off":[0,1.1]}},{"type":"Feature","geometry":{"type":"Point","coordinates":[23.456666,46.674947]},"properties":{"name":"M - Savadisla02","band":3,"modes":"bus","arr":["M81"],"off":[0,-0.8]}},{"type":"Feature","geometry":{"type":"Point","coordinates":[23.456666,46.674947]},"properties":{"line":"M81","mode":"bus","color":"#0059a9","colorDark":"#00294f","band":3,"off":[0,1.1]}},{"type":"Feature","geometry":{"type":"Point","coordinates":[23.646549,46.796452]},"properties":{"name":"Disp. Tram CUG","band":3,"modes":"tram","arr":["100","102"],"off":[0,-0.8]}},{"type":"Feature","geometry":{"type":"Point","coordinates":[23.646549,46.796452]},"properties":{"line":"100","mode":"tram","color":"#d6212b","colorDark":"#7c1116","band":3,"off":[-1.7,1.1]}},{"type":"Feature","geometry":{"type":"Point","coordinates":[23.646549,46.796452]},"properties":{"line":"102","mode":"tram","color":"#d6212b","colorDark":"#7c1116","band":3,"off":[1.7,1.1]}},{"type":"Feature","geometry":{"type":"Point","coordinates":[23.658949,46.797051]},"properties":{"name":"DEPOU Vest","band":3,"modes":"tram","arr":["102L"],"off":[0,-0.8]}},{"type":"Feature","geometry":{"type":"Point","coordinates":[23.658949,46.797051]},"properties":{"line":"102L","mode":"tram","color":"#d6212b","colorDark":"#7c1116","band":3,"off":[0,1.1]}},{"type":"Feature","geometry":{"type":"Point","coordinates":[23.659645,46.79566]},"properties":{"name":"DEPOU_Tram","band":3,"modes":"tram","arr":["102L"],"off":[0,-0.8]}},{"type":"Feature","geometry":{"type":"Point","coordinates":[23.659645,46.79566]},"properties":{"line":"102L","mode":"tram","color":"#d6212b","colorDark":"#7c1116","band":3,"off":[0,1.1]}},{"type":"Feature","geometry":{"type":"Point","coordinates":[23.5432,46.75125]},"properties":{"name":"Disp. Clăbucet","band":4,"modes":"bus","arr":["1","6","14","25","M81"],"off":[0,-0.8]}},{"type":"Feature","geometry":{"type":"Point","coordinates":[23.5432,46.75125]},"properties":{"line":"1","mode":"bus","color":"#149a3f","colorDark":"#0a5121","band":4,"off":[-6.8,1.1]}},{"type":"Feature","geometry":{"type":"Point","coordinates":[23.5432,46.75125]},"properties":{"line":"6","mode":"bus","color":"#149a3f","colorDark":"#0a5121","band":4,"off":[-3.4,1.1]}},{"type":"Feature","geometry":{"type":"Point","coordinates":[23.5432,46.75125]},"properties":{"line":"14","mode":"bus","color":"#149a3f","colorDark":"#0a5121","band":4,"off":[0,1.1]}},{"type":"Feature","geometry":{"type":"Point","coordinates":[23.5432,46.75125]},"properties":{"line":"25","mode":"bus","color":"#149a3f","colorDark":"#0a5121","band":4,"off":[3.4,1.1]}},{"type":"Feature","geometry":{"type":"Point","coordinates":[23.5432,46.75125]},"properties":{"line":"M81","mode":"bus","color":"#0059a9","colorDark":"#00294f","band":4,"off":[6.8,1.1]}},{"type":"Feature","geometry":{"type":"Point","coordinates":[23.561942,46.75549]},"properties":{"name":"Izlazului","band":4,"modes":"bus","arr":["7"],"off":[0,-0.8]}},{"type":"Feature","geometry":{"type":"Point","coordinates":[23.561942,46.75549]},"properties":{"line":"7","mode":"bus","color":"#149a3f","colorDark":"#0a5121","band":4,"off":[0,1.1]}},{"type":"Feature","geometry":{"type":"Point","coordinates":[23.60553,46.786226]},"properties":{"name":"P-ța 1 Mai Sosire","band":4,"modes":"bus","arr":["1","41"],"off":[0,-0.8]}},{"type":"Feature","geometry":{"type":"Point","coordinates":[23.60553,46.786226]},"properties":{"name":"P-ța 1 Mai","band":4,"modes":"bus","arr":["1","41"],"off":[0,-1.9]}},{"type":"Feature","geometry":{"type":"Point","coordinates":[23.60553,46.786226]},"properties":{"line":"1","mode":"bus","color":"#149a3f","colorDark":"#0a5121","band":4,"off":[-1.7,1.1]}},{"type":"Feature","geometry":{"type":"Point","coordinates":[23.60553,46.786226]},"properties":{"line":"41","mode":"bus","color":"#0059a9","colorDark":"#00294f","band":4,"off":[1.7,1.1]}},{"type":"Feature","geometry":{"type":"Point","coordinates":[23.590545,46.775504]},"properties":{"name":"Pod Traian","band":4,"modes":"bus","arr":["19","31","37","38","39","39L","42","56","M31"],"off":[0,-0.8]}},{"type":"Feature","geometry":{"type":"Point","coordinates":[23.590545,46.775504]},"properties":{"name":"P-ța M. Viteazul Est","band":4,"modes":"bus","arr":["19","31","37","38","39","39L","42","56","M31"],"off":[0,-1.9]}},{"type":"Feature","geometry":{"type":"Point","coordinates":[23.590545,46.775504]},"properties":{"line":"19","mode":"bus","color":"#0059a9","colorDark":"#00294f","band":4,"off":[-6.8,1.1]}},{"type":"Feature","geometry":{"type":"Point","coordinates":[23.590545,46.775504]},"properties":{"line":"31","mode":"bus","color":"#0059a9","colorDark":"#00294f","band":4,"off":[-3.4,1.1]}},{"type":"Feature","geometry":{"type":"Point","coordinates":[23.590545,46.775504]},"properties":{"line":"37","mode":"bus","color":"#0059a9","colorDark":"#00294f","band":4,"off":[0,1.1]}},{"type":"Feature","geometry":{"type":"Point","coordinates":[23.590545,46.775504]},"properties":{"line":"38","mode":"bus","color":"#0059a9","colorDark":"#00294f","band":4,"off":[3.4,1.1]}},{"type":"Feature","geometry":{"type":"Point","coordinates":[23.590545,46.775504]},"properties":{"line":"39","mode":"bus","color":"#0059a9","colorDark":"#00294f","band":4,"off":[6.8,1.1]}},{"type":"Feature","geometry":{"type":"Point","coordinates":[23.590545,46.775504]},"properties":{"line":"39L","mode":"bus","color":"#0059a9","colorDark":"#00294f","band":4,"off":[-5.1,3.1]}},{"type":"Feature","geometry":{"type":"Point","coordinates":[23.590545,46.775504]},"properties":{"line":"42","mode":"bus","color":"#0059a9","colorDark":"#00294f","band":4,"off":[-1.7,3.1]}},{"type":"Feature","geometry":{"type":"Point","coordinates":[23.590545,46.775504]},"properties":{"line":"56","mode":"bus","color":"#0059a9","colorDark":"#00294f","band":4,"off":[1.7,3.1]}},{"type":"Feature","geometry":{"type":"Point","coordinates":[23.590545,46.775504]},"properties":{"line":"M31","mode":"bus","color":"#0059a9","colorDark":"#00294f","band":4,"off":[5.1,3.1]}},{"type":"Feature","geometry":{"type":"Point","coordinates":[23.6302,46.768141]},"properties":{"name":"Disp. Unirii","band":4,"modes":"bus","arr":["3","10","24","24B","25N","45"],"off":[0,-0.8]}},{"type":"Feature","geometry":{"type":"Point","coordinates":[23.6302,46.768141]},"properties":{"line":"3","mode":"bus","color":"#149a3f","colorDark":"#0a5121","band":4,"off":[-6.8,1.1]}},{"type":"Feature","geometry":{"type":"Point","coordinates":[23.6302,46.768141]},"properties":{"line":"10","mode":"bus","color":"#149a3f","colorDark":"#0a5121","band":4,"off":[-3.4,1.1]}},{"type":"Feature","geometry":{"type":"Point","coordinates":[23.6302,46.768141]},"properties":{"line":"24","mode":"bus","color":"#0059a9","colorDark":"#00294f","band":4,"off":[0,1.1]}},{"type":"Feature","geometry":{"type":"Point","coordinates":[23.6302,46.768141]},"properties":{"line":"24B","mode":"bus","color":"#0059a9","colorDark":"#00294f","band":4,"off":[3.4,1.1]}},{"type":"Feature","geometry":{"type":"Point","coordinates":[23.6302,46.768141]},"properties":{"line":"25N","mode":"bus","color":"#149a3f","colorDark":"#0a5121","band":4,"off":[6.8,1.1]}},{"type":"Feature","geometry":{"type":"Point","coordinates":[23.6302,46.768141]},"properties":{"line":"45","mode":"bus","color":"#0059a9","colorDark":"#00294f","band":4,"off":[0,3.1]}},{"type":"Feature","geometry":{"type":"Point","coordinates":[23.628432,46.76791]},"properties":{"name":"Snagov Nord","band":4,"modes":"bus","arr":["25"],"off":[0,-0.8]}},{"type":"Feature","geometry":{"type":"Point","coordinates":[23.628432,46.76791]},"properties":{"line":"25","mode":"bus","color":"#149a3f","colorDark":"#0a5121","band":4,"off":[0,1.1]}},{"type":"Feature","geometry":{"type":"Point","coordinates":[23.597261,46.771338]},"properties":{"name":"P-ța Avram Iancu","band":4,"modes":"bus","arr":["46L"],"off":[0,-0.8]}},{"type":"Feature","geometry":{"type":"Point","coordinates":[23.597261,46.771338]},"properties":{"line":"46L","mode":"bus","color":"#0059a9","colorDark":"#00294f","band":4,"off":[0,1.1]}},{"type":"Feature","geometry":{"type":"Point","coordinates":[23.588245,46.784186]},"properties":{"name":"P-ța Gării Vechi","band":4,"modes":"bus,tram","arr":["3","4","5","5N","9","22","27","32B","34","35","100","M39","M39L"],"off":[0,-0.8]}},{"type":"Feature","geometry":{"type":"Point","coordinates":[23.588245,46.784186]},"properties":{"name":"P-ța Gării Sud","band":4,"modes":"bus,tram","arr":["3","4","5","5N","9","22","27","32B","34","35","100","M39","M39L"],"off":[0,-1.9]}},{"type":"Feature","geometry":{"type":"Point","coordinates":[23.588245,46.784186]},"properties":{"name":"P-ța Gării Sosire","band":4,"modes":"bus,tram","arr":["3","4","5","5N","9","22","27","32B","34","35","100","M39","M39L"],"off":[0,-3]}},{"type":"Feature","geometry":{"type":"Point","coordinates":[23.588245,46.784186]},"properties":{"line":"3","mode":"bus","color":"#149a3f","colorDark":"#0a5121","band":4,"off":[-6.8,1.1]}},{"type":"Feature","geometry":{"type":"Point","coordinates":[23.588245,46.784186]},"properties":{"line":"4","mode":"bus","color":"#149a3f","colorDark":"#0a5121","band":4,"off":[-3.4,1.1]}},{"type":"Feature","geometry":{"type":"Point","coordinates":[23.588245,46.784186]},"properties":{"line":"5","mode":"bus","color":"#149a3f","colorDark":"#0a5121","band":4,"off":[0,1.1]}},{"type":"Feature","geometry":{"type":"Point","coordinates":[23.588245,46.784186]},"properties":{"line":"5N","mode":"bus","color":"#149a3f","colorDark":"#0a5121","band":4,"off":[3.4,1.1]}},{"type":"Feature","geometry":{"type":"Point","coordinates":[23.588245,46.784186]},"properties":{"line":"9","mode":"bus","color":"#0059a9","colorDark":"#00294f","band":4,"off":[6.8,1.1]}},{"type":"Feature","geometry":{"type":"Point","coordinates":[23.588245,46.784186]},"properties":{"line":"22","mode":"bus","color":"#0059a9","colorDark":"#00294f","band":4,"off":[-6.8,3.1]}},{"type":"Feature","geometry":{"type":"Point","coordinates":[23.588245,46.784186]},"properties":{"line":"27","mode":"bus","color":"#0059a9","colorDark":"#00294f","band":4,"off":[-3.4,3.1]}},{"type":"Feature","geometry":{"type":"Point","coordinates":[23.588245,46.784186]},"properties":{"line":"32B","mode":"bus","color":"#0059a9","colorDark":"#00294f","band":4,"off":[0,3.1]}},{"type":"Feature","geometry":{"type":"Point","coordinates":[23.588245,46.784186]},"properties":{"line":"34","mode":"bus","color":"#0059a9","colorDark":"#00294f","band":4,"off":[3.4,3.1]}},{"type":"Feature","geometry":{"type":"Point","coordinates":[23.588245,46.784186]},"properties":{"line":"35","mode":"bus","color":"#0059a9","colorDark":"#00294f","band":4,"off":[6.8,3.1]}},{"type":"Feature","geometry":{"type":"Point","coordinates":[23.588245,46.784186]},"properties":{"line":"100","mode":"tram","color":"#d6212b","colorDark":"#7c1116","band":4,"off":[-3.4,5.1]}},{"type":"Feature","geometry":{"type":"Point","coordinates":[23.588245,46.784186]},"properties":{"line":"M39","mode":"bus","color":"#0059a9","colorDark":"#00294f","band":4,"off":[0,5.1]}},{"type":"Feature","geometry":{"type":"Point","coordinates":[23.588245,46.784186]},"properties":{"line":"M39L","mode":"bus","color":"#0059a9","colorDark":"#00294f","band":4,"off":[3.4,5.1]}},{"type":"Feature","geometry":{"type":"Point","coordinates":[23.591539,46.774915]},"properties":{"name":"I.P. Voitești","band":4,"modes":"bus","arr":["23"],"off":[0,-0.8]}},{"type":"Feature","geometry":{"type":"Point","coordinates":[23.591539,46.774915]},"properties":{"line":"23","mode":"bus","color":"#149a3f","colorDark":"#0a5121","band":4,"off":[0,1.1]}},{"type":"Feature","geometry":{"type":"Point","coordinates":[23.59685,46.770171]},"properties":{"name":"Teatru","band":4,"modes":"bus","arr":["46","46L"],"off":[0,-0.8]}},{"type":"Feature","geometry":{"type":"Point","coordinates":[23.59685,46.770171]},"properties":{"line":"46","mode":"bus","color":"#0059a9","colorDark":"#00294f","band":4,"off":[-1.7,1.1]}},{"type":"Feature","geometry":{"type":"Point","coordinates":[23.59685,46.770171]},"properties":{"line":"46L","mode":"bus","color":"#0059a9","colorDark":"#00294f","band":4,"off":[1.7,1.1]}},{"type":"Feature","geometry":{"type":"Point","coordinates":[23.637554,46.782309]},"properties":{"name":"Disp. IRA","band":4,"modes":"bus","arr":["4","6","7","12","30","46B","47"],"off":[0,-0.8]}},{"type":"Feature","geometry":{"type":"Point","coordinates":[23.637554,46.782309]},"properties":{"line":"4","mode":"bus","color":"#149a3f","colorDark":"#0a5121","band":4,"off":[-6.8,1.1]}},{"type":"Feature","geometry":{"type":"Point","coordinates":[23.637554,46.782309]},"properties":{"line":"6","mode":"bus","color":"#149a3f","colorDark":"#0a5121","band":4,"off":[-3.4,1.1]}},{"type":"Feature","geometry":{"type":"Point","coordinates":[23.637554,46.782309]},"properties":{"line":"7","mode":"bus","color":"#149a3f","colorDark":"#0a5121","band":4,"off":[0,1.1]}},{"type":"Feature","geometry":{"type":"Point","coordinates":[23.637554,46.782309]},"properties":{"line":"12","mode":"bus","color":"#149a3f","colorDark":"#0a5121","band":4,"off":[3.4,1.1]}},{"type":"Feature","geometry":{"type":"Point","coordinates":[23.637554,46.782309]},"properties":{"line":"30","mode":"bus","color":"#0059a9","colorDark":"#00294f","band":4,"off":[6.8,1.1]}},{"type":"Feature","geometry":{"type":"Point","coordinates":[23.637554,46.782309]},"properties":{"line":"46B","mode":"bus","color":"#0059a9","colorDark":"#00294f","band":4,"off":[-1.7,3.1]}},{"type":"Feature","geometry":{"type":"Point","coordinates":[23.637554,46.782309]},"properties":{"line":"47","mode":"bus","color":"#0059a9","colorDark":"#00294f","band":4,"off":[1.7,3.1]}},{"type":"Feature","geometry":{"type":"Point","coordinates":[23.636378,46.78175]},"properties":{"name":"EXPO Transilvania","band":4,"modes":"bus","arr":["30"],"off":[0,-0.8]}},{"type":"Feature","geometry":{"type":"Point","coordinates":[23.636378,46.78175]},"properties":{"line":"30","mode":"bus","color":"#0059a9","colorDark":"#00294f","band":4,"off":[0,1.1]}},{"type":"Feature","geometry":{"type":"Point","coordinates":[23.617334,46.778868]},"properties":{"name":"Arte Plastice","band":4,"modes":"bus","arr":["8L","M41","M42","M42L","M43","M44","M45"],"off":[0,-0.8]}},{"type":"Feature","geometry":{"type":"Point","coordinates":[23.617334,46.778868]},"properties":{"line":"8L","mode":"bus","color":"#0059a9","colorDark":"#00294f","band":4,"off":[-6.8,1.1]}},{"type":"Feature","geometry":{"type":"Point","coordinates":[23.617334,46.778868]},"properties":{"line":"M41","mode":"bus","color":"#0059a9","colorDark":"#00294f","band":4,"off":[-3.4,1.1]}},{"type":"Feature","geometry":{"type":"Point","coordinates":[23.617334,46.778868]},"properties":{"line":"M42","mode":"bus","color":"#0059a9","colorDark":"#00294f","band":4,"off":[0,1.1]}},{"type":"Feature","geometry":{"type":"Point","coordinates":[23.617334,46.778868]},"properties":{"line":"M42L","mode":"bus","color":"#0059a9","colorDark":"#00294f","band":4,"off":[3.4,1.1]}},{"type":"Feature","geometry":{"type":"Point","coordinates":[23.617334,46.778868]},"properties":{"line":"M43","mode":"bus","color":"#0059a9","colorDark":"#00294f","band":4,"off":[6.8,1.1]}},{"type":"Feature","geometry":{"type":"Point","coordinates":[23.617334,46.778868]},"properties":{"line":"M44","mode":"bus","color":"#0059a9","colorDark":"#00294f","band":4,"off":[-1.7,3.1]}},{"type":"Feature","geometry":{"type":"Point","coordinates":[23.617334,46.778868]},"properties":{"line":"M45","mode":"bus","color":"#0059a9","colorDark":"#00294f","band":4,"off":[1.7,3.1]}},{"type":"Feature","geometry":{"type":"Point","coordinates":[23.615766,46.778454]},"properties":{"name":"Mareșal C-tin Prezan","band":4,"modes":"bus","arr":["8L","M41","M41L","M42","M42L","M43","M44","M45"],"off":[0,-0.8]}},{"type":"Feature","geometry":{"type":"Point","coordinates":[23.615766,46.778454]},"properties":{"line":"8L","mode":"bus","color":"#0059a9","colorDark":"#00294f","band":4,"off":[-6.8,1.1]}},{"type":"Feature","geometry":{"type":"Point","coordinates":[23.615766,46.778454]},"properties":{"line":"M41","mode":"bus","color":"#0059a9","colorDark":"#00294f","band":4,"off":[-3.4,1.1]}},{"type":"Feature","geometry":{"type":"Point","coordinates":[23.615766,46.778454]},"properties":{"line":"M41L","mode":"bus","color":"#0059a9","colorDark":"#00294f","band":4,"off":[0,1.1]}},{"type":"Feature","geometry":{"type":"Point","coordinates":[23.615766,46.778454]},"properties":{"line":"M42","mode":"bus","color":"#0059a9","colorDark":"#00294f","band":4,"off":[3.4,1.1]}},{"type":"Feature","geometry":{"type":"Point","coordinates":[23.615766,46.778454]},"properties":{"line":"M42L","mode":"bus","color":"#0059a9","colorDark":"#00294f","band":4,"off":[6.8,1.1]}},{"type":"Feature","geometry":{"type":"Point","coordinates":[23.615766,46.778454]},"properties":{"line":"M43","mode":"bus","color":"#0059a9","colorDark":"#00294f","band":4,"off":[-3.4,3.1]}},{"type":"Feature","geometry":{"type":"Point","coordinates":[23.615766,46.778454]},"properties":{"line":"M44","mode":"bus","color":"#0059a9","colorDark":"#00294f","band":4,"off":[0,3.1]}},{"type":"Feature","geometry":{"type":"Point","coordinates":[23.615766,46.778454]},"properties":{"line":"M45","mode":"bus","color":"#0059a9","colorDark":"#00294f","band":4,"off":[3.4,3.1]}},{"type":"Feature","geometry":{"type":"Point","coordinates":[23.697144,46.781918]},"properties":{"name":"Electromontaj Sud","band":4,"modes":"bus","arr":["5","5N","8"],"off":[0,-0.8]}},{"type":"Feature","geometry":{"type":"Point","coordinates":[23.697144,46.781918]},"properties":{"name":"Electromontaj Nord","band":4,"modes":"bus","arr":["5","5N","8"],"off":[0,-1.9]}},{"type":"Feature","geometry":{"type":"Point","coordinates":[23.697144,46.781918]},"properties":{"line":"5","mode":"bus","color":"#149a3f","colorDark":"#0a5121","band":4,"off":[-3.4,1.1]}},{"type":"Feature","geometry":{"type":"Point","coordinates":[23.697144,46.781918]},"properties":{"line":"5N","mode":"bus","color":"#149a3f","colorDark":"#0a5121","band":4,"off":[0,1.1]}},{"type":"Feature","geometry":{"type":"Point","coordinates":[23.697144,46.781918]},"properties":{"line":"8","mode":"bus","color":"#149a3f","colorDark":"#0a5121","band":4,"off":[3.4,1.1]}},{"type":"Feature","geometry":{"type":"Point","coordinates":[23.589666,46.774057]},"properties":{"name":"P-ța M.Viteazu Sosire","band":4,"modes":"bus","arr":["8","19","21","28","28B","29S","32","33","36B","36L","42","47","53","A1","M26"],"off":[0,-0.8]}},{"type":"Feature","geometry":{"type":"Point","coordinates":[23.589666,46.774057]},"properties":{"name":"P-ța M. Viteazul Vest","band":4,"modes":"bus","arr":["8","19","21","28","28B","29S","32","33","36B","36L","42","47","53","A1","M26"],"off":[0,-3]}},{"type":"Feature","geometry":{"type":"Point","coordinates":[23.589666,46.774057]},"properties":{"name":"P-ța M. Viteazul Sud","band":4,"modes":"bus","arr":["8","19","21","28","28B","29S","32","33","36B","36L","42","47","53","A1","M26"],"off":[0,-5.2]}},{"type":"Feature","geometry":{"type":"Point","coordinates":[23.589666,46.774057]},"properties":{"line":"8","mode":"bus","color":"#149a3f","colorDark":"#0a5121","band":4,"off":[-6.8,1.1]}},{"type":"Feature","geometry":{"type":"Point","coordinates":[23.589666,46.774057]},"properties":{"line":"19","mode":"bus","color":"#0059a9","colorDark":"#00294f","band":4,"off":[-3.4,1.1]}},{"type":"Feature","geometry":{"type":"Point","coordinates":[23.589666,46.774057]},"properties":{"line":"21","mode":"bus","color":"#0059a9","colorDark":"#00294f","band":4,"off":[0,1.1]}},{"type":"Feature","geometry":{"type":"Point","coordinates":[23.589666,46.774057]},"properties":{"line":"28","mode":"bus","color":"#0059a9","colorDark":"#00294f","band":4,"off":[3.4,1.1]}},{"type":"Feature","geometry":{"type":"Point","coordinates":[23.589666,46.774057]},"properties":{"line":"28B","mode":"bus","color":"#0059a9","colorDark":"#00294f","band":4,"off":[6.8,1.1]}},{"type":"Feature","geometry":{"type":"Point","coordinates":[23.589666,46.774057]},"properties":{"line":"29S","mode":"bus","color":"#0059a9","colorDark":"#00294f","band":4,"off":[-6.8,3.1]}},{"type":"Feature","geometry":{"type":"Point","coordinates":[23.589666,46.774057]},"properties":{"line":"32","mode":"bus","color":"#0059a9","colorDark":"#00294f","band":4,"off":[-3.4,3.1]}},{"type":"Feature","geometry":{"type":"Point","coordinates":[23.589666,46.774057]},"properties":{"line":"33","mode":"bus","color":"#0059a9","colorDark":"#00294f","band":4,"off":[0,3.1]}},{"type":"Feature","geometry":{"type":"Point","coordinates":[23.589666,46.774057]},"properties":{"line":"36B","mode":"bus","color":"#0059a9","colorDark":"#00294f","band":4,"off":[3.4,3.1]}},{"type":"Feature","geometry":{"type":"Point","coordinates":[23.589666,46.774057]},"properties":{"line":"36L","mode":"bus","color":"#0059a9","colorDark":"#00294f","band":4,"off":[6.8,3.1]}},{"type":"Feature","geometry":{"type":"Point","coordinates":[23.589666,46.774057]},"properties":{"line":"42","mode":"bus","color":"#0059a9","colorDark":"#00294f","band":4,"off":[-6.8,5.1]}},{"type":"Feature","geometry":{"type":"Point","coordinates":[23.589666,46.774057]},"properties":{"line":"47","mode":"bus","color":"#0059a9","colorDark":"#00294f","band":4,"off":[-3.4,5.1]}},{"type":"Feature","geometry":{"type":"Point","coordinates":[23.589666,46.774057]},"properties":{"line":"53","mode":"bus","color":"#0059a9","colorDark":"#00294f","band":4,"off":[0,5.1]}},{"type":"Feature","geometry":{"type":"Point","coordinates":[23.589666,46.774057]},"properties":{"line":"A1","mode":"bus","color":"#0059a9","colorDark":"#00294f","band":4,"off":[3.4,5.1]}},{"type":"Feature","geometry":{"type":"Point","coordinates":[23.589666,46.774057]},"properties":{"line":"M26","mode":"bus","color":"#0059a9","colorDark":"#00294f","band":4,"off":[6.8,5.1]}},{"type":"Feature","geometry":{"type":"Point","coordinates":[23.710537,46.78135]},"properties":{"name":"Piața AGRO Sosire","band":4,"modes":"bus","arr":["8L"],"off":[0,-0.8]}},{"type":"Feature","geometry":{"type":"Point","coordinates":[23.710537,46.78135]},"properties":{"line":"8L","mode":"bus","color":"#0059a9","colorDark":"#00294f","band":4,"off":[0,1.1]}},{"type":"Feature","geometry":{"type":"Point","coordinates":[23.710505,46.781548]},"properties":{"name":"AGRO Transilvania","band":4,"modes":"bus","arr":["8L"],"off":[0,-0.8]}},{"type":"Feature","geometry":{"type":"Point","coordinates":[23.710505,46.781548]},"properties":{"line":"8L","mode":"bus","color":"#0059a9","colorDark":"#00294f","band":4,"off":[0,1.1]}},{"type":"Feature","geometry":{"type":"Point","coordinates":[23.543267,46.751583]},"properties":{"name":"Disp. Bucium","band":4,"modes":"bus,tram","arr":["9","24","25N","52","52L","101","102","102L","M21","M22","M24","M25","M27","M51","M52"],"off":[0,-0.8]}},{"type":"Feature","geometry":{"type":"Point","coordinates":[23.543267,46.751583]},"properties":{"line":"9","mode":"bus","color":"#0059a9","colorDark":"#00294f","band":4,"off":[-6.8,1.1]}},{"type":"Feature","geometry":{"type":"Point","coordinates":[23.543267,46.751583]},"properties":{"line":"24","mode":"bus","color":"#0059a9","colorDark":"#00294f","band":4,"off":[-3.4,1.1]}},{"type":"Feature","geometry":{"type":"Point","coordinates":[23.543267,46.751583]},"properties":{"line":"25N","mode":"bus","color":"#149a3f","colorDark":"#0a5121","band":4,"off":[0,1.1]}},{"type":"Feature","geometry":{"type":"Point","coordinates":[23.543267,46.751583]},"properties":{"line":"52","mode":"bus","color":"#0059a9","colorDark":"#00294f","band":4,"off":[3.4,1.1]}},{"type":"Feature","geometry":{"type":"Point","coordinates":[23.543267,46.751583]},"properties":{"line":"52L","mode":"bus","color":"#0059a9","colorDark":"#00294f","band":4,"off":[6.8,1.1]}},{"type":"Feature","geometry":{"type":"Point","coordinates":[23.543267,46.751583]},"properties":{"line":"101","mode":"tram","color":"#d6212b","colorDark":"#7c1116","band":4,"off":[-6.8,3.1]}},{"type":"Feature","geometry":{"type":"Point","coordinates":[23.543267,46.751583]},"properties":{"line":"102","mode":"tram","color":"#d6212b","colorDark":"#7c1116","band":4,"off":[-3.4,3.1]}},{"type":"Feature","geometry":{"type":"Point","coordinates":[23.543267,46.751583]},"properties":{"line":"102L","mode":"tram","color":"#d6212b","colorDark":"#7c1116","band":4,"off":[0,3.1]}},{"type":"Feature","geometry":{"type":"Point","coordinates":[23.543267,46.751583]},"properties":{"line":"M21","mode":"bus","color":"#0059a9","colorDark":"#00294f","band":4,"off":[3.4,3.1]}},{"type":"Feature","geometry":{"type":"Point","coordinates":[23.543267,46.751583]},"properties":{"line":"M22","mode":"bus","color":"#0059a9","colorDark":"#00294f","band":4,"off":[6.8,3.1]}},{"type":"Feature","geometry":{"type":"Point","coordinates":[23.543267,46.751583]},"properties":{"line":"M24","mode":"bus","color":"#0059a9","colorDark":"#00294f","band":4,"off":[-6.8,5.1]}},{"type":"Feature","geometry":{"type":"Point","coordinates":[23.543267,46.751583]},"properties":{"line":"M25","mode":"bus","color":"#0059a9","colorDark":"#00294f","band":4,"off":[-3.4,5.1]}},{"type":"Feature","geometry":{"type":"Point","coordinates":[23.543267,46.751583]},"properties":{"line":"M27","mode":"bus","color":"#0059a9","colorDark":"#00294f","band":4,"off":[0,5.1]}},{"type":"Feature","geometry":{"type":"Point","coordinates":[23.543267,46.751583]},"properties":{"line":"M51","mode":"bus","color":"#0059a9","colorDark":"#00294f","band":4,"off":[3.4,5.1]}},{"type":"Feature","geometry":{"type":"Point","coordinates":[23.543267,46.751583]},"properties":{"line":"M52","mode":"bus","color":"#0059a9","colorDark":"#00294f","band":4,"off":[6.8,5.1]}},{"type":"Feature","geometry":{"type":"Point","coordinates":[23.543482,46.752826]},"properties":{"name":"Academia de Muzica","band":4,"modes":"bus","arr":["52L"],"off":[0,-0.8]}},{"type":"Feature","geometry":{"type":"Point","coordinates":[23.543482,46.752826]},"properties":{"line":"52L","mode":"bus","color":"#0059a9","colorDark":"#00294f","band":4,"off":[0,1.1]}},{"type":"Feature","geometry":{"type":"Point","coordinates":[23.635517,46.795973]},"properties":{"name":"ERS CUG Sud","band":4,"modes":"bus","arr":["10","12","14","23","26","48","50"],"off":[0,-0.8]}},{"type":"Feature","geometry":{"type":"Point","coordinates":[23.635517,46.795973]},"properties":{"name":"ERS CUG S.","band":4,"modes":"bus","arr":["10","12","14","23","26","48","50"],"off":[0,-1.9]}},{"type":"Feature","geometry":{"type":"Point","coordinates":[23.635517,46.795973]},"properties":{"name":"Disp. ERS CUG","band":4,"modes":"bus","arr":["10","12","14","23","26","48","50"],"off":[0,-3]}},{"type":"Feature","geometry":{"type":"Point","coordinates":[23.635517,46.795973]},"properties":{"line":"10","mode":"bus","color":"#149a3f","colorDark":"#0a5121","band":4,"off":[-6.8,1.1]}},{"type":"Feature","geometry":{"type":"Point","coordinates":[23.635517,46.795973]},"properties":{"line":"12","mode":"bus","color":"#149a3f","colorDark":"#0a5121","band":4,"off":[-3.4,1.1]}},{"type":"Feature","geometry":{"type":"Point","coordinates":[23.635517,46.795973]},"properties":{"line":"14","mode":"bus","color":"#149a3f","colorDark":"#0a5121","band":4,"off":[0,1.1]}},{"type":"Feature","geometry":{"type":"Point","coordinates":[23.635517,46.795973]},"properties":{"line":"23","mode":"bus","color":"#149a3f","colorDark":"#0a5121","band":4,"off":[3.4,1.1]}},{"type":"Feature","geometry":{"type":"Point","coordinates":[23.635517,46.795973]},"properties":{"line":"26","mode":"bus","color":"#0059a9","colorDark":"#00294f","band":4,"off":[6.8,1.1]}},{"type":"Feature","geometry":{"type":"Point","coordinates":[23.635517,46.795973]},"properties":{"line":"48","mode":"bus","color":"#0059a9","colorDark":"#00294f","band":4,"off":[-1.7,3.1]}},{"type":"Feature","geometry":{"type":"Point","coordinates":[23.635517,46.795973]},"properties":{"line":"50","mode":"bus","color":"#0059a9","colorDark":"#00294f","band":4,"off":[1.7,3.1]}},{"type":"Feature","geometry":{"type":"Point","coordinates":[23.634525,46.796051]},"properties":{"name":"ERS CUG Nord","band":4,"modes":"bus","arr":["14","23"],"off":[0,-0.8]}},{"type":"Feature","geometry":{"type":"Point","coordinates":[23.634525,46.796051]},"properties":{"line":"14","mode":"bus","color":"#149a3f","colorDark":"#0a5121","band":4,"off":[-1.7,1.1]}},{"type":"Feature","geometry":{"type":"Point","coordinates":[23.634525,46.796051]},"properties":{"line":"23","mode":"bus","color":"#149a3f","colorDark":"#0a5121","band":4,"off":[1.7,1.1]}},{"type":"Feature","geometry":{"type":"Point","coordinates":[23.598488,46.768488]},"properties":{"name":"Posada","band":4,"modes":"bus","arr":["18","20","40","M11","M12","M13","M16","M17","M18","M61","M71"],"off":[0,-0.8]}},{"type":"Feature","geometry":{"type":"Point","coordinates":[23.598488,46.768488]},"properties":{"line":"18","mode":"bus","color":"#0059a9","colorDark":"#00294f","band":4,"off":[-6.8,1.1]}},{"type":"Feature","geometry":{"type":"Point","coordinates":[23.598488,46.768488]},"properties":{"line":"20","mode":"bus","color":"#0059a9","colorDark":"#00294f","band":4,"off":[-3.4,1.1]}},{"type":"Feature","geometry":{"type":"Point","coordinates":[23.598488,46.768488]},"properties":{"line":"40","mode":"bus","color":"#0059a9","colorDark":"#00294f","band":4,"off":[0,1.1]}},{"type":"Feature","geometry":{"type":"Point","coordinates":[23.598488,46.768488]},"properties":{"line":"M11","mode":"bus","color":"#0059a9","colorDark":"#00294f","band":4,"off":[3.4,1.1]}},{"type":"Feature","geometry":{"type":"Point","coordinates":[23.598488,46.768488]},"properties":{"line":"M12","mode":"bus","color":"#0059a9","colorDark":"#00294f","band":4,"off":[6.8,1.1]}},{"type":"Feature","geometry":{"type":"Point","coordinates":[23.598488,46.768488]},"properties":{"line":"M13","mode":"bus","color":"#0059a9","colorDark":"#00294f","band":4,"off":[-6.8,3.1]}},{"type":"Feature","geometry":{"type":"Point","coordinates":[23.598488,46.768488]},"properties":{"line":"M16","mode":"bus","color":"#0059a9","colorDark":"#00294f","band":4,"off":[-3.4,3.1]}},{"type":"Feature","geometry":{"type":"Point","coordinates":[23.598488,46.768488]},"properties":{"line":"M17","mode":"bus","color":"#0059a9","colorDark":"#00294f","band":4,"off":[0,3.1]}},{"type":"Feature","geometry":{"type":"Point","coordinates":[23.598488,46.768488]},"properties":{"line":"M18","mode":"bus","color":"#0059a9","colorDark":"#00294f","band":4,"off":[3.4,3.1]}},{"type":"Feature","geometry":{"type":"Point","coordinates":[23.598488,46.768488]},"properties":{"line":"M61","mode":"bus","color":"#0059a9","colorDark":"#00294f","band":4,"off":[6.8,3.1]}},{"type":"Feature","geometry":{"type":"Point","coordinates":[23.598488,46.768488]},"properties":{"line":"M71","mode":"bus","color":"#0059a9","colorDark":"#00294f","band":4,"off":[0,5.1]}},{"type":"Feature","geometry":{"type":"Point","coordinates":[23.636541,46.73852]},"properties":{"name":"Veseliei","band":4,"modes":"bus","arr":["18"],"off":[0,-0.8]}},{"type":"Feature","geometry":{"type":"Point","coordinates":[23.636541,46.73852]},"properties":{"line":"18","mode":"bus","color":"#0059a9","colorDark":"#00294f","band":4,"off":[0,1.1]}},{"type":"Feature","geometry":{"type":"Point","coordinates":[23.565335,46.742728]},"properties":{"name":"E.Quinet Sud","band":4,"modes":"bus","arr":["19"],"off":[0,-0.8]}},{"type":"Feature","geometry":{"type":"Point","coordinates":[23.565335,46.742728]},"properties":{"line":"19","mode":"bus","color":"#0059a9","colorDark":"#00294f","band":4,"off":[0,1.1]}},{"type":"Feature","geometry":{"type":"Point","coordinates":[23.651131,46.743897]},"properties":{"name":"Biserica Borhanci Vest","band":4,"modes":"bus","arr":["20"],"off":[0,-0.8]}},{"type":"Feature","geometry":{"type":"Point","coordinates":[23.651131,46.743897]},"properties":{"name":"Biserica Borhanci Est","band":4,"modes":"bus","arr":["20"],"off":[0,-3]}},{"type":"Feature","geometry":{"type":"Point","coordinates":[23.651131,46.743897]},"properties":{"line":"20","mode":"bus","color":"#0059a9","colorDark":"#00294f","band":4,"off":[0,1.1]}},{"type":"Feature","geometry":{"type":"Point","coordinates":[23.59175,46.741137]},"properties":{"name":"Dacia Service Sosire","band":4,"modes":"bus","arr":["21","43B"],"off":[0,-0.8]}},{"type":"Feature","geometry":{"type":"Point","coordinates":[23.59175,46.741137]},"properties":{"name":"Dacia Service","band":4,"modes":"bus","arr":["21","43B"],"off":[0,-3]}},{"type":"Feature","geometry":{"type":"Point","coordinates":[23.59175,46.741137]},"properties":{"line":"21","mode":"bus","color":"#0059a9","colorDark":"#00294f","band":4,"off":[-1.7,1.1]}},{"type":"Feature","geometry":{"type":"Point","coordinates":[23.59175,46.741137]},"properties":{"line":"43B","mode":"bus","color":"#0059a9","colorDark":"#00294f","band":4,"off":[1.7,1.1]}},{"type":"Feature","geometry":{"type":"Point","coordinates":[23.583399,46.760147]},"properties":{"name":"Sp. de Boli Infecțioase","band":4,"modes":"bus","arr":["22"],"off":[0,-0.8]}},{"type":"Feature","geometry":{"type":"Point","coordinates":[23.583399,46.760147]},"properties":{"name":"Boli Infecțioase Sosire","band":4,"modes":"bus","arr":["22"],"off":[0,-3]}},{"type":"Feature","geometry":{"type":"Point","coordinates":[23.583399,46.760147]},"properties":{"line":"22","mode":"bus","color":"#0059a9","colorDark":"#00294f","band":4,"off":[0,1.1]}},{"type":"Feature","geometry":{"type":"Point","coordinates":[23.532992,46.752664]},"properties":{"name":"VIVO Sosire","band":4,"modes":"bus","arr":["24B","28B","43P"],"off":[0,-0.8]}},{"type":"Feature","geometry":{"type":"Point","coordinates":[23.532992,46.752664]},"properties":{"line":"24B","mode":"bus","color":"#0059a9","colorDark":"#00294f","band":4,"off":[-3.4,1.1]}},{"type":"Feature","geometry":{"type":"Point","coordinates":[23.532992,46.752664]},"properties":{"line":"28B","mode":"bus","color":"#0059a9","colorDark":"#00294f","band":4,"off":[0,1.1]}},{"type":"Feature","geometry":{"type":"Point","coordinates":[23.532992,46.752664]},"properties":{"line":"43P","mode":"bus","color":"#0059a9","colorDark":"#00294f","band":4,"off":[3.4,1.1]}},{"type":"Feature","geometry":{"type":"Point","coordinates":[23.532928,46.753073]},"properties":{"name":"VIVO","band":4,"modes":"bus","arr":["24B","28B","43P"],"off":[0,-0.8]}},{"type":"Feature","geometry":{"type":"Point","coordinates":[23.532928,46.753073]},"properties":{"line":"24B","mode":"bus","color":"#0059a9","colorDark":"#00294f","band":4,"off":[-3.4,1.1]}},{"type":"Feature","geometry":{"type":"Point","coordinates":[23.532928,46.753073]},"properties":{"line":"28B","mode":"bus","color":"#0059a9","colorDark":"#00294f","band":4,"off":[0,1.1]}},{"type":"Feature","geometry":{"type":"Point","coordinates":[23.532928,46.753073]},"properties":{"line":"43P","mode":"bus","color":"#0059a9","colorDark":"#00294f","band":4,"off":[3.4,1.1]}},{"type":"Feature","geometry":{"type":"Point","coordinates":[23.548292,46.764984]},"properties":{"name":"Disp. Grigorescu","band":4,"modes":"bus","arr":["26","26L","27","28","30","41","43","43B","44","54N"],"off":[0,-0.8]}},{"type":"Feature","geometry":{"type":"Point","coordinates":[23.548292,46.764984]},"properties":{"line":"26","mode":"bus","color":"#0059a9","colorDark":"#00294f","band":4,"off":[-6.8,1.1]}},{"type":"Feature","geometry":{"type":"Point","coordinates":[23.548292,46.764984]},"properties":{"line":"26L","mode":"bus","color":"#0059a9","colorDark":"#00294f","band":4,"off":[-3.4,1.1]}},{"type":"Feature","geometry":{"type":"Point","coordinates":[23.548292,46.764984]},"properties":{"line":"27","mode":"bus","color":"#0059a9","colorDark":"#00294f","band":4,"off":[0,1.1]}},{"type":"Feature","geometry":{"type":"Point","coordinates":[23.548292,46.764984]},"properties":{"line":"28","mode":"bus","color":"#0059a9","colorDark":"#00294f","band":4,"off":[3.4,1.1]}},{"type":"Feature","geometry":{"type":"Point","coordinates":[23.548292,46.764984]},"properties":{"line":"30","mode":"bus","color":"#0059a9","colorDark":"#00294f","band":4,"off":[6.8,1.1]}},{"type":"Feature","geometry":{"type":"Point","coordinates":[23.548292,46.764984]},"properties":{"line":"41","mode":"bus","color":"#0059a9","colorDark":"#00294f","band":4,"off":[-6.8,3.1]}},{"type":"Feature","geometry":{"type":"Point","coordinates":[23.548292,46.764984]},"properties":{"line":"43","mode":"bus","color":"#0059a9","colorDark":"#00294f","band":4,"off":[-3.4,3.1]}},{"type":"Feature","geometry":{"type":"Point","coordinates":[23.548292,46.764984]},"properties":{"line":"43B","mode":"bus","color":"#0059a9","colorDark":"#00294f","band":4,"off":[0,3.1]}},{"type":"Feature","geometry":{"type":"Point","coordinates":[23.548292,46.764984]},"properties":{"line":"44","mode":"bus","color":"#0059a9","colorDark":"#00294f","band":4,"off":[3.4,3.1]}},{"type":"Feature","geometry":{"type":"Point","coordinates":[23.548292,46.764984]},"properties":{"line":"54N","mode":"bus","color":"#0059a9","colorDark":"#00294f","band":4,"off":[6.8,3.1]}},{"type":"Feature","geometry":{"type":"Point","coordinates":[23.54908,46.765602]},"properties":{"name":"Radio România Cluj","band":4,"modes":"bus","arr":["30"],"off":[0,-0.8]}},{"type":"Feature","geometry":{"type":"Point","coordinates":[23.54908,46.765602]},"properties":{"line":"30","mode":"bus","color":"#0059a9","colorDark":"#00294f","band":4,"off":[0,1.1]}},{"type":"Feature","geometry":{"type":"Point","coordinates":[23.664781,46.79554]},"properties":{"name":"Emerson Sosire","band":4,"modes":"bus","arr":["26L","36L","48L","50L","52L"],"off":[0,-0.8]}},{"type":"Feature","geometry":{"type":"Point","coordinates":[23.664781,46.79554]},"properties":{"line":"26L","mode":"bus","color":"#0059a9","colorDark":"#00294f","band":4,"off":[-6.8,1.1]}},{"type":"Feature","geometry":{"type":"Point","coordinates":[23.664781,46.79554]},"properties":{"line":"36L","mode":"bus","color":"#0059a9","colorDark":"#00294f","band":4,"off":[-3.4,1.1]}},{"type":"Feature","geometry":{"type":"Point","coordinates":[23.664781,46.79554]},"properties":{"line":"48L","mode":"bus","color":"#0059a9","colorDark":"#00294f","band":4,"off":[0,1.1]}},{"type":"Feature","geometry":{"type":"Point","coordinates":[23.664781,46.79554]},"properties":{"line":"50L","mode":"bus","color":"#0059a9","colorDark":"#00294f","band":4,"off":[3.4,1.1]}},{"type":"Feature","geometry":{"type":"Point","coordinates":[23.664781,46.79554]},"properties":{"line":"52L","mode":"bus","color":"#0059a9","colorDark":"#00294f","band":4,"off":[6.8,1.1]}},{"type":"Feature","geometry":{"type":"Point","coordinates":[23.664806,46.79447]},"properties":{"name":"EMERSON","band":4,"modes":"bus","arr":["26L","36L","48L","50L","52L","57L"],"off":[0,-0.8]}},{"type":"Feature","geometry":{"type":"Point","coordinates":[23.664806,46.79447]},"properties":{"line":"26L","mode":"bus","color":"#0059a9","colorDark":"#00294f","band":4,"off":[-6.8,1.1]}},{"type":"Feature","geometry":{"type":"Point","coordinates":[23.664806,46.79447]},"properties":{"line":"36L","mode":"bus","color":"#0059a9","colorDark":"#00294f","band":4,"off":[-3.4,1.1]}},{"type":"Feature","geometry":{"type":"Point","coordinates":[23.664806,46.79447]},"properties":{"line":"48L","mode":"bus","color":"#0059a9","colorDark":"#00294f","band":4,"off":[0,1.1]}},{"type":"Feature","geometry":{"type":"Point","coordinates":[23.664806,46.79447]},"properties":{"line":"50L","mode":"bus","color":"#0059a9","colorDark":"#00294f","band":4,"off":[3.4,1.1]}},{"type":"Feature","geometry":{"type":"Point","coordinates":[23.664806,46.79447]},"properties":{"line":"52L","mode":"bus","color":"#0059a9","colorDark":"#00294f","band":4,"off":[6.8,1.1]}},{"type":"Feature","geometry":{"type":"Point","coordinates":[23.664806,46.79447]},"properties":{"line":"57L","mode":"bus","color":"#0059a9","colorDark":"#00294f","band":4,"off":[0,3.1]}},{"type":"Feature","geometry":{"type":"Point","coordinates":[23.53564,46.741979]},"properties":{"name":"Roata Faget Sosire","band":4,"modes":"bus","arr":["29","29S"],"off":[0,-0.8]}},{"type":"Feature","geometry":{"type":"Point","coordinates":[23.53564,46.741979]},"properties":{"name":"Roata Faget Plecare","band":4,"modes":"bus","arr":["29","29S"],"off":[0,-1.9]}},{"type":"Feature","geometry":{"type":"Point","coordinates":[23.53564,46.741979]},"properties":{"line":"29","mode":"bus","color":"#0059a9","colorDark":"#00294f","band":4,"off":[-1.7,1.1]}},{"type":"Feature","geometry":{"type":"Point","coordinates":[23.53564,46.741979]},"properties":{"line":"29S","mode":"bus","color":"#0059a9","colorDark":"#00294f","band":4,"off":[1.7,1.1]}},{"type":"Feature","geometry":{"type":"Point","coordinates":[23.607753,46.782997]},"properties":{"name":"Henri Barbusse Sosire","band":4,"modes":"bus","arr":["29"],"off":[0,-0.8]}},{"type":"Feature","geometry":{"type":"Point","coordinates":[23.607753,46.782997]},"properties":{"name":"Henri Barbusse Plecare","band":4,"modes":"bus","arr":["29"],"off":[0,-3]}},{"type":"Feature","geometry":{"type":"Point","coordinates":[23.607753,46.782997]},"properties":{"line":"29","mode":"bus","color":"#0059a9","colorDark":"#00294f","band":4,"off":[0,1.1]}},{"type":"Feature","geometry":{"type":"Point","coordinates":[23.58605,46.784002]},"properties":{"name":"P-ța Gării Nord","band":4,"modes":"bus,tram","arr":["34","101"],"off":[0,-0.8]}},{"type":"Feature","geometry":{"type":"Point","coordinates":[23.58605,46.784002]},"properties":{"line":"34","mode":"bus","color":"#0059a9","colorDark":"#00294f","band":4,"off":[-1.7,1.1]}},{"type":"Feature","geometry":{"type":"Point","coordinates":[23.58605,46.784002]},"properties":{"line":"101","mode":"tram","color":"#d6212b","colorDark":"#7c1116","band":4,"off":[1.7,1.1]}},{"type":"Feature","geometry":{"type":"Point","coordinates":[23.535959,46.785546]},"properties":{"name":"Napolact Sosire","band":4,"modes":"bus","arr":["31"],"off":[0,-0.8]}},{"type":"Feature","geometry":{"type":"Point","coordinates":[23.535959,46.785546]},"properties":{"name":"Napolact","band":4,"modes":"bus","arr":["31"],"off":[0,-1.9]}},{"type":"Feature","geometry":{"type":"Point","coordinates":[23.535959,46.785546]},"properties":{"line":"31","mode":"bus","color":"#0059a9","colorDark":"#00294f","band":4,"off":[0,1.1]}},{"type":"Feature","geometry":{"type":"Point","coordinates":[23.592243,46.774337]},"properties":{"name":"Piața Mihai Viteazul Est Sosire","band":4,"modes":"bus","arr":["31","37","38","39","39L","M31"],"off":[0,-0.8]}},{"type":"Feature","geometry":{"type":"Point","coordinates":[23.592243,46.774337]},"properties":{"line":"31","mode":"bus","color":"#0059a9","colorDark":"#00294f","band":4,"off":[-6.8,1.1]}},{"type":"Feature","geometry":{"type":"Point","coordinates":[23.592243,46.774337]},"properties":{"line":"37","mode":"bus","color":"#0059a9","colorDark":"#00294f","band":4,"off":[-3.4,1.1]}},{"type":"Feature","geometry":{"type":"Point","coordinates":[23.592243,46.774337]},"properties":{"line":"38","mode":"bus","color":"#0059a9","colorDark":"#00294f","band":4,"off":[0,1.1]}},{"type":"Feature","geometry":{"type":"Point","coordinates":[23.592243,46.774337]},"properties":{"line":"39","mode":"bus","color":"#0059a9","colorDark":"#00294f","band":4,"off":[3.4,1.1]}},{"type":"Feature","geometry":{"type":"Point","coordinates":[23.592243,46.774337]},"properties":{"line":"39L","mode":"bus","color":"#0059a9","colorDark":"#00294f","band":4,"off":[6.8,1.1]}},{"type":"Feature","geometry":{"type":"Point","coordinates":[23.592243,46.774337]},"properties":{"line":"M31","mode":"bus","color":"#0059a9","colorDark":"#00294f","band":4,"off":[0,3.1]}},{"type":"Feature","geometry":{"type":"Point","coordinates":[23.619069,46.757058]},"properties":{"name":"Disp. Alverna","band":4,"modes":"bus","arr":["32","32B","57","57L"],"off":[0,-0.8]}},{"type":"Feature","geometry":{"type":"Point","coordinates":[23.619069,46.757058]},"properties":{"line":"32","mode":"bus","color":"#0059a9","colorDark":"#00294f","band":4,"off":[-5.1,1.1]}},{"type":"Feature","geometry":{"type":"Point","coordinates":[23.619069,46.757058]},"properties":{"line":"32B","mode":"bus","color":"#0059a9","colorDark":"#00294f","band":4,"off":[-1.7,1.1]}},{"type":"Feature","geometry":{"type":"Point","coordinates":[23.619069,46.757058]},"properties":{"line":"57","mode":"bus","color":"#0059a9","colorDark":"#00294f","band":4,"off":[1.7,1.1]}},{"type":"Feature","geometry":{"type":"Point","coordinates":[23.619069,46.757058]},"properties":{"line":"57L","mode":"bus","color":"#0059a9","colorDark":"#00294f","band":4,"off":[5.1,1.1]}},{"type":"Feature","geometry":{"type":"Point","coordinates":[23.58987,46.774784]},"properties":{"name":"Piața Mihai Viteazul Vest Sosire","band":4,"modes":"bus","arr":["32"],"off":[0,-0.8]}},{"type":"Feature","geometry":{"type":"Point","coordinates":[23.58987,46.774784]},"properties":{"line":"32","mode":"bus","color":"#0059a9","colorDark":"#00294f","band":4,"off":[0,1.1]}},{"type":"Feature","geometry":{"type":"Point","coordinates":[23.62244,46.762538]},"properties":{"name":"Băișoara Sosire","band":4,"modes":"bus","arr":["33","34","48","48L"],"off":[0,-0.8]}},{"type":"Feature","geometry":{"type":"Point","coordinates":[23.62244,46.762538]},"properties":{"name":"Băișoara","band":4,"modes":"bus","arr":["33","34","48","48L"],"off":[0,-1.9]}},{"type":"Feature","geometry":{"type":"Point","coordinates":[23.62244,46.762538]},"properties":{"line":"33","mode":"bus","color":"#0059a9","colorDark":"#00294f","band":4,"off":[-5.1,1.1]}},{"type":"Feature","geometry":{"type":"Point","coordinates":[23.62244,46.762538]},"properties":{"line":"34","mode":"bus","color":"#0059a9","colorDark":"#00294f","band":4,"off":[-1.7,1.1]}},{"type":"Feature","geometry":{"type":"Point","coordinates":[23.62244,46.762538]},"properties":{"line":"48","mode":"bus","color":"#0059a9","colorDark":"#00294f","band":4,"off":[1.7,1.1]}},{"type":"Feature","geometry":{"type":"Point","coordinates":[23.62244,46.762538]},"properties":{"line":"48L","mode":"bus","color":"#0059a9","colorDark":"#00294f","band":4,"off":[5.1,1.1]}},{"type":"Feature","geometry":{"type":"Point","coordinates":[23.577512,46.75262]},"properties":{"name":"Disp. Zorilor","band":4,"modes":"bus","arr":["35","45","46B","50","50L","54N"],"off":[0,-0.8]}},{"type":"Feature","geometry":{"type":"Point","coordinates":[23.577512,46.75262]},"properties":{"line":"35","mode":"bus","color":"#0059a9","colorDark":"#00294f","band":4,"off":[-6.8,1.1]}},{"type":"Feature","geometry":{"type":"Point","coordinates":[23.577512,46.75262]},"properties":{"line":"45","mode":"bus","color":"#0059a9","colorDark":"#00294f","band":4,"off":[-3.4,1.1]}},{"type":"Feature","geometry":{"type":"Point","coordinates":[23.577512,46.75262]},"properties":{"line":"46B","mode":"bus","color":"#0059a9","colorDark":"#00294f","band":4,"off":[0,1.1]}},{"type":"Feature","geometry":{"type":"Point","coordinates":[23.577512,46.75262]},"properties":{"line":"50","mode":"bus","color":"#0059a9","colorDark":"#00294f","band":4,"off":[3.4,1.1]}},{"type":"Feature","geometry":{"type":"Point","coordinates":[23.577512,46.75262]},"properties":{"line":"50L","mode":"bus","color":"#0059a9","colorDark":"#00294f","band":4,"off":[6.8,1.1]}},{"type":"Feature","geometry":{"type":"Point","coordinates":[23.577512,46.75262]},"properties":{"line":"54N","mode":"bus","color":"#0059a9","colorDark":"#00294f","band":4,"off":[0,3.1]}},{"type":"Feature","geometry":{"type":"Point","coordinates":[23.578691,46.752965]},"properties":{"name":"Zorilor","band":4,"modes":"bus","arr":["50D"],"off":[0,-0.8]}},{"type":"Feature","geometry":{"type":"Point","coordinates":[23.578691,46.752965]},"properties":{"line":"50D","mode":"bus","color":"#0059a9","colorDark":"#00294f","band":4,"off":[0,1.1]}},{"type":"Feature","geometry":{"type":"Point","coordinates":[23.592961,46.75571]},"properties":{"name":"Observatorului Sud","band":4,"modes":"bus","arr":["43","43P"],"off":[0,-0.8]}},{"type":"Feature","geometry":{"type":"Point","coordinates":[23.592961,46.75571]},"properties":{"line":"43","mode":"bus","color":"#0059a9","colorDark":"#00294f","band":4,"off":[-1.7,1.1]}},{"type":"Feature","geometry":{"type":"Point","coordinates":[23.592961,46.75571]},"properties":{"line":"43P","mode":"bus","color":"#0059a9","colorDark":"#00294f","band":4,"off":[1.7,1.1]}},{"type":"Feature","geometry":{"type":"Point","coordinates":[23.593571,46.755772]},"properties":{"name":"Observatorului Nord","band":4,"modes":"bus","arr":["43","43P"],"off":[0,-0.8]}},{"type":"Feature","geometry":{"type":"Point","coordinates":[23.593571,46.755772]},"properties":{"line":"43","mode":"bus","color":"#0059a9","colorDark":"#00294f","band":4,"off":[-1.7,1.1]}},{"type":"Feature","geometry":{"type":"Point","coordinates":[23.593571,46.755772]},"properties":{"line":"43P","mode":"bus","color":"#0059a9","colorDark":"#00294f","band":4,"off":[1.7,1.1]}},{"type":"Feature","geometry":{"type":"Point","coordinates":[23.578086,46.752843]},"properties":{"name":"Ghe. Dima","band":4,"modes":"bus","arr":["54N"],"off":[0,-0.8]}},{"type":"Feature","geometry":{"type":"Point","coordinates":[23.578086,46.752843]},"properties":{"line":"54N","mode":"bus","color":"#0059a9","colorDark":"#00294f","band":4,"off":[0,1.1]}},{"type":"Feature","geometry":{"type":"Point","coordinates":[23.655835,46.790541]},"properties":{"name":"I. Ionescu Sosire","band":4,"modes":"bus","arr":["36B"],"off":[0,-0.8]}},{"type":"Feature","geometry":{"type":"Point","coordinates":[23.655835,46.790541]},"properties":{"name":"I. Ionescu","band":4,"modes":"bus","arr":["36B"],"off":[0,-1.9]}},{"type":"Feature","geometry":{"type":"Point","coordinates":[23.655835,46.790541]},"properties":{"line":"36B","mode":"bus","color":"#0059a9","colorDark":"#00294f","band":4,"off":[0,1.1]}},{"type":"Feature","geometry":{"type":"Point","coordinates":[23.641786,46.786753]},"properties":{"name":"Blajului","band":4,"modes":"bus","arr":["52"],"off":[0,-0.8]}},{"type":"Feature","geometry":{"type":"Point","coordinates":[23.641786,46.786753]},"properties":{"line":"52","mode":"bus","color":"#0059a9","colorDark":"#00294f","band":4,"off":[0,1.1]}},{"type":"Feature","geometry":{"type":"Point","coordinates":[23.547751,46.78034]},"properties":{"name":"Tetarom Vest","band":4,"modes":"bus","arr":["37"],"off":[0,-0.8]}},{"type":"Feature","geometry":{"type":"Point","coordinates":[23.547751,46.78034]},"properties":{"line":"37","mode":"bus","color":"#0059a9","colorDark":"#00294f","band":4,"off":[0,1.1]}},{"type":"Feature","geometry":{"type":"Point","coordinates":[23.57284,46.777536]},"properties":{"name":"Vânătorului Sosire","band":4,"modes":"bus","arr":["38"],"off":[0,-0.8]}},{"type":"Feature","geometry":{"type":"Point","coordinates":[23.57284,46.777536]},"properties":{"line":"38","mode":"bus","color":"#0059a9","colorDark":"#00294f","band":4,"off":[0,1.1]}},{"type":"Feature","geometry":{"type":"Point","coordinates":[23.573442,46.776721]},"properties":{"name":"Vânătorului","band":4,"modes":"bus","arr":["38"],"off":[0,-0.8]}},{"type":"Feature","geometry":{"type":"Point","coordinates":[23.573442,46.776721]},"properties":{"line":"38","mode":"bus","color":"#0059a9","colorDark":"#00294f","band":4,"off":[0,1.1]}},{"type":"Feature","geometry":{"type":"Point","coordinates":[23.607727,46.799567]},"properties":{"name":"Vama Chinteni","band":4,"modes":"bus","arr":["39 CREIC"],"off":[0,-0.8]}},{"type":"Feature","geometry":{"type":"Point","coordinates":[23.607727,46.799567]},"properties":{"line":"39 CREIC","mode":"bus","color":"#0059a9","colorDark":"#00294f","band":4,"off":[0,1.1]}},{"type":"Feature","geometry":{"type":"Point","coordinates":[23.579656,46.820982]},"properties":{"name":"CREIC Intors","band":4,"modes":"bus","arr":["39 CREIC"],"off":[0,-0.8]}},{"type":"Feature","geometry":{"type":"Point","coordinates":[23.579656,46.820982]},"properties":{"name":"CREIC Dus","band":4,"modes":"bus","arr":["39 CREIC"],"off":[0,-1.9]}},{"type":"Feature","geometry":{"type":"Point","coordinates":[23.579656,46.820982]},"properties":{"line":"39 CREIC","mode":"bus","color":"#0059a9","colorDark":"#00294f","band":4,"off":[0,1.1]}},{"type":"Feature","geometry":{"type":"Point","coordinates":[23.583336,46.827969]},"properties":{"name":"Valea Chintăului","band":4,"modes":"bus","arr":["39"],"off":[0,-0.8]}},{"type":"Feature","geometry":{"type":"Point","coordinates":[23.583336,46.827969]},"properties":{"line":"39","mode":"bus","color":"#0059a9","colorDark":"#00294f","band":4,"off":[0,1.1]}},{"type":"Feature","geometry":{"type":"Point","coordinates":[23.557889,46.843612]},"properties":{"name":"Cătun Vest","band":4,"modes":"bus","arr":["39L"],"off":[0,-0.8]}},{"type":"Feature","geometry":{"type":"Point","coordinates":[23.557889,46.843612]},"properties":{"line":"39L","mode":"bus","color":"#0059a9","colorDark":"#00294f","band":4,"off":[0,1.1]}},{"type":"Feature","geometry":{"type":"Point","coordinates":[23.575316,46.71705]},"properties":{"name":"Vila Tusa Sosire","band":4,"modes":"bus","arr":["40","46L"],"off":[0,-0.8]}},{"type":"Feature","geometry":{"type":"Point","coordinates":[23.575316,46.71705]},"properties":{"name":"Vila Tusa","band":4,"modes":"bus","arr":["40","46L"],"off":[0,-1.9]}},{"type":"Feature","geometry":{"type":"Point","coordinates":[23.575316,46.71705]},"properties":{"line":"40","mode":"bus","color":"#0059a9","colorDark":"#00294f","band":4,"off":[-1.7,1.1]}},{"type":"Feature","geometry":{"type":"Point","coordinates":[23.575316,46.71705]},"properties":{"line":"46L","mode":"bus","color":"#0059a9","colorDark":"#00294f","band":4,"off":[1.7,1.1]}},{"type":"Feature","geometry":{"type":"Point","coordinates":[23.57131,46.738866]},"properties":{"name":"Biserica Câmpului","band":4,"modes":"bus","arr":["42"],"off":[0,-0.8]}},{"type":"Feature","geometry":{"type":"Point","coordinates":[23.57131,46.738866]},"properties":{"line":"42","mode":"bus","color":"#0059a9","colorDark":"#00294f","band":4,"off":[0,1.1]}},{"type":"Feature","geometry":{"type":"Point","coordinates":[23.6405,46.768362]},"properties":{"name":"Soporului","band":4,"modes":"bus","arr":["44"],"off":[0,-0.8]}},{"type":"Feature","geometry":{"type":"Point","coordinates":[23.6405,46.768362]},"properties":{"line":"44","mode":"bus","color":"#0059a9","colorDark":"#00294f","band":4,"off":[0,1.1]}},{"type":"Feature","geometry":{"type":"Point","coordinates":[23.590336,46.738268]},"properties":{"name":"Girație Drum Făget","band":4,"modes":"bus","arr":["46"],"off":[0,-0.8]}},{"type":"Feature","geometry":{"type":"Point","coordinates":[23.590336,46.738268]},"properties":{"line":"46","mode":"bus","color":"#0059a9","colorDark":"#00294f","band":4,"off":[0,1.1]}},{"type":"Feature","geometry":{"type":"Point","coordinates":[23.586433,46.739802]},"properties":{"name":"Luminii","band":4,"modes":"bus","arr":["46"],"off":[0,-0.8]}},{"type":"Feature","geometry":{"type":"Point","coordinates":[23.586433,46.739802]},"properties":{"line":"46","mode":"bus","color":"#0059a9","colorDark":"#00294f","band":4,"off":[0,1.1]}},{"type":"Feature","geometry":{"type":"Point","coordinates":[23.639324,46.779]},"properties":{"name":"Jiului","band":4,"modes":"bus","arr":["57"],"off":[0,-0.8]}},{"type":"Feature","geometry":{"type":"Point","coordinates":[23.639324,46.779]},"properties":{"line":"57","mode":"bus","color":"#0059a9","colorDark":"#00294f","band":4,"off":[0,1.1]}},{"type":"Feature","geometry":{"type":"Point","coordinates":[23.640929,46.807687]},"properties":{"name":"Panselutelor 9","band":4,"modes":"bus","arr":["50D"],"off":[0,-0.8]}},{"type":"Feature","geometry":{"type":"Point","coordinates":[23.640929,46.807687]},"properties":{"line":"50D","mode":"bus","color":"#0059a9","colorDark":"#00294f","band":4,"off":[0,1.1]}},{"type":"Feature","geometry":{"type":"Point","coordinates":[23.642263,46.786718]},"properties":{"name":"Timișului Sosire","band":4,"modes":"bus","arr":["52"],"off":[0,-0.8]}},{"type":"Feature","geometry":{"type":"Point","coordinates":[23.642263,46.786718]},"properties":{"line":"52","mode":"bus","color":"#0059a9","colorDark":"#00294f","band":4,"off":[0,1.1]}},{"type":"Feature","geometry":{"type":"Point","coordinates":[23.636926,46.783295]},"properties":{"name":"P-ța Agroalimentară IRA","band":4,"modes":"bus","arr":["53"],"off":[0,-0.8]}},{"type":"Feature","geometry":{"type":"Point","coordinates":[23.636926,46.783295]},"properties":{"line":"53","mode":"bus","color":"#0059a9","colorDark":"#00294f","band":4,"off":[0,1.1]}},{"type":"Feature","geometry":{"type":"Point","coordinates":[23.559909,46.791852]},"properties":{"name":"Gheorghe Sion Vest","band":4,"modes":"bus","arr":["56"],"off":[0,-0.8]}},{"type":"Feature","geometry":{"type":"Point","coordinates":[23.559909,46.791852]},"properties":{"line":"56","mode":"bus","color":"#0059a9","colorDark":"#00294f","band":4,"off":[0,1.1]}},{"type":"Feature","geometry":{"type":"Point","coordinates":[23.688499,46.781925]},"properties":{"name":"Aeroport Terminal","band":4,"modes":"bus","arr":["A1"],"off":[0,-0.8]}},{"type":"Feature","geometry":{"type":"Point","coordinates":[23.688499,46.781925]},"properties":{"line":"A1","mode":"bus","color":"#0059a9","colorDark":"#00294f","band":4,"off":[0,1.1]}},{"type":"Feature","geometry":{"type":"Point","coordinates":[23.630052,46.716148]},"properties":{"name":"M-Releu Sosire","band":4,"modes":"bus","arr":["M11"],"off":[0,-0.8]}},{"type":"Feature","geometry":{"type":"Point","coordinates":[23.630052,46.716148]},"properties":{"name":"M-Releu Plecare","band":4,"modes":"bus","arr":["M11"],"off":[0,-1.9]}},{"type":"Feature","geometry":{"type":"Point","coordinates":[23.630052,46.716148]},"properties":{"line":"M11","mode":"bus","color":"#0059a9","colorDark":"#00294f","band":4,"off":[0,1.1]}},{"type":"Feature","geometry":{"type":"Point","coordinates":[23.654109,46.687584]},"properties":{"name":"M-Biserica Vâlcele Sos","band":4,"modes":"bus","arr":["M12"],"off":[0,-0.8]}},{"type":"Feature","geometry":{"type":"Point","coordinates":[23.654109,46.687584]},"properties":{"name":"M-Biserica Vâlcele Plecare","band":4,"modes":"bus","arr":["M12"],"off":[0,-3]}},{"type":"Feature","geometry":{"type":"Point","coordinates":[23.654109,46.687584]},"properties":{"line":"M12","mode":"bus","color":"#0059a9","colorDark":"#00294f","band":4,"off":[0,1.1]}},{"type":"Feature","geometry":{"type":"Point","coordinates":[23.684931,46.715061]},"properties":{"name":"M-Școala Gheorgheni S","band":4,"modes":"bus","arr":["M13"],"off":[0,-0.8]}},{"type":"Feature","geometry":{"type":"Point","coordinates":[23.684931,46.715061]},"properties":{"line":"M13","mode":"bus","color":"#0059a9","colorDark":"#00294f","band":4,"off":[0,1.1]}},{"type":"Feature","geometry":{"type":"Point","coordinates":[23.691599,46.712219]},"properties":{"name":"M-Capăt Gheorgheni","band":4,"modes":"bus","arr":["M13"],"off":[0,-0.8]}},{"type":"Feature","geometry":{"type":"Point","coordinates":[23.691599,46.712219]},"properties":{"line":"M13","mode":"bus","color":"#0059a9","colorDark":"#00294f","band":4,"off":[0,1.1]}},{"type":"Feature","geometry":{"type":"Point","coordinates":[23.542354,46.648772]},"properties":{"name":"M-Primăria Ciurila Plecare","band":4,"modes":"bus","arr":["M16"],"off":[0,-0.8]}},{"type":"Feature","geometry":{"type":"Point","coordinates":[23.542354,46.648772]},"properties":{"name":"M-Primăria Ciurila","band":4,"modes":"bus","arr":["M16"],"off":[0,-3]}},{"type":"Feature","geometry":{"type":"Point","coordinates":[23.542354,46.648772]},"properties":{"line":"M16","mode":"bus","color":"#0059a9","colorDark":"#00294f","band":4,"off":[0,1.1]}},{"type":"Feature","geometry":{"type":"Point","coordinates":[23.582558,46.650301]},"properties":{"name":"Biserica lemn Saliste","band":4,"modes":"bus","arr":["M17"],"off":[0,-0.8]}},{"type":"Feature","geometry":{"type":"Point","coordinates":[23.582558,46.650301]},"properties":{"line":"M17","mode":"bus","color":"#0059a9","colorDark":"#00294f","band":4,"off":[0,1.1]}},{"type":"Feature","geometry":{"type":"Point","coordinates":[23.481102,46.609951]},"properties":{"name":"Filea de sus","band":4,"modes":"bus","arr":["M18"],"off":[0,-0.8]}},{"type":"Feature","geometry":{"type":"Point","coordinates":[23.481102,46.609951]},"properties":{"line":"M18","mode":"bus","color":"#0059a9","colorDark":"#00294f","band":4,"off":[0,1.1]}},{"type":"Feature","geometry":{"type":"Point","coordinates":[23.485088,46.728087]},"properties":{"name":"M-Str. Retezat","band":4,"modes":"bus","arr":["M21"],"off":[0,-0.8]}},{"type":"Feature","geometry":{"type":"Point","coordinates":[23.485088,46.728087]},"properties":{"line":"M21","mode":"bus","color":"#0059a9","colorDark":"#00294f","band":4,"off":[0,1.1]}},{"type":"Feature","geometry":{"type":"Point","coordinates":[23.484038,46.729499]},"properties":{"name":"M-Florești Cetate Plecare","band":4,"modes":"bus","arr":["M21","M26"],"off":[0,-0.8]}},{"type":"Feature","geometry":{"type":"Point","coordinates":[23.484038,46.729499]},"properties":{"line":"M21","mode":"bus","color":"#0059a9","colorDark":"#00294f","band":4,"off":[-1.7,1.1]}},{"type":"Feature","geometry":{"type":"Point","coordinates":[23.484038,46.729499]},"properties":{"line":"M26","mode":"bus","color":"#0059a9","colorDark":"#00294f","band":4,"off":[1.7,1.1]}},{"type":"Feature","geometry":{"type":"Point","coordinates":[23.466065,46.741365]},"properties":{"name":"M-Sesu de Sus Sosire","band":4,"modes":"bus","arr":["M22"],"off":[0,-0.8]}},{"type":"Feature","geometry":{"type":"Point","coordinates":[23.466065,46.741365]},"properties":{"line":"M22","mode":"bus","color":"#0059a9","colorDark":"#00294f","band":4,"off":[0,1.1]}},{"type":"Feature","geometry":{"type":"Point","coordinates":[23.427721,46.739519]},"properties":{"name":"M-Pasaj Luna","band":4,"modes":"bus","arr":["M23"],"off":[0,-0.8]}},{"type":"Feature","geometry":{"type":"Point","coordinates":[23.427721,46.739519]},"properties":{"line":"M23","mode":"bus","color":"#0059a9","colorDark":"#00294f","band":4,"off":[0,1.1]}},{"type":"Feature","geometry":{"type":"Point","coordinates":[23.455428,46.74436]},"properties":{"name":"M-Ferma 9 Sos (Florești)","band":4,"modes":"bus","arr":["M24"],"off":[0,-0.8]}},{"type":"Feature","geometry":{"type":"Point","coordinates":[23.455428,46.74436]},"properties":{"name":"M-Ferma 9 Nord","band":4,"modes":"bus","arr":["M24"],"off":[0,-3]}},{"type":"Feature","geometry":{"type":"Point","coordinates":[23.455428,46.74436]},"properties":{"line":"M24","mode":"bus","color":"#0059a9","colorDark":"#00294f","band":4,"off":[0,1.1]}},{"type":"Feature","geometry":{"type":"Point","coordinates":[23.557137,46.759746]},"properties":{"name":"Calvaria Auto Sosire","band":4,"modes":"bus","arr":["M23"],"off":[0,-0.8]}},{"type":"Feature","geometry":{"type":"Point","coordinates":[23.557137,46.759746]},"properties":{"line":"M23","mode":"bus","color":"#0059a9","colorDark":"#00294f","band":4,"off":[0,1.1]}},{"type":"Feature","geometry":{"type":"Point","coordinates":[23.51014,46.709251]},"properties":{"name":"M-Tăuți Sosire","band":4,"modes":"bus","arr":["M25"],"off":[0,-0.8]}},{"type":"Feature","geometry":{"type":"Point","coordinates":[23.51014,46.709251]},"properties":{"line":"M25","mode":"bus","color":"#0059a9","colorDark":"#00294f","band":4,"off":[0,1.1]}},{"type":"Feature","geometry":{"type":"Point","coordinates":[23.526919,46.746458]},"properties":{"name":"M-Razoare Vest","band":4,"modes":"bus","arr":["M27"],"off":[0,-0.8]}},{"type":"Feature","geometry":{"type":"Point","coordinates":[23.526919,46.746458]},"properties":{"line":"M27","mode":"bus","color":"#0059a9","colorDark":"#00294f","band":4,"off":[0,1.1]}},{"type":"Feature","geometry":{"type":"Point","coordinates":[23.514432,46.797121]},"properties":{"name":"M-Complex Baciu Sos","band":4,"modes":"bus","arr":["M31"],"off":[0,-0.8]}},{"type":"Feature","geometry":{"type":"Point","coordinates":[23.514432,46.797121]},"properties":{"name":"M-Complex Baciu","band":4,"modes":"bus","arr":["M31"],"off":[0,-3]}},{"type":"Feature","geometry":{"type":"Point","coordinates":[23.514432,46.797121]},"properties":{"line":"M31","mode":"bus","color":"#0059a9","colorDark":"#00294f","band":4,"off":[0,1.1]}},{"type":"Feature","geometry":{"type":"Point","coordinates":[23.58909,46.784535]},"properties":{"name":"Gara Mică Sosire","band":4,"modes":"bus","arr":["M32","M33","M34","M35","M37","M38","M39","M39L"],"off":[0,-0.8]}},{"type":"Feature","geometry":{"type":"Point","coordinates":[23.58909,46.784535]},"properties":{"name":"Gara Mică","band":4,"modes":"bus","arr":["M32","M33","M34","M35","M37","M38","M39","M39L"],"off":[0,-1.9]}},{"type":"Feature","geometry":{"type":"Point","coordinates":[23.58909,46.784535]},"properties":{"line":"M32","mode":"bus","color":"#0059a9","colorDark":"#00294f","band":4,"off":[-6.8,1.1]}},{"type":"Feature","geometry":{"type":"Point","coordinates":[23.58909,46.784535]},"properties":{"line":"M33","mode":"bus","color":"#0059a9","colorDark":"#00294f","band":4,"off":[-3.4,1.1]}},{"type":"Feature","geometry":{"type":"Point","coordinates":[23.58909,46.784535]},"properties":{"line":"M34","mode":"bus","color":"#0059a9","colorDark":"#00294f","band":4,"off":[0,1.1]}},{"type":"Feature","geometry":{"type":"Point","coordinates":[23.58909,46.784535]},"properties":{"line":"M35","mode":"bus","color":"#0059a9","colorDark":"#00294f","band":4,"off":[3.4,1.1]}},{"type":"Feature","geometry":{"type":"Point","coordinates":[23.58909,46.784535]},"properties":{"line":"M37","mode":"bus","color":"#0059a9","colorDark":"#00294f","band":4,"off":[6.8,1.1]}},{"type":"Feature","geometry":{"type":"Point","coordinates":[23.58909,46.784535]},"properties":{"line":"M38","mode":"bus","color":"#0059a9","colorDark":"#00294f","band":4,"off":[-3.4,3.1]}},{"type":"Feature","geometry":{"type":"Point","coordinates":[23.58909,46.784535]},"properties":{"line":"M39","mode":"bus","color":"#0059a9","colorDark":"#00294f","band":4,"off":[0,3.1]}},{"type":"Feature","geometry":{"type":"Point","coordinates":[23.58909,46.784535]},"properties":{"line":"M39L","mode":"bus","color":"#0059a9","colorDark":"#00294f","band":4,"off":[3.4,3.1]}},{"type":"Feature","geometry":{"type":"Point","coordinates":[23.45155,46.785261]},"properties":{"name":"M-Suceagu","band":4,"modes":"bus","arr":["M32"],"off":[0,-0.8]}},{"type":"Feature","geometry":{"type":"Point","coordinates":[23.45155,46.785261]},"properties":{"line":"M32","mode":"bus","color":"#0059a9","colorDark":"#00294f","band":4,"off":[0,1.1]}},{"type":"Feature","geometry":{"type":"Point","coordinates":[23.490041,46.872923]},"properties":{"name":"M-Săliștea Noua Sosire","band":4,"modes":"bus","arr":["M33"],"off":[0,-0.8]}},{"type":"Feature","geometry":{"type":"Point","coordinates":[23.490041,46.872923]},"properties":{"line":"M33","mode":"bus","color":"#0059a9","colorDark":"#00294f","band":4,"off":[0,1.1]}},{"type":"Feature","geometry":{"type":"Point","coordinates":[23.449319,46.82095]},"properties":{"name":"M - Teren Fotbal Mera","band":4,"modes":"bus","arr":["M34"],"off":[0,-0.8]}},{"type":"Feature","geometry":{"type":"Point","coordinates":[23.449319,46.82095]},"properties":{"line":"M34","mode":"bus","color":"#0059a9","colorDark":"#00294f","band":4,"off":[0,1.1]}},{"type":"Feature","geometry":{"type":"Point","coordinates":[23.533999,46.823269]},"properties":{"name":"M-Monument Popești Sos","band":4,"modes":"bus","arr":["M35"],"off":[0,-0.8]}},{"type":"Feature","geometry":{"type":"Point","coordinates":[23.533999,46.823269]},"properties":{"name":"M-Monument Popești Plecare","band":4,"modes":"bus","arr":["M35"],"off":[0,-3]}},{"type":"Feature","geometry":{"type":"Point","coordinates":[23.533999,46.823269]},"properties":{"line":"M35","mode":"bus","color":"#0059a9","colorDark":"#00294f","band":4,"off":[0,1.1]}},{"type":"Feature","geometry":{"type":"Point","coordinates":[23.626085,46.880133]},"properties":{"name":"M-Feiurdeni Sosire","band":4,"modes":"bus","arr":["M37"],"off":[0,-0.8]}},{"type":"Feature","geometry":{"type":"Point","coordinates":[23.626085,46.880133]},"properties":{"line":"M37","mode":"bus","color":"#0059a9","colorDark":"#00294f","band":4,"off":[0,1.1]}},{"type":"Feature","geometry":{"type":"Point","coordinates":[23.566919,46.88951]},"properties":{"name":"M-Macicasu","band":4,"modes":"bus","arr":["M38"],"off":[0,-0.8]}},{"type":"Feature","geometry":{"type":"Point","coordinates":[23.566919,46.88951]},"properties":{"line":"M38","mode":"bus","color":"#0059a9","colorDark":"#00294f","band":4,"off":[0,1.1]}},{"type":"Feature","geometry":{"type":"Point","coordinates":[23.520237,46.898227]},"properties":{"name":"M-Vechea S","band":4,"modes":"bus","arr":["M39L"],"off":[0,-0.8]}},{"type":"Feature","geometry":{"type":"Point","coordinates":[23.520237,46.898227]},"properties":{"name":"M-Vechea N","band":4,"modes":"bus","arr":["M39L"],"off":[0,-1.9]}},{"type":"Feature","geometry":{"type":"Point","coordinates":[23.520237,46.898227]},"properties":{"line":"M39L","mode":"bus","color":"#0059a9","colorDark":"#00294f","band":4,"off":[0,1.1]}},{"type":"Feature","geometry":{"type":"Point","coordinates":[23.525704,46.875372]},"properties":{"name":"M-Chinteni Lac Sosire","band":4,"modes":"bus","arr":["M39"],"off":[0,-0.8]}},{"type":"Feature","geometry":{"type":"Point","coordinates":[23.525704,46.875372]},"properties":{"name":"M-Chinteni Lac Plecare","band":4,"modes":"bus","arr":["M39"],"off":[0,-3]}},{"type":"Feature","geometry":{"type":"Point","coordinates":[23.525704,46.875372]},"properties":{"line":"M39","mode":"bus","color":"#0059a9","colorDark":"#00294f","band":4,"off":[0,1.1]}},{"type":"Feature","geometry":{"type":"Point","coordinates":[23.74464,46.815761]},"properties":{"name":"M-Ferma Apahida","band":4,"modes":"bus","arr":["M41"],"off":[0,-0.8]}},{"type":"Feature","geometry":{"type":"Point","coordinates":[23.74464,46.815761]},"properties":{"line":"M41","mode":"bus","color":"#0059a9","colorDark":"#00294f","band":4,"off":[0,1.1]}},{"type":"Feature","geometry":{"type":"Point","coordinates":[23.750659,46.813877]},"properties":{"name":"M-Pod Apahida V","band":4,"modes":"bus","arr":["M41"],"off":[0,-0.8]}},{"type":"Feature","geometry":{"type":"Point","coordinates":[23.750659,46.813877]},"properties":{"line":"M41","mode":"bus","color":"#0059a9","colorDark":"#00294f","band":4,"off":[0,1.1]}},{"type":"Feature","geometry":{"type":"Point","coordinates":[23.738618,46.830925]},"properties":{"name":"M-Grădinița Câmpenești S","band":4,"modes":"bus","arr":["M41L"],"off":[0,-0.8]}},{"type":"Feature","geometry":{"type":"Point","coordinates":[23.738618,46.830925]},"properties":{"line":"M41L","mode":"bus","color":"#0059a9","colorDark":"#00294f","band":4,"off":[0,1.1]}},{"type":"Feature","geometry":{"type":"Point","coordinates":[23.738157,46.79427]},"properties":{"name":"N. Balcescu S","band":4,"modes":"bus","arr":["M42L"],"off":[0,-0.8]}},{"type":"Feature","geometry":{"type":"Point","coordinates":[23.738157,46.79427]},"properties":{"line":"M42L","mode":"bus","color":"#0059a9","colorDark":"#00294f","band":4,"off":[0,1.1]}},{"type":"Feature","geometry":{"type":"Point","coordinates":[23.735568,46.798827]},"properties":{"name":"Guhring S","band":4,"modes":"bus","arr":["M42","M42L"],"off":[0,-0.8]}},{"type":"Feature","geometry":{"type":"Point","coordinates":[23.735568,46.798827]},"properties":{"name":"Guhring N","band":4,"modes":"bus","arr":["M42","M42L"],"off":[0,-1.9]}},{"type":"Feature","geometry":{"type":"Point","coordinates":[23.735568,46.798827]},"properties":{"line":"M42","mode":"bus","color":"#0059a9","colorDark":"#00294f","band":4,"off":[-1.7,1.1]}},{"type":"Feature","geometry":{"type":"Point","coordinates":[23.735568,46.798827]},"properties":{"line":"M42L","mode":"bus","color":"#0059a9","colorDark":"#00294f","band":4,"off":[1.7,1.1]}},{"type":"Feature","geometry":{"type":"Point","coordinates":[23.726765,46.762694]},"properties":{"name":"M-Lacului","band":4,"modes":"bus","arr":["M43"],"off":[0,-0.8]}},{"type":"Feature","geometry":{"type":"Point","coordinates":[23.726765,46.762694]},"properties":{"line":"M43","mode":"bus","color":"#0059a9","colorDark":"#00294f","band":4,"off":[0,1.1]}},{"type":"Feature","geometry":{"type":"Point","coordinates":[23.824011,46.788537]},"properties":{"name":"M-Biserica Corpadea Sosire","band":4,"modes":"bus","arr":["M44"],"off":[0,-0.8]}},{"type":"Feature","geometry":{"type":"Point","coordinates":[23.824011,46.788537]},"properties":{"name":"M-Biserica Corpadea Plecare","band":4,"modes":"bus","arr":["M44"],"off":[0,-3]}},{"type":"Feature","geometry":{"type":"Point","coordinates":[23.824011,46.788537]},"properties":{"line":"M44","mode":"bus","color":"#0059a9","colorDark":"#00294f","band":4,"off":[0,1.1]}},{"type":"Feature","geometry":{"type":"Point","coordinates":[23.749299,46.725373]},"properties":{"name":"M-Primărie Pata Sosire","band":4,"modes":"bus","arr":["M45"],"off":[0,-0.8]}},{"type":"Feature","geometry":{"type":"Point","coordinates":[23.749299,46.725373]},"properties":{"name":"M-Primărie Pata Plecare","band":4,"modes":"bus","arr":["M45"],"off":[0,-3]}},{"type":"Feature","geometry":{"type":"Point","coordinates":[23.749299,46.725373]},"properties":{"line":"M45","mode":"bus","color":"#0059a9","colorDark":"#00294f","band":4,"off":[0,1.1]}},{"type":"Feature","geometry":{"type":"Point","coordinates":[23.36065,46.76467]},"properties":{"name":"M Pensiunea Dalia Gilau Nord","band":4,"modes":"bus","arr":["M51"],"off":[0,-0.8]}},{"type":"Feature","geometry":{"type":"Point","coordinates":[23.36065,46.76467]},"properties":{"line":"M51","mode":"bus","color":"#0059a9","colorDark":"#00294f","band":4,"off":[0,1.1]}},{"type":"Feature","geometry":{"type":"Point","coordinates":[23.361052,46.764326]},"properties":{"name":"M Pensiunea Dalia Gilau Sud","band":4,"modes":"bus","arr":["M51"],"off":[0,-0.8]}},{"type":"Feature","geometry":{"type":"Point","coordinates":[23.361052,46.764326]},"properties":{"line":"M51","mode":"bus","color":"#0059a9","colorDark":"#00294f","band":4,"off":[0,1.1]}},{"type":"Feature","geometry":{"type":"Point","coordinates":[23.288839,46.686094]},"properties":{"name":"M Uzina Electrica Nord","band":4,"modes":"bus","arr":["M52"],"off":[0,-0.8]}},{"type":"Feature","geometry":{"type":"Point","coordinates":[23.288839,46.686094]},"properties":{"line":"M52","mode":"bus","color":"#0059a9","colorDark":"#00294f","band":4,"off":[0,1.1]}},{"type":"Feature","geometry":{"type":"Point","coordinates":[23.69054,46.680933]},"properties":{"name":"M Centru N","band":4,"modes":"bus","arr":["M61"],"off":[0,-0.8]}},{"type":"Feature","geometry":{"type":"Point","coordinates":[23.69054,46.680933]},"properties":{"line":"M61","mode":"bus","color":"#0059a9","colorDark":"#00294f","band":4,"off":[0,1.1]}},{"type":"Feature","geometry":{"type":"Point","coordinates":[23.6908,46.680523]},"properties":{"name":"M Centru S","band":4,"modes":"bus","arr":["M61"],"off":[0,-0.8]}},{"type":"Feature","geometry":{"type":"Point","coordinates":[23.6908,46.680523]},"properties":{"line":"M61","mode":"bus","color":"#0059a9","colorDark":"#00294f","band":4,"off":[0,1.1]}},{"type":"Feature","geometry":{"type":"Point","coordinates":[23.658128,46.579133]},"properties":{"name":"M Primaria Petrestii de Jos S","band":4,"modes":"bus","arr":["M71"],"off":[0,-0.8]}},{"type":"Feature","geometry":{"type":"Point","coordinates":[23.658128,46.579133]},"properties":{"line":"M71","mode":"bus","color":"#0059a9","colorDark":"#00294f","band":4,"off":[0,1.1]}},{"type":"Feature","geometry":{"type":"Point","coordinates":[23.456479,46.67652]},"properties":{"name":"M - Savadisla01","band":4,"modes":"bus","arr":["M81"],"off":[0,-0.8]}},{"type":"Feature","geometry":{"type":"Point","coordinates":[23.456479,46.67652]},"properties":{"line":"M81","mode":"bus","color":"#0059a9","colorDark":"#00294f","band":4,"off":[0,1.1]}},{"type":"Feature","geometry":{"type":"Point","coordinates":[23.456666,46.674947]},"properties":{"name":"M - Savadisla02","band":4,"modes":"bus","arr":["M81"],"off":[0,-0.8]}},{"type":"Feature","geometry":{"type":"Point","coordinates":[23.456666,46.674947]},"properties":{"line":"M81","mode":"bus","color":"#0059a9","colorDark":"#00294f","band":4,"off":[0,1.1]}},{"type":"Feature","geometry":{"type":"Point","coordinates":[23.646549,46.796452]},"properties":{"name":"Disp. Tram CUG","band":4,"modes":"tram","arr":["100","102"],"off":[0,-0.8]}},{"type":"Feature","geometry":{"type":"Point","coordinates":[23.646549,46.796452]},"properties":{"line":"100","mode":"tram","color":"#d6212b","colorDark":"#7c1116","band":4,"off":[-1.7,1.1]}},{"type":"Feature","geometry":{"type":"Point","coordinates":[23.646549,46.796452]},"properties":{"line":"102","mode":"tram","color":"#d6212b","colorDark":"#7c1116","band":4,"off":[1.7,1.1]}},{"type":"Feature","geometry":{"type":"Point","coordinates":[23.587242,46.784135]},"properties":{"name":"P-ța Gării Noi","band":4,"modes":"tram","arr":["100","101"],"off":[0,-0.8]}},{"type":"Feature","geometry":{"type":"Point","coordinates":[23.587242,46.784135]},"properties":{"line":"100","mode":"tram","color":"#d6212b","colorDark":"#7c1116","band":4,"off":[-1.7,1.1]}},{"type":"Feature","geometry":{"type":"Point","coordinates":[23.587242,46.784135]},"properties":{"line":"101","mode":"tram","color":"#d6212b","colorDark":"#7c1116","band":4,"off":[1.7,1.1]}},{"type":"Feature","geometry":{"type":"Point","coordinates":[23.658949,46.797051]},"properties":{"name":"DEPOU Vest","band":4,"modes":"tram","arr":["102L"],"off":[0,-0.8]}},{"type":"Feature","geometry":{"type":"Point","coordinates":[23.658949,46.797051]},"properties":{"line":"102L","mode":"tram","color":"#d6212b","colorDark":"#7c1116","band":4,"off":[0,1.1]}},{"type":"Feature","geometry":{"type":"Point","coordinates":[23.659645,46.79566]},"properties":{"name":"DEPOU_Tram","band":4,"modes":"tram","arr":["102L"],"off":[0,-0.8]}},{"type":"Feature","geometry":{"type":"Point","coordinates":[23.659645,46.79566]},"properties":{"line":"102L","mode":"tram","color":"#d6212b","colorDark":"#7c1116","band":4,"off":[0,1.1]}}]}