{"type":"FeatureCollection","features":[{"type":"Feature","geometry":{"type":"Point","coordinates":[23.543811,46.752104]},"properties":{"lines":"1, 9, 24, 29, 29S, 43, 43B, 43P, 52, 52L, M21, M22, M25, M27, M51, M51U, M52, M81, 25N","color":"#0059a9","mode":"bus","arr":["1","9","24","29","29S","43","43B","43P","52","52L","M21","M22","M25","M27","M51","M51U","M52","M81","25N"],"tLines":"1, 25N","ntLines":"9, 24, 29, 29S, 43, 43B, 43P, 52, 52L, M21, M22, M25, M27, M51, M51U, M52, M81","angle":72.4,"l0":"1","c0":"#149a3f","l1":"\n","c1":"#000000","l2":"9, 24, 29, 29S, 43, 43B, 43P, 52, 52L, M21, M22, M25, M27, M51, M51U, M52, M81","c2":"#0059a9","l3":"\n","c3":"#000000","l4":"25N","c4":"#000000","bl0":"1","bc0":"#149a3f","bl1":"\n","bc1":"#000000","bl2":"9, 24, 29, 29S, 43, 43B, 43P, 52, 52L, M21, M22, M25, M27, M51, M51U, M52, M81","bc2":"#0059a9","bl3":"\n","bc3":"#000000","bl4":"25N","bc4":"#000000"}},{"type":"Feature","geometry":{"type":"Point","coordinates":[23.54309,46.753639]},"properties":{"lines":"9, 24, 29, 29S, 43, 43B, 43P, 52, 52L, M21, M22, M25, M27, M51, M51U, M52, M81","color":"#0059a9","mode":"bus","arr":["9","24","29","29S","43","43B","43P","52","52L","M21","M22","M25","M27","M51","M51U","M52","M81"],"angle":72.8}},{"type":"Feature","geometry":{"type":"Point","coordinates":[23.54422,46.751714]},"properties":{"lines":"1, 24, 29, 29S, 43, 43B, 43P, M22, M25, M81, 25N","color":"#0059a9","mode":"bus","arr":["1","24","29","29S","43","43B","43P","M22","M25","M81","25N"],"tLines":"1, 25N","ntLines":"24, 29, 29S, 43, 43B, 43P, M22, M25, M81","angle":16.9,"l0":"1","c0":"#149a3f","l1":"\n","c1":"#000000","l2":"24, 29, 29S, 43, 43B, 43P, M22, M25, M81","c2":"#0059a9","l3":"\n","c3":"#000000","l4":"25N","c4":"#000000","bl0":"1","bc0":"#149a3f","bl1":"\n","bc1":"#000000","bl2":"24, 29, 29S, 43, 43B, 43P, M22, M25, M81","bc2":"#0059a9","bl3":"\n","bc3":"#000000","bl4":"25N","bc4":"#000000"}},{"type":"Feature","geometry":{"type":"Point","coordinates":[23.557084,46.755271]},"properties":{"lines":"1, 6, 14, 25, 43, 43B, 43P, 25N","color":"#0059a9","mode":"bus","arr":["1","6","14","25","43","43B","43P","25N"],"tLines":"1, 6, 14, 25, 25N","ntLines":"43, 43B, 43P","angle":-5,"side":-1,"l0":"1, 6, 14, 25","c0":"#149a3f","l1":"\n","c1":"#000000","l2":"43, 43B, 43P","c2":"#0059a9","l3":"\n","c3":"#000000","l4":"25N","c4":"#000000","bl0":"1, 6, 14, 25","bc0":"#149a3f","bl1":"\n","bc1":"#000000","bl2":"43, 43B, 43P","bc2":"#0059a9","bl3":"\n","bc3":"#000000","bl4":"25N","bc4":"#000000"}},{"type":"Feature","geometry":{"type":"Point","coordinates":[23.55905,46.75535]},"properties":{"lines":"1, 6, 7, 14, 25, 43, 43B, 43P, 25N","color":"#0059a9","mode":"bus","arr":["1","6","7","14","25","43","43B","43P","25N"],"tLines":"1, 6, 7, 14, 25, 25N","ntLines":"43, 43B, 43P","angle":-3.4,"l0":"1, 6, 7, 14, 25","c0":"#149a3f","l1":"\n","c1":"#000000","l2":"43, 43B, 43P","c2":"#0059a9","l3":"\n","c3":"#000000","l4":"25N","c4":"#000000","bl0":"1, 6, 7, 14, 25","bc0":"#149a3f","bl1":"\n","bc1":"#000000","bl2":"43, 43B, 43P","bc2":"#0059a9","bl3":"\n","bc3":"#000000","bl4":"25N","bc4":"#000000"}},{"type":"Feature","geometry":{"type":"Point","coordinates":[23.562206,46.755501]},"properties":{"lines":"1, 6, 7, 14, 19, 25, 43, 43B, 43P, 25N","color":"#0059a9","mode":"bus","arr":["1","6","7","14","19","25","43","43B","43P","25N"],"tLines":"1, 6, 7, 14, 25, 25N","ntLines":"19, 43, 43B, 43P","angle":-3.5,"l0":"1, 6, 7, 14, 25","c0":"#149a3f","l1":"\n","c1":"#000000","l2":"19, 43, 43B, 43P","c2":"#0059a9","l3":"\n","c3":"#000000","l4":"25N","c4":"#000000","bl0":"1, 6, 7, 14, 25","bc0":"#149a3f","bl1":"\n","bc1":"#000000","bl2":"19, 43, 43B, 43P","bc2":"#0059a9","bl3":"\n","bc3":"#000000","bl4":"25N","bc4":"#000000"}},{"type":"Feature","geometry":{"type":"Point","coordinates":[23.562989,46.757651]},"properties":{"lines":"1, 6, 7, 14, 19, 25, 42, 25N","color":"#0059a9","mode":"bus","arr":["1","6","7","14","19","25","42","25N"],"tLines":"1, 6, 7, 14, 25, 25N","ntLines":"19, 42","angle":62.5,"l0":"1, 6, 7, 14, 25","c0":"#149a3f","l1":"\n","c1":"#000000","l2":"19, 42","c2":"#0059a9","l3":"\n","c3":"#000000","l4":"25N","c4":"#000000","bl0":"1, 6, 7, 14, 25","bc0":"#149a3f","bl1":"\n","bc1":"#000000","bl2":"19, 42","bc2":"#0059a9","bl3":"\n","bc3":"#000000","bl4":"25N","bc4":"#000000"}},{"type":"Feature","geometry":{"type":"Point","coordinates":[23.562776,46.760335]},"properties":{"lines":"1, 7, 14, 19, 25, 25N","color":"#0059a9","mode":"bus","arr":["1","7","14","19","25","25N"],"tLines":"1, 7, 14, 25, 25N","ntLines":"19","angle":-65.4,"side":-1,"l0":"1, 7, 14, 25","c0":"#149a3f","l1":"\n","c1":"#000000","l2":"19","c2":"#0059a9","l3":"\n","c3":"#000000","l4":"25N","c4":"#000000","bl0":"1, 7, 14, 25","bc0":"#149a3f","bl1":"\n","bc1":"#000000","bl2":"19","bc2":"#0059a9","bl3":"\n","bc3":"#000000","bl4":"25N","bc4":"#000000"}},{"type":"Feature","geometry":{"type":"Point","coordinates":[23.568144,46.761842]},"properties":{"lines":"1, 6, 7, 9, 14, 19, 24, 24B, 25, 29, 29S, 42, 52, 52L, M26, 25N","color":"#0059a9","mode":"bus","arr":["1","6","7","9","14","19","24","24B","25","29","29S","42","52","52L","M26","25N"],"tLines":"1, 6, 7, 14, 25, 25N","ntLines":"9, 19, 24, 24B, 29, 29S, 42, 52, 52L, M26","angle":-16.7,"l0":"1, 6, 7, 14, 25","c0":"#149a3f","l1":"\n","c1":"#000000","l2":"9, 19, 24, 24B, 29, 29S, 42, 52, 52L, M26","c2":"#0059a9","l3":"\n","c3":"#000000","l4":"25N","c4":"#000000","bl0":"1, 6, 7, 14, 25","bc0":"#149a3f","bl1":"\n","bc1":"#000000","bl2":"9, 19, 24, 24B, 29, 29S, 42, 52, 52L, M26","bc2":"#0059a9","bl3":"\n","bc3":"#000000","bl4":"25N","bc4":"#000000"}},{"type":"Feature","geometry":{"type":"Point","coordinates":[23.564702,46.760937]},"properties":{"lines":"1, 6, 7, 9, 14, 19, 24, 24B, 25, 29, 29S, 42, 52, 52L, M26, 25N","color":"#0059a9","mode":"bus","arr":["1","6","7","9","14","19","24","24B","25","29","29S","42","52","52L","M26","25N"],"tLines":"1, 6, 7, 14, 25, 25N","ntLines":"9, 19, 24, 24B, 29, 29S, 42, 52, 52L, M26","angle":-20.4,"extra":1,"ei":0,"l0":"1, 6, 7, 14, 25","c0":"#149a3f","l1":"\n","c1":"#000000","l2":"9, 19, 24, 24B, 29, 29S, 42, 52, 52L, M26","c2":"#0059a9","l3":"\n","c3":"#000000","l4":"25N","c4":"#000000","bl0":"1, 6, 7, 14, 25","bc0":"#149a3f","bl1":"\n","bc1":"#000000","bl2":"9, 19, 24, 24B, 29, 29S, 42, 52, 52L, M26","bc2":"#0059a9","bl3":"\n","bc3":"#000000","bl4":"25N","bc4":"#000000"}},{"type":"Feature","geometry":{"type":"Point","coordinates":[23.569876,46.762213]},"properties":{"lines":"1, 6, 7, 9, 14, 19, 24, 24B, 25, 29, 29S, 42, 52, 52L, M26, 25N","color":"#0059a9","mode":"bus","arr":["1","6","7","9","14","19","24","24B","25","29","29S","42","52","52L","M26","25N"],"tLines":"1, 6, 7, 14, 25, 25N","ntLines":"9, 19, 24, 24B, 29, 29S, 42, 52, 52L, M26","angle":-18.7,"extra":1,"ei":1,"l0":"1, 6, 7, 14, 25","c0":"#149a3f","l1":"\n","c1":"#000000","l2":"9, 19, 24, 24B, 29, 29S, 42, 52, 52L, M26","c2":"#0059a9","l3":"\n","c3":"#000000","l4":"25N","c4":"#000000","bl0":"1, 6, 7, 14, 25","bc0":"#149a3f","bl1":"\n","bc1":"#000000","bl2":"9, 19, 24, 24B, 29, 29S, 42, 52, 52L, M26","bc2":"#0059a9","bl3":"\n","bc3":"#000000","bl4":"25N","bc4":"#000000"}},{"type":"Feature","geometry":{"type":"Point","coordinates":[23.572378,46.762999]},"properties":{"lines":"1, 6, 7, 9, 14, 19, 24, 24B, 25, 29, 29S, 42, 52, 52L, M26, 25N","color":"#0059a9","mode":"bus","arr":["1","6","7","9","14","19","24","24B","25","29","29S","42","52","52L","M26","25N"],"tLines":"1, 6, 7, 14, 25, 25N","ntLines":"9, 19, 24, 24B, 29, 29S, 42, 52, 52L, M26","angle":-26.4,"extra":1,"ei":2,"l0":"1, 6, 7, 14, 25","c0":"#149a3f","l1":"\n","c1":"#000000","l2":"9, 19, 24, 24B, 29, 29S, 42, 52, 52L, M26","c2":"#0059a9","l3":"\n","c3":"#000000","l4":"25N","c4":"#000000","bl0":"1, 6, 7, 14, 25","bc0":"#149a3f","bl1":"\n","bc1":"#000000","bl2":"9, 19, 24, 24B, 29, 29S, 42, 52, 52L, M26","bc2":"#0059a9","bl3":"\n","bc3":"#000000","bl4":"25N","bc4":"#000000"}},{"type":"Feature","geometry":{"type":"Point","coordinates":[23.574387,46.764365]},"properties":{"lines":"1, 6, 7, 9, 14, 19, 24, 24B, 25, 29, 29S, 42, 52, 52L, M26, 25N","color":"#0059a9","mode":"bus","arr":["1","6","7","9","14","19","24","24B","25","29","29S","42","52","52L","M26","25N"],"tLines":"1, 6, 7, 14, 25, 25N","ntLines":"9, 19, 24, 24B, 29, 29S, 42, 52, 52L, M26","angle":-42.9,"mi":1,"l0":"1, 6, 7, 14, 25","c0":"#149a3f","l1":"\n","c1":"#000000","l2":"9, 19, 24, 24B, 29, 29S, 42, 52, 52L, M26","c2":"#0059a9","l3":"\n","c3":"#000000","l4":"25N","c4":"#000000","bl0":"1, 6, 7, 14, 25","bc0":"#149a3f","bl1":"\n","bc1":"#000000","bl2":"9, 19, 24, 24B, 29, 29S, 42, 52, 52L, M26","bc2":"#0059a9","bl3":"\n","bc3":"#000000","bl4":"25N","bc4":"#000000"}},{"type":"Feature","geometry":{"type":"Point","coordinates":[23.57592,46.764964]},"properties":{"lines":"1, 6, 7, 9, 14, 19, 24, 24B, 25, 29, 29S, 42, 52, 52L, M26, 25N","color":"#0059a9","mode":"bus","arr":["1","6","7","9","14","19","24","24B","25","29","29S","42","52","52L","M26","25N"],"tLines":"1, 6, 7, 14, 25, 25N","ntLines":"9, 19, 24, 24B, 29, 29S, 42, 52, 52L, M26","angle":-24.5,"extra":1,"ei":0,"l0":"1, 6, 7, 14, 25","c0":"#149a3f","l1":"\n","c1":"#000000","l2":"9, 19, 24, 24B, 29, 29S, 42, 52, 52L, M26","c2":"#0059a9","l3":"\n","c3":"#000000","l4":"25N","c4":"#000000","bl0":"1, 6, 7, 14, 25","bc0":"#149a3f","bl1":"\n","bc1":"#000000","bl2":"9, 19, 24, 24B, 29, 29S, 42, 52, 52L, M26","bc2":"#0059a9","bl3":"\n","bc3":"#000000","bl4":"25N","bc4":"#000000"}},{"type":"Feature","geometry":{"type":"Point","coordinates":[23.580916,46.766721]},"properties":{"lines":"1, 6, 7, 9, 14, 19, 24, 24B, 25, 29, 29S, 30, 42, 52, 52L, 25N, 54N","color":"#0059a9","mode":"bus","arr":["1","6","7","9","14","19","24","24B","25","29","29S","30","42","52","52L","25N","54N"],"tLines":"1, 6, 7, 14, 25, 25N","ntLines":"9, 19, 24, 24B, 29, 29S, 30, 42, 52, 52L, 54N","angle":-32.5,"l0":"1, 6, 7, 14, 25","c0":"#149a3f","l1":"\n","c1":"#000000","l2":"9, 19, 24, 24B, 29, 29S, 30, 42, 52, 52L","c2":"#0059a9","l3":"\n","c3":"#000000","l4":"25N, 54N","c4":"#000000","bl0":"1, 6, 7, 14, 25","bc0":"#149a3f","bl1":"\n","bc1":"#000000","bl2":"9, 19, 24, 24B, 29, 29S, 30, 42, 52, 52L","bc2":"#0059a9","bl3":"\n","bc3":"#000000","bl4":"25N, 54N","bc4":"#000000"}},{"type":"Feature","geometry":{"type":"Point","coordinates":[23.577681,46.765543]},"properties":{"lines":"1, 6, 7, 9, 14, 19, 24, 24B, 25, 29, 29S, 30, 42, 52, 52L, 25N, 54N","color":"#0059a9","mode":"bus","arr":["1","6","7","9","14","19","24","24B","25","29","29S","30","42","52","52L","25N","54N"],"tLines":"1, 6, 7, 14, 25, 25N","ntLines":"9, 19, 24, 24B, 29, 29S, 30, 42, 52, 52L, 54N","angle":-25.8,"extra":1,"ei":0,"l0":"1, 6, 7, 14, 25","c0":"#149a3f","l1":"\n","c1":"#000000","l2":"9, 19, 24, 24B, 29, 29S, 30, 42, 52, 52L","c2":"#0059a9","l3":"\n","c3":"#000000","l4":"25N, 54N","c4":"#000000","bl0":"1, 6, 7, 14, 25","bc0":"#149a3f","bl1":"\n","bc1":"#000000","bl2":"9, 19, 24, 24B, 29, 29S, 30, 42, 52, 52L","bc2":"#0059a9","bl3":"\n","bc3":"#000000","bl4":"25N, 54N","bc4":"#000000"}},{"type":"Feature","geometry":{"type":"Point","coordinates":[23.582424,46.767449]},"properties":{"lines":"1, 6, 7, 9, 14, 19, 24, 24B, 25, 29, 29S, 30, 42, 52, 52L, 25N, 54N","color":"#0059a9","mode":"bus","arr":["1","6","7","9","14","19","24","24B","25","29","29S","30","42","52","52L","25N","54N"],"tLines":"1, 6, 7, 14, 25, 25N","ntLines":"9, 19, 24, 24B, 29, 29S, 30, 42, 52, 52L, 54N","angle":-36,"extra":1,"ei":1,"l0":"1, 6, 7, 14, 25","c0":"#149a3f","l1":"\n","c1":"#000000","l2":"9, 19, 24, 24B, 29, 29S, 30, 42, 52, 52L","c2":"#0059a9","l3":"\n","c3":"#000000","l4":"25N, 54N","c4":"#000000","bl0":"1, 6, 7, 14, 25","bc0":"#149a3f","bl1":"\n","bc1":"#000000","bl2":"9, 19, 24, 24B, 29, 29S, 30, 42, 52, 52L","bc2":"#0059a9","bl3":"\n","bc3":"#000000","bl4":"25N, 54N","bc4":"#000000"}},{"type":"Feature","geometry":{"type":"Point","coordinates":[23.584637,46.768576]},"properties":{"lines":"1, 6, 7, 9, 14, 19, 24, 24B, 25, 29, 29S, 30, 42, 52, 52L, 25N, 54N","color":"#0059a9","mode":"bus","arr":["1","6","7","9","14","19","24","24B","25","29","29S","30","42","52","52L","25N","54N"],"tLines":"1, 6, 7, 14, 25, 25N","ntLines":"9, 19, 24, 24B, 29, 29S, 30, 42, 52, 52L, 54N","angle":-36.9,"extra":1,"ei":2,"l0":"1, 6, 7, 14, 25","c0":"#149a3f","l1":"\n","c1":"#000000","l2":"9, 19, 24, 24B, 29, 29S, 30, 42, 52, 52L","c2":"#0059a9","l3":"\n","c3":"#000000","l4":"25N, 54N","c4":"#000000","bl0":"1, 6, 7, 14, 25","bc0":"#149a3f","bl1":"\n","bc1":"#000000","bl2":"9, 19, 24, 24B, 29, 29S, 30, 42, 52, 52L","bc2":"#0059a9","bl3":"\n","bc3":"#000000","bl4":"25N, 54N","bc4":"#000000"}},{"type":"Feature","geometry":{"type":"Point","coordinates":[23.586724,46.769513]},"properties":{"lines":"1, 6, 7, 9, 14, 19, 22, 24, 24B, 25, 29, 29S, 30, 42, 52, 52L, 25N, 54N","color":"#0059a9","mode":"bus","arr":["1","6","7","9","14","19","22","24","24B","25","29","29S","30","42","52","52L","25N","54N"],"tLines":"1, 6, 7, 14, 25, 25N","ntLines":"9, 19, 22, 24, 24B, 29, 29S, 30, 42, 52, 52L, 54N","angle":-30.8,"l0":"1, 6, 7, 14, 25","c0":"#149a3f","l1":"\n","c1":"#000000","l2":"9, 19, 22, 24, 24B, 29, 29S, 30, 42, 52, 52L","c2":"#0059a9","l3":"\n","c3":"#000000","l4":"25N, 54N","c4":"#000000","bl0":"1, 6, 7, 14, 25","bc0":"#149a3f","bl1":"\n","bc1":"#000000","bl2":"9, 19, 22, 24, 24B, 29, 29S, 30, 42, 52, 52L","bc2":"#0059a9","bl3":"\n","bc3":"#000000","bl4":"25N, 54N","bc4":"#000000"}},{"type":"Feature","geometry":{"type":"Point","coordinates":[23.589257,46.770612]},"properties":{"lines":"1, 6, 7, 9, 14, 19, 22, 24, 24B, 25, 29, 29S, 30, 42, 52, 52L, 25N, 54N","color":"#0059a9","mode":"bus","arr":["1","6","7","9","14","19","22","24","24B","25","29","29S","30","42","52","52L","25N","54N"],"tLines":"1, 6, 7, 14, 25, 25N","ntLines":"9, 19, 22, 24, 24B, 29, 29S, 30, 42, 52, 52L, 54N","angle":-34.1,"mi":1,"l0":"1, 6, 7, 14, 25","c0":"#149a3f","l1":"\n","c1":"#000000","l2":"9, 19, 22, 24, 24B, 29, 29S, 30, 42, 52, 52L","c2":"#0059a9","l3":"\n","c3":"#000000","l4":"25N, 54N","c4":"#000000","bl0":"1, 6, 7, 14, 25","bc0":"#149a3f","bl1":"\n","bc1":"#000000","bl2":"9, 19, 22, 24, 24B, 29, 29S, 30, 42, 52, 52L","bc2":"#0059a9","bl3":"\n","bc3":"#000000","bl4":"25N, 54N","bc4":"#000000"}},{"type":"Feature","geometry":{"type":"Point","coordinates":[23.592702,46.771806]},"properties":{"lines":"1, 3, 4, 5, 6, 7, 8, 14, 24, 24B, 25, 30, 32B, 35, 44, 47, 52, 52L, A1, 5N, 25N, 54N","color":"#0059a9","mode":"bus","arr":["1","3","4","5","6","7","8","14","24","24B","25","30","32B","35","44","47","52","52L","A1","5N","25N","54N"],"tLines":"1, 3, 4, 5, 6, 7, 8, 14, 25, 5N, 25N","ntLines":"24, 24B, 30, 32B, 35, 44, 47, 52, 52L, A1, 54N","angle":-22,"l0":"1, 3, 4, 5, 6, 7, 8, 14, 25","c0":"#149a3f","l1":"\n","c1":"#000000","l2":"24, 24B, 30, 32B, 35, 44, 47, 52, 52L, A1","c2":"#0059a9","l3":"\n","c3":"#000000","l4":"5N, 25N, 54N","c4":"#000000","bl0":"1, 3, 4, 5, 6, 7, 8, 14, 25","bc0":"#149a3f","bl1":"\n","bc1":"#000000","bl2":"24, 24B, 30, 32B, 35, 44, 47, 52, 52L, A1","bc2":"#0059a9","bl3":"\n","bc3":"#000000","bl4":"5N, 25N, 54N","bc4":"#000000"}},{"type":"Feature","geometry":{"type":"Point","coordinates":[23.596065,46.77154]},"properties":{"lines":"3, 21, 32, 32B, 33, 35, 46, 46B, 50, 50D, 50L, 25N, 54N","color":"#0059a9","mode":"bus","arr":["3","21","32","32B","33","35","46","46B","50","50D","50L","25N","54N"],"tLines":"3, 25N","ntLines":"21, 32, 32B, 33, 35, 46, 46B, 50, 50D, 50L, 54N","angle":67.7,"l0":"3","c0":"#149a3f","l1":"\n","c1":"#000000","l2":"21, 32, 32B, 33, 35, 46, 46B, 50, 50D, 50L","c2":"#0059a9","l3":"\n","c3":"#000000","l4":"25N, 54N","c4":"#000000","bl0":"3","bc0":"#149a3f","bl1":"\n","bc1":"#000000","bl2":"21, 32, 32B, 33, 35, 46, 46B, 50, 50D, 50L","bc2":"#0059a9","bl3":"\n","bc3":"#000000","bl4":"25N, 54N","bc4":"#000000"}},{"type":"Feature","geometry":{"type":"Point","coordinates":[23.595863,46.772691]},"properties":{"lines":"1, 3, 4, 5, 6, 7, 8, 14, 21, 23, 24, 24B, 25, 30, 32, 32B, 33, 35, 44, 46, 46B, 47, 50, 50D, 50L, 52, 52L, A1, 5N, 25N, 54N","color":"#0059a9","mode":"bus","arr":["1","3","4","5","6","7","8","14","21","23","24","24B","25","30","32","32B","33","35","44","46","46B","47","50","50D","50L","52","52L","A1","5N","25N","54N"],"tLines":"1, 3, 4, 5, 6, 7, 8, 14, 23, 25, 5N, 25N","ntLines":"21, 24, 24B, 30, 32, 32B, 33, 35, 44, 46, 46B, 47, 50, 50D, 50L, 52, 52L, A1, 54N","angle":-25.8,"l0":"1, 3, 4, 5, 6, 7, 8, 14, 23, 25","c0":"#149a3f","l1":"\n","c1":"#000000","l2":"21, 24, 24B, 30, 32, 32B, 33, 35, 44, 46, 46B, 47, 50, 50D, 50L, 52, 52L, A1","c2":"#0059a9","l3":"\n","c3":"#000000","l4":"5N, 25N, 54N","c4":"#000000","bl0":"1, 3, 4, 5, 6, 7, 8, 14, 23, 25","bc0":"#149a3f","bl1":"\n","bc1":"#000000","bl2":"21, 24, 24B, 30, 32, 32B, 33, 35, 44, 46, 46B, 47, 50, 50D, 50L, 52, 52L, A1","bc2":"#0059a9","bl3":"\n","bc3":"#000000","bl4":"5N, 25N, 54N","bc4":"#000000"}},{"type":"Feature","geometry":{"type":"Point","coordinates":[23.59801,46.773489]},"properties":{"lines":"1, 4, 5, 6, 7, 8, 10, 14, 23, 24, 24B, 25, 30, 46B, 47, 52, 52L, A1, 5N","color":"#0059a9","mode":"bus","arr":["1","4","5","6","7","8","10","14","23","24","24B","25","30","46B","47","52","52L","A1","5N"],"tLines":"1, 4, 5, 6, 7, 8, 10, 14, 23, 25, 5N","ntLines":"24, 24B, 30, 46B, 47, 52, 52L, A1","angle":-29.3,"l0":"1, 4, 5, 6, 7, 8, 10, 14, 23, 25","c0":"#149a3f","l1":"\n","c1":"#000000","l2":"24, 24B, 30, 46B, 47, 52, 52L, A1","c2":"#0059a9","l3":"\n","c3":"#000000","l4":"5N","c4":"#000000","bl0":"1, 4, 5, 6, 7, 8, 10, 14, 23, 25","bc0":"#149a3f","bl1":"\n","bc1":"#000000","bl2":"24, 24B, 30, 46B, 47, 52, 52L, A1","bc2":"#0059a9","bl3":"\n","bc3":"#000000","bl4":"5N","bc4":"#000000"}},{"type":"Feature","geometry":{"type":"Point","coordinates":[23.59807,46.777811]},"properties":{"lines":"1, 10, 23, 52, 52L","color":"#0059a9","mode":"bus","arr":["1","10","23","52","52L"],"tLines":"1, 10, 23","ntLines":"52, 52L","angle":-69.1}},{"type":"Feature","geometry":{"type":"Point","coordinates":[23.598948,46.774911]},"properties":{"lines":"1, 10, 23, 52, 52L","color":"#0059a9","mode":"bus","arr":["1","10","23","52","52L"],"tLines":"1, 10, 23","ntLines":"52, 52L","angle":66.1,"extra":1,"ei":0}},{"type":"Feature","geometry":{"type":"Point","coordinates":[23.597859,46.776632]},"properties":{"lines":"1, 10, 23, 52, 52L","color":"#0059a9","mode":"bus","arr":["1","10","23","52","52L"],"tLines":"1, 10, 23","ntLines":"52, 52L","angle":81.5,"extra":1,"ei":1}},{"type":"Feature","geometry":{"type":"Point","coordinates":[23.599203,46.780258]},"properties":{"lines":"1, 10, 23, 52, 52L","color":"#0059a9","mode":"bus","arr":["1","10","23","52","52L"],"tLines":"1, 10, 23","ntLines":"52, 52L","angle":-74.7,"extra":1,"ei":2}},{"type":"Feature","geometry":{"type":"Point","coordinates":[23.601436,46.783698]},"properties":{"lines":"1, 10, 23, 41, 50, 50D, 50L, 52, 52L","color":"#0059a9","mode":"bus","arr":["1","10","23","41","50","50D","50L","52","52L"],"tLines":"1, 10, 23","ntLines":"41, 50, 50D, 50L, 52, 52L","angle":-43.4}},{"type":"Feature","geometry":{"type":"Point","coordinates":[23.603077,46.784736]},"properties":{"lines":"1, 10, 23, 41, 50, 50D, 50L, 52, 52L","color":"#0059a9","mode":"bus","arr":["1","10","23","41","50","50D","50L","52","52L"],"tLines":"1, 10, 23","ntLines":"41, 50, 50D, 50L, 52, 52L","angle":-42.2,"extra":1,"ei":0}},{"type":"Feature","geometry":{"type":"Point","coordinates":[23.599464,46.781935]},"properties":{"lines":"1, 10, 23, 41, 50, 50D, 50L, 52, 52L","color":"#0059a9","mode":"bus","arr":["1","10","23","41","50","50D","50L","52","52L"],"tLines":"1, 10, 23","ntLines":"41, 50, 50D, 50L, 52, 52L","angle":-75.6,"extra":1,"ei":1}},{"type":"Feature","geometry":{"type":"Point","coordinates":[23.604372,46.785579]},"properties":{"lines":"1, 10, 23, 34, 41, 50, 50D, 50L, 52, 52L","color":"#0059a9","mode":"bus","arr":["1","10","23","34","41","50","50D","50L","52","52L"],"tLines":"1, 10, 23","ntLines":"34, 41, 50, 50D, 50L, 52, 52L","angle":-46.9}},{"type":"Feature","geometry":{"type":"Point","coordinates":[23.605277,46.785728]},"properties":{"lines":"1, 10, 23, 34, 50, 50D, 50L, 52, 52L","color":"#0059a9","mode":"bus","arr":["1","10","23","34","50","50D","50L","52","52L"],"tLines":"1, 10, 23","ntLines":"34, 50, 50D, 50L, 52, 52L","angle":7.2}},{"type":"Feature","geometry":{"type":"Point","coordinates":[23.60595,46.786041]},"properties":{"lines":"1, 23, 34, 50, 50D, 50L, 52, 52L","color":"#0059a9","mode":"bus","arr":["1","23","34","50","50D","50L","52","52L"],"tLines":"1, 23","ntLines":"34, 50, 50D, 50L, 52, 52L","angle":82.5}},{"type":"Feature","geometry":{"type":"Point","coordinates":[23.605065,46.786112]},"properties":{"lines":"1, 23, 34, 41, 50, 50D, 50L, 52, 52L","color":"#0059a9","mode":"bus","arr":["1","23","34","41","50","50D","50L","52","52L"],"tLines":"1, 23","ntLines":"34, 41, 50, 50D, 50L, 52, 52L","angle":-33.7}},{"type":"Feature","geometry":{"type":"Point","coordinates":[23.597644,46.780187]},"properties":{"lines":"1, 29, 36B, 36L, 53","color":"#0059a9","mode":"bus","arr":["1","29","36B","36L","53"],"tLines":"1","ntLines":"29, 36B, 36L, 53","angle":-6.6}},{"type":"Feature","geometry":{"type":"Point","coordinates":[23.595165,46.779936]},"properties":{"lines":"1, 23, 29, 36B, 36L, 41, 50, 50D, 50L, 52, 52L, 53","color":"#0059a9","mode":"bus","arr":["1","23","29","36B","36L","41","50","50D","50L","52","52L","53"],"tLines":"1, 23","ntLines":"29, 36B, 36L, 41, 50, 50D, 50L, 52, 52L, 53","angle":-11.9,"mi":1}},{"type":"Feature","geometry":{"type":"Point","coordinates":[23.592998,46.779714]},"properties":{"lines":"1, 23, 29, 36B, 36L, 41, 50, 50D, 50L, 52, 52L, 53","color":"#0059a9","mode":"bus","arr":["1","23","29","36B","36L","41","50","50D","50L","52","52L","53"],"tLines":"1, 23","ntLines":"29, 36B, 36L, 41, 50, 50D, 50L, 52, 52L, 53","angle":-7.2}},{"type":"Feature","geometry":{"type":"Point","coordinates":[23.591355,46.777705]},"properties":{"lines":"1, 3, 4, 5, 9, 22, 23, 26, 26L, 27, 29, 32B, 35, 36B, 36L, 41, 50, 50D, 50L, 52, 52L, 53, 56, 5N","color":"#0059a9","mode":"bus","arr":["1","3","4","5","9","22","23","26","26L","27","29","32B","35","36B","36L","41","50","50D","50L","52","52L","53","56","5N"],"tLines":"1, 3, 4, 5, 23, 5N","ntLines":"9, 22, 26, 26L, 27, 29, 32B, 35, 36B, 36L, 41, 50, 50D, 50L, 52, 52L, 53, 56","angle":-82.4,"l0":"1, 3, 4, 5, 23","c0":"#149a3f","l1":"\n","c1":"#000000","l2":"9, 22, 26, 26L, 27, 29, 32B, 35, 36B, 36L, 41, 50, 50D, 50L, 52, 52L, 53, 56","c2":"#0059a9","l3":"\n","c3":"#000000","l4":"5N","c4":"#000000","bl0":"1, 3, 4, 5, 23","bc0":"#149a3f","bl1":"\n","bc1":"#000000","bl2":"9, 22, 26, 26L, 27, 29, 32B, 35, 36B, 36L, 41, 50, 50D, 50L, 52, 52L, 53, 56","bc2":"#0059a9","bl3":"\n","bc3":"#000000","bl4":"5N","bc4":"#000000"}},{"type":"Feature","geometry":{"type":"Point","coordinates":[23.59002,46.775162]},"properties":{"lines":"1, 9, 19, 21, 26, 29, 29S, 31, 32, 32B, 33, 36B, 36L, 38, 41, 42, 52, 52L, 53, 56, M26","color":"#0059a9","mode":"bus","arr":["1","9","19","21","26","29","29S","31","32","32B","33","36B","36L","38","41","42","52","52L","53","56","M26"],"tLines":"1","ntLines":"9, 19, 21, 26, 29, 29S, 31, 32, 32B, 33, 36B, 36L, 38, 41, 42, 52, 52L, 53, 56, M26","angle":-48}},{"type":"Feature","geometry":{"type":"Point","coordinates":[23.588934,46.774405]},"properties":{"lines":"1, 9, 19, 29, 29S, 31, 38, 42, 52, 52L, 56, M26","color":"#0059a9","mode":"bus","arr":["1","9","19","29","29S","31","38","42","52","52L","56","M26"],"tLines":"1","ntLines":"9, 19, 29, 29S, 31, 38, 42, 52, 52L, 56, M26","angle":-44.9}},{"type":"Feature","geometry":{"type":"Point","coordinates":[23.58872,46.773894]},"properties":{"lines":"8, 19, 26, 26L, 28, 28B, 29, 29S, 31, 37, 38, 39, 39L, 41, 42, 44, 47, A1, M26, M31","color":"#0059a9","mode":"bus","arr":["8","19","26","26L","28","28B","29","29S","31","37","38","39","39L","41","42","44","47","A1","M26","M31"],"tLines":"8","ntLines":"19, 26, 26L, 28, 28B, 29, 29S, 31, 37, 38, 39, 39L, 41, 42, 44, 47, A1, M26, M31","angle":-18.2,"side":-1}},{"type":"Feature","geometry":{"type":"Point","coordinates":[23.588409,46.773318]},"properties":{"lines":"1, 3, 4, 5, 8, 9, 19, 22, 29, 29S, 32B, 35, 42, 47, 52, 52L, A1, 5N","color":"#0059a9","mode":"bus","arr":["1","3","4","5","8","9","19","22","29","29S","32B","35","42","47","52","52L","A1","5N"],"tLines":"1, 3, 4, 5, 8, 5N","ntLines":"9, 19, 22, 29, 29S, 32B, 35, 42, 47, 52, 52L, A1","angle":59.6,"l0":"1, 3, 4, 5, 8","c0":"#149a3f","l1":"\n","c1":"#000000","l2":"9, 19, 22, 29, 29S, 32B, 35, 42, 47, 52, 52L, A1","c2":"#0059a9","l3":"\n","c3":"#000000","l4":"5N","c4":"#000000","bl0":"1, 3, 4, 5, 8","bc0":"#149a3f","bl1":"\n","bc1":"#000000","bl2":"9, 19, 22, 29, 29S, 32B, 35, 42, 47, 52, 52L, A1","bc2":"#0059a9","bl3":"\n","bc3":"#000000","bl4":"5N","bc4":"#000000"}},{"type":"Feature","geometry":{"type":"Point","coordinates":[23.589454,46.772006]},"properties":{"lines":"1, 3, 4, 5, 8, 9, 19, 22, 29, 29S, 32B, 35, 42, 44, 47, A1, 5N","color":"#0059a9","mode":"bus","arr":["1","3","4","5","8","9","19","22","29","29S","32B","35","42","44","47","A1","5N"],"tLines":"1, 3, 4, 5, 8, 5N","ntLines":"9, 19, 22, 29, 29S, 32B, 35, 42, 44, 47, A1","angle":67.9,"l0":"1, 3, 4, 5, 8","c0":"#149a3f","l1":"\n","c1":"#000000","l2":"9, 19, 22, 29, 29S, 32B, 35, 42, 44, 47, A1","c2":"#0059a9","l3":"\n","c3":"#000000","l4":"5N","c4":"#000000","bl0":"1, 3, 4, 5, 8","bc0":"#149a3f","bl1":"\n","bc1":"#000000","bl2":"9, 19, 22, 29, 29S, 32B, 35, 42, 44, 47, A1","bc2":"#0059a9","bl3":"\n","bc3":"#000000","bl4":"5N","bc4":"#000000"}},{"type":"Feature","geometry":{"type":"Point","coordinates":[23.562741,46.760605]},"properties":{"lines":"1, 7, 14, 24B, 29, 29S, 52, 52L, M26, 25N","color":"#0059a9","mode":"bus","arr":["1","7","14","24B","29","29S","52","52L","M26","25N"],"tLines":"1, 7, 14, 25N","ntLines":"24B, 29, 29S, 52, 52L, M26","angle":-6.7,"l0":"1, 7, 14","c0":"#149a3f","l1":"\n","c1":"#000000","l2":"24B, 29, 29S, 52, 52L, M26","c2":"#0059a9","l3":"\n","c3":"#000000","l4":"25N","c4":"#000000","bl0":"1, 7, 14","bc0":"#149a3f","bl1":"\n","bc1":"#000000","bl2":"24B, 29, 29S, 52, 52L, M26","bc2":"#0059a9","bl3":"\n","bc3":"#000000","bl4":"25N","bc4":"#000000"}},{"type":"Feature","geometry":{"type":"Point","coordinates":[23.56165,46.760484]},"properties":{"lines":"1, 6, 7, 9, 14, 24, 24B, 25, 29, 29S, 52, 52L, M26, 25N","color":"#0059a9","mode":"bus","arr":["1","6","7","9","14","24","24B","25","29","29S","52","52L","M26","25N"],"tLines":"1, 6, 7, 14, 25, 25N","ntLines":"9, 24, 24B, 29, 29S, 52, 52L, M26","angle":-6.2,"l0":"1, 6, 7, 14, 25","c0":"#149a3f","l1":"\n","c1":"#000000","l2":"9, 24, 24B, 29, 29S, 52, 52L, M26","c2":"#0059a9","l3":"\n","c3":"#000000","l4":"25N","c4":"#000000","bl0":"1, 6, 7, 14, 25","bc0":"#149a3f","bl1":"\n","bc1":"#000000","bl2":"9, 24, 24B, 29, 29S, 52, 52L, M26","bc2":"#0059a9","bl3":"\n","bc3":"#000000","bl4":"25N","bc4":"#000000"}},{"type":"Feature","geometry":{"type":"Point","coordinates":[23.559416,46.76043]},"properties":{"lines":"1, 6, 7, 14, 25, 25N","color":"#149a3f","mode":"bus","arr":["1","6","7","14","25","25N"],"angle":-4.5,"mi":1,"l0":"1, 6, 7, 14, 25","c0":"#149a3f","l1":"\n","c1":"#000000","l2":"25N","c2":"#000000","bl0":"1, 6, 7, 14, 25","bc0":"#149a3f","bl1":"\n","bc1":"#000000","bl2":"25N","bc2":"#000000"}},{"type":"Feature","geometry":{"type":"Point","coordinates":[23.556903,46.760384]},"properties":{"lines":"1, 6, 7, 14, 25, 25N","color":"#149a3f","mode":"bus","arr":["1","6","7","14","25","25N"],"angle":-57.7,"l0":"1, 6, 7, 14, 25","c0":"#149a3f","l1":"\n","c1":"#000000","l2":"25N","c2":"#000000","bl0":"1, 6, 7, 14, 25","bc0":"#149a3f","bl1":"\n","bc1":"#000000","bl2":"25N","bc2":"#000000"}},{"type":"Feature","geometry":{"type":"Point","coordinates":[23.555398,46.759775]},"properties":{"lines":"24B, 52, 52L, M23","color":"#0059a9","mode":"bus","arr":["24B","52","52L","M23"],"angle":-13.3,"side":-1}},{"type":"Feature","geometry":{"type":"Point","coordinates":[23.536533,46.747479]},"properties":{"lines":"29, 29S","color":"#0059a9","mode":"bus","arr":["29","29S"],"angle":-59.2}},{"type":"Feature","geometry":{"type":"Point","coordinates":[23.542304,46.750541]},"properties":{"lines":"29, 29S","color":"#0059a9","mode":"bus","arr":["29","29S"],"angle":-41.8,"extra":1,"ei":0}},{"type":"Feature","geometry":{"type":"Point","coordinates":[23.539981,46.749544]},"properties":{"lines":"29, 29S","color":"#0059a9","mode":"bus","arr":["29","29S"],"angle":-38.6,"extra":1,"ei":1}},{"type":"Feature","geometry":{"type":"Point","coordinates":[23.537677,46.748526]},"properties":{"lines":"29, 29S","color":"#0059a9","mode":"bus","arr":["29","29S"],"angle":-42.7,"extra":1,"ei":2}},{"type":"Feature","geometry":{"type":"Point","coordinates":[23.535478,46.745196]},"properties":{"lines":"29, 29S","color":"#0059a9","mode":"bus","arr":["29","29S"],"angle":-73,"extra":1,"ei":3}},{"type":"Feature","geometry":{"type":"Point","coordinates":[23.534776,46.743379]},"properties":{"lines":"29, 29S","color":"#0059a9","mode":"bus","arr":["29","29S"],"angle":88.8,"extra":1,"ei":4}},{"type":"Feature","geometry":{"type":"Point","coordinates":[23.63036,46.76831]},"properties":{"lines":"3","color":"#149a3f","mode":"bus","arr":["3"],"angle":-75.8,"side":-1}},{"type":"Feature","geometry":{"type":"Point","coordinates":[23.629791,46.768332]},"properties":{"lines":"3, 10, 24B, 25, 45, 48, 48L, 57, 57L","color":"#0059a9","mode":"bus","arr":["3","10","24B","25","45","48","48L","57","57L"],"tLines":"3, 10, 25","ntLines":"24B, 45, 48, 48L, 57, 57L","angle":-66.6}},{"type":"Feature","geometry":{"type":"Point","coordinates":[23.629278,46.767959]},"properties":{"lines":"3, 10, 25, 48, 48L, 57, 57L, 25N","color":"#0059a9","mode":"bus","arr":["3","10","25","48","48L","57","57L","25N"],"tLines":"3, 10, 25, 25N","ntLines":"48, 48L, 57, 57L","angle":-21.5,"l0":"3, 10, 25","c0":"#149a3f","l1":"\n","c1":"#000000","l2":"48, 48L, 57, 57L","c2":"#0059a9","l3":"\n","c3":"#000000","l4":"25N","c4":"#000000","bl0":"3, 10, 25","bc0":"#149a3f","bl1":"\n","bc1":"#000000","bl2":"48, 48L, 57, 57L","bc2":"#0059a9","bl3":"\n","bc3":"#000000","bl4":"25N","bc4":"#000000"}},{"type":"Feature","geometry":{"type":"Point","coordinates":[23.624374,46.767989]},"properties":{"lines":"3, 10, 25, 34, 48, 48L, 57, 57L, 25N","color":"#0059a9","mode":"bus","arr":["3","10","25","34","48","48L","57","57L","25N"],"tLines":"3, 10, 25, 25N","ntLines":"34, 48, 48L, 57, 57L","angle":20.4,"mi":1,"l0":"3, 10, 25","c0":"#149a3f","l1":"\n","c1":"#000000","l2":"34, 48, 48L, 57, 57L","c2":"#0059a9","l3":"\n","c3":"#000000","l4":"25N","c4":"#000000","bl0":"3, 10, 25","bc0":"#149a3f","bl1":"\n","bc1":"#000000","bl2":"34, 48, 48L, 57, 57L","bc2":"#0059a9","bl3":"\n","bc3":"#000000","bl4":"25N","bc4":"#000000"}},{"type":"Feature","geometry":{"type":"Point","coordinates":[23.619711,46.768545]},"properties":{"lines":"3, 10, 25, 34, 48, 48L, 57, 57L, 25N","color":"#0059a9","mode":"bus","arr":["3","10","25","34","48","48L","57","57L","25N"],"tLines":"3, 10, 25, 25N","ntLines":"34, 48, 48L, 57, 57L","angle":27.5,"l0":"3, 10, 25","c0":"#149a3f","l1":"\n","c1":"#000000","l2":"34, 48, 48L, 57, 57L","c2":"#0059a9","l3":"\n","c3":"#000000","l4":"25N","c4":"#000000","bl0":"3, 10, 25","bc0":"#149a3f","bl1":"\n","bc1":"#000000","bl2":"34, 48, 48L, 57, 57L","bc2":"#0059a9","bl3":"\n","bc3":"#000000","bl4":"25N","bc4":"#000000"}},{"type":"Feature","geometry":{"type":"Point","coordinates":[23.62707,46.76788]},"properties":{"lines":"3, 10, 25, 34, 48, 48L, 57, 57L, 25N","color":"#0059a9","mode":"bus","arr":["3","10","25","34","48","48L","57","57L","25N"],"tLines":"3, 10, 25, 25N","ntLines":"34, 48, 48L, 57, 57L","angle":-1.3,"extra":1,"ei":0,"l0":"3, 10, 25","c0":"#149a3f","l1":"\n","c1":"#000000","l2":"34, 48, 48L, 57, 57L","c2":"#0059a9","l3":"\n","c3":"#000000","l4":"25N","c4":"#000000","bl0":"3, 10, 25","bc0":"#149a3f","bl1":"\n","bc1":"#000000","bl2":"34, 48, 48L, 57, 57L","bc2":"#0059a9","bl3":"\n","bc3":"#000000","bl4":"25N","bc4":"#000000"}},{"type":"Feature","geometry":{"type":"Point","coordinates":[23.621671,46.768315]},"properties":{"lines":"3, 10, 25, 34, 48, 48L, 57, 57L, 25N","color":"#0059a9","mode":"bus","arr":["3","10","25","34","48","48L","57","57L","25N"],"tLines":"3, 10, 25, 25N","ntLines":"34, 48, 48L, 57, 57L","angle":-1.5,"extra":1,"ei":1,"l0":"3, 10, 25","c0":"#149a3f","l1":"\n","c1":"#000000","l2":"34, 48, 48L, 57, 57L","c2":"#0059a9","l3":"\n","c3":"#000000","l4":"25N","c4":"#000000","bl0":"3, 10, 25","bc0":"#149a3f","bl1":"\n","bc1":"#000000","bl2":"34, 48, 48L, 57, 57L","bc2":"#0059a9","bl3":"\n","bc3":"#000000","bl4":"25N","bc4":"#000000"}},{"type":"Feature","geometry":{"type":"Point","coordinates":[23.618367,46.76888]},"properties":{"lines":"3, 10, 25, 33, 44, 45, 57","color":"#0059a9","mode":"bus","arr":["3","10","25","33","44","45","57"],"tLines":"3, 10, 25","ntLines":"33, 44, 45, 57","angle":0.6}},{"type":"Feature","geometry":{"type":"Point","coordinates":[23.61364,46.769418]},"properties":{"lines":"3, 10, 25, 33, 44, 45, 57, 57L, 25N","color":"#0059a9","mode":"bus","arr":["3","10","25","33","44","45","57","57L","25N"],"tLines":"3, 10, 25, 25N","ntLines":"33, 44, 45, 57, 57L","angle":8.1,"mi":1,"l0":"3, 10, 25","c0":"#149a3f","l1":"\n","c1":"#000000","l2":"33, 44, 45, 57, 57L","c2":"#0059a9","l3":"\n","c3":"#000000","l4":"25N","c4":"#000000","bl0":"3, 10, 25","bc0":"#149a3f","bl1":"\n","bc1":"#000000","bl2":"33, 44, 45, 57, 57L","bc2":"#0059a9","bl3":"\n","bc3":"#000000","bl4":"25N","bc4":"#000000"}},{"type":"Feature","geometry":{"type":"Point","coordinates":[23.60582,46.768899]},"properties":{"lines":"3, 10, 25, 33, 44, 45, 57, 57L, 25N","color":"#0059a9","mode":"bus","arr":["3","10","25","33","44","45","57","57L","25N"],"tLines":"3, 10, 25, 25N","ntLines":"33, 44, 45, 57, 57L","angle":-12.6,"l0":"3, 10, 25","c0":"#149a3f","l1":"\n","c1":"#000000","l2":"33, 44, 45, 57, 57L","c2":"#0059a9","l3":"\n","c3":"#000000","l4":"25N","c4":"#000000","bl0":"3, 10, 25","bc0":"#149a3f","bl1":"\n","bc1":"#000000","bl2":"33, 44, 45, 57, 57L","bc2":"#0059a9","bl3":"\n","bc3":"#000000","bl4":"25N","bc4":"#000000"}},{"type":"Feature","geometry":{"type":"Point","coordinates":[23.616656,46.769061]},"properties":{"lines":"3, 10, 25, 33, 44, 45, 57, 57L, 25N","color":"#0059a9","mode":"bus","arr":["3","10","25","33","44","45","57","57L","25N"],"tLines":"3, 10, 25, 25N","ntLines":"33, 44, 45, 57, 57L","angle":9.9,"extra":1,"ei":0,"l0":"3, 10, 25","c0":"#149a3f","l1":"\n","c1":"#000000","l2":"33, 44, 45, 57, 57L","c2":"#0059a9","l3":"\n","c3":"#000000","l4":"25N","c4":"#000000","bl0":"3, 10, 25","bc0":"#149a3f","bl1":"\n","bc1":"#000000","bl2":"33, 44, 45, 57, 57L","bc2":"#0059a9","bl3":"\n","bc3":"#000000","bl4":"25N","bc4":"#000000"}},{"type":"Feature","geometry":{"type":"Point","coordinates":[23.611196,46.769391]},"properties":{"lines":"3, 10, 25, 33, 44, 45, 57, 57L, 25N","color":"#0059a9","mode":"bus","arr":["3","10","25","33","44","45","57","57L","25N"],"tLines":"3, 10, 25, 25N","ntLines":"33, 44, 45, 57, 57L","angle":-5.8,"extra":1,"ei":1,"l0":"3, 10, 25","c0":"#149a3f","l1":"\n","c1":"#000000","l2":"33, 44, 45, 57, 57L","c2":"#0059a9","l3":"\n","c3":"#000000","l4":"25N","c4":"#000000","bl0":"3, 10, 25","bc0":"#149a3f","bl1":"\n","bc1":"#000000","bl2":"33, 44, 45, 57, 57L","bc2":"#0059a9","bl3":"\n","bc3":"#000000","bl4":"25N","bc4":"#000000"}},{"type":"Feature","geometry":{"type":"Point","coordinates":[23.607627,46.769138]},"properties":{"lines":"3, 10, 25, 33, 44, 45, 57, 57L, 25N","color":"#0059a9","mode":"bus","arr":["3","10","25","33","44","45","57","57L","25N"],"tLines":"3, 10, 25, 25N","ntLines":"33, 44, 45, 57, 57L","angle":-6.8,"extra":1,"ei":0,"l0":"3, 10, 25","c0":"#149a3f","l1":"\n","c1":"#000000","l2":"33, 44, 45, 57, 57L","c2":"#0059a9","l3":"\n","c3":"#000000","l4":"25N","c4":"#000000","bl0":"3, 10, 25","bc0":"#149a3f","bl1":"\n","bc1":"#000000","bl2":"33, 44, 45, 57, 57L","bc2":"#0059a9","bl3":"\n","bc3":"#000000","bl4":"25N","bc4":"#000000"}},{"type":"Feature","geometry":{"type":"Point","coordinates":[23.602047,46.76801]},"properties":{"lines":"3, 10, 25, 33, 44, 45, 57, 25N","color":"#0059a9","mode":"bus","arr":["3","10","25","33","44","45","57","25N"],"tLines":"3, 10, 25, 25N","ntLines":"33, 44, 45, 57","angle":-21,"l0":"3, 10, 25","c0":"#149a3f","l1":"\n","c1":"#000000","l2":"33, 44, 45, 57","c2":"#0059a9","l3":"\n","c3":"#000000","l4":"25N","c4":"#000000","bl0":"3, 10, 25","bc0":"#149a3f","bl1":"\n","bc1":"#000000","bl2":"33, 44, 45, 57","bc2":"#0059a9","bl3":"\n","bc3":"#000000","bl4":"25N","bc4":"#000000"}},{"type":"Feature","geometry":{"type":"Point","coordinates":[23.600594,46.767611]},"properties":{"lines":"3, 10, 18, 20, 25, 32, 32B, 33, 44, 45, M13, M61, 25N","color":"#0059a9","mode":"bus","arr":["3","10","18","20","25","32","32B","33","44","45","M13","M61","25N"],"tLines":"3, 10, 25, 25N","ntLines":"18, 20, 32, 32B, 33, 44, 45, M13, M61","angle":-21,"l0":"3, 10, 25","c0":"#149a3f","l1":"\n","c1":"#000000","l2":"18, 20, 32, 32B, 33, 44, 45, M13, M61","c2":"#0059a9","l3":"\n","c3":"#000000","l4":"25N","c4":"#000000","bl0":"3, 10, 25","bc0":"#149a3f","bl1":"\n","bc1":"#000000","bl2":"18, 20, 32, 32B, 33, 44, 45, M13, M61","bc2":"#0059a9","bl3":"\n","bc3":"#000000","bl4":"25N","bc4":"#000000"}},{"type":"Feature","geometry":{"type":"Point","coordinates":[23.599387,46.768223]},"properties":{"lines":"3, 10, 18, 20, 21, 25, 32, 32B, 33, 35, 40, 44, 45, 46, 46B, 46L, 50, 50D, 50L, M11, M12, M13, M16, M61, M71, 25N, 54N","color":"#0059a9","mode":"bus","arr":["3","10","18","20","21","25","32","32B","33","35","40","44","45","46","46B","46L","50","50D","50L","M11","M12","M13","M16","M61","M71","25N","54N"],"tLines":"3, 10, 25, 25N","ntLines":"18, 20, 21, 32, 32B, 33, 35, 40, 44, 45, 46, 46B, 46L, 50, 50D, 50L, M11, M12, M13, M16, M61, M71, 54N","angle":65.9,"l0":"3, 10, 25","c0":"#149a3f","l1":"\n","c1":"#000000","l2":"18, 20, 21, 32, 32B, 33, 35, 40, 44, 45, 46, 46B, 46L, 50, 50D, 50L, M11, M12, M13, M16, M61, M71","c2":"#0059a9","l3":"\n","c3":"#000000","l4":"25N, 54N","c4":"#000000","bl0":"3, 10, 25","bc0":"#149a3f","bl1":"\n","bc1":"#000000","bl2":"18, 20, 21, 32, 32B, 33, 35, 40, 44, 45, 46, 46B, 46L, 50, 50D, 50L, M11, M12, M13, M16, M61, M71","bc2":"#0059a9","bl3":"\n","bc3":"#000000","bl4":"25N, 54N","bc4":"#000000"}},{"type":"Feature","geometry":{"type":"Point","coordinates":[23.598333,46.769804]},"properties":{"lines":"3, 10, 21, 25, 32, 32B, 33, 35, 44, 45, 46, 46B, 46L, 50, 50D, 50L, 25N, 54N","color":"#0059a9","mode":"bus","arr":["3","10","21","25","32","32B","33","35","44","45","46","46B","46L","50","50D","50L","25N","54N"],"tLines":"3, 10, 25, 25N","ntLines":"21, 32, 32B, 33, 35, 44, 45, 46, 46B, 46L, 50, 50D, 50L, 54N","angle":64.3,"l0":"3, 10, 25","c0":"#149a3f","l1":"\n","c1":"#000000","l2":"21, 32, 32B, 33, 35, 44, 45, 46, 46B, 46L, 50, 50D, 50L","c2":"#0059a9","l3":"\n","c3":"#000000","l4":"25N, 54N","c4":"#000000","bl0":"3, 10, 25","bc0":"#149a3f","bl1":"\n","bc1":"#000000","bl2":"21, 32, 32B, 33, 35, 44, 45, 46, 46B, 46L, 50, 50D, 50L","bc2":"#0059a9","bl3":"\n","bc3":"#000000","bl4":"25N, 54N","bc4":"#000000"}},{"type":"Feature","geometry":{"type":"Point","coordinates":[23.597382,46.771142]},"properties":{"lines":"3, 10, 21, 25, 32, 32B, 33, 35, 44, 46, 46L, 50, 50D, 50L, 25N, 54N","color":"#0059a9","mode":"bus","arr":["3","10","21","25","32","32B","33","35","44","46","46L","50","50D","50L","25N","54N"],"tLines":"3, 10, 25, 25N","ntLines":"21, 32, 32B, 33, 35, 44, 46, 46L, 50, 50D, 50L, 54N","angle":66.2,"l0":"3, 10, 25","c0":"#149a3f","l1":"\n","c1":"#000000","l2":"21, 32, 32B, 33, 35, 44, 46, 46L, 50, 50D, 50L","c2":"#0059a9","l3":"\n","c3":"#000000","l4":"25N, 54N","c4":"#000000","bl0":"3, 10, 25","bc0":"#149a3f","bl1":"\n","bc1":"#000000","bl2":"21, 32, 32B, 33, 35, 44, 46, 46L, 50, 50D, 50L","bc2":"#0059a9","bl3":"\n","bc3":"#000000","bl4":"25N, 54N","bc4":"#000000"}},{"type":"Feature","geometry":{"type":"Point","coordinates":[23.596765,46.772106]},"properties":{"lines":"3, 10, 21, 25, 32, 32B, 33, 35, 44, 46, 50, 50D, 50L, 25N, 54N","color":"#0059a9","mode":"bus","arr":["3","10","21","25","32","32B","33","35","44","46","50","50D","50L","25N","54N"],"tLines":"3, 10, 25, 25N","ntLines":"21, 32, 32B, 33, 35, 44, 46, 50, 50D, 50L, 54N","angle":65.5,"l0":"3, 10, 25","c0":"#149a3f","l1":"\n","c1":"#000000","l2":"21, 32, 32B, 33, 35, 44, 46, 50, 50D, 50L","c2":"#0059a9","l3":"\n","c3":"#000000","l4":"25N, 54N","c4":"#000000","bl0":"3, 10, 25","bc0":"#149a3f","bl1":"\n","bc1":"#000000","bl2":"21, 32, 32B, 33, 35, 44, 46, 50, 50D, 50L","bc2":"#0059a9","bl3":"\n","bc3":"#000000","bl4":"25N, 54N","bc4":"#000000"}},{"type":"Feature","geometry":{"type":"Point","coordinates":[23.589654,46.783436]},"properties":{"lines":"3, 4, 5, 9, 22, 27, 32B, 35, 56, 5N","color":"#0059a9","mode":"bus","arr":["3","4","5","9","22","27","32B","35","56","5N"],"tLines":"3, 4, 5, 5N","ntLines":"9, 22, 27, 32B, 35, 56","angle":56.4,"l0":"3, 4, 5","c0":"#149a3f","l1":"\n","c1":"#000000","l2":"9, 22, 27, 32B, 35, 56","c2":"#0059a9","l3":"\n","c3":"#000000","l4":"5N","c4":"#000000","bl0":"3, 4, 5","bc0":"#149a3f","bl1":"\n","bc1":"#000000","bl2":"9, 22, 27, 32B, 35, 56","bc2":"#0059a9","bl3":"\n","bc3":"#000000","bl4":"5N","bc4":"#000000"}},{"type":"Feature","geometry":{"type":"Point","coordinates":[23.591334,46.78243]},"properties":{"lines":"3, 4, 5, 9, 22, 27, 32B, 35, 56","color":"#0059a9","mode":"bus","arr":["3","4","5","9","22","27","32B","35","56"],"tLines":"3, 4, 5","ntLines":"9, 22, 27, 32B, 35, 56","angle":23.3}},{"type":"Feature","geometry":{"type":"Point","coordinates":[23.592023,46.781586]},"properties":{"lines":"3, 4, 5, 9, 22, 26, 26L, 27, 32B, 35, 56","color":"#0059a9","mode":"bus","arr":["3","4","5","9","22","26","26L","27","32B","35","56"],"tLines":"3, 4, 5","ntLines":"9, 22, 26, 26L, 27, 32B, 35, 56","angle":-73}},{"type":"Feature","geometry":{"type":"Point","coordinates":[23.59171,46.780409]},"properties":{"lines":"3, 4, 5, 9, 22, 26, 26L, 27, 32B, 35, 56, 5N","color":"#0059a9","mode":"bus","arr":["3","4","5","9","22","26","26L","27","32B","35","56","5N"],"tLines":"3, 4, 5, 5N","ntLines":"9, 22, 26, 26L, 27, 32B, 35, 56","angle":-87,"l0":"3, 4, 5","c0":"#149a3f","l1":"\n","c1":"#000000","l2":"9, 22, 26, 26L, 27, 32B, 35, 56","c2":"#0059a9","l3":"\n","c3":"#000000","l4":"5N","c4":"#000000","bl0":"3, 4, 5","bc0":"#149a3f","bl1":"\n","bc1":"#000000","bl2":"9, 22, 26, 26L, 27, 32B, 35, 56","bc2":"#0059a9","bl3":"\n","bc3":"#000000","bl4":"5N","bc4":"#000000"}},{"type":"Feature","geometry":{"type":"Point","coordinates":[23.591243,46.775157]},"properties":{"lines":"3, 4, 5, 21, 23, 26L, 28B, 29, 29S, 32, 33, 35, 36B, 36L, 50, 50D, 50L, 53, 5N","color":"#0059a9","mode":"bus","arr":["3","4","5","21","23","26L","28B","29","29S","32","33","35","36B","36L","50","50D","50L","53","5N"],"tLines":"3, 4, 5, 23, 5N","ntLines":"21, 26L, 28B, 29, 29S, 32, 33, 35, 36B, 36L, 50, 50D, 50L, 53","angle":50.4,"l0":"3, 4, 5, 23","c0":"#149a3f","l1":"\n","c1":"#000000","l2":"21, 26L, 28B, 29, 29S, 32, 33, 35, 36B, 36L, 50, 50D, 50L, 53","c2":"#0059a9","l3":"\n","c3":"#000000","l4":"5N","c4":"#000000","bl0":"3, 4, 5, 23","bc0":"#149a3f","bl1":"\n","bc1":"#000000","bl2":"21, 26L, 28B, 29, 29S, 32, 33, 35, 36B, 36L, 50, 50D, 50L, 53","bc2":"#0059a9","bl3":"\n","bc3":"#000000","bl4":"5N","bc4":"#000000"}},{"type":"Feature","geometry":{"type":"Point","coordinates":[23.591903,46.774556]},"properties":{"lines":"3, 4, 5, 23, 35, 50, 50D, 50L, 5N","color":"#0059a9","mode":"bus","arr":["3","4","5","23","35","50","50D","50L","5N"],"tLines":"3, 4, 5, 23, 5N","ntLines":"35, 50, 50D, 50L","angle":69,"side":-1,"l0":"3, 4, 5, 23","c0":"#149a3f","l1":"\n","c1":"#000000","l2":"35, 50, 50D, 50L","c2":"#0059a9","l3":"\n","c3":"#000000","l4":"5N","c4":"#000000","bl0":"3, 4, 5, 23","bc0":"#149a3f","bl1":"\n","bc1":"#000000","bl2":"35, 50, 50D, 50L","bc2":"#0059a9","bl3":"\n","bc3":"#000000","bl4":"5N","bc4":"#000000"}},{"type":"Feature","geometry":{"type":"Point","coordinates":[23.593695,46.773373]},"properties":{"lines":"3, 4, 5, 8, 21, 23, 32, 32B, 33, 35, 44, 47, 50, 50D, 50L, A1, 5N","color":"#0059a9","mode":"bus","arr":["3","4","5","8","21","23","32","32B","33","35","44","47","50","50D","50L","A1","5N"],"tLines":"3, 4, 5, 8, 23, 5N","ntLines":"21, 32, 32B, 33, 35, 44, 47, 50, 50D, 50L, A1","angle":15.4,"l0":"3, 4, 5, 8, 23","c0":"#149a3f","l1":"\n","c1":"#000000","l2":"21, 32, 32B, 33, 35, 44, 47, 50, 50D, 50L, A1","c2":"#0059a9","l3":"\n","c3":"#000000","l4":"5N","c4":"#000000","bl0":"3, 4, 5, 8, 23","bc0":"#149a3f","bl1":"\n","bc1":"#000000","bl2":"21, 32, 32B, 33, 35, 44, 47, 50, 50D, 50L, A1","bc2":"#0059a9","bl3":"\n","bc3":"#000000","bl4":"5N","bc4":"#000000"}},{"type":"Feature","geometry":{"type":"Point","coordinates":[23.595308,46.772686]},"properties":{"lines":"3, 4, 5, 8, 21, 23, 32, 32B, 33, 35, 44, 47, 50, 50D, 50L, A1, 5N","color":"#0059a9","mode":"bus","arr":["3","4","5","8","21","23","32","32B","33","35","44","47","50","50D","50L","A1","5N"],"tLines":"3, 4, 5, 8, 23, 5N","ntLines":"21, 32, 32B, 33, 35, 44, 47, 50, 50D, 50L, A1","angle":52.5,"extra":1,"ei":0,"l0":"3, 4, 5, 8, 23","c0":"#149a3f","l1":"\n","c1":"#000000","l2":"21, 32, 32B, 33, 35, 44, 47, 50, 50D, 50L, A1","c2":"#0059a9","l3":"\n","c3":"#000000","l4":"5N","c4":"#000000","bl0":"3, 4, 5, 8, 23","bc0":"#149a3f","bl1":"\n","bc1":"#000000","bl2":"21, 32, 32B, 33, 35, 44, 47, 50, 50D, 50L, A1","bc2":"#0059a9","bl3":"\n","bc3":"#000000","bl4":"5N","bc4":"#000000"}},{"type":"Feature","geometry":{"type":"Point","coordinates":[23.596716,46.770406]},"properties":{"lines":"3, 21, 32, 32B, 33, 35, 46, 46B, 50, 50D, 50L, 25N, 54N","color":"#0059a9","mode":"bus","arr":["3","21","32","32B","33","35","46","46B","50","50D","50L","25N","54N"],"tLines":"3, 25N","ntLines":"21, 32, 32B, 33, 35, 46, 46B, 50, 50D, 50L, 54N","angle":68.5,"mi":1,"l0":"3","c0":"#149a3f","l1":"\n","c1":"#000000","l2":"21, 32, 32B, 33, 35, 46, 46B, 50, 50D, 50L","c2":"#0059a9","l3":"\n","c3":"#000000","l4":"25N, 54N","c4":"#000000","bl0":"3","bc0":"#149a3f","bl1":"\n","bc1":"#000000","bl2":"21, 32, 32B, 33, 35, 46, 46B, 50, 50D, 50L","bc2":"#0059a9","bl3":"\n","bc3":"#000000","bl4":"25N, 54N","bc4":"#000000"}},{"type":"Feature","geometry":{"type":"Point","coordinates":[23.597369,46.769227]},"properties":{"lines":"3, 21, 32, 32B, 33, 35, 46, 46B, 46L, 50, 50D, 50L, 25N, 54N","color":"#0059a9","mode":"bus","arr":["3","21","32","32B","33","35","46","46B","46L","50","50D","50L","25N","54N"],"tLines":"3, 25N","ntLines":"21, 32, 32B, 33, 35, 46, 46B, 46L, 50, 50D, 50L, 54N","angle":68.7,"l0":"3","c0":"#149a3f","l1":"\n","c1":"#000000","l2":"21, 32, 32B, 33, 35, 46, 46B, 46L, 50, 50D, 50L","c2":"#0059a9","l3":"\n","c3":"#000000","l4":"25N, 54N","c4":"#000000","bl0":"3","bc0":"#149a3f","bl1":"\n","bc1":"#000000","bl2":"21, 32, 32B, 33, 35, 46, 46B, 46L, 50, 50D, 50L","bc2":"#0059a9","bl3":"\n","bc3":"#000000","bl4":"25N, 54N","bc4":"#000000"}},{"type":"Feature","geometry":{"type":"Point","coordinates":[23.598268,46.767544]},"properties":{"lines":"3, 20, 21, 32, 32B, 33, M13, 25N","color":"#0059a9","mode":"bus","arr":["3","20","21","32","32B","33","M13","25N"],"tLines":"3, 25N","ntLines":"20, 21, 32, 32B, 33, M13","angle":56,"mi":2,"l0":"3","c0":"#149a3f","l1":"\n","c1":"#000000","l2":"20, 21, 32, 32B, 33, M13","c2":"#0059a9","l3":"\n","c3":"#000000","l4":"25N","c4":"#000000","bl0":"3","bc0":"#149a3f","bl1":"\n","bc1":"#000000","bl2":"20, 21, 32, 32B, 33, M13","bc2":"#0059a9","bl3":"\n","bc3":"#000000","bl4":"25N","bc4":"#000000"}},{"type":"Feature","geometry":{"type":"Point","coordinates":[23.599148,46.767308]},"properties":{"lines":"3, 20, 21, 32, 32B, 33, 35, 40, 46, 46B, 46L, 50, 50D, 50L, M11, M12, M13, M16, M71, 25N, 54N","color":"#0059a9","mode":"bus","arr":["3","20","21","32","32B","33","35","40","46","46B","46L","50","50D","50L","M11","M12","M13","M16","M71","25N","54N"],"tLines":"3, 25N","ntLines":"20, 21, 32, 32B, 33, 35, 40, 46, 46B, 46L, 50, 50D, 50L, M11, M12, M13, M16, M71, 54N","angle":-17.1,"l0":"3","c0":"#149a3f","l1":"\n","c1":"#000000","l2":"20, 21, 32, 32B, 33, 35, 40, 46, 46B, 46L, 50, 50D, 50L, M11, M12, M13, M16, M71","c2":"#0059a9","l3":"\n","c3":"#000000","l4":"25N, 54N","c4":"#000000","bl0":"3","bc0":"#149a3f","bl1":"\n","bc1":"#000000","bl2":"20, 21, 32, 32B, 33, 35, 40, 46, 46B, 46L, 50, 50D, 50L, M11, M12, M13, M16, M71","bc2":"#0059a9","bl3":"\n","bc3":"#000000","bl4":"25N, 54N","bc4":"#000000"}},{"type":"Feature","geometry":{"type":"Point","coordinates":[23.599844,46.767451]},"properties":{"lines":"3, 20, 21, 32, 32B, 33, M13, 25N","color":"#0059a9","mode":"bus","arr":["3","20","21","32","32B","33","M13","25N"],"tLines":"3, 25N","ntLines":"20, 21, 32, 32B, 33, M13","angle":-7.9,"side":-1,"l0":"3","c0":"#149a3f","l1":"\n","c1":"#000000","l2":"20, 21, 32, 32B, 33, M13","c2":"#0059a9","l3":"\n","c3":"#000000","l4":"25N","c4":"#000000","bl0":"3","bc0":"#149a3f","bl1":"\n","bc1":"#000000","bl2":"20, 21, 32, 32B, 33, M13","bc2":"#0059a9","bl3":"\n","bc3":"#000000","bl4":"25N","bc4":"#000000"}},{"type":"Feature","geometry":{"type":"Point","coordinates":[23.600639,46.767545]},"properties":{"lines":"3, 20, 21, 32, 32B, 33, M13, 25N","color":"#0059a9","mode":"bus","arr":["3","20","21","32","32B","33","M13","25N"],"tLines":"3, 25N","ntLines":"20, 21, 32, 32B, 33, M13","angle":-20.1,"side":-1,"mi":1,"l0":"3","c0":"#149a3f","l1":"\n","c1":"#000000","l2":"20, 21, 32, 32B, 33, M13","c2":"#0059a9","l3":"\n","c3":"#000000","l4":"25N","c4":"#000000","bl0":"3","bc0":"#149a3f","bl1":"\n","bc1":"#000000","bl2":"20, 21, 32, 32B, 33, M13","bc2":"#0059a9","bl3":"\n","bc3":"#000000","bl4":"25N","bc4":"#000000"}},{"type":"Feature","geometry":{"type":"Point","coordinates":[23.602282,46.768014]},"properties":{"lines":"3, 33, 57, 57L, 25N","color":"#0059a9","mode":"bus","arr":["3","33","57","57L","25N"],"tLines":"3, 25N","ntLines":"33, 57, 57L","angle":-25.2,"mi":1,"l0":"3","c0":"#149a3f","l1":"\n","c1":"#000000","l2":"33, 57, 57L","c2":"#0059a9","l3":"\n","c3":"#000000","l4":"25N","c4":"#000000","bl0":"3","bc0":"#149a3f","bl1":"\n","bc1":"#000000","bl2":"33, 57, 57L","bc2":"#0059a9","bl3":"\n","bc3":"#000000","bl4":"25N","bc4":"#000000"}},{"type":"Feature","geometry":{"type":"Point","coordinates":[23.618388,46.768804]},"properties":{"lines":"3, 33, 57, 57L, 25N","color":"#0059a9","mode":"bus","arr":["3","33","57","57L","25N"],"tLines":"3, 25N","ntLines":"33, 57, 57L","angle":24.3,"side":-1,"mi":2,"l0":"3","c0":"#149a3f","l1":"\n","c1":"#000000","l2":"33, 57, 57L","c2":"#0059a9","l3":"\n","c3":"#000000","l4":"25N","c4":"#000000","bl0":"3","bc0":"#149a3f","bl1":"\n","bc1":"#000000","bl2":"33, 57, 57L","bc2":"#0059a9","bl3":"\n","bc3":"#000000","bl4":"25N","bc4":"#000000"}},{"type":"Feature","geometry":{"type":"Point","coordinates":[23.608756,46.769174]},"properties":{"lines":"3, 33, 57, 57L, 25N","color":"#0059a9","mode":"bus","arr":["3","33","57","57L","25N"],"tLines":"3, 25N","ntLines":"33, 57, 57L","angle":9.5,"side":-1,"l0":"3","c0":"#149a3f","l1":"\n","c1":"#000000","l2":"33, 57, 57L","c2":"#0059a9","l3":"\n","c3":"#000000","l4":"25N","c4":"#000000","bl0":"3","bc0":"#149a3f","bl1":"\n","bc1":"#000000","bl2":"33, 57, 57L","bc2":"#0059a9","bl3":"\n","bc3":"#000000","bl4":"25N","bc4":"#000000"}},{"type":"Feature","geometry":{"type":"Point","coordinates":[23.638701,46.782983]},"properties":{"lines":"4, 6, 7, 8L, 47, 57L, M45","color":"#0059a9","mode":"bus","arr":["4","6","7","8L","47","57L","M45"],"tLines":"4, 6, 7","ntLines":"8L, 47, 57L, M45","angle":13.3}},{"type":"Feature","geometry":{"type":"Point","coordinates":[23.63711,46.781968]},"properties":{"lines":"4, 6, 7, 8L, 12, 30, 46B, M41, M43, M45, 5N","color":"#0059a9","mode":"bus","arr":["4","6","7","8L","12","30","46B","M41","M43","M45","5N"],"tLines":"4, 6, 7, 12, 5N","ntLines":"8L, 30, 46B, M41, M43, M45","angle":-39.1,"l0":"4, 6, 7, 12","c0":"#149a3f","l1":"\n","c1":"#000000","l2":"8L, 30, 46B, M41, M43, M45","c2":"#0059a9","l3":"\n","c3":"#000000","l4":"5N","c4":"#000000","bl0":"4, 6, 7, 12","bc0":"#149a3f","bl1":"\n","bc1":"#000000","bl2":"8L, 30, 46B, M41, M43, M45","bc2":"#0059a9","bl3":"\n","bc3":"#000000","bl4":"5N","bc4":"#000000"}},{"type":"Feature","geometry":{"type":"Point","coordinates":[23.627487,46.780667]},"properties":{"lines":"4, 5, 6, 7, 8, 8L, 12, 30, 46B, A1, M41, M41L, M42, M42L, M43, M44, M45, 5N","color":"#0059a9","mode":"bus","arr":["4","5","6","7","8","8L","12","30","46B","A1","M41","M41L","M42","M42L","M43","M44","M45","5N"],"tLines":"4, 5, 6, 7, 8, 12, 5N","ntLines":"8L, 30, 46B, A1, M41, M41L, M42, M42L, M43, M44, M45","angle":-10.2,"l0":"4, 5, 6, 7, 8, 12","c0":"#149a3f","l1":"\n","c1":"#000000","l2":"8L, 30, 46B, A1, M41, M41L, M42, M42L, M43, M44, M45","c2":"#0059a9","l3":"\n","c3":"#000000","l4":"5N","c4":"#000000","bl0":"4, 5, 6, 7, 8, 12","bc0":"#149a3f","bl1":"\n","bc1":"#000000","bl2":"8L, 30, 46B, A1, M41, M41L, M42, M42L, M43, M44, M45","bc2":"#0059a9","bl3":"\n","bc3":"#000000","bl4":"5N","bc4":"#000000"}},{"type":"Feature","geometry":{"type":"Point","coordinates":[23.63538,46.781617]},"properties":{"lines":"4, 5, 6, 7, 8, 8L, 12, 30, 46B, A1, M41, M41L, M42, M42L, M43, M44, M45, 5N","color":"#0059a9","mode":"bus","arr":["4","5","6","7","8","8L","12","30","46B","A1","M41","M41L","M42","M42L","M43","M44","M45","5N"],"tLines":"4, 5, 6, 7, 8, 12, 5N","ntLines":"8L, 30, 46B, A1, M41, M41L, M42, M42L, M43, M44, M45","angle":-10.9,"extra":1,"ei":0,"l0":"4, 5, 6, 7, 8, 12","c0":"#149a3f","l1":"\n","c1":"#000000","l2":"8L, 30, 46B, A1, M41, M41L, M42, M42L, M43, M44, M45","c2":"#0059a9","l3":"\n","c3":"#000000","l4":"5N","c4":"#000000","bl0":"4, 5, 6, 7, 8, 12","bc0":"#149a3f","bl1":"\n","bc1":"#000000","bl2":"8L, 30, 46B, A1, M41, M41L, M42, M42L, M43, M44, M45","bc2":"#0059a9","bl3":"\n","bc3":"#000000","bl4":"5N","bc4":"#000000"}},{"type":"Feature","geometry":{"type":"Point","coordinates":[23.632667,46.781283]},"properties":{"lines":"4, 5, 6, 7, 8, 8L, 12, 30, 46B, A1, M41, M41L, M42, M42L, M43, M44, M45, 5N","color":"#0059a9","mode":"bus","arr":["4","5","6","7","8","8L","12","30","46B","A1","M41","M41L","M42","M42L","M43","M44","M45","5N"],"tLines":"4, 5, 6, 7, 8, 12, 5N","ntLines":"8L, 30, 46B, A1, M41, M41L, M42, M42L, M43, M44, M45","angle":-9.9,"extra":1,"ei":1,"l0":"4, 5, 6, 7, 8, 12","c0":"#149a3f","l1":"\n","c1":"#000000","l2":"8L, 30, 46B, A1, M41, M41L, M42, M42L, M43, M44, M45","c2":"#0059a9","l3":"\n","c3":"#000000","l4":"5N","c4":"#000000","bl0":"4, 5, 6, 7, 8, 12","bc0":"#149a3f","bl1":"\n","bc1":"#000000","bl2":"8L, 30, 46B, A1, M41, M41L, M42, M42L, M43, M44, M45","bc2":"#0059a9","bl3":"\n","bc3":"#000000","bl4":"5N","bc4":"#000000"}},{"type":"Feature","geometry":{"type":"Point","coordinates":[23.62995,46.780965]},"properties":{"lines":"4, 5, 6, 7, 8, 8L, 12, 30, 46B, A1, M41, M41L, M42, M42L, M43, M44, M45, 5N","color":"#0059a9","mode":"bus","arr":["4","5","6","7","8","8L","12","30","46B","A1","M41","M41L","M42","M42L","M43","M44","M45","5N"],"tLines":"4, 5, 6, 7, 8, 12, 5N","ntLines":"8L, 30, 46B, A1, M41, M41L, M42, M42L, M43, M44, M45","angle":-9.8,"extra":1,"ei":2,"l0":"4, 5, 6, 7, 8, 12","c0":"#149a3f","l1":"\n","c1":"#000000","l2":"8L, 30, 46B, A1, M41, M41L, M42, M42L, M43, M44, M45","c2":"#0059a9","l3":"\n","c3":"#000000","l4":"5N","c4":"#000000","bl0":"4, 5, 6, 7, 8, 12","bc0":"#149a3f","bl1":"\n","bc1":"#000000","bl2":"8L, 30, 46B, A1, M41, M41L, M42, M42L, M43, M44, M45","bc2":"#0059a9","bl3":"\n","bc3":"#000000","bl4":"5N","bc4":"#000000"}},{"type":"Feature","geometry":{"type":"Point","coordinates":[23.624574,46.780154]},"properties":{"lines":"4, 5, 6, 7, 8, 8L, 12, 30, 46B, A1, M41, M41L, M42, M42L, M43, M44, M45, 5N","color":"#0059a9","mode":"bus","arr":["4","5","6","7","8","8L","12","30","46B","A1","M41","M41L","M42","M42L","M43","M44","M45","5N"],"tLines":"4, 5, 6, 7, 8, 12, 5N","ntLines":"8L, 30, 46B, A1, M41, M41L, M42, M42L, M43, M44, M45","angle":-17.7,"extra":1,"ei":3,"l0":"4, 5, 6, 7, 8, 12","c0":"#149a3f","l1":"\n","c1":"#000000","l2":"8L, 30, 46B, A1, M41, M41L, M42, M42L, M43, M44, M45","c2":"#0059a9","l3":"\n","c3":"#000000","l4":"5N","c4":"#000000","bl0":"4, 5, 6, 7, 8, 12","bc0":"#149a3f","bl1":"\n","bc1":"#000000","bl2":"8L, 30, 46B, A1, M41, M41L, M42, M42L, M43, M44, M45","bc2":"#0059a9","bl3":"\n","bc3":"#000000","bl4":"5N","bc4":"#000000"}},{"type":"Feature","geometry":{"type":"Point","coordinates":[23.621941,46.779597]},"properties":{"lines":"4, 5, 6, 7, 8, 8L, 12, 30, 46B, A1, M41, M41L, M42, M42L, M43, M44, M45, 5N","color":"#0059a9","mode":"bus","arr":["4","5","6","7","8","8L","12","30","46B","A1","M41","M41L","M42","M42L","M43","M44","M45","5N"],"tLines":"4, 5, 6, 7, 8, 12, 5N","ntLines":"8L, 30, 46B, A1, M41, M41L, M42, M42L, M43, M44, M45","angle":-14.1,"extra":1,"ei":4,"l0":"4, 5, 6, 7, 8, 12","c0":"#149a3f","l1":"\n","c1":"#000000","l2":"8L, 30, 46B, A1, M41, M41L, M42, M42L, M43, M44, M45","c2":"#0059a9","l3":"\n","c3":"#000000","l4":"5N","c4":"#000000","bl0":"4, 5, 6, 7, 8, 12","bc0":"#149a3f","bl1":"\n","bc1":"#000000","bl2":"8L, 30, 46B, A1, M41, M41L, M42, M42L, M43, M44, M45","bc2":"#0059a9","bl3":"\n","bc3":"#000000","bl4":"5N","bc4":"#000000"}},{"type":"Feature","geometry":{"type":"Point","coordinates":[23.619268,46.779135]},"properties":{"lines":"4, 5, 6, 7, 8, 8L, 12, 30, 46B, A1, M41, M41L, M42, M42L, M43, M44, M45, 5N","color":"#0059a9","mode":"bus","arr":["4","5","6","7","8","8L","12","30","46B","A1","M41","M41L","M42","M42L","M43","M44","M45","5N"],"tLines":"4, 5, 6, 7, 8, 12, 5N","ntLines":"8L, 30, 46B, A1, M41, M41L, M42, M42L, M43, M44, M45","angle":-14.2,"extra":1,"ei":5,"l0":"4, 5, 6, 7, 8, 12","c0":"#149a3f","l1":"\n","c1":"#000000","l2":"8L, 30, 46B, A1, M41, M41L, M42, M42L, M43, M44, M45","c2":"#0059a9","l3":"\n","c3":"#000000","l4":"5N","c4":"#000000","bl0":"4, 5, 6, 7, 8, 12","bc0":"#149a3f","bl1":"\n","bc1":"#000000","bl2":"8L, 30, 46B, A1, M41, M41L, M42, M42L, M43, M44, M45","bc2":"#0059a9","bl3":"\n","bc3":"#000000","bl4":"5N","bc4":"#000000"}},{"type":"Feature","geometry":{"type":"Point","coordinates":[23.618414,46.778996]},"properties":{"lines":"4, 5, 6, 7, 8, 8L, 12, 24B, 30, 34, 46B, 47, A1, M41, M41L, M42, M42L, M43, M44, M45, 5N","color":"#0059a9","mode":"bus","arr":["4","5","6","7","8","8L","12","24B","30","34","46B","47","A1","M41","M41L","M42","M42L","M43","M44","M45","5N"],"tLines":"4, 5, 6, 7, 8, 12, 5N","ntLines":"8L, 24B, 30, 34, 46B, 47, A1, M41, M41L, M42, M42L, M43, M44, M45","angle":69.4,"l0":"4, 5, 6, 7, 8, 12","c0":"#149a3f","l1":"\n","c1":"#000000","l2":"8L, 24B, 30, 34, 46B, 47, A1, M41, M41L, M42, M42L, M43, M44, M45","c2":"#0059a9","l3":"\n","c3":"#000000","l4":"5N","c4":"#000000","bl0":"4, 5, 6, 7, 8, 12","bc0":"#149a3f","bl1":"\n","bc1":"#000000","bl2":"8L, 24B, 30, 34, 46B, 47, A1, M41, M41L, M42, M42L, M43, M44, M45","bc2":"#0059a9","bl3":"\n","bc3":"#000000","bl4":"5N","bc4":"#000000"}},{"type":"Feature","geometry":{"type":"Point","coordinates":[23.616507,46.778721]},"properties":{"lines":"4, 5, 6, 7, 8, 12, 24, 24B, 30, 34, 46B, 47, 48, 48L, 53, A1, 5N","color":"#0059a9","mode":"bus","arr":["4","5","6","7","8","12","24","24B","30","34","46B","47","48","48L","53","A1","5N"],"tLines":"4, 5, 6, 7, 8, 12, 5N","ntLines":"24, 24B, 30, 34, 46B, 47, 48, 48L, 53, A1","angle":-14.8,"l0":"4, 5, 6, 7, 8, 12","c0":"#149a3f","l1":"\n","c1":"#000000","l2":"24, 24B, 30, 34, 46B, 47, 48, 48L, 53, A1","c2":"#0059a9","l3":"\n","c3":"#000000","l4":"5N","c4":"#000000","bl0":"4, 5, 6, 7, 8, 12","bc0":"#149a3f","bl1":"\n","bc1":"#000000","bl2":"24, 24B, 30, 34, 46B, 47, 48, 48L, 53, A1","bc2":"#0059a9","bl3":"\n","bc3":"#000000","bl4":"5N","bc4":"#000000"}},{"type":"Feature","geometry":{"type":"Point","coordinates":[23.614086,46.778271]},"properties":{"lines":"4, 5, 6, 7, 8, 24, 24B, 30, 46B, 47, A1, 5N","color":"#0059a9","mode":"bus","arr":["4","5","6","7","8","24","24B","30","46B","47","A1","5N"],"tLines":"4, 5, 6, 7, 8, 5N","ntLines":"24, 24B, 30, 46B, 47, A1","angle":-25.7,"l0":"4, 5, 6, 7, 8","c0":"#149a3f","l1":"\n","c1":"#000000","l2":"24, 24B, 30, 46B, 47, A1","c2":"#0059a9","l3":"\n","c3":"#000000","l4":"5N","c4":"#000000","bl0":"4, 5, 6, 7, 8","bc0":"#149a3f","bl1":"\n","bc1":"#000000","bl2":"24, 24B, 30, 46B, 47, A1","bc2":"#0059a9","bl3":"\n","bc3":"#000000","bl4":"5N","bc4":"#000000"}},{"type":"Feature","geometry":{"type":"Point","coordinates":[23.611746,46.777828]},"properties":{"lines":"4, 5, 6, 7, 8, 14, 24, 24B, 30, 46B, 47, A1, 5N","color":"#0059a9","mode":"bus","arr":["4","5","6","7","8","14","24","24B","30","46B","47","A1","5N"],"tLines":"4, 5, 6, 7, 8, 14, 5N","ntLines":"24, 24B, 30, 46B, 47, A1","angle":-14.1,"l0":"4, 5, 6, 7, 8, 14","c0":"#149a3f","l1":"\n","c1":"#000000","l2":"24, 24B, 30, 46B, 47, A1","c2":"#0059a9","l3":"\n","c3":"#000000","l4":"5N","c4":"#000000","bl0":"4, 5, 6, 7, 8, 14","bc0":"#149a3f","bl1":"\n","bc1":"#000000","bl2":"24, 24B, 30, 46B, 47, A1","bc2":"#0059a9","bl3":"\n","bc3":"#000000","bl4":"5N","bc4":"#000000"}},{"type":"Feature","geometry":{"type":"Point","coordinates":[23.606563,46.77664]},"properties":{"lines":"4, 5, 6, 7, 8, 14, 24, 24B, 30, 46B, 47, A1, 5N","color":"#0059a9","mode":"bus","arr":["4","5","6","7","8","14","24","24B","30","46B","47","A1","5N"],"tLines":"4, 5, 6, 7, 8, 14, 5N","ntLines":"24, 24B, 30, 46B, 47, A1","angle":-32.1,"mi":1,"l0":"4, 5, 6, 7, 8, 14","c0":"#149a3f","l1":"\n","c1":"#000000","l2":"24, 24B, 30, 46B, 47, A1","c2":"#0059a9","l3":"\n","c3":"#000000","l4":"5N","c4":"#000000","bl0":"4, 5, 6, 7, 8, 14","bc0":"#149a3f","bl1":"\n","bc1":"#000000","bl2":"24, 24B, 30, 46B, 47, A1","bc2":"#0059a9","bl3":"\n","bc3":"#000000","bl4":"5N","bc4":"#000000"}},{"type":"Feature","geometry":{"type":"Point","coordinates":[23.609829,46.777477]},"properties":{"lines":"4, 5, 6, 7, 8, 14, 24, 24B, 30, 46B, 47, A1, 5N","color":"#0059a9","mode":"bus","arr":["4","5","6","7","8","14","24","24B","30","46B","47","A1","5N"],"tLines":"4, 5, 6, 7, 8, 14, 5N","ntLines":"24, 24B, 30, 46B, 47, A1","angle":-16.4,"extra":1,"ei":0,"l0":"4, 5, 6, 7, 8, 14","c0":"#149a3f","l1":"\n","c1":"#000000","l2":"24, 24B, 30, 46B, 47, A1","c2":"#0059a9","l3":"\n","c3":"#000000","l4":"5N","c4":"#000000","bl0":"4, 5, 6, 7, 8, 14","bc0":"#149a3f","bl1":"\n","bc1":"#000000","bl2":"24, 24B, 30, 46B, 47, A1","bc2":"#0059a9","bl3":"\n","bc3":"#000000","bl4":"5N","bc4":"#000000"}},{"type":"Feature","geometry":{"type":"Point","coordinates":[23.60891,46.777296]},"properties":{"lines":"4, 5, 6, 7, 8, 14, 24, 46B, A1","color":"#0059a9","mode":"bus","arr":["4","5","6","7","8","14","24","46B","A1"],"tLines":"4, 5, 6, 7, 8, 14","ntLines":"24, 46B, A1","angle":-16.9}},{"type":"Feature","geometry":{"type":"Point","coordinates":[23.602252,46.775065]},"properties":{"lines":"4, 5, 6, 7, 8, 14, 24, 24B, 25, 30, 46B, 47, A1, 5N","color":"#0059a9","mode":"bus","arr":["4","5","6","7","8","14","24","24B","25","30","46B","47","A1","5N"],"tLines":"4, 5, 6, 7, 8, 14, 25, 5N","ntLines":"24, 24B, 30, 46B, 47, A1","angle":-28.5,"l0":"4, 5, 6, 7, 8, 14, 25","c0":"#149a3f","l1":"\n","c1":"#000000","l2":"24, 24B, 30, 46B, 47, A1","c2":"#0059a9","l3":"\n","c3":"#000000","l4":"5N","c4":"#000000","bl0":"4, 5, 6, 7, 8, 14, 25","bc0":"#149a3f","bl1":"\n","bc1":"#000000","bl2":"24, 24B, 30, 46B, 47, A1","bc2":"#0059a9","bl3":"\n","bc3":"#000000","bl4":"5N","bc4":"#000000"}},{"type":"Feature","geometry":{"type":"Point","coordinates":[23.603825,46.775599]},"properties":{"lines":"4, 5, 6, 7, 8, 14, 24, 24B, 25, 30, 46B, 47, A1, 5N","color":"#0059a9","mode":"bus","arr":["4","5","6","7","8","14","24","24B","25","30","46B","47","A1","5N"],"tLines":"4, 5, 6, 7, 8, 14, 25, 5N","ntLines":"24, 24B, 30, 46B, 47, A1","angle":-25.2,"extra":1,"ei":0,"l0":"4, 5, 6, 7, 8, 14, 25","c0":"#149a3f","l1":"\n","c1":"#000000","l2":"24, 24B, 30, 46B, 47, A1","c2":"#0059a9","l3":"\n","c3":"#000000","l4":"5N","c4":"#000000","bl0":"4, 5, 6, 7, 8, 14, 25","bc0":"#149a3f","bl1":"\n","bc1":"#000000","bl2":"24, 24B, 30, 46B, 47, A1","bc2":"#0059a9","bl3":"\n","bc3":"#000000","bl4":"5N","bc4":"#000000"}},{"type":"Feature","geometry":{"type":"Point","coordinates":[23.609657,46.777325]},"properties":{"lines":"4, 5, 6, 7, 8, 14, 24, 24B, 25, 30, 47, A1, 5N","color":"#0059a9","mode":"bus","arr":["4","5","6","7","8","14","24","24B","25","30","47","A1","5N"],"tLines":"4, 5, 6, 7, 8, 14, 25, 5N","ntLines":"24, 24B, 30, 47, A1","angle":-16.7,"side":-1,"l0":"4, 5, 6, 7, 8, 14, 25","c0":"#149a3f","l1":"\n","c1":"#000000","l2":"24, 24B, 30, 47, A1","c2":"#0059a9","l3":"\n","c3":"#000000","l4":"5N","c4":"#000000","bl0":"4, 5, 6, 7, 8, 14, 25","bc0":"#149a3f","bl1":"\n","bc1":"#000000","bl2":"24, 24B, 30, 47, A1","bc2":"#0059a9","bl3":"\n","bc3":"#000000","bl4":"5N","bc4":"#000000"}},{"type":"Feature","geometry":{"type":"Point","coordinates":[23.606378,46.7763]},"properties":{"lines":"4, 5, 6, 7, 8, 14, 24, 24B, 25, 30, 47, A1, 5N","color":"#0059a9","mode":"bus","arr":["4","5","6","7","8","14","24","24B","25","30","47","A1","5N"],"tLines":"4, 5, 6, 7, 8, 14, 25, 5N","ntLines":"24, 24B, 30, 47, A1","angle":-19.7,"extra":1,"ei":0,"side":-1,"l0":"4, 5, 6, 7, 8, 14, 25","c0":"#149a3f","l1":"\n","c1":"#000000","l2":"24, 24B, 30, 47, A1","c2":"#0059a9","l3":"\n","c3":"#000000","l4":"5N","c4":"#000000","bl0":"4, 5, 6, 7, 8, 14, 25","bc0":"#149a3f","bl1":"\n","bc1":"#000000","bl2":"24, 24B, 30, 47, A1","bc2":"#0059a9","bl3":"\n","bc3":"#000000","bl4":"5N","bc4":"#000000"}},{"type":"Feature","geometry":{"type":"Point","coordinates":[23.61149,46.777665]},"properties":{"lines":"4, 5, 6, 7, 8, 14, 24, 24B, 25, 30, 47, A1, 5N","color":"#0059a9","mode":"bus","arr":["4","5","6","7","8","14","24","24B","25","30","47","A1","5N"],"tLines":"4, 5, 6, 7, 8, 14, 25, 5N","ntLines":"24, 24B, 30, 47, A1","angle":-15.7,"extra":1,"ei":1,"side":-1,"l0":"4, 5, 6, 7, 8, 14, 25","c0":"#149a3f","l1":"\n","c1":"#000000","l2":"24, 24B, 30, 47, A1","c2":"#0059a9","l3":"\n","c3":"#000000","l4":"5N","c4":"#000000","bl0":"4, 5, 6, 7, 8, 14, 25","bc0":"#149a3f","bl1":"\n","bc1":"#000000","bl2":"24, 24B, 30, 47, A1","bc2":"#0059a9","bl3":"\n","bc3":"#000000","bl4":"5N","bc4":"#000000"}},{"type":"Feature","geometry":{"type":"Point","coordinates":[23.614158,46.778139]},"properties":{"lines":"4, 5, 6, 7, 8, 14, 24, 24B, 25, 30, 47, A1, 5N","color":"#0059a9","mode":"bus","arr":["4","5","6","7","8","14","24","24B","25","30","47","A1","5N"],"tLines":"4, 5, 6, 7, 8, 14, 25, 5N","ntLines":"24, 24B, 30, 47, A1","angle":-2.6,"extra":1,"ei":2,"side":-1,"l0":"4, 5, 6, 7, 8, 14, 25","c0":"#149a3f","l1":"\n","c1":"#000000","l2":"24, 24B, 30, 47, A1","c2":"#0059a9","l3":"\n","c3":"#000000","l4":"5N","c4":"#000000","bl0":"4, 5, 6, 7, 8, 14, 25","bc0":"#149a3f","bl1":"\n","bc1":"#000000","bl2":"24, 24B, 30, 47, A1","bc2":"#0059a9","bl3":"\n","bc3":"#000000","bl4":"5N","bc4":"#000000"}},{"type":"Feature","geometry":{"type":"Point","coordinates":[23.615445,46.778393]},"properties":{"lines":"4, 5, 6, 7, 8, 10, 12, 24, 24B, 25, 30, 34, 46B, 47, 48, 48L, 53, A1, 5N","color":"#0059a9","mode":"bus","arr":["4","5","6","7","8","10","12","24","24B","25","30","34","46B","47","48","48L","53","A1","5N"],"tLines":"4, 5, 6, 7, 8, 10, 12, 25, 5N","ntLines":"24, 24B, 30, 34, 46B, 47, 48, 48L, 53, A1","angle":-19.6,"side":-1,"l0":"4, 5, 6, 7, 8, 10, 12, 25","c0":"#149a3f","l1":"\n","c1":"#000000","l2":"24, 24B, 30, 34, 46B, 47, 48, 48L, 53, A1","c2":"#0059a9","l3":"\n","c3":"#000000","l4":"5N","c4":"#000000","bl0":"4, 5, 6, 7, 8, 10, 12, 25","bc0":"#149a3f","bl1":"\n","bc1":"#000000","bl2":"24, 24B, 30, 34, 46B, 47, 48, 48L, 53, A1","bc2":"#0059a9","bl3":"\n","bc3":"#000000","bl4":"5N","bc4":"#000000"}},{"type":"Feature","geometry":{"type":"Point","coordinates":[23.617011,46.778677]},"properties":{"lines":"4, 5, 6, 7, 8, 8L, 10, 12, 24, 24B, 25, 30, 34, 46B, 47, 48, 48L, 53, A1, M41, M41L, M42, M42L, M43, M44, M45, 5N","color":"#0059a9","mode":"bus","arr":["4","5","6","7","8","8L","10","12","24","24B","25","30","34","46B","47","48","48L","53","A1","M41","M41L","M42","M42L","M43","M44","M45","5N"],"tLines":"4, 5, 6, 7, 8, 10, 12, 25, 5N","ntLines":"8L, 24, 24B, 30, 34, 46B, 47, 48, 48L, 53, A1, M41, M41L, M42, M42L, M43, M44, M45","angle":-14.5,"side":-1,"l0":"4, 5, 6, 7, 8, 10, 12, 25","c0":"#149a3f","l1":"\n","c1":"#000000","l2":"8L, 24, 24B, 30, 34, 46B, 47, 48, 48L, 53, A1, M41, M41L, M42, M42L, M43, M44, M45","c2":"#0059a9","l3":"\n","c3":"#000000","l4":"5N","c4":"#000000","bl0":"4, 5, 6, 7, 8, 10, 12, 25","bc0":"#149a3f","bl1":"\n","bc1":"#000000","bl2":"8L, 24, 24B, 30, 34, 46B, 47, 48, 48L, 53, A1, M41, M41L, M42, M42L, M43, M44, M45","bc2":"#0059a9","bl3":"\n","bc3":"#000000","bl4":"5N","bc4":"#000000"}},{"type":"Feature","geometry":{"type":"Point","coordinates":[23.637903,46.7818]},"properties":{"lines":"4, 6, 7, 8L, M41, M41L, M42L, M43, M44, M45, 5N","color":"#0059a9","mode":"bus","arr":["4","6","7","8L","M41","M41L","M42L","M43","M44","M45","5N"],"tLines":"4, 6, 7, 5N","ntLines":"8L, M41, M41L, M42L, M43, M44, M45","angle":-7,"side":-1,"l0":"4, 6, 7","c0":"#149a3f","l1":"\n","c1":"#000000","l2":"8L, M41, M41L, M42L, M43, M44, M45","c2":"#0059a9","l3":"\n","c3":"#000000","l4":"5N","c4":"#000000","bl0":"4, 6, 7","bc0":"#149a3f","bl1":"\n","bc1":"#000000","bl2":"8L, M41, M41L, M42L, M43, M44, M45","bc2":"#0059a9","bl3":"\n","bc3":"#000000","bl4":"5N","bc4":"#000000"}},{"type":"Feature","geometry":{"type":"Point","coordinates":[23.640407,46.782302]},"properties":{"lines":"4, 7, 8L, 47, M45","color":"#0059a9","mode":"bus","arr":["4","7","8L","47","M45"],"tLines":"4, 7","ntLines":"8L, 47, M45","angle":36.9}},{"type":"Feature","geometry":{"type":"Point","coordinates":[23.637182,46.781885]},"properties":{"lines":"5, 8, A1, M41L, M42, M42L, M44","color":"#0059a9","mode":"bus","arr":["5","8","A1","M41L","M42","M42L","M44"],"tLines":"5, 8","ntLines":"A1, M41L, M42, M42L, M44","angle":-14.8}},{"type":"Feature","geometry":{"type":"Point","coordinates":[23.646864,46.784148]},"properties":{"lines":"5, 8, 57L, A1, M41, M41L, M42, M42L, M43, M44, 5N","color":"#0059a9","mode":"bus","arr":["5","8","57L","A1","M41","M41L","M42","M42L","M43","M44","5N"],"tLines":"5, 8, 5N","ntLines":"57L, A1, M41, M41L, M42, M42L, M43, M44","angle":-2.6,"l0":"5, 8","c0":"#149a3f","l1":"\n","c1":"#000000","l2":"57L, A1, M41, M41L, M42, M42L, M43, M44","c2":"#0059a9","l3":"\n","c3":"#000000","l4":"5N","c4":"#000000","bl0":"5, 8","bc0":"#149a3f","bl1":"\n","bc1":"#000000","bl2":"57L, A1, M41, M41L, M42, M42L, M43, M44","bc2":"#0059a9","bl3":"\n","bc3":"#000000","bl4":"5N","bc4":"#000000"}},{"type":"Feature","geometry":{"type":"Point","coordinates":[23.638946,46.782254]},"properties":{"lines":"5, 8, 57L, A1, M41, M41L, M42, M42L, M43, M44, 5N","color":"#0059a9","mode":"bus","arr":["5","8","57L","A1","M41","M41L","M42","M42L","M43","M44","5N"],"tLines":"5, 8, 5N","ntLines":"57L, A1, M41, M41L, M42, M42L, M43, M44","angle":-18.2,"extra":1,"ei":0,"l0":"5, 8","c0":"#149a3f","l1":"\n","c1":"#000000","l2":"57L, A1, M41, M41L, M42, M42L, M43, M44","c2":"#0059a9","l3":"\n","c3":"#000000","l4":"5N","c4":"#000000","bl0":"5, 8","bc0":"#149a3f","bl1":"\n","bc1":"#000000","bl2":"57L, A1, M41, M41L, M42, M42L, M43, M44","bc2":"#0059a9","bl3":"\n","bc3":"#000000","bl4":"5N","bc4":"#000000"}},{"type":"Feature","geometry":{"type":"Point","coordinates":[23.641574,46.782825]},"properties":{"lines":"5, 8, 57L, A1, M41, M41L, M42, M42L, M43, M44, 5N","color":"#0059a9","mode":"bus","arr":["5","8","57L","A1","M41","M41L","M42","M42L","M43","M44","5N"],"tLines":"5, 8, 5N","ntLines":"57L, A1, M41, M41L, M42, M42L, M43, M44","angle":-18.4,"extra":1,"ei":1,"l0":"5, 8","c0":"#149a3f","l1":"\n","c1":"#000000","l2":"57L, A1, M41, M41L, M42, M42L, M43, M44","c2":"#0059a9","l3":"\n","c3":"#000000","l4":"5N","c4":"#000000","bl0":"5, 8","bc0":"#149a3f","bl1":"\n","bc1":"#000000","bl2":"57L, A1, M41, M41L, M42, M42L, M43, M44","bc2":"#0059a9","bl3":"\n","bc3":"#000000","bl4":"5N","bc4":"#000000"}},{"type":"Feature","geometry":{"type":"Point","coordinates":[23.643973,46.783739]},"properties":{"lines":"5, 8, 57L, A1, M41, M41L, M42, M42L, M43, M44, 5N","color":"#0059a9","mode":"bus","arr":["5","8","57L","A1","M41","M41L","M42","M42L","M43","M44","5N"],"tLines":"5, 8, 5N","ntLines":"57L, A1, M41, M41L, M42, M42L, M43, M44","angle":-31.3,"extra":1,"ei":2,"l0":"5, 8","c0":"#149a3f","l1":"\n","c1":"#000000","l2":"57L, A1, M41, M41L, M42, M42L, M43, M44","c2":"#0059a9","l3":"\n","c3":"#000000","l4":"5N","c4":"#000000","bl0":"5, 8","bc0":"#149a3f","bl1":"\n","bc1":"#000000","bl2":"57L, A1, M41, M41L, M42, M42L, M43, M44","bc2":"#0059a9","bl3":"\n","bc3":"#000000","bl4":"5N","bc4":"#000000"}},{"type":"Feature","geometry":{"type":"Point","coordinates":[23.649377,46.784227]},"properties":{"lines":"5, 8, 57L, A1, M41, M41L, M42, M42L, M43, M44, 5N","color":"#0059a9","mode":"bus","arr":["5","8","57L","A1","M41","M41L","M42","M42L","M43","M44","5N"],"tLines":"5, 8, 5N","ntLines":"57L, A1, M41, M41L, M42, M42L, M43, M44","angle":-2.8,"extra":1,"ei":3,"l0":"5, 8","c0":"#149a3f","l1":"\n","c1":"#000000","l2":"57L, A1, M41, M41L, M42, M42L, M43, M44","c2":"#0059a9","l3":"\n","c3":"#000000","l4":"5N","c4":"#000000","bl0":"5, 8","bc0":"#149a3f","bl1":"\n","bc1":"#000000","bl2":"57L, A1, M41, M41L, M42, M42L, M43, M44","bc2":"#0059a9","bl3":"\n","bc3":"#000000","bl4":"5N","bc4":"#000000"}},{"type":"Feature","geometry":{"type":"Point","coordinates":[23.652131,46.784243]},"properties":{"lines":"5, 8, 57L, A1, M41, M41L, M42, M42L, M43, M44, 5N","color":"#0059a9","mode":"bus","arr":["5","8","57L","A1","M41","M41L","M42","M42L","M43","M44","5N"],"tLines":"5, 8, 5N","ntLines":"57L, A1, M41, M41L, M42, M42L, M43, M44","angle":3.6,"extra":1,"ei":4,"l0":"5, 8","c0":"#149a3f","l1":"\n","c1":"#000000","l2":"57L, A1, M41, M41L, M42, M42L, M43, M44","c2":"#0059a9","l3":"\n","c3":"#000000","l4":"5N","c4":"#000000","bl0":"5, 8","bc0":"#149a3f","bl1":"\n","bc1":"#000000","bl2":"57L, A1, M41, M41L, M42, M42L, M43, M44","bc2":"#0059a9","bl3":"\n","bc3":"#000000","bl4":"5N","bc4":"#000000"}},{"type":"Feature","geometry":{"type":"Point","coordinates":[23.654856,46.784314]},"properties":{"lines":"5, 8, 57L, A1, M41, M41L, M42, M42L, M43, M44, 5N","color":"#0059a9","mode":"bus","arr":["5","8","57L","A1","M41","M41L","M42","M42L","M43","M44","5N"],"tLines":"5, 8, 5N","ntLines":"57L, A1, M41, M41L, M42, M42L, M43, M44","angle":-19,"extra":1,"ei":5,"l0":"5, 8","c0":"#149a3f","l1":"\n","c1":"#000000","l2":"57L, A1, M41, M41L, M42, M42L, M43, M44","c2":"#0059a9","l3":"\n","c3":"#000000","l4":"5N","c4":"#000000","bl0":"5, 8","bc0":"#149a3f","bl1":"\n","bc1":"#000000","bl2":"57L, A1, M41, M41L, M42, M42L, M43, M44","bc2":"#0059a9","bl3":"\n","bc3":"#000000","bl4":"5N","bc4":"#000000"}},{"type":"Feature","geometry":{"type":"Point","coordinates":[23.665567,46.780799]},"properties":{"lines":"5, 8, A1, M41, M41L, M42, M42L, M43, M44, 5N","color":"#0059a9","mode":"bus","arr":["5","8","A1","M41","M41L","M42","M42L","M43","M44","5N"],"tLines":"5, 8, 5N","ntLines":"A1, M41, M41L, M42, M42L, M43, M44","angle":41.1,"l0":"5, 8","c0":"#149a3f","l1":"\n","c1":"#000000","l2":"A1, M41, M41L, M42, M42L, M43, M44","c2":"#0059a9","l3":"\n","c3":"#000000","l4":"5N","c4":"#000000","bl0":"5, 8","bc0":"#149a3f","bl1":"\n","bc1":"#000000","bl2":"A1, M41, M41L, M42, M42L, M43, M44","bc2":"#0059a9","bl3":"\n","bc3":"#000000","bl4":"5N","bc4":"#000000"}},{"type":"Feature","geometry":{"type":"Point","coordinates":[23.683887,46.781177]},"properties":{"lines":"5, 8, A1, M41, M41L, M42, M42L, M43, M44, 5N","color":"#0059a9","mode":"bus","arr":["5","8","A1","M41","M41L","M42","M42L","M43","M44","5N"],"tLines":"5, 8, 5N","ntLines":"A1, M41, M41L, M42, M42L, M43, M44","angle":-4.4,"l0":"5, 8","c0":"#149a3f","l1":"\n","c1":"#000000","l2":"A1, M41, M41L, M42, M42L, M43, M44","c2":"#0059a9","l3":"\n","c3":"#000000","l4":"5N","c4":"#000000","bl0":"5, 8","bc0":"#149a3f","bl1":"\n","bc1":"#000000","bl2":"A1, M41, M41L, M42, M42L, M43, M44","bc2":"#0059a9","bl3":"\n","bc3":"#000000","bl4":"5N","bc4":"#000000"}},{"type":"Feature","geometry":{"type":"Point","coordinates":[23.658003,46.784807]},"properties":{"lines":"5, 8, A1, M41, M41L, M42, M42L, M43, M44, 5N","color":"#0059a9","mode":"bus","arr":["5","8","A1","M41","M41L","M42","M42L","M43","M44","5N"],"tLines":"5, 8, 5N","ntLines":"A1, M41, M41L, M42, M42L, M43, M44","angle":-6.1,"extra":1,"ei":0,"l0":"5, 8","c0":"#149a3f","l1":"\n","c1":"#000000","l2":"A1, M41, M41L, M42, M42L, M43, M44","c2":"#0059a9","l3":"\n","c3":"#000000","l4":"5N","c4":"#000000","bl0":"5, 8","bc0":"#149a3f","bl1":"\n","bc1":"#000000","bl2":"A1, M41, M41L, M42, M42L, M43, M44","bc2":"#0059a9","bl3":"\n","bc3":"#000000","bl4":"5N","bc4":"#000000"}},{"type":"Feature","geometry":{"type":"Point","coordinates":[23.660317,46.783975]},"properties":{"lines":"5, 8, A1, M41, M41L, M42, M42L, M43, M44, 5N","color":"#0059a9","mode":"bus","arr":["5","8","A1","M41","M41L","M42","M42L","M43","M44","5N"],"tLines":"5, 8, 5N","ntLines":"A1, M41, M41L, M42, M42L, M43, M44","angle":43,"extra":1,"ei":1,"l0":"5, 8","c0":"#149a3f","l1":"\n","c1":"#000000","l2":"A1, M41, M41L, M42, M42L, M43, M44","c2":"#0059a9","l3":"\n","c3":"#000000","l4":"5N","c4":"#000000","bl0":"5, 8","bc0":"#149a3f","bl1":"\n","bc1":"#000000","bl2":"A1, M41, M41L, M42, M42L, M43, M44","bc2":"#0059a9","bl3":"\n","bc3":"#000000","bl4":"5N","bc4":"#000000"}},{"type":"Feature","geometry":{"type":"Point","coordinates":[23.66237,46.782714]},"properties":{"lines":"5, 8, A1, M41, M41L, M42, M42L, M43, M44, 5N","color":"#0059a9","mode":"bus","arr":["5","8","A1","M41","M41L","M42","M42L","M43","M44","5N"],"tLines":"5, 8, 5N","ntLines":"A1, M41, M41L, M42, M42L, M43, M44","angle":40.9,"extra":1,"ei":2,"l0":"5, 8","c0":"#149a3f","l1":"\n","c1":"#000000","l2":"A1, M41, M41L, M42, M42L, M43, M44","c2":"#0059a9","l3":"\n","c3":"#000000","l4":"5N","c4":"#000000","bl0":"5, 8","bc0":"#149a3f","bl1":"\n","bc1":"#000000","bl2":"A1, M41, M41L, M42, M42L, M43, M44","bc2":"#0059a9","bl3":"\n","bc3":"#000000","bl4":"5N","bc4":"#000000"}},{"type":"Feature","geometry":{"type":"Point","coordinates":[23.669332,46.78037]},"properties":{"lines":"5, 8, A1, M41, M41L, M42, M42L, M43, M44, 5N","color":"#0059a9","mode":"bus","arr":["5","8","A1","M41","M41L","M42","M42L","M43","M44","5N"],"tLines":"5, 8, 5N","ntLines":"A1, M41, M41L, M42, M42L, M43, M44","angle":-4.6,"extra":1,"ei":3,"l0":"5, 8","c0":"#149a3f","l1":"\n","c1":"#000000","l2":"A1, M41, M41L, M42, M42L, M43, M44","c2":"#0059a9","l3":"\n","c3":"#000000","l4":"5N","c4":"#000000","bl0":"5, 8","bc0":"#149a3f","bl1":"\n","bc1":"#000000","bl2":"A1, M41, M41L, M42, M42L, M43, M44","bc2":"#0059a9","bl3":"\n","bc3":"#000000","bl4":"5N","bc4":"#000000"}},{"type":"Feature","geometry":{"type":"Point","coordinates":[23.672079,46.780523]},"properties":{"lines":"5, 8, A1, M41, M41L, M42, M42L, M43, M44, 5N","color":"#0059a9","mode":"bus","arr":["5","8","A1","M41","M41L","M42","M42L","M43","M44","5N"],"tLines":"5, 8, 5N","ntLines":"A1, M41, M41L, M42, M42L, M43, M44","angle":-5.3,"extra":1,"ei":4,"l0":"5, 8","c0":"#149a3f","l1":"\n","c1":"#000000","l2":"A1, M41, M41L, M42, M42L, M43, M44","c2":"#0059a9","l3":"\n","c3":"#000000","l4":"5N","c4":"#000000","bl0":"5, 8","bc0":"#149a3f","bl1":"\n","bc1":"#000000","bl2":"A1, M41, M41L, M42, M42L, M43, M44","bc2":"#0059a9","bl3":"\n","bc3":"#000000","bl4":"5N","bc4":"#000000"}},{"type":"Feature","geometry":{"type":"Point","coordinates":[23.674826,46.780679]},"properties":{"lines":"5, 8, A1, M41, M41L, M42, M42L, M43, M44, 5N","color":"#0059a9","mode":"bus","arr":["5","8","A1","M41","M41L","M42","M42L","M43","M44","5N"],"tLines":"5, 8, 5N","ntLines":"A1, M41, M41L, M42, M42L, M43, M44","angle":-4.4,"extra":1,"ei":5,"l0":"5, 8","c0":"#149a3f","l1":"\n","c1":"#000000","l2":"A1, M41, M41L, M42, M42L, M43, M44","c2":"#0059a9","l3":"\n","c3":"#000000","l4":"5N","c4":"#000000","bl0":"5, 8","bc0":"#149a3f","bl1":"\n","bc1":"#000000","bl2":"A1, M41, M41L, M42, M42L, M43, M44","bc2":"#0059a9","bl3":"\n","bc3":"#000000","bl4":"5N","bc4":"#000000"}},{"type":"Feature","geometry":{"type":"Point","coordinates":[23.680644,46.781009]},"properties":{"lines":"5, 8, A1, M41, M41L, M42, M42L, M43, M44, 5N","color":"#0059a9","mode":"bus","arr":["5","8","A1","M41","M41L","M42","M42L","M43","M44","5N"],"tLines":"5, 8, 5N","ntLines":"A1, M41, M41L, M42, M42L, M43, M44","angle":-4.7,"extra":1,"ei":0,"l0":"5, 8","c0":"#149a3f","l1":"\n","c1":"#000000","l2":"A1, M41, M41L, M42, M42L, M43, M44","c2":"#0059a9","l3":"\n","c3":"#000000","l4":"5N","c4":"#000000","bl0":"5, 8","bc0":"#149a3f","bl1":"\n","bc1":"#000000","bl2":"A1, M41, M41L, M42, M42L, M43, M44","bc2":"#0059a9","bl3":"\n","bc3":"#000000","bl4":"5N","bc4":"#000000"}},{"type":"Feature","geometry":{"type":"Point","coordinates":[23.686139,46.78131]},"properties":{"lines":"5, 8, A1, M41, M41L, M42, M42L, M43, M44, 5N","color":"#0059a9","mode":"bus","arr":["5","8","A1","M41","M41L","M42","M42L","M43","M44","5N"],"tLines":"5, 8, 5N","ntLines":"A1, M41, M41L, M42, M42L, M43, M44","angle":-4.1,"extra":1,"ei":1,"l0":"5, 8","c0":"#149a3f","l1":"\n","c1":"#000000","l2":"A1, M41, M41L, M42, M42L, M43, M44","c2":"#0059a9","l3":"\n","c3":"#000000","l4":"5N","c4":"#000000","bl0":"5, 8","bc0":"#149a3f","bl1":"\n","bc1":"#000000","bl2":"A1, M41, M41L, M42, M42L, M43, M44","bc2":"#0059a9","bl3":"\n","bc3":"#000000","bl4":"5N","bc4":"#000000"}},{"type":"Feature","geometry":{"type":"Point","coordinates":[23.677849,46.780866]},"properties":{"lines":"5, 8, A1, M41, M41L, M42, M42L, M43, 5N","color":"#0059a9","mode":"bus","arr":["5","8","A1","M41","M41L","M42","M42L","M43","5N"],"tLines":"5, 8, 5N","ntLines":"A1, M41, M41L, M42, M42L, M43","angle":-4.1,"l0":"5, 8","c0":"#149a3f","l1":"\n","c1":"#000000","l2":"A1, M41, M41L, M42, M42L, M43","c2":"#0059a9","l3":"\n","c3":"#000000","l4":"5N","c4":"#000000","bl0":"5, 8","bc0":"#149a3f","bl1":"\n","bc1":"#000000","bl2":"A1, M41, M41L, M42, M42L, M43","bc2":"#0059a9","bl3":"\n","bc3":"#000000","bl4":"5N","bc4":"#000000"}},{"type":"Feature","geometry":{"type":"Point","coordinates":[23.692905,46.781683]},"properties":{"lines":"5, 8, M41, M41L, M42, M42L, M43, M44, 5N","color":"#0059a9","mode":"bus","arr":["5","8","M41","M41L","M42","M42L","M43","M44","5N"],"tLines":"5, 8, 5N","ntLines":"M41, M41L, M42, M42L, M43, M44","angle":-4.4,"l0":"5, 8","c0":"#149a3f","l1":"\n","c1":"#000000","l2":"M41, M41L, M42, M42L, M43, M44","c2":"#0059a9","l3":"\n","c3":"#000000","l4":"5N","c4":"#000000","bl0":"5, 8","bc0":"#149a3f","bl1":"\n","bc1":"#000000","bl2":"M41, M41L, M42, M42L, M43, M44","bc2":"#0059a9","bl3":"\n","bc3":"#000000","bl4":"5N","bc4":"#000000"}},{"type":"Feature","geometry":{"type":"Point","coordinates":[23.690088,46.781525]},"properties":{"lines":"5, 8, M41, M41L, M42, M42L, M43, M44, 5N","color":"#0059a9","mode":"bus","arr":["5","8","M41","M41L","M42","M42L","M43","M44","5N"],"tLines":"5, 8, 5N","ntLines":"M41, M41L, M42, M42L, M43, M44","angle":-4.4,"extra":1,"ei":0,"l0":"5, 8","c0":"#149a3f","l1":"\n","c1":"#000000","l2":"M41, M41L, M42, M42L, M43, M44","c2":"#0059a9","l3":"\n","c3":"#000000","l4":"5N","c4":"#000000","bl0":"5, 8","bc0":"#149a3f","bl1":"\n","bc1":"#000000","bl2":"M41, M41L, M42, M42L, M43, M44","bc2":"#0059a9","bl3":"\n","bc3":"#000000","bl4":"5N","bc4":"#000000"}},{"type":"Feature","geometry":{"type":"Point","coordinates":[23.695583,46.78183]},"properties":{"lines":"5, 8, M41, M41L, M42, M42L, M43, M44, 5N","color":"#0059a9","mode":"bus","arr":["5","8","M41","M41L","M42","M42L","M43","M44","5N"],"tLines":"5, 8, 5N","ntLines":"M41, M41L, M42, M42L, M43, M44","angle":-4.5,"extra":1,"ei":1,"l0":"5, 8","c0":"#149a3f","l1":"\n","c1":"#000000","l2":"M41, M41L, M42, M42L, M43, M44","c2":"#0059a9","l3":"\n","c3":"#000000","l4":"5N","c4":"#000000","bl0":"5, 8","bc0":"#149a3f","bl1":"\n","bc1":"#000000","bl2":"M41, M41L, M42, M42L, M43, M44","bc2":"#0059a9","bl3":"\n","bc3":"#000000","bl4":"5N","bc4":"#000000"}},{"type":"Feature","geometry":{"type":"Point","coordinates":[23.688174,46.781483]},"properties":{"lines":"5, A1, M41L, M42, M42L","color":"#0059a9","mode":"bus","arr":["5","A1","M41L","M42","M42L"],"tLines":"5","ntLines":"A1, M41L, M42, M42L","angle":-18.7}},{"type":"Feature","geometry":{"type":"Point","coordinates":[23.590446,46.782218]},"properties":{"lines":"26, 26L, 5N","color":"#0059a9","mode":"bus","arr":["26","26L","5N"],"tLines":"5N","ntLines":"26, 26L","angle":-70.8,"l0":"26, 26L","c0":"#0059a9","l1":"\n","c1":"#000000","l2":"5N","c2":"#000000","bl0":"26, 26L","bc0":"#0059a9","bl1":"\n","bc1":"#000000","bl2":"5N","bc2":"#000000"}},{"type":"Feature","geometry":{"type":"Point","coordinates":[23.591011,46.781514]},"properties":{"lines":"5N","color":"#149a3f","mode":"bus","arr":["5N"],"angle":28.3,"l0":"5N","c0":"#000000","bl0":"5N","bc0":"#000000"}},{"type":"Feature","geometry":{"type":"Point","coordinates":[23.638987,46.781976]},"properties":{"lines":"57L, M41, M41L, M42L, M43, M44, 5N","color":"#0059a9","mode":"bus","arr":["57L","M41","M41L","M42L","M43","M44","5N"],"tLines":"5N","ntLines":"57L, M41, M41L, M42L, M43, M44","angle":6.8,"l0":"57L, M41, M41L, M42L, M43, M44","c0":"#0059a9","l1":"\n","c1":"#000000","l2":"5N","c2":"#000000","bl0":"57L, M41, M41L, M42L, M43, M44","bc0":"#0059a9","bl1":"\n","bc1":"#000000","bl2":"5N","bc2":"#000000"}},{"type":"Feature","geometry":{"type":"Point","coordinates":[23.608731,46.777393]},"properties":{"lines":"24B, 30, 47, 5N","color":"#0059a9","mode":"bus","arr":["24B","30","47","5N"],"tLines":"5N","ntLines":"24B, 30, 47","angle":-15.4,"l0":"24B, 30, 47","c0":"#0059a9","l1":"\n","c1":"#000000","l2":"5N","c2":"#000000","bl0":"24B, 30, 47","bc0":"#0059a9","bl1":"\n","bc1":"#000000","bl2":"5N","bc2":"#000000"}},{"type":"Feature","geometry":{"type":"Point","coordinates":[23.562708,46.760132]},"properties":{"lines":"6","color":"#149a3f","mode":"bus","arr":["6"],"angle":-86.4,"side":-1}},{"type":"Feature","geometry":{"type":"Point","coordinates":[23.563056,46.760555]},"properties":{"lines":"6, 24, 24B, 52, 52L","color":"#0059a9","mode":"bus","arr":["6","24","24B","52","52L"],"tLines":"6","ntLines":"24, 24B, 52, 52L","angle":-28.5,"side":-1}},{"type":"Feature","geometry":{"type":"Point","coordinates":[23.640333,46.78229]},"properties":{"lines":"6, 57L","color":"#0059a9","mode":"bus","arr":["6","57L"],"tLines":"6","ntLines":"57L","angle":56.2}},{"type":"Feature","geometry":{"type":"Point","coordinates":[23.557135,46.755385]},"properties":{"lines":"7, 14","color":"#149a3f","mode":"bus","arr":["7","14"],"angle":25.4}},{"type":"Feature","geometry":{"type":"Point","coordinates":[23.58987,46.774094]},"properties":{"lines":"8, 26, 26L, 28B, 29, 29S, 31, 37, 38, 39, 39L, 41, 44, 47, A1, M26, M31","color":"#0059a9","mode":"bus","arr":["8","26","26L","28B","29","29S","31","37","38","39","39L","41","44","47","A1","M26","M31"],"tLines":"8","ntLines":"26, 26L, 28B, 29, 29S, 31, 37, 38, 39, 39L, 41, 44, 47, A1, M26, M31","angle":-8.1}},{"type":"Feature","geometry":{"type":"Point","coordinates":[23.591258,46.774159]},"properties":{"lines":"8, 21, 26L, 28B, 29, 29S, 31, 32, 32B, 33, 36B, 36L, 37, 38, 39, 39L, 44, 47, 53, A1, M31","color":"#0059a9","mode":"bus","arr":["8","21","26L","28B","29","29S","31","32","32B","33","36B","36L","37","38","39","39L","44","47","53","A1","M31"],"tLines":"8","ntLines":"21, 26L, 28B, 29, 29S, 31, 32, 32B, 33, 36B, 36L, 37, 38, 39, 39L, 44, 47, 53, A1, M31","angle":-2.5}},{"type":"Feature","geometry":{"type":"Point","coordinates":[23.664095,46.778381]},"properties":{"lines":"8L, M45","color":"#0059a9","mode":"bus","arr":["8L","M45"],"angle":3.8}},{"type":"Feature","geometry":{"type":"Point","coordinates":[23.643707,46.780946]},"properties":{"lines":"8L, M45","color":"#0059a9","mode":"bus","arr":["8L","M45"],"angle":30.3,"mi":1}},{"type":"Feature","geometry":{"type":"Point","coordinates":[23.648149,46.779159]},"properties":{"lines":"8L, M45","color":"#0059a9","mode":"bus","arr":["8L","M45"],"angle":-59.2}},{"type":"Feature","geometry":{"type":"Point","coordinates":[23.679038,46.779366]},"properties":{"lines":"8L, M45","color":"#0059a9","mode":"bus","arr":["8L","M45"],"angle":-4.9,"extra":1,"ei":0}},{"type":"Feature","geometry":{"type":"Point","coordinates":[23.676291,46.779205]},"properties":{"lines":"8L, M45","color":"#0059a9","mode":"bus","arr":["8L","M45"],"angle":-5.1,"extra":1,"ei":1}},{"type":"Feature","geometry":{"type":"Point","coordinates":[23.673551,46.779002]},"properties":{"lines":"8L, M45","color":"#0059a9","mode":"bus","arr":["8L","M45"],"angle":-6.3,"extra":1,"ei":2}},{"type":"Feature","geometry":{"type":"Point","coordinates":[23.670845,46.77866]},"properties":{"lines":"8L, M45","color":"#0059a9","mode":"bus","arr":["8L","M45"],"angle":-9.6,"extra":1,"ei":3}},{"type":"Feature","geometry":{"type":"Point","coordinates":[23.668094,46.778548]},"properties":{"lines":"8L, M45","color":"#0059a9","mode":"bus","arr":["8L","M45"],"angle":-1.4,"extra":1,"ei":4}},{"type":"Feature","geometry":{"type":"Point","coordinates":[23.659876,46.778184]},"properties":{"lines":"8L, M45","color":"#0059a9","mode":"bus","arr":["8L","M45"],"angle":-7,"extra":1,"ei":5}},{"type":"Feature","geometry":{"type":"Point","coordinates":[23.657133,46.778007]},"properties":{"lines":"8L, M45","color":"#0059a9","mode":"bus","arr":["8L","M45"],"angle":-5,"extra":1,"ei":6}},{"type":"Feature","geometry":{"type":"Point","coordinates":[23.654391,46.777816]},"properties":{"lines":"8L, M45","color":"#0059a9","mode":"bus","arr":["8L","M45"],"angle":-4,"extra":1,"ei":7}},{"type":"Feature","geometry":{"type":"Point","coordinates":[23.651663,46.77795]},"properties":{"lines":"8L, M45","color":"#0059a9","mode":"bus","arr":["8L","M45"],"angle":17.2,"extra":1,"ei":8}},{"type":"Feature","geometry":{"type":"Point","coordinates":[23.641911,46.78167]},"properties":{"lines":"8L, M45","color":"#0059a9","mode":"bus","arr":["8L","M45"],"angle":30.5,"extra":1,"ei":0}},{"type":"Feature","geometry":{"type":"Point","coordinates":[23.646665,46.779757]},"properties":{"lines":"8L, M45","color":"#0059a9","mode":"bus","arr":["8L","M45"],"angle":30.7,"extra":1,"ei":1}},{"type":"Feature","geometry":{"type":"Point","coordinates":[23.68126,46.778512]},"properties":{"lines":"8L, M45","color":"#0059a9","mode":"bus","arr":["8L","M45"],"angle":55.9}},{"type":"Feature","geometry":{"type":"Point","coordinates":[23.692644,46.779344]},"properties":{"lines":"8L, M45","color":"#0059a9","mode":"bus","arr":["8L","M45"],"angle":-1,"mi":1}},{"type":"Feature","geometry":{"type":"Point","coordinates":[23.683476,46.777896]},"properties":{"lines":"8L, M45","color":"#0059a9","mode":"bus","arr":["8L","M45"],"angle":-20.3,"extra":1,"ei":0}},{"type":"Feature","geometry":{"type":"Point","coordinates":[23.686184,46.778189]},"properties":{"lines":"8L, M45","color":"#0059a9","mode":"bus","arr":["8L","M45"],"angle":-5.5,"extra":1,"ei":1}},{"type":"Feature","geometry":{"type":"Point","coordinates":[23.688851,46.778604]},"properties":{"lines":"8L, M45","color":"#0059a9","mode":"bus","arr":["8L","M45"],"angle":-21.5,"extra":1,"ei":2}},{"type":"Feature","geometry":{"type":"Point","coordinates":[23.696905,46.779563]},"properties":{"lines":"8L, M45","color":"#0059a9","mode":"bus","arr":["8L","M45"],"angle":-6.2,"extra":1,"ei":3}},{"type":"Feature","geometry":{"type":"Point","coordinates":[23.699648,46.779748]},"properties":{"lines":"8L, M45","color":"#0059a9","mode":"bus","arr":["8L","M45"],"angle":-4.9,"extra":1,"ei":4}},{"type":"Feature","geometry":{"type":"Point","coordinates":[23.702167,46.779398]},"properties":{"lines":"8L, M45","color":"#0059a9","mode":"bus","arr":["8L","M45"],"angle":47.9,"extra":1,"ei":5}},{"type":"Feature","geometry":{"type":"Point","coordinates":[23.703973,46.778684]},"properties":{"lines":"8L","color":"#0059a9","mode":"bus","arr":["8L"],"angle":-54,"mi":2}},{"type":"Feature","geometry":{"type":"Point","coordinates":[23.704604,46.778627]},"properties":{"lines":"8L","color":"#0059a9","mode":"bus","arr":["8L"],"angle":5.9,"mi":1}},{"type":"Feature","geometry":{"type":"Point","coordinates":[23.710562,46.781199]},"properties":{"lines":"8L","color":"#0059a9","mode":"bus","arr":["8L"],"angle":83.6,"mi":5}},{"type":"Feature","geometry":{"type":"Point","coordinates":[23.7046,46.779475]},"properties":{"lines":"8L, M42, M43","color":"#0059a9","mode":"bus","arr":["8L","M42","M43"],"angle":64.1}},{"type":"Feature","geometry":{"type":"Point","coordinates":[23.708371,46.780705]},"properties":{"lines":"8L","color":"#0059a9","mode":"bus","arr":["8L"],"angle":-5.3,"mi":3}},{"type":"Feature","geometry":{"type":"Point","coordinates":[23.706093,46.780565]},"properties":{"lines":"8L","color":"#0059a9","mode":"bus","arr":["8L"],"angle":54.7}},{"type":"Feature","geometry":{"type":"Point","coordinates":[23.70419,46.780331]},"properties":{"lines":"8L","color":"#0059a9","mode":"bus","arr":["8L"],"angle":-33,"extra":1,"ei":0,"side":-1}},{"type":"Feature","geometry":{"type":"Point","coordinates":[23.709655,46.767506]},"properties":{"lines":"M43","color":"#0059a9","mode":"bus","arr":["M43"],"angle":62.5}},{"type":"Feature","geometry":{"type":"Point","coordinates":[23.70592,46.777613]},"properties":{"lines":"M43","color":"#0059a9","mode":"bus","arr":["M43"],"angle":65.8,"mi":5}},{"type":"Feature","geometry":{"type":"Point","coordinates":[23.706066,46.775669]},"properties":{"lines":"M43","color":"#0059a9","mode":"bus","arr":["M43"],"angle":82.6,"extra":1,"ei":0}},{"type":"Feature","geometry":{"type":"Point","coordinates":[23.706393,46.773794]},"properties":{"lines":"M43","color":"#0059a9","mode":"bus","arr":["M43"],"angle":84.1,"extra":1,"ei":1}},{"type":"Feature","geometry":{"type":"Point","coordinates":[23.706518,46.77191]},"properties":{"lines":"M43","color":"#0059a9","mode":"bus","arr":["M43"],"angle":83,"extra":1,"ei":2}},{"type":"Feature","geometry":{"type":"Point","coordinates":[23.70735,46.770123]},"properties":{"lines":"M43","color":"#0059a9","mode":"bus","arr":["M43"],"angle":57.9,"extra":1,"ei":3}},{"type":"Feature","geometry":{"type":"Point","coordinates":[23.708868,46.76856]},"properties":{"lines":"M43","color":"#0059a9","mode":"bus","arr":["M43"],"angle":53.6,"extra":1,"ei":4}},{"type":"Feature","geometry":{"type":"Point","coordinates":[23.711048,46.765147]},"properties":{"lines":"M43","color":"#0059a9","mode":"bus","arr":["M43"],"angle":80.5,"extra":1,"ei":5}},{"type":"Feature","geometry":{"type":"Point","coordinates":[23.711747,46.763334]},"properties":{"lines":"M43","color":"#0059a9","mode":"bus","arr":["M43"],"angle":63.4,"extra":1,"ei":6}},{"type":"Feature","geometry":{"type":"Point","coordinates":[23.714068,46.762782]},"properties":{"lines":"M43","color":"#0059a9","mode":"bus","arr":["M43"],"angle":-15.7,"extra":1,"ei":7}},{"type":"Feature","geometry":{"type":"Point","coordinates":[23.716639,46.76345]},"properties":{"lines":"M43","color":"#0059a9","mode":"bus","arr":["M43"],"angle":-26.4,"extra":1,"ei":8}},{"type":"Feature","geometry":{"type":"Point","coordinates":[23.702657,46.77907]},"properties":{"lines":"8L","color":"#0059a9","mode":"bus","arr":["8L"],"angle":40.3,"mi":4}},{"type":"Feature","geometry":{"type":"Point","coordinates":[23.543148,46.756152]},"properties":{"lines":"9, 24, 29, 29S, 52, 52L","color":"#0059a9","mode":"bus","arr":["9","24","29","29S","52","52L"],"angle":-66.9}},{"type":"Feature","geometry":{"type":"Point","coordinates":[23.54747,46.757976]},"properties":{"lines":"9, 24, 24B, 29, 29S, 52, 52L, M23, M24, M26","color":"#0059a9","mode":"bus","arr":["9","24","24B","29","29S","52","52L","M23","M24","M26"],"angle":-16.5}},{"type":"Feature","geometry":{"type":"Point","coordinates":[23.545245,46.757559]},"properties":{"lines":"9, 24, 24B, 29, 29S, 52, 52L, M23, M24, M26","color":"#0059a9","mode":"bus","arr":["9","24","24B","29","29S","52","52L","M23","M24","M26"],"angle":-15.8,"extra":1,"ei":0}},{"type":"Feature","geometry":{"type":"Point","coordinates":[23.550513,46.758667]},"properties":{"lines":"9, 24, 24B, 29, 29S, 52, 52L, M23, M24, M26","color":"#0059a9","mode":"bus","arr":["9","24","24B","29","29S","52","52L","M23","M24","M26"],"angle":-19.2,"extra":1,"ei":1}},{"type":"Feature","geometry":{"type":"Point","coordinates":[23.552605,46.759165]},"properties":{"lines":"9, 24, 24B, 29, 29S, 52, 52L, M23, M26","color":"#0059a9","mode":"bus","arr":["9","24","24B","29","29S","52","52L","M23","M26"],"angle":-19.1}},{"type":"Feature","geometry":{"type":"Point","coordinates":[23.555021,46.759781]},"properties":{"lines":"9, 24, 24B, 29, 29S, 52, 52L, M26","color":"#0059a9","mode":"bus","arr":["9","24","24B","29","29S","52","52L","M26"],"angle":-18.8}},{"type":"Feature","geometry":{"type":"Point","coordinates":[23.558497,46.760256]},"properties":{"lines":"9, 24, 24B, 29, 29S, 52, 52L, M26","color":"#0059a9","mode":"bus","arr":["9","24","24B","29","29S","52","52L","M26"],"angle":-4.2,"mi":1}},{"type":"Feature","geometry":{"type":"Point","coordinates":[23.543257,46.757135]},"properties":{"lines":"9, 24, 24B, 29, 29S, M23, M24, M26","color":"#0059a9","mode":"bus","arr":["9","24","24B","29","29S","M23","M24","M26"],"angle":-20.1,"side":-1}},{"type":"Feature","geometry":{"type":"Point","coordinates":[23.541695,46.75782]},"properties":{"lines":"9, 24, 29, 29S","color":"#0059a9","mode":"bus","arr":["9","24","29","29S"],"angle":-71.2,"side":-1}},{"type":"Feature","geometry":{"type":"Point","coordinates":[23.542328,46.756904]},"properties":{"lines":"9, 24, 29, 29S, 43, 43B, M25, M51U","color":"#0059a9","mode":"bus","arr":["9","24","29","29S","43","43B","M25","M51U"],"angle":-89.4,"mi":1}},{"type":"Feature","geometry":{"type":"Point","coordinates":[23.542334,46.755744]},"properties":{"lines":"9, 24, 29, 29S, 43, 43B, M25, M51U","color":"#0059a9","mode":"bus","arr":["9","24","29","29S","43","43B","M25","M51U"],"angle":86.9}},{"type":"Feature","geometry":{"type":"Point","coordinates":[23.609072,46.785507]},"properties":{"lines":"10, 23, 34, 50, 50D, 50L, 52, 52L","color":"#0059a9","mode":"bus","arr":["10","23","34","50","50D","50L","52","52L"],"tLines":"10, 23","ntLines":"34, 50, 50D, 50L, 52, 52L","angle":4.1}},{"type":"Feature","geometry":{"type":"Point","coordinates":[23.60727,46.7856]},"properties":{"lines":"10, 23, 34, 50, 50D, 50L, 52, 52L","color":"#0059a9","mode":"bus","arr":["10","23","34","50","50D","50L","52","52L"],"tLines":"10, 23","ntLines":"34, 50, 50D, 50L, 52, 52L","angle":4.4,"extra":1,"ei":0}},{"type":"Feature","geometry":{"type":"Point","coordinates":[23.612667,46.785322]},"properties":{"lines":"10, 34","color":"#0059a9","mode":"bus","arr":["10","34"],"tLines":"10","ntLines":"34","angle":5.4,"side":-1}},{"type":"Feature","geometry":{"type":"Point","coordinates":[23.614457,46.785226]},"properties":{"lines":"10","color":"#149a3f","mode":"bus","arr":["10"],"angle":3.3}},{"type":"Feature","geometry":{"type":"Point","coordinates":[23.615372,46.78606]},"properties":{"lines":"10","color":"#149a3f","mode":"bus","arr":["10"],"angle":64.5,"mi":1}},{"type":"Feature","geometry":{"type":"Point","coordinates":[23.614869,46.787411]},"properties":{"lines":"10, 12, 14, 23, 36B, 36L, 48, 48L, 50, 50D, 50L, 52, 52L","color":"#0059a9","mode":"bus","arr":["10","12","14","23","36B","36L","48","48L","50","50D","50L","52","52L"],"tLines":"10, 12, 14, 23","ntLines":"36B, 36L, 48, 48L, 50, 50D, 50L, 52, 52L","angle":-68.5}},{"type":"Feature","geometry":{"type":"Point","coordinates":[23.615859,46.792064]},"properties":{"lines":"10, 12, 14, 23, 48, 48L, 50, 50D, 50L","color":"#0059a9","mode":"bus","arr":["10","12","14","23","48","48L","50","50D","50L"],"tLines":"10, 12, 14, 23","ntLines":"48, 48L, 50, 50D, 50L","angle":78}},{"type":"Feature","geometry":{"type":"Point","coordinates":[23.613062,46.796455]},"properties":{"lines":"10, 12, 14, 23, 48, 48L, 50, 50D, 50L","color":"#0059a9","mode":"bus","arr":["10","12","14","23","48","48L","50","50D","50L"],"tLines":"10, 12, 14, 23","ntLines":"48, 48L, 50, 50D, 50L","angle":64.4,"mi":1}},{"type":"Feature","geometry":{"type":"Point","coordinates":[23.615668,46.789625]},"properties":{"lines":"10, 12, 14, 23, 48, 48L, 50, 50D, 50L","color":"#0059a9","mode":"bus","arr":["10","12","14","23","48","48L","50","50D","50L"],"tLines":"10, 12, 14, 23","ntLines":"48, 48L, 50, 50D, 50L","angle":-78.3,"extra":1,"ei":0}},{"type":"Feature","geometry":{"type":"Point","coordinates":[23.615216,46.793295]},"properties":{"lines":"10, 12, 14, 23, 48, 48L, 50, 50D, 50L","color":"#0059a9","mode":"bus","arr":["10","12","14","23","48","48L","50","50D","50L"],"tLines":"10, 12, 14, 23","ntLines":"48, 48L, 50, 50D, 50L","angle":65.9,"extra":1,"ei":1}},{"type":"Feature","geometry":{"type":"Point","coordinates":[23.614051,46.795006]},"properties":{"lines":"10, 12, 14, 23, 48, 48L, 50, 50D, 50L","color":"#0059a9","mode":"bus","arr":["10","12","14","23","48","48L","50","50D","50L"],"tLines":"10, 12, 14, 23","ntLines":"48, 48L, 50, 50D, 50L","angle":65.1,"extra":1,"ei":2}},{"type":"Feature","geometry":{"type":"Point","coordinates":[23.614065,46.786158]},"properties":{"lines":"10, 14, 23, 48L, 50, 50D, 50L, 52, 52L","color":"#0059a9","mode":"bus","arr":["10","14","23","48L","50","50D","50L","52","52L"],"tLines":"10, 14, 23","ntLines":"48L, 50, 50D, 50L, 52, 52L","angle":-62.9}},{"type":"Feature","geometry":{"type":"Point","coordinates":[23.613845,46.785811]},"properties":{"lines":"10, 14, 36B, 48, 48L","color":"#0059a9","mode":"bus","arr":["10","14","36B","48","48L"],"tLines":"10, 14","ntLines":"36B, 48, 48L","angle":-70.9}},{"type":"Feature","geometry":{"type":"Point","coordinates":[23.613433,46.784715]},"properties":{"lines":"10, 14, 34, 36B, 48, 48L","color":"#0059a9","mode":"bus","arr":["10","14","34","36B","48","48L"],"tLines":"10, 14","ntLines":"34, 36B, 48, 48L","angle":-75.8}},{"type":"Feature","geometry":{"type":"Point","coordinates":[23.612996,46.782694]},"properties":{"lines":"10, 12, 14, 29, 34, 36B, 36L, 48, 48L","color":"#0059a9","mode":"bus","arr":["10","12","14","29","34","36B","36L","48","48L"],"tLines":"10, 12, 14","ntLines":"29, 34, 36B, 36L, 48, 48L","angle":84.5}},{"type":"Feature","geometry":{"type":"Point","coordinates":[23.613918,46.780402]},"properties":{"lines":"10, 12, 14, 34, 48, 48L, 53","color":"#0059a9","mode":"bus","arr":["10","12","14","34","48","48L","53"],"tLines":"10, 12, 14","ntLines":"34, 48, 48L, 53","angle":73.8}},{"type":"Feature","geometry":{"type":"Point","coordinates":[23.614359,46.779193]},"properties":{"lines":"10, 12, 14, 34, 48, 48L, 53","color":"#0059a9","mode":"bus","arr":["10","12","14","34","48","48L","53"],"tLines":"10, 12, 14","ntLines":"34, 48, 48L, 53","angle":76.6,"extra":1,"ei":0}},{"type":"Feature","geometry":{"type":"Point","coordinates":[23.614427,46.778621]},"properties":{"lines":"10, 48, 48L, 53","color":"#0059a9","mode":"bus","arr":["10","48","48L","53"],"tLines":"10","ntLines":"48, 48L, 53","angle":-77.1}},{"type":"Feature","geometry":{"type":"Point","coordinates":[23.619373,46.778634]},"properties":{"lines":"10, 24, 24B, 25, 34, 47, 48, 48L","color":"#0059a9","mode":"bus","arr":["10","24","24B","25","34","47","48","48L"],"tLines":"10, 25","ntLines":"24, 24B, 34, 47, 48, 48L","angle":40.7}},{"type":"Feature","geometry":{"type":"Point","coordinates":[23.620011,46.777957]},"properties":{"lines":"10, 24, 24B, 25, 34, 48, 48L, 57, 57L","color":"#0059a9","mode":"bus","arr":["10","24","24B","25","34","48","48L","57","57L"],"tLines":"10, 25","ntLines":"24, 24B, 34, 48, 48L, 57, 57L","angle":74.6}},{"type":"Feature","geometry":{"type":"Point","coordinates":[23.620647,46.776519]},"properties":{"lines":"10, 24, 24B, 25, 34, 45, 48, 48L, 57, 57L","color":"#0059a9","mode":"bus","arr":["10","24","24B","25","34","45","48","48L","57","57L"],"tLines":"10, 25","ntLines":"24, 24B, 34, 45, 48, 48L, 57, 57L","angle":72.7}},{"type":"Feature","geometry":{"type":"Point","coordinates":[23.621871,46.773802]},"properties":{"lines":"10, 24, 24B, 25, 34, 44, 45, 48, 48L, 57, 57L","color":"#0059a9","mode":"bus","arr":["10","24","24B","25","34","44","45","48","48L","57","57L"],"tLines":"10, 25","ntLines":"24, 24B, 34, 44, 45, 48, 48L, 57, 57L","angle":73,"mi":1}},{"type":"Feature","geometry":{"type":"Point","coordinates":[23.622809,46.772728]},"properties":{"lines":"10, 24, 24B, 25, 34, 44, 45, 48, 48L, 57, 57L","color":"#0059a9","mode":"bus","arr":["10","24","24B","25","34","44","45","48","48L","57","57L"],"tLines":"10, 25","ntLines":"24, 24B, 34, 44, 45, 48, 48L, 57, 57L","angle":38.3,"extra":1,"ei":0}},{"type":"Feature","geometry":{"type":"Point","coordinates":[23.623428,46.772405]},"properties":{"lines":"10, 24, 25, 48, 48L, 57","color":"#0059a9","mode":"bus","arr":["10","24","25","48","48L","57"],"tLines":"10, 25","ntLines":"24, 48, 48L, 57","angle":45.6,"side":-1}},{"type":"Feature","geometry":{"type":"Point","coordinates":[23.624152,46.772049]},"properties":{"lines":"10, 24, 25, 44, 48, 48L, 57","color":"#0059a9","mode":"bus","arr":["10","24","25","44","48","48L","57"],"tLines":"10, 25","ntLines":"24, 44, 48, 48L, 57","angle":20.9,"side":-1}},{"type":"Feature","geometry":{"type":"Point","coordinates":[23.626917,46.77071]},"properties":{"lines":"10, 24, 24B, 25, 34, 44, 45, 48, 48L, 57, 57L","color":"#0059a9","mode":"bus","arr":["10","24","24B","25","34","44","45","48","48L","57","57L"],"tLines":"10, 25","ntLines":"24, 24B, 34, 44, 45, 48, 48L, 57, 57L","angle":39.1}},{"type":"Feature","geometry":{"type":"Point","coordinates":[23.62551,46.771421]},"properties":{"lines":"10, 24, 24B, 25, 34, 44, 45, 48, 48L, 57, 57L","color":"#0059a9","mode":"bus","arr":["10","24","24B","25","34","44","45","48","48L","57","57L"],"tLines":"10, 25","ntLines":"24, 24B, 34, 44, 45, 48, 48L, 57, 57L","angle":36.4,"extra":1,"ei":0}},{"type":"Feature","geometry":{"type":"Point","coordinates":[23.629436,46.769085]},"properties":{"lines":"10, 24, 24B, 25, 44, 45, 48, 48L, 57, 57L","color":"#0059a9","mode":"bus","arr":["10","24","24B","25","44","45","48","48L","57","57L"],"tLines":"10, 25","ntLines":"24, 24B, 44, 45, 48, 48L, 57, 57L","angle":44.3}},{"type":"Feature","geometry":{"type":"Point","coordinates":[23.629805,46.768767]},"properties":{"lines":"10, 24, 24B, 25, 45, 48, 48L, 57, 57L","color":"#0059a9","mode":"bus","arr":["10","24","24B","25","45","48","48L","57","57L"],"tLines":"10, 25","ntLines":"24, 24B, 45, 48, 48L, 57, 57L","angle":64,"side":-1}},{"type":"Feature","geometry":{"type":"Point","coordinates":[23.614969,46.7786]},"properties":{"lines":"12, 34, 48L, 53","color":"#0059a9","mode":"bus","arr":["12","34","48L","53"],"tLines":"12","ntLines":"34, 48L, 53","angle":23.5}},{"type":"Feature","geometry":{"type":"Point","coordinates":[23.61368,46.785068]},"properties":{"lines":"12, 14, 36B, 36L, 48, 48L","color":"#0059a9","mode":"bus","arr":["12","14","36B","36L","48","48L"],"tLines":"12, 14","ntLines":"36B, 36L, 48, 48L","angle":-74.5,"side":-1}},{"type":"Feature","geometry":{"type":"Point","coordinates":[23.614244,46.778464]},"properties":{"lines":"14","color":"#149a3f","mode":"bus","arr":["14"],"angle":-53.8}},{"type":"Feature","geometry":{"type":"Point","coordinates":[23.598192,46.76839]},"properties":{"lines":"20, 40, M11, M12, M13, M16, M17, M18, M71","color":"#0059a9","mode":"bus","arr":["20","40","M11","M12","M13","M16","M17","M18","M71"],"angle":-25.4}},{"type":"Feature","geometry":{"type":"Point","coordinates":[23.604158,46.765975]},"properties":{"lines":"18, 20, 21, 32, 32B, 45, 57, 57L, M13, M61","color":"#0059a9","mode":"bus","arr":["18","20","21","32","32B","45","57","57L","M13","M61"],"angle":39.9}},{"type":"Feature","geometry":{"type":"Point","coordinates":[23.602605,46.76687]},"properties":{"lines":"18, 20, 21, 32, 32B, 45, 57, 57L, M13, M61","color":"#0059a9","mode":"bus","arr":["18","20","21","32","32B","45","57","57L","M13","M61"],"angle":39.5,"extra":1,"ei":0}},{"type":"Feature","geometry":{"type":"Point","coordinates":[23.613122,46.760788]},"properties":{"lines":"18, 20, 32, 32B, 45, 57, 57L, M13, M61","color":"#0059a9","mode":"bus","arr":["18","20","32","32B","45","57","57L","M13","M61"],"angle":40.6}},{"type":"Feature","geometry":{"type":"Point","coordinates":[23.60792,46.763841]},"properties":{"lines":"18, 20, 32, 32B, 45, 57, 57L, M13, M61","color":"#0059a9","mode":"bus","arr":["18","20","32","32B","45","57","57L","M13","M61"],"angle":40.1,"extra":1,"ei":0}},{"type":"Feature","geometry":{"type":"Point","coordinates":[23.610015,46.762613]},"properties":{"lines":"18, 20, 32, 32B, 45, 57, 57L, M13, M61","color":"#0059a9","mode":"bus","arr":["18","20","32","32B","45","57","57L","M13","M61"],"angle":40.8,"extra":1,"ei":1}},{"type":"Feature","geometry":{"type":"Point","coordinates":[23.616307,46.758937]},"properties":{"lines":"18, 20, 32, 32B, 45, 57, 57L, M13, M61","color":"#0059a9","mode":"bus","arr":["18","20","32","32B","45","57","57L","M13","M61"],"angle":41.2,"extra":1,"ei":2}},{"type":"Feature","geometry":{"type":"Point","coordinates":[23.618327,46.757655]},"properties":{"lines":"18, 20, 32, 32B, 45, 57, 57L, M13, M61","color":"#0059a9","mode":"bus","arr":["18","20","32","32B","45","57","57L","M13","M61"],"angle":48.3,"extra":1,"ei":3}},{"type":"Feature","geometry":{"type":"Point","coordinates":[23.627351,46.750204]},"properties":{"lines":"18","color":"#0059a9","mode":"bus","arr":["18"],"angle":40}},{"type":"Feature","geometry":{"type":"Point","coordinates":[23.62009,46.756179]},"properties":{"lines":"18","color":"#0059a9","mode":"bus","arr":["18"],"angle":61.5,"extra":1,"ei":0}},{"type":"Feature","geometry":{"type":"Point","coordinates":[23.621609,46.754612]},"properties":{"lines":"18","color":"#0059a9","mode":"bus","arr":["18"],"angle":54.7,"extra":1,"ei":1}},{"type":"Feature","geometry":{"type":"Point","coordinates":[23.62256,46.752886]},"properties":{"lines":"18","color":"#0059a9","mode":"bus","arr":["18"],"angle":47.2,"extra":1,"ei":2}},{"type":"Feature","geometry":{"type":"Point","coordinates":[23.624677,46.751696]},"properties":{"lines":"18","color":"#0059a9","mode":"bus","arr":["18"],"angle":31.4,"extra":1,"ei":3}},{"type":"Feature","geometry":{"type":"Point","coordinates":[23.628817,46.749219]},"properties":{"lines":"18","color":"#0059a9","mode":"bus","arr":["18"],"angle":55.2,"extra":1,"ei":4}},{"type":"Feature","geometry":{"type":"Point","coordinates":[23.631008,46.748124]},"properties":{"lines":"18","color":"#0059a9","mode":"bus","arr":["18"],"angle":38.2,"extra":1,"ei":5}},{"type":"Feature","geometry":{"type":"Point","coordinates":[23.633345,46.747139]},"properties":{"lines":"18","color":"#0059a9","mode":"bus","arr":["18"],"angle":32.9,"extra":1,"ei":6}},{"type":"Feature","geometry":{"type":"Point","coordinates":[23.635477,46.745956]},"properties":{"lines":"18","color":"#0059a9","mode":"bus","arr":["18"],"angle":45.9,"extra":1,"ei":7}},{"type":"Feature","geometry":{"type":"Point","coordinates":[23.637307,46.744562]},"properties":{"lines":"18","color":"#0059a9","mode":"bus","arr":["18"],"angle":58.5,"extra":1,"ei":8}},{"type":"Feature","geometry":{"type":"Point","coordinates":[23.635919,46.74162]},"properties":{"lines":"18","color":"#0059a9","mode":"bus","arr":["18"],"angle":-87.1}},{"type":"Feature","geometry":{"type":"Point","coordinates":[23.636669,46.743747]},"properties":{"lines":"18","color":"#0059a9","mode":"bus","arr":["18"],"angle":-67.1,"extra":1,"ei":0}},{"type":"Feature","geometry":{"type":"Point","coordinates":[23.636138,46.740064]},"properties":{"lines":"18","color":"#0059a9","mode":"bus","arr":["18"],"angle":84.4,"extra":1,"ei":1}},{"type":"Feature","geometry":{"type":"Point","coordinates":[23.564181,46.753837]},"properties":{"lines":"19, 42","color":"#0059a9","mode":"bus","arr":["19","42"],"angle":79.2}},{"type":"Feature","geometry":{"type":"Point","coordinates":[23.562625,46.759992]},"properties":{"lines":"19, 42","color":"#0059a9","mode":"bus","arr":["19","42"],"angle":89.9,"side":-1,"mi":1}},{"type":"Feature","geometry":{"type":"Point","coordinates":[23.564693,46.752711]},"properties":{"lines":"19, 42","color":"#0059a9","mode":"bus","arr":["19","42"],"angle":67.2,"extra":1,"ei":0}},{"type":"Feature","geometry":{"type":"Point","coordinates":[23.565258,46.750021]},"properties":{"lines":"19","color":"#0059a9","mode":"bus","arr":["19"],"angle":-81.1,"mi":2}},{"type":"Feature","geometry":{"type":"Point","coordinates":[23.565186,46.751353]},"properties":{"lines":"19","color":"#0059a9","mode":"bus","arr":["19"],"angle":76.1,"extra":1,"ei":0}},{"type":"Feature","geometry":{"type":"Point","coordinates":[23.563248,46.748961]},"properties":{"lines":"19","color":"#0059a9","mode":"bus","arr":["19"],"angle":-32.1,"mi":1}},{"type":"Feature","geometry":{"type":"Point","coordinates":[23.565678,46.746222]},"properties":{"lines":"19","color":"#0059a9","mode":"bus","arr":["19"],"angle":-78.8,"mi":3}},{"type":"Feature","geometry":{"type":"Point","coordinates":[23.563355,46.747942]},"properties":{"lines":"19","color":"#0059a9","mode":"bus","arr":["19"],"angle":84,"extra":1,"ei":0}},{"type":"Feature","geometry":{"type":"Point","coordinates":[23.5659,46.743406]},"properties":{"lines":"19","color":"#0059a9","mode":"bus","arr":["19"],"angle":-62.2,"extra":1,"ei":1}},{"type":"Feature","geometry":{"type":"Point","coordinates":[23.562368,46.749732]},"properties":{"lines":"19","color":"#0059a9","mode":"bus","arr":["19"],"angle":-3.7}},{"type":"Feature","geometry":{"type":"Point","coordinates":[23.556505,46.752429]},"properties":{"lines":"19","color":"#0059a9","mode":"bus","arr":["19"],"angle":-78.3,"mi":4}},{"type":"Feature","geometry":{"type":"Point","coordinates":[23.560842,46.750254]},"properties":{"lines":"19","color":"#0059a9","mode":"bus","arr":["19"],"angle":19.2,"extra":1,"ei":0}},{"type":"Feature","geometry":{"type":"Point","coordinates":[23.558103,46.750142]},"properties":{"lines":"19","color":"#0059a9","mode":"bus","arr":["19"],"angle":-3.5,"extra":1,"ei":1}},{"type":"Feature","geometry":{"type":"Point","coordinates":[23.559439,46.753321]},"properties":{"lines":"19","color":"#0059a9","mode":"bus","arr":["19"],"angle":12.5,"extra":1,"ei":2}},{"type":"Feature","geometry":{"type":"Point","coordinates":[23.560799,46.75403]},"properties":{"lines":"19","color":"#0059a9","mode":"bus","arr":["19"],"angle":83.6,"extra":1,"ei":3}},{"type":"Feature","geometry":{"type":"Point","coordinates":[23.649433,46.735605]},"properties":{"lines":"M13","color":"#0059a9","mode":"bus","arr":["M13"],"angle":86.8}},{"type":"Feature","geometry":{"type":"Point","coordinates":[23.651002,46.742666]},"properties":{"lines":"M13","color":"#0059a9","mode":"bus","arr":["M13"],"angle":-70.9,"extra":1,"ei":0}},{"type":"Feature","geometry":{"type":"Point","coordinates":[23.650331,46.740842]},"properties":{"lines":"M13","color":"#0059a9","mode":"bus","arr":["M13"],"angle":-83,"extra":1,"ei":1}},{"type":"Feature","geometry":{"type":"Point","coordinates":[23.650318,46.738972]},"properties":{"lines":"M13","color":"#0059a9","mode":"bus","arr":["M13"],"angle":81.7,"extra":1,"ei":2}},{"type":"Feature","geometry":{"type":"Point","coordinates":[23.649758,46.737171]},"properties":{"lines":"M13","color":"#0059a9","mode":"bus","arr":["M13"],"angle":-68.7,"extra":1,"ei":3}},{"type":"Feature","geometry":{"type":"Point","coordinates":[23.650958,46.733762]},"properties":{"lines":"M13","color":"#0059a9","mode":"bus","arr":["M13"],"angle":37.1,"extra":1,"ei":4}},{"type":"Feature","geometry":{"type":"Point","coordinates":[23.652398,46.732242]},"properties":{"lines":"M13","color":"#0059a9","mode":"bus","arr":["M13"],"angle":73.8,"extra":1,"ei":5}},{"type":"Feature","geometry":{"type":"Point","coordinates":[23.652887,46.730385]},"properties":{"lines":"M13","color":"#0059a9","mode":"bus","arr":["M13"],"angle":80.7,"extra":1,"ei":6}},{"type":"Feature","geometry":{"type":"Point","coordinates":[23.653821,46.728639]},"properties":{"lines":"M13","color":"#0059a9","mode":"bus","arr":["M13"],"angle":58.9,"extra":1,"ei":7}},{"type":"Feature","geometry":{"type":"Point","coordinates":[23.649433,46.735605]},"properties":{"lines":"M61","color":"#0059a9","mode":"bus","arr":["M61"],"angle":86.8}},{"type":"Feature","geometry":{"type":"Point","coordinates":[23.651002,46.742666]},"properties":{"lines":"M61","color":"#0059a9","mode":"bus","arr":["M61"],"angle":-70.9,"extra":1,"ei":0}},{"type":"Feature","geometry":{"type":"Point","coordinates":[23.650331,46.740842]},"properties":{"lines":"M61","color":"#0059a9","mode":"bus","arr":["M61"],"angle":-83,"extra":1,"ei":1}},{"type":"Feature","geometry":{"type":"Point","coordinates":[23.650318,46.738972]},"properties":{"lines":"M61","color":"#0059a9","mode":"bus","arr":["M61"],"angle":81.7,"extra":1,"ei":2}},{"type":"Feature","geometry":{"type":"Point","coordinates":[23.649758,46.737171]},"properties":{"lines":"M61","color":"#0059a9","mode":"bus","arr":["M61"],"angle":-68.7,"extra":1,"ei":3}},{"type":"Feature","geometry":{"type":"Point","coordinates":[23.650958,46.733762]},"properties":{"lines":"M61","color":"#0059a9","mode":"bus","arr":["M61"],"angle":37.1,"extra":1,"ei":4}},{"type":"Feature","geometry":{"type":"Point","coordinates":[23.652398,46.732242]},"properties":{"lines":"M61","color":"#0059a9","mode":"bus","arr":["M61"],"angle":73.8,"extra":1,"ei":5}},{"type":"Feature","geometry":{"type":"Point","coordinates":[23.652887,46.730385]},"properties":{"lines":"M61","color":"#0059a9","mode":"bus","arr":["M61"],"angle":80.7,"extra":1,"ei":6}},{"type":"Feature","geometry":{"type":"Point","coordinates":[23.653821,46.728639]},"properties":{"lines":"M61","color":"#0059a9","mode":"bus","arr":["M61"],"angle":58.9,"extra":1,"ei":7}},{"type":"Feature","geometry":{"type":"Point","coordinates":[23.636547,46.751777]},"properties":{"lines":"20, M13, M61","color":"#0059a9","mode":"bus","arr":["20","M13","M61"],"angle":36.2}},{"type":"Feature","geometry":{"type":"Point","coordinates":[23.650749,46.744444]},"properties":{"lines":"20, M13, M61","color":"#0059a9","mode":"bus","arr":["20","M13","M61"],"angle":51.1,"extra":1,"ei":0}},{"type":"Feature","geometry":{"type":"Point","coordinates":[23.648954,46.745878]},"properties":{"lines":"20, M13, M61","color":"#0059a9","mode":"bus","arr":["20","M13","M61"],"angle":49.1,"extra":1,"ei":1}},{"type":"Feature","geometry":{"type":"Point","coordinates":[23.647132,46.747294]},"properties":{"lines":"20, M13, M61","color":"#0059a9","mode":"bus","arr":["20","M13","M61"],"angle":50.6,"extra":1,"ei":2}},{"type":"Feature","geometry":{"type":"Point","coordinates":[23.645295,46.748697]},"properties":{"lines":"20, M13, M61","color":"#0059a9","mode":"bus","arr":["20","M13","M61"],"angle":37.9,"extra":1,"ei":3}},{"type":"Feature","geometry":{"type":"Point","coordinates":[23.642911,46.749622]},"properties":{"lines":"20, M13, M61","color":"#0059a9","mode":"bus","arr":["20","M13","M61"],"angle":18.9,"extra":1,"ei":4}},{"type":"Feature","geometry":{"type":"Point","coordinates":[23.640218,46.749952]},"properties":{"lines":"20, M13, M61","color":"#0059a9","mode":"bus","arr":["20","M13","M61"],"angle":22.8,"extra":1,"ei":5}},{"type":"Feature","geometry":{"type":"Point","coordinates":[23.637978,46.75105]},"properties":{"lines":"20, M13, M61","color":"#0059a9","mode":"bus","arr":["20","M13","M61"],"angle":37.6,"extra":1,"ei":6}},{"type":"Feature","geometry":{"type":"Point","coordinates":[23.633194,46.752742]},"properties":{"lines":"20, M13, M61","color":"#0059a9","mode":"bus","arr":["20","M13","M61"],"angle":8.5,"extra":1,"ei":7}},{"type":"Feature","geometry":{"type":"Point","coordinates":[23.630773,46.753589]},"properties":{"lines":"20, M13, M61","color":"#0059a9","mode":"bus","arr":["20","M13","M61"],"angle":32,"extra":1,"ei":8}},{"type":"Feature","geometry":{"type":"Point","coordinates":[23.628439,46.754593]},"properties":{"lines":"20, M13, M61","color":"#0059a9","mode":"bus","arr":["20","M13","M61"],"angle":32.7,"extra":1,"ei":9}},{"type":"Feature","geometry":{"type":"Point","coordinates":[23.626322,46.755787]},"properties":{"lines":"20, M13, M61","color":"#0059a9","mode":"bus","arr":["20","M13","M61"],"angle":45.5,"extra":1,"ei":10}},{"type":"Feature","geometry":{"type":"Point","coordinates":[23.62409,46.756872]},"properties":{"lines":"20, M13, M61","color":"#0059a9","mode":"bus","arr":["20","M13","M61"],"angle":21.9,"extra":1,"ei":11}},{"type":"Feature","geometry":{"type":"Point","coordinates":[23.62141,46.757275]},"properties":{"lines":"20, M13, M61","color":"#0059a9","mode":"bus","arr":["20","M13","M61"],"angle":-4.7,"extra":1,"ei":12}},{"type":"Feature","geometry":{"type":"Point","coordinates":[23.606346,46.763133]},"properties":{"lines":"21","color":"#0059a9","mode":"bus","arr":["21"],"angle":-78.8,"mi":1}},{"type":"Feature","geometry":{"type":"Point","coordinates":[23.606971,46.759816]},"properties":{"lines":"21","color":"#0059a9","mode":"bus","arr":["21"],"angle":68.4}},{"type":"Feature","geometry":{"type":"Point","coordinates":[23.606312,46.760923]},"properties":{"lines":"21","color":"#0059a9","mode":"bus","arr":["21"],"angle":67.9,"extra":1,"ei":0}},{"type":"Feature","geometry":{"type":"Point","coordinates":[23.609736,46.755877]},"properties":{"lines":"21","color":"#0059a9","mode":"bus","arr":["21"],"angle":55.1,"mi":3}},{"type":"Feature","geometry":{"type":"Point","coordinates":[23.608716,46.75699]},"properties":{"lines":"21","color":"#0059a9","mode":"bus","arr":["21"],"angle":57.5,"extra":1,"ei":0}},{"type":"Feature","geometry":{"type":"Point","coordinates":[23.610118,46.752001]},"properties":{"lines":"21, 45","color":"#0059a9","mode":"bus","arr":["21","45"],"angle":-55.6}},{"type":"Feature","geometry":{"type":"Point","coordinates":[23.611162,46.753258]},"properties":{"lines":"21, 45","color":"#0059a9","mode":"bus","arr":["21","45"],"angle":-63.7,"extra":1,"ei":0}},{"type":"Feature","geometry":{"type":"Point","coordinates":[23.607656,46.750459]},"properties":{"lines":"21, 45","color":"#0059a9","mode":"bus","arr":["21","45"],"angle":-20.2,"extra":1,"ei":1}},{"type":"Feature","geometry":{"type":"Point","coordinates":[23.60013,46.748743]},"properties":{"lines":"21, 45","color":"#0059a9","mode":"bus","arr":["21","45"],"angle":-18.9,"mi":1}},{"type":"Feature","geometry":{"type":"Point","coordinates":[23.605955,46.750083]},"properties":{"lines":"21, 45","color":"#0059a9","mode":"bus","arr":["21","45"],"angle":-17.8,"extra":1,"ei":0}},{"type":"Feature","geometry":{"type":"Point","coordinates":[23.603344,46.749478]},"properties":{"lines":"21, 45","color":"#0059a9","mode":"bus","arr":["21","45"],"angle":-19.5,"extra":1,"ei":1}},{"type":"Feature","geometry":{"type":"Point","coordinates":[23.59813,46.748252]},"properties":{"lines":"21, 45","color":"#0059a9","mode":"bus","arr":["21","45"],"angle":-18.8,"extra":1,"ei":2}},{"type":"Feature","geometry":{"type":"Point","coordinates":[23.595519,46.747645]},"properties":{"lines":"21, 45","color":"#0059a9","mode":"bus","arr":["21","45"],"angle":-20,"extra":1,"ei":3}},{"type":"Feature","geometry":{"type":"Point","coordinates":[23.591933,46.742634]},"properties":{"lines":"21, 40, 43B, M11, M12, M16, M17, M18, M71","color":"#0059a9","mode":"bus","arr":["21","40","43B","M11","M12","M16","M17","M18","M71"],"angle":-83}},{"type":"Feature","geometry":{"type":"Point","coordinates":[23.592595,46.746076]},"properties":{"lines":"21, 40, 43B, M11, M12, M16, M17, M18, M71","color":"#0059a9","mode":"bus","arr":["21","40","43B","M11","M12","M16","M17","M18","M71"],"angle":-82.5,"extra":1,"ei":0}},{"type":"Feature","geometry":{"type":"Point","coordinates":[23.592237,46.744204]},"properties":{"lines":"21, 40, 43B, M11, M12, M16, M17, M18, M71","color":"#0059a9","mode":"bus","arr":["21","40","43B","M11","M12","M16","M17","M18","M71"],"angle":-82.2,"extra":1,"ei":1}},{"type":"Feature","geometry":{"type":"Point","coordinates":[23.591508,46.74046]},"properties":{"lines":"21, 40, 43B, M11, M12, M16, M17, M18, M71","color":"#0059a9","mode":"bus","arr":["21","40","43B","M11","M12","M16","M17","M18","M71"],"angle":-82,"extra":1,"ei":2}},{"type":"Feature","geometry":{"type":"Point","coordinates":[23.591144,46.738589]},"properties":{"lines":"21, 40, 43B, M11, M12, M16, M17, M18, M71","color":"#0059a9","mode":"bus","arr":["21","40","43B","M11","M12","M16","M17","M18","M71"],"angle":-86.5,"extra":1,"ei":3}},{"type":"Feature","geometry":{"type":"Point","coordinates":[23.59234,46.744155]},"properties":{"lines":"21, 40, 43B, M11, M12, M16","color":"#0059a9","mode":"bus","arr":["21","40","43B","M11","M12","M16"],"angle":-83,"side":-1}},{"type":"Feature","geometry":{"type":"Point","coordinates":[23.591431,46.739634]},"properties":{"lines":"21, 40, 43B, M11, M12, M16","color":"#0059a9","mode":"bus","arr":["21","40","43B","M11","M12","M16"],"angle":-80.8,"side":-1,"mi":1}},{"type":"Feature","geometry":{"type":"Point","coordinates":[23.591972,46.74226]},"properties":{"lines":"21, 40, 43B, M11, M12, M16","color":"#0059a9","mode":"bus","arr":["21","40","43B","M11","M12","M16"],"angle":-82.5,"extra":1,"ei":0,"side":-1}},{"type":"Feature","geometry":{"type":"Point","coordinates":[23.592691,46.746005]},"properties":{"lines":"21, 40, 43B, M11, M12, M16","color":"#0059a9","mode":"bus","arr":["21","40","43B","M11","M12","M16"],"angle":-82.5,"extra":1,"ei":1,"side":-1}},{"type":"Feature","geometry":{"type":"Point","coordinates":[23.596174,46.755335]},"properties":{"lines":"40, M11, M12, M16","color":"#0059a9","mode":"bus","arr":["40","M11","M12","M16"],"angle":-89.3}},{"type":"Feature","geometry":{"type":"Point","coordinates":[23.60256,46.763941]},"properties":{"lines":"21","color":"#0059a9","mode":"bus","arr":["21"],"angle":40.2,"mi":2}},{"type":"Feature","geometry":{"type":"Point","coordinates":[23.604914,46.762529]},"properties":{"lines":"21","color":"#0059a9","mode":"bus","arr":["21"],"angle":41.2,"extra":1,"ei":0}},{"type":"Feature","geometry":{"type":"Point","coordinates":[23.600651,46.764918]},"properties":{"lines":"21","color":"#0059a9","mode":"bus","arr":["21"],"angle":36.2,"extra":1,"ei":1}},{"type":"Feature","geometry":{"type":"Point","coordinates":[23.598694,46.766251]},"properties":{"lines":"21, 35, 40, 46, 46B, 46L, 50, 50D, 50L, M11, M12, M16, M17, M18, M71, 54N","color":"#0059a9","mode":"bus","arr":["21","35","40","46","46B","46L","50","50D","50L","M11","M12","M16","M17","M18","M71","54N"],"angle":62.6,"l0":"21, 35, 40, 46, 46B, 46L, 50, 50D, 50L, M11, M12, M16, M17, M18, M71","c0":"#0059a9","l1":"\n","c1":"#000000","l2":"54N","c2":"#000000","bl0":"21, 35, 40, 46, 46B, 46L, 50, 50D, 50L, M11, M12, M16, M17, M18, M71","bc0":"#0059a9","bl1":"\n","bc1":"#000000","bl2":"54N","bc2":"#000000"}},{"type":"Feature","geometry":{"type":"Point","coordinates":[23.598366,46.76707]},"properties":{"lines":"21, 35, 40, 46, 46B, 46L, 50, 50D, 50L, M11, M12, M16, M71, 54N","color":"#0059a9","mode":"bus","arr":["21","35","40","46","46B","46L","50","50D","50L","M11","M12","M16","M71","54N"],"angle":-58.2,"side":-1,"l0":"21, 35, 40, 46, 46B, 46L, 50, 50D, 50L, M11, M12, M16, M71","c0":"#0059a9","l1":"\n","c1":"#000000","l2":"54N","c2":"#000000","bl0":"21, 35, 40, 46, 46B, 46L, 50, 50D, 50L, M11, M12, M16, M71","bc0":"#0059a9","bl1":"\n","bc1":"#000000","bl2":"54N","bc2":"#000000"}},{"type":"Feature","geometry":{"type":"Point","coordinates":[23.590175,46.774457]},"properties":{"lines":"21, 26, 32B, 36L, 41, M26","color":"#0059a9","mode":"bus","arr":["21","26","32B","36L","41","M26"],"angle":60.6}},{"type":"Feature","geometry":{"type":"Point","coordinates":[23.589587,46.775857]},"properties":{"lines":"22, 26, 26L, 27, 28B, 37, 41, M31","color":"#0059a9","mode":"bus","arr":["22","26","26L","27","28B","37","41","M31"],"angle":-42.8}},{"type":"Feature","geometry":{"type":"Point","coordinates":[23.588347,46.775119]},"properties":{"lines":"22, 26, 26L, 27, 28, 28B, 37, 41, M31","color":"#0059a9","mode":"bus","arr":["22","26","26L","27","28","28B","37","41","M31"],"angle":-30.3}},{"type":"Feature","geometry":{"type":"Point","coordinates":[23.586195,46.768245]},"properties":{"lines":"22","color":"#0059a9","mode":"bus","arr":["22"],"angle":60.8,"mi":8}},{"type":"Feature","geometry":{"type":"Point","coordinates":[23.587459,46.765664]},"properties":{"lines":"22","color":"#0059a9","mode":"bus","arr":["22"],"angle":78,"mi":2}},{"type":"Feature","geometry":{"type":"Point","coordinates":[23.586421,46.763625]},"properties":{"lines":"22","color":"#0059a9","mode":"bus","arr":["22"],"angle":-11.8,"mi":1}},{"type":"Feature","geometry":{"type":"Point","coordinates":[23.58207,46.762214]},"properties":{"lines":"22","color":"#0059a9","mode":"bus","arr":["22"],"angle":-48.4,"mi":4}},{"type":"Feature","geometry":{"type":"Point","coordinates":[23.583547,46.76298]},"properties":{"lines":"22","color":"#0059a9","mode":"bus","arr":["22"],"angle":-33.1,"extra":1,"ei":0}},{"type":"Feature","geometry":{"type":"Point","coordinates":[23.581957,46.760042]},"properties":{"lines":"22","color":"#0059a9","mode":"bus","arr":["22"],"angle":3.7,"mi":9}},{"type":"Feature","geometry":{"type":"Point","coordinates":[23.584203,46.760248]},"properties":{"lines":"22","color":"#0059a9","mode":"bus","arr":["22"],"angle":-7.2,"mi":7}},{"type":"Feature","geometry":{"type":"Point","coordinates":[23.584399,46.761637]},"properties":{"lines":"22","color":"#0059a9","mode":"bus","arr":["22"],"angle":59.1,"mi":3}},{"type":"Feature","geometry":{"type":"Point","coordinates":[23.585193,46.765031]},"properties":{"lines":"22","color":"#0059a9","mode":"bus","arr":["22"],"angle":-80.3}},{"type":"Feature","geometry":{"type":"Point","coordinates":[23.585475,46.766907]},"properties":{"lines":"22","color":"#0059a9","mode":"bus","arr":["22"],"angle":-60.9,"mi":5}},{"type":"Feature","geometry":{"type":"Point","coordinates":[23.585502,46.767972]},"properties":{"lines":"22","color":"#0059a9","mode":"bus","arr":["22"],"angle":66,"mi":6}},{"type":"Feature","geometry":{"type":"Point","coordinates":[23.612654,46.785527]},"properties":{"lines":"23, 50, 50D, 50L, 52, 52L","color":"#0059a9","mode":"bus","arr":["23","50","50D","50L","52","52L"],"tLines":"23","ntLines":"50, 50D, 50L, 52, 52L","angle":-27.2}},{"type":"Feature","geometry":{"type":"Point","coordinates":[23.597471,46.781343]},"properties":{"lines":"23, 41, 50, 50D, 50L, 52, 52L","color":"#0059a9","mode":"bus","arr":["23","41","50","50D","50L","52","52L"],"tLines":"23","ntLines":"41, 50, 50D, 50L, 52, 52L","angle":-15.7}},{"type":"Feature","geometry":{"type":"Point","coordinates":[23.595695,46.78048]},"properties":{"lines":"23, 41, 50, 50D, 50L, 52, 52L","color":"#0059a9","mode":"bus","arr":["23","41","50","50D","50L","52","52L"],"tLines":"23","ntLines":"41, 50, 50D, 50L, 52, 52L","angle":67.8,"mi":1}},{"type":"Feature","geometry":{"type":"Point","coordinates":[23.624165,46.772118]},"properties":{"lines":"24, 24B, 34, 44, 45, 48, 48L, 57, 57L","color":"#0059a9","mode":"bus","arr":["24","24B","34","44","45","48","48L","57","57L"],"angle":41.5,"mi":1}},{"type":"Feature","geometry":{"type":"Point","coordinates":[23.623513,46.772453]},"properties":{"lines":"24, 24B, 34, 44, 45, 48, 48L, 57, 57L","color":"#0059a9","mode":"bus","arr":["24","24B","34","44","45","48","48L","57","57L"],"angle":29.4}},{"type":"Feature","geometry":{"type":"Point","coordinates":[23.619817,46.778697]},"properties":{"lines":"24, 48, 48L","color":"#0059a9","mode":"bus","arr":["24","48","48L"],"angle":-81.9}},{"type":"Feature","geometry":{"type":"Point","coordinates":[23.618976,46.779276]},"properties":{"lines":"24, 48, 48L, 53","color":"#0059a9","mode":"bus","arr":["24","48","48L","53"],"angle":-21.8}},{"type":"Feature","geometry":{"type":"Point","coordinates":[23.624566,46.77206]},"properties":{"lines":"24B, 34, 57L","color":"#0059a9","mode":"bus","arr":["24B","34","57L"],"angle":36,"mi":1}},{"type":"Feature","geometry":{"type":"Point","coordinates":[23.622434,46.773293]},"properties":{"lines":"24B, 34, 57L","color":"#0059a9","mode":"bus","arr":["24B","34","57L"],"angle":62.4}},{"type":"Feature","geometry":{"type":"Point","coordinates":[23.549548,46.758711]},"properties":{"lines":"24B, 52, 52L, M23, M24, M26","color":"#0059a9","mode":"bus","arr":["24B","52","52L","M23","M24","M26"],"angle":-18.4}},{"type":"Feature","geometry":{"type":"Point","coordinates":[23.541606,46.75675]},"properties":{"lines":"24B, M23, M24, M25, M26, M51U","color":"#0059a9","mode":"bus","arr":["24B","M23","M24","M25","M26","M51U"],"angle":-18.1}},{"type":"Feature","geometry":{"type":"Point","coordinates":[23.53751,46.755768]},"properties":{"lines":"24B, 28B, 43P, M21, M22, M23, M24, M25, M26, M27, M51, M51U, M52, M81","color":"#0059a9","mode":"bus","arr":["24B","28B","43P","M21","M22","M23","M24","M25","M26","M27","M51","M51U","M52","M81"],"angle":-20}},{"type":"Feature","geometry":{"type":"Point","coordinates":[23.533617,46.754658]},"properties":{"lines":"24B, 28B, 43P, M21, M22, M23, M24, M25, M26, M27, M51, M51U, M52, M81","color":"#0059a9","mode":"bus","arr":["24B","28B","43P","M21","M22","M23","M24","M25","M26","M27","M51","M51U","M52","M81"],"angle":-38,"side":-1,"mi":1}},{"type":"Feature","geometry":{"type":"Point","coordinates":[23.534071,46.754321]},"properties":{"lines":"24B, 28B, 43P, M27","color":"#0059a9","mode":"bus","arr":["24B","28B","43P","M27"],"angle":75.1}},{"type":"Feature","geometry":{"type":"Point","coordinates":[23.533591,46.753612]},"properties":{"lines":"24B, 28B, 43P","color":"#0059a9","mode":"bus","arr":["24B","28B","43P"],"angle":-5.6}},{"type":"Feature","geometry":{"type":"Point","coordinates":[23.531996,46.75348]},"properties":{"lines":"24B, 28B, 43P","color":"#0059a9","mode":"bus","arr":["24B","28B","43P"],"angle":-13.4,"mi":1}},{"type":"Feature","geometry":{"type":"Point","coordinates":[23.557453,46.759753]},"properties":{"lines":"24B, 52, 52L","color":"#0059a9","mode":"bus","arr":["24B","52","52L"],"angle":-3.6}},{"type":"Feature","geometry":{"type":"Point","coordinates":[23.559508,46.760194]},"properties":{"lines":"24B, 52, 52L","color":"#0059a9","mode":"bus","arr":["24B","52","52L"],"angle":-6.4,"side":-1,"mi":1}},{"type":"Feature","geometry":{"type":"Point","coordinates":[23.601501,46.767708]},"properties":{"lines":"57, 57L, 25N","color":"#0059a9","mode":"bus","arr":["57","57L","25N"],"tLines":"25N","ntLines":"57, 57L","angle":-68.3,"side":-1,"l0":"57, 57L","c0":"#0059a9","l1":"\n","c1":"#000000","l2":"25N","c2":"#000000","bl0":"57, 57L","bc0":"#0059a9","bl1":"\n","bc1":"#000000","bl2":"25N","bc2":"#000000"}},{"type":"Feature","geometry":{"type":"Point","coordinates":[23.60914,46.768957]},"properties":{"lines":"57L, 25N","color":"#0059a9","mode":"bus","arr":["57L","25N"],"tLines":"25N","ntLines":"57L","angle":-38.2,"side":-1,"l0":"57L","c0":"#0059a9","l1":"\n","c1":"#000000","l2":"25N","c2":"#000000","bl0":"57L","bc0":"#0059a9","bl1":"\n","bc1":"#000000","bl2":"25N","bc2":"#000000"}},{"type":"Feature","geometry":{"type":"Point","coordinates":[23.620465,46.764468]},"properties":{"lines":"33, 34, 48, 48L","color":"#0059a9","mode":"bus","arr":["33","34","48","48L"],"angle":77.8}},{"type":"Feature","geometry":{"type":"Point","coordinates":[23.619059,46.767893]},"properties":{"lines":"33, 34, 48, 48L","color":"#0059a9","mode":"bus","arr":["33","34","48","48L"],"angle":73.7,"mi":2}},{"type":"Feature","geometry":{"type":"Point","coordinates":[23.620934,46.763013]},"properties":{"lines":"33, 34, 48, 48L","color":"#0059a9","mode":"bus","arr":["33","34","48","48L"],"angle":78,"extra":1,"ei":0}},{"type":"Feature","geometry":{"type":"Point","coordinates":[23.61958,46.766673]},"properties":{"lines":"33, 34, 48, 48L","color":"#0059a9","mode":"bus","arr":["33","34","48","48L"],"angle":73.8,"extra":1,"ei":1,"side":-1}},{"type":"Feature","geometry":{"type":"Point","coordinates":[23.546266,46.763091]},"properties":{"lines":"28B, 43, 43B","color":"#0059a9","mode":"bus","arr":["28B","43","43B"],"angle":-54.9,"mi":1}},{"type":"Feature","geometry":{"type":"Point","coordinates":[23.543703,46.760037]},"properties":{"lines":"28B, 43, 43B","color":"#0059a9","mode":"bus","arr":["28B","43","43B"],"angle":-71.2}},{"type":"Feature","geometry":{"type":"Point","coordinates":[23.547484,46.764258]},"properties":{"lines":"28B, 43, 43B","color":"#0059a9","mode":"bus","arr":["28B","43","43B"],"angle":-53.9,"extra":1,"ei":0}},{"type":"Feature","geometry":{"type":"Point","coordinates":[23.54439,46.761147]},"properties":{"lines":"28B, 43, 43B","color":"#0059a9","mode":"bus","arr":["28B","43","43B"],"angle":-71.1,"extra":1,"ei":1,"side":-1}},{"type":"Feature","geometry":{"type":"Point","coordinates":[23.54939,46.765463]},"properties":{"lines":"26, 26L, 27, 28, 28B, 30, 41, 43, 43B, 44, 54N","color":"#0059a9","mode":"bus","arr":["26","26L","27","28","28B","30","41","43","43B","44","54N"],"angle":-19.5,"side":-1,"l0":"26, 26L, 27, 28, 28B, 30, 41, 43, 43B, 44","c0":"#0059a9","l1":"\n","c1":"#000000","l2":"54N","c2":"#000000","bl0":"26, 26L, 27, 28, 28B, 30, 41, 43, 43B, 44","bc0":"#0059a9","bl1":"\n","bc1":"#000000","bl2":"54N","bc2":"#000000"}},{"type":"Feature","geometry":{"type":"Point","coordinates":[23.55067,46.765885]},"properties":{"lines":"26, 26L, 27, 28, 41, 44, 54N","color":"#0059a9","mode":"bus","arr":["26","26L","27","28","41","44","54N"],"angle":56.8,"l0":"26, 26L, 27, 28, 41, 44","c0":"#0059a9","l1":"\n","c1":"#000000","l2":"54N","c2":"#000000","bl0":"26, 26L, 27, 28, 41, 44","bc0":"#0059a9","bl1":"\n","bc1":"#000000","bl2":"54N","bc2":"#000000"}},{"type":"Feature","geometry":{"type":"Point","coordinates":[23.550559,46.765903]},"properties":{"lines":"26, 26L, 27, 28, 28B, 30, 41, 43, 43B, 44, 54N","color":"#0059a9","mode":"bus","arr":["26","26L","27","28","28B","30","41","43","43B","44","54N"],"angle":69,"side":-1,"mi":1,"l0":"26, 26L, 27, 28, 28B, 30, 41, 43, 43B, 44","c0":"#0059a9","l1":"\n","c1":"#000000","l2":"54N","c2":"#000000","bl0":"26, 26L, 27, 28, 28B, 30, 41, 43, 43B, 44","bc0":"#0059a9","bl1":"\n","bc1":"#000000","bl2":"54N","bc2":"#000000"}},{"type":"Feature","geometry":{"type":"Point","coordinates":[23.549681,46.765801]},"properties":{"lines":"26, 26L, 27, 28, 30, 41, 43, 43B, 44, 54N","color":"#0059a9","mode":"bus","arr":["26","26L","27","28","30","41","43","43B","44","54N"],"angle":-27,"l0":"26, 26L, 27, 28, 30, 41, 43, 43B, 44","c0":"#0059a9","l1":"\n","c1":"#000000","l2":"54N","c2":"#000000","bl0":"26, 26L, 27, 28, 30, 41, 43, 43B, 44","bc0":"#0059a9","bl1":"\n","bc1":"#000000","bl2":"54N","bc2":"#000000"}},{"type":"Feature","geometry":{"type":"Point","coordinates":[23.548098,46.765226]},"properties":{"lines":"43, 43B","color":"#0059a9","mode":"bus","arr":["43","43B"],"angle":-32.6}},{"type":"Feature","geometry":{"type":"Point","coordinates":[23.550196,46.766301]},"properties":{"lines":"26, 26L, 27, 28, 28B, 30, 41, 44, 54N","color":"#0059a9","mode":"bus","arr":["26","26L","27","28","28B","30","41","44","54N"],"angle":53.5,"mi":5,"l0":"26, 26L, 27, 28, 28B, 30, 41, 44","c0":"#0059a9","l1":"\n","c1":"#000000","l2":"54N","c2":"#000000","bl0":"26, 26L, 27, 28, 28B, 30, 41, 44","bc0":"#0059a9","bl1":"\n","bc1":"#000000","bl2":"54N","bc2":"#000000"}},{"type":"Feature","geometry":{"type":"Point","coordinates":[23.549945,46.766764]},"properties":{"lines":"26, 26L, 27, 28, 28B, 30, 41, 44, 54N","color":"#0059a9","mode":"bus","arr":["26","26L","27","28","28B","30","41","44","54N"],"angle":-88.5,"mi":6,"l0":"26, 26L, 27, 28, 28B, 30, 41, 44","c0":"#0059a9","l1":"\n","c1":"#000000","l2":"54N","c2":"#000000","bl0":"26, 26L, 27, 28, 28B, 30, 41, 44","bc0":"#0059a9","bl1":"\n","bc1":"#000000","bl2":"54N","bc2":"#000000"}},{"type":"Feature","geometry":{"type":"Point","coordinates":[23.552642,46.768347]},"properties":{"lines":"26, 26L, 27, 28, 28B, 30, 41, 44, 54N","color":"#0059a9","mode":"bus","arr":["26","26L","27","28","28B","30","41","44","54N"],"angle":-36.4,"mi":1,"l0":"26, 26L, 27, 28, 28B, 30, 41, 44","c0":"#0059a9","l1":"\n","c1":"#000000","l2":"54N","c2":"#000000","bl0":"26, 26L, 27, 28, 28B, 30, 41, 44","bc0":"#0059a9","bl1":"\n","bc1":"#000000","bl2":"54N","bc2":"#000000"}},{"type":"Feature","geometry":{"type":"Point","coordinates":[23.551092,46.767552]},"properties":{"lines":"26, 26L, 27, 28, 28B, 30, 41, 44, 54N","color":"#0059a9","mode":"bus","arr":["26","26L","27","28","28B","30","41","44","54N"],"angle":-36.6,"extra":1,"ei":0,"l0":"26, 26L, 27, 28, 28B, 30, 41, 44","c0":"#0059a9","l1":"\n","c1":"#000000","l2":"54N","c2":"#000000","bl0":"26, 26L, 27, 28, 28B, 30, 41, 44","bc0":"#0059a9","bl1":"\n","bc1":"#000000","bl2":"54N","bc2":"#000000"}},{"type":"Feature","geometry":{"type":"Point","coordinates":[23.56053,46.770196]},"properties":{"lines":"26, 26L, 27, 28, 28B, 30, 41, 44, 54N","color":"#0059a9","mode":"bus","arr":["26","26L","27","28","28B","30","41","44","54N"],"angle":-8.3,"l0":"26, 26L, 27, 28, 28B, 30, 41, 44","c0":"#0059a9","l1":"\n","c1":"#000000","l2":"54N","c2":"#000000","bl0":"26, 26L, 27, 28, 28B, 30, 41, 44","bc0":"#0059a9","bl1":"\n","bc1":"#000000","bl2":"54N","bc2":"#000000"}},{"type":"Feature","geometry":{"type":"Point","coordinates":[23.556699,46.769819]},"properties":{"lines":"26, 26L, 27, 28, 28B, 30, 41, 44, 54N","color":"#0059a9","mode":"bus","arr":["26","26L","27","28","28B","30","41","44","54N"],"angle":-8.4,"extra":1,"ei":0,"l0":"26, 26L, 27, 28, 28B, 30, 41, 44","c0":"#0059a9","l1":"\n","c1":"#000000","l2":"54N","c2":"#000000","bl0":"26, 26L, 27, 28, 28B, 30, 41, 44","bc0":"#0059a9","bl1":"\n","bc1":"#000000","bl2":"54N","bc2":"#000000"}},{"type":"Feature","geometry":{"type":"Point","coordinates":[23.564881,46.770639]},"properties":{"lines":"26, 26L, 27, 28, 28B, 30, 41, 44, 54N","color":"#0059a9","mode":"bus","arr":["26","26L","27","28","28B","30","41","44","54N"],"angle":-9.5,"extra":1,"ei":1,"l0":"26, 26L, 27, 28, 28B, 30, 41, 44","c0":"#0059a9","l1":"\n","c1":"#000000","l2":"54N","c2":"#000000","bl0":"26, 26L, 27, 28, 28B, 30, 41, 44","bc0":"#0059a9","bl1":"\n","bc1":"#000000","bl2":"54N","bc2":"#000000"}},{"type":"Feature","geometry":{"type":"Point","coordinates":[23.565939,46.770325]},"properties":{"lines":"26, 26L, 27, 28, 28B, 30, 41, 44, 54N","color":"#0059a9","mode":"bus","arr":["26","26L","27","28","28B","30","41","44","54N"],"angle":68.9,"mi":2,"l0":"26, 26L, 27, 28, 28B, 30, 41, 44","c0":"#0059a9","l1":"\n","c1":"#000000","l2":"54N","c2":"#000000","bl0":"26, 26L, 27, 28, 28B, 30, 41, 44","bc0":"#0059a9","bl1":"\n","bc1":"#000000","bl2":"54N","bc2":"#000000"}},{"type":"Feature","geometry":{"type":"Point","coordinates":[23.56754,46.76893]},"properties":{"lines":"26, 26L, 27, 28, 28B, 30, 41, 44, 54N","color":"#0059a9","mode":"bus","arr":["26","26L","27","28","28B","30","41","44","54N"],"angle":53.2,"mi":3,"l0":"26, 26L, 27, 28, 28B, 30, 41, 44","c0":"#0059a9","l1":"\n","c1":"#000000","l2":"54N","c2":"#000000","bl0":"26, 26L, 27, 28, 28B, 30, 41, 44","bc0":"#0059a9","bl1":"\n","bc1":"#000000","bl2":"54N","bc2":"#000000"}},{"type":"Feature","geometry":{"type":"Point","coordinates":[23.568807,46.767695]},"properties":{"lines":"26, 26L, 27, 28, 28B, 30, 41, 44, 54N","color":"#0059a9","mode":"bus","arr":["26","26L","27","28","28B","30","41","44","54N"],"angle":57.7,"mi":4,"l0":"26, 26L, 27, 28, 28B, 30, 41, 44","c0":"#0059a9","l1":"\n","c1":"#000000","l2":"54N","c2":"#000000","bl0":"26, 26L, 27, 28, 28B, 30, 41, 44","bc0":"#0059a9","bl1":"\n","bc1":"#000000","bl2":"54N","bc2":"#000000"}},{"type":"Feature","geometry":{"type":"Point","coordinates":[23.589693,46.776777]},"properties":{"lines":"26, 26L, 39, 39L","color":"#0059a9","mode":"bus","arr":["26","26L","39","39L"],"angle":79.4}},{"type":"Feature","geometry":{"type":"Point","coordinates":[23.589668,46.779615]},"properties":{"lines":"26, 26L","color":"#0059a9","mode":"bus","arr":["26","26L"],"angle":-66.1,"mi":2}},{"type":"Feature","geometry":{"type":"Point","coordinates":[23.592104,46.784287]},"properties":{"lines":"26, 26L","color":"#0059a9","mode":"bus","arr":["26","26L"],"angle":-49}},{"type":"Feature","geometry":{"type":"Point","coordinates":[23.589259,46.778384]},"properties":{"lines":"26, 26L","color":"#0059a9","mode":"bus","arr":["26","26L"],"angle":84.2,"extra":1,"ei":0}},{"type":"Feature","geometry":{"type":"Point","coordinates":[23.593738,46.783887]},"properties":{"lines":"26, 26L","color":"#0059a9","mode":"bus","arr":["26","26L"],"angle":-53,"mi":1}},{"type":"Feature","geometry":{"type":"Point","coordinates":[23.585083,46.773433]},"properties":{"lines":"26, 26L, 27, 28, 28B, 41","color":"#0059a9","mode":"bus","arr":["26","26L","27","28","28B","41"],"angle":-30}},{"type":"Feature","geometry":{"type":"Point","coordinates":[23.579642,46.772309]},"properties":{"lines":"26, 26L, 27, 28, 28B, 41, 44","color":"#0059a9","mode":"bus","arr":["26","26L","27","28","28B","41","44"],"angle":-18.2,"mi":2}},{"type":"Feature","geometry":{"type":"Point","coordinates":[23.57244,46.771464]},"properties":{"lines":"26, 26L, 27, 28, 28B, 41, 44","color":"#0059a9","mode":"bus","arr":["26","26L","27","28","28B","41","44"],"angle":-8.5}},{"type":"Feature","geometry":{"type":"Point","coordinates":[23.56946,46.771139]},"properties":{"lines":"26, 26L, 27, 28, 28B, 41, 44","color":"#0059a9","mode":"bus","arr":["26","26L","27","28","28B","41","44"],"angle":-9,"extra":1,"ei":0}},{"type":"Feature","geometry":{"type":"Point","coordinates":[23.574912,46.771697]},"properties":{"lines":"26, 26L, 27, 28, 28B, 41, 44","color":"#0059a9","mode":"bus","arr":["26","26L","27","28","28B","41","44"],"angle":-7.9,"extra":1,"ei":1}},{"type":"Feature","geometry":{"type":"Point","coordinates":[23.56691,46.770858]},"properties":{"lines":"26, 26L, 27, 28, 28B, 41, 44","color":"#0059a9","mode":"bus","arr":["26","26L","27","28","28B","41","44"],"angle":-9.4,"mi":1}},{"type":"Feature","geometry":{"type":"Point","coordinates":[23.621705,46.76251]},"properties":{"lines":"34","color":"#0059a9","mode":"bus","arr":["34"],"angle":-20.4,"mi":9}},{"type":"Feature","geometry":{"type":"Point","coordinates":[23.620162,46.767009]},"properties":{"lines":"34","color":"#0059a9","mode":"bus","arr":["34"],"angle":-74,"mi":6}},{"type":"Feature","geometry":{"type":"Point","coordinates":[23.62885,46.768652]},"properties":{"lines":"34","color":"#0059a9","mode":"bus","arr":["34"],"angle":88,"mi":10}},{"type":"Feature","geometry":{"type":"Point","coordinates":[23.62216,46.767337]},"properties":{"lines":"34","color":"#0059a9","mode":"bus","arr":["34"],"angle":88,"mi":3}},{"type":"Feature","geometry":{"type":"Point","coordinates":[23.621699,46.767074]},"properties":{"lines":"34","color":"#0059a9","mode":"bus","arr":["34"],"angle":74.6,"mi":2}},{"type":"Feature","geometry":{"type":"Point","coordinates":[23.621451,46.765264]},"properties":{"lines":"34","color":"#0059a9","mode":"bus","arr":["34"],"angle":39.4,"mi":4}},{"type":"Feature","geometry":{"type":"Point","coordinates":[23.661864,46.797296]},"properties":{"lines":"26L, 36L, 48L, 50L, 52L, 57L","color":"#0059a9","mode":"bus","arr":["26L","36L","48L","50L","52L","57L"],"angle":-7.9}},{"type":"Feature","geometry":{"type":"Point","coordinates":[23.664776,46.796018]},"properties":{"lines":"26L, 36L, 48L, 50L, 52L, 57L","color":"#0059a9","mode":"bus","arr":["26L","36L","48L","50L","52L","57L"],"angle":89.6,"mi":1}},{"type":"Feature","geometry":{"type":"Point","coordinates":[23.579867,46.771711]},"properties":{"lines":"27","color":"#0059a9","mode":"bus","arr":["27"],"angle":-17.7}},{"type":"Feature","geometry":{"type":"Point","coordinates":[23.581638,46.772212]},"properties":{"lines":"27","color":"#0059a9","mode":"bus","arr":["27"],"angle":-48.5,"extra":1,"ei":0,"side":-1}},{"type":"Feature","geometry":{"type":"Point","coordinates":[23.54167,46.758063]},"properties":{"lines":"28B","color":"#0059a9","mode":"bus","arr":["28B"],"angle":-55.2,"mi":1}},{"type":"Feature","geometry":{"type":"Point","coordinates":[23.541247,46.756913]},"properties":{"lines":"28B","color":"#0059a9","mode":"bus","arr":["28B"],"angle":-57.6,"extra":1,"ei":0}},{"type":"Feature","geometry":{"type":"Point","coordinates":[23.544357,46.761313]},"properties":{"lines":"28B","color":"#0059a9","mode":"bus","arr":["28B"],"angle":-43.2}},{"type":"Feature","geometry":{"type":"Point","coordinates":[23.591779,46.776587]},"properties":{"lines":"29, 36B, 36L, 41, 50, 50D, 53","color":"#0059a9","mode":"bus","arr":["29","36B","36L","41","50","50D","53"],"angle":-41.3}},{"type":"Feature","geometry":{"type":"Point","coordinates":[23.593739,46.777949]},"properties":{"lines":"29, 36B, 36L, 41, 50, 50D, 50L, 53","color":"#0059a9","mode":"bus","arr":["29","36B","36L","41","50","50D","50L","53"],"angle":-37.7,"mi":1}},{"type":"Feature","geometry":{"type":"Point","coordinates":[23.594615,46.779028]},"properties":{"lines":"29, 36B, 36L, 41, 50, 50D, 50L, 53","color":"#0059a9","mode":"bus","arr":["29","36B","36L","41","50","50D","50L","53"],"angle":79}},{"type":"Feature","geometry":{"type":"Point","coordinates":[23.606286,46.780924]},"properties":{"lines":"29, 36B, 36L, 53","color":"#0059a9","mode":"bus","arr":["29","36B","36L","53"],"angle":-11.5}},{"type":"Feature","geometry":{"type":"Point","coordinates":[23.600601,46.78041]},"properties":{"lines":"29, 36B, 36L, 53","color":"#0059a9","mode":"bus","arr":["29","36B","36L","53"],"angle":-5.9,"extra":1,"ei":0}},{"type":"Feature","geometry":{"type":"Point","coordinates":[23.603341,46.780615]},"properties":{"lines":"29, 36B, 36L, 53","color":"#0059a9","mode":"bus","arr":["29","36B","36L","53"],"angle":-6.7,"extra":1,"ei":1}},{"type":"Feature","geometry":{"type":"Point","coordinates":[23.608766,46.781273]},"properties":{"lines":"29, 36B, 36L, 53","color":"#0059a9","mode":"bus","arr":["29","36B","36L","53"],"angle":-11.5,"extra":1,"ei":2}},{"type":"Feature","geometry":{"type":"Point","coordinates":[23.611468,46.781647]},"properties":{"lines":"29, 36B, 36L, 53","color":"#0059a9","mode":"bus","arr":["29","36B","36L","53"],"angle":-12,"extra":1,"ei":3}},{"type":"Feature","geometry":{"type":"Point","coordinates":[23.606886,46.782526]},"properties":{"lines":"29","color":"#0059a9","mode":"bus","arr":["29"],"angle":-38.3}},{"type":"Feature","geometry":{"type":"Point","coordinates":[23.605474,46.781585]},"properties":{"lines":"29","color":"#0059a9","mode":"bus","arr":["29"],"angle":-58,"extra":1,"ei":0}},{"type":"Feature","geometry":{"type":"Point","coordinates":[23.611296,46.783854]},"properties":{"lines":"29","color":"#0059a9","mode":"bus","arr":["29"],"angle":4.8,"mi":1}},{"type":"Feature","geometry":{"type":"Point","coordinates":[23.575265,46.767517]},"properties":{"lines":"30, M26, 54N","color":"#0059a9","mode":"bus","arr":["30","M26","54N"],"angle":72.4,"l0":"30, M26","c0":"#0059a9","l1":"\n","c1":"#000000","l2":"54N","c2":"#000000","bl0":"30, M26","bc0":"#0059a9","bl1":"\n","bc1":"#000000","bl2":"54N","bc2":"#000000"}},{"type":"Feature","geometry":{"type":"Point","coordinates":[23.574659,46.768916]},"properties":{"lines":"30, M26, 54N","color":"#0059a9","mode":"bus","arr":["30","M26","54N"],"angle":75,"extra":1,"ei":0,"l0":"30, M26","c0":"#0059a9","l1":"\n","c1":"#000000","l2":"54N","c2":"#000000","bl0":"30, M26","bc0":"#0059a9","bl1":"\n","bc1":"#000000","bl2":"54N","bc2":"#000000"}},{"type":"Feature","geometry":{"type":"Point","coordinates":[23.576327,46.765317]},"properties":{"lines":"30, M26, 54N","color":"#0059a9","mode":"bus","arr":["30","M26","54N"],"angle":67.6,"extra":1,"ei":1,"l0":"30, M26","c0":"#0059a9","l1":"\n","c1":"#000000","l2":"54N","c2":"#000000","bl0":"30, M26","bc0":"#0059a9","bl1":"\n","bc1":"#000000","bl2":"54N","bc2":"#000000"}},{"type":"Feature","geometry":{"type":"Point","coordinates":[23.584473,46.783804]},"properties":{"lines":"31, 39, 39L, 56, M31, M32, M33, M34, M35","color":"#0059a9","mode":"bus","arr":["31","39","39L","56","M31","M32","M33","M34","M35"],"angle":-13.2,"mi":1}},{"type":"Feature","geometry":{"type":"Point","coordinates":[23.582108,46.784318]},"properties":{"lines":"31, 39, 39L, 56, M31, M32, M33, M34, M35","color":"#0059a9","mode":"bus","arr":["31","39","39L","56","M31","M32","M33","M34","M35"],"angle":76.4,"side":-1}},{"type":"Feature","geometry":{"type":"Point","coordinates":[23.581084,46.7868]},"properties":{"lines":"31, 39, 39L, 56, M31, M32, M33, M34, M35","color":"#0059a9","mode":"bus","arr":["31","39","39L","56","M31","M32","M33","M34","M35"],"angle":67.2,"mi":2}},{"type":"Feature","geometry":{"type":"Point","coordinates":[23.568996,46.785753]},"properties":{"lines":"31, M31, M32, M33, M34","color":"#0059a9","mode":"bus","arr":["31","M31","M32","M33","M34"],"angle":-15.1}},{"type":"Feature","geometry":{"type":"Point","coordinates":[23.578837,46.787605]},"properties":{"lines":"31, M31, M32, M33, M34","color":"#0059a9","mode":"bus","arr":["31","M31","M32","M33","M34"],"angle":-15.1,"extra":1,"ei":0}},{"type":"Feature","geometry":{"type":"Point","coordinates":[23.576182,46.787098]},"properties":{"lines":"31, M31, M32, M33, M34","color":"#0059a9","mode":"bus","arr":["31","M31","M32","M33","M34"],"angle":-15.3,"extra":1,"ei":1}},{"type":"Feature","geometry":{"type":"Point","coordinates":[23.573521,46.786604]},"properties":{"lines":"31, M31, M32, M33, M34","color":"#0059a9","mode":"bus","arr":["31","M31","M32","M33","M34"],"angle":-15.6,"extra":1,"ei":2}},{"type":"Feature","geometry":{"type":"Point","coordinates":[23.570864,46.786102]},"properties":{"lines":"31, M31, M32, M33, M34","color":"#0059a9","mode":"bus","arr":["31","M31","M32","M33","M34"],"angle":-15.6,"extra":1,"ei":3}},{"type":"Feature","geometry":{"type":"Point","coordinates":[23.565539,46.785125]},"properties":{"lines":"31, M31, M32, M33, M34","color":"#0059a9","mode":"bus","arr":["31","M31","M32","M33","M34"],"angle":-14.8,"extra":1,"ei":4}},{"type":"Feature","geometry":{"type":"Point","coordinates":[23.562874,46.78464]},"properties":{"lines":"31, M31, M32, M33, M34","color":"#0059a9","mode":"bus","arr":["31","M31","M32","M33","M34"],"angle":-15.2,"extra":1,"ei":5}},{"type":"Feature","geometry":{"type":"Point","coordinates":[23.560208,46.784162]},"properties":{"lines":"31, M31, M32, M33, M34","color":"#0059a9","mode":"bus","arr":["31","M31","M32","M33","M34"],"angle":-14.4,"extra":1,"ei":6}},{"type":"Feature","geometry":{"type":"Point","coordinates":[23.554258,46.784946]},"properties":{"lines":"31, M31, M32, M33, M34","color":"#0059a9","mode":"bus","arr":["31","M31","M32","M33","M34"],"angle":25.1}},{"type":"Feature","geometry":{"type":"Point","coordinates":[23.556457,46.784094]},"properties":{"lines":"31, M31, M32, M33, M34","color":"#0059a9","mode":"bus","arr":["31","M31","M32","M33","M34"],"angle":32.9,"extra":1,"ei":0}},{"type":"Feature","geometry":{"type":"Point","coordinates":[23.551465,46.785661]},"properties":{"lines":"31, M31, M32, M33, M34","color":"#0059a9","mode":"bus","arr":["31","M31","M32","M33","M34"],"angle":17.2,"extra":1,"ei":1}},{"type":"Feature","geometry":{"type":"Point","coordinates":[23.543041,46.784292]},"properties":{"lines":"31, M31, M32, M34","color":"#0059a9","mode":"bus","arr":["31","M31","M32","M34"],"angle":-44.2}},{"type":"Feature","geometry":{"type":"Point","coordinates":[23.549198,46.785661]},"properties":{"lines":"31, M31, M32, M34","color":"#0059a9","mode":"bus","arr":["31","M31","M32","M34"],"angle":-7.5,"extra":1,"ei":0}},{"type":"Feature","geometry":{"type":"Point","coordinates":[23.546478,46.785357]},"properties":{"lines":"31, M31, M32, M34","color":"#0059a9","mode":"bus","arr":["31","M31","M32","M34"],"angle":-8.6,"extra":1,"ei":1}},{"type":"Feature","geometry":{"type":"Point","coordinates":[23.539155,46.784424]},"properties":{"lines":"31, M31, M32, M34","color":"#0059a9","mode":"bus","arr":["31","M31","M32","M34"],"angle":27.1,"extra":1,"ei":2}},{"type":"Feature","geometry":{"type":"Point","coordinates":[23.536702,46.785285]},"properties":{"lines":"31, M31, M32, M34","color":"#0059a9","mode":"bus","arr":["31","M31","M32","M34"],"angle":27.4,"extra":1,"ei":3}},{"type":"Feature","geometry":{"type":"Point","coordinates":[23.557257,46.78371]},"properties":{"lines":"31","color":"#0059a9","mode":"bus","arr":["31"],"angle":30.4,"side":-1}},{"type":"Feature","geometry":{"type":"Point","coordinates":[23.621983,46.762241]},"properties":{"lines":"33, 34, 48, 48L","color":"#0059a9","mode":"bus","arr":["33","34","48","48L"],"angle":-21.8,"mi":1}},{"type":"Feature","geometry":{"type":"Point","coordinates":[23.619387,46.767126]},"properties":{"lines":"33, 48, 48L","color":"#0059a9","mode":"bus","arr":["33","48","48L"],"angle":73.7}},{"type":"Feature","geometry":{"type":"Point","coordinates":[23.622821,46.762451]},"properties":{"lines":"33, 48, 48L","color":"#0059a9","mode":"bus","arr":["33","48","48L"],"angle":-64.4,"side":-1,"mi":1}},{"type":"Feature","geometry":{"type":"Point","coordinates":[23.623267,46.767669]},"properties":{"lines":"34","color":"#0059a9","mode":"bus","arr":["34"],"angle":-2.7,"mi":5}},{"type":"Feature","geometry":{"type":"Point","coordinates":[23.61969,46.76751]},"properties":{"lines":"34","color":"#0059a9","mode":"bus","arr":["34"],"angle":-13.7,"mi":8}},{"type":"Feature","geometry":{"type":"Point","coordinates":[23.612935,46.785482]},"properties":{"lines":"34","color":"#0059a9","mode":"bus","arr":["34"],"angle":-87.9,"side":-1,"mi":3}},{"type":"Feature","geometry":{"type":"Point","coordinates":[23.600904,46.785523]},"properties":{"lines":"34","color":"#0059a9","mode":"bus","arr":["34"],"angle":3.9}},{"type":"Feature","geometry":{"type":"Point","coordinates":[23.602722,46.785437]},"properties":{"lines":"34","color":"#0059a9","mode":"bus","arr":["34"],"angle":4.1,"extra":1,"ei":0}},{"type":"Feature","geometry":{"type":"Point","coordinates":[23.597329,46.78535]},"properties":{"lines":"34","color":"#0059a9","mode":"bus","arr":["34"],"angle":-58,"mi":1}},{"type":"Feature","geometry":{"type":"Point","coordinates":[23.596585,46.78516]},"properties":{"lines":"34","color":"#0059a9","mode":"bus","arr":["34"],"angle":33.6,"mi":2}},{"type":"Feature","geometry":{"type":"Point","coordinates":[23.585823,46.784015]},"properties":{"lines":"39, 39L, M31, M32, M34","color":"#0059a9","mode":"bus","arr":["39","39L","M31","M32","M34"],"angle":-27.3}},{"type":"Feature","geometry":{"type":"Point","coordinates":[23.621793,46.766242]},"properties":{"lines":"34","color":"#0059a9","mode":"bus","arr":["34"],"angle":5.4,"mi":1}},{"type":"Feature","geometry":{"type":"Point","coordinates":[23.621412,46.764869]},"properties":{"lines":"34","color":"#0059a9","mode":"bus","arr":["34"],"angle":-12.9,"mi":7}},{"type":"Feature","geometry":{"type":"Point","coordinates":[23.577915,46.752749]},"properties":{"lines":"35, 43, 43B, 45, 46, 46B, 46L, 50, 50D, 50L, 54N","color":"#0059a9","mode":"bus","arr":["35","43","43B","45","46","46B","46L","50","50D","50L","54N"],"angle":-24.9,"side":-1,"l0":"35, 43, 43B, 45, 46, 46B, 46L, 50, 50D, 50L","c0":"#0059a9","l1":"\n","c1":"#000000","l2":"54N","c2":"#000000","bl0":"35, 43, 43B, 45, 46, 46B, 46L, 50, 50D, 50L","bc0":"#0059a9","bl1":"\n","bc1":"#000000","bl2":"54N","bc2":"#000000"}},{"type":"Feature","geometry":{"type":"Point","coordinates":[23.589282,46.755329]},"properties":{"lines":"35, 43, 43B, 43P, 45, 46, 46B, 46L, 50, 50D, 50L, 54N","color":"#0059a9","mode":"bus","arr":["35","43","43B","43P","45","46","46B","46L","50","50D","50L","54N"],"angle":-9,"l0":"35, 43, 43B, 43P, 45, 46, 46B, 46L, 50, 50D, 50L","c0":"#0059a9","l1":"\n","c1":"#000000","l2":"54N","c2":"#000000","bl0":"35, 43, 43B, 43P, 45, 46, 46B, 46L, 50, 50D, 50L","bc0":"#0059a9","bl1":"\n","bc1":"#000000","bl2":"54N","bc2":"#000000"}},{"type":"Feature","geometry":{"type":"Point","coordinates":[23.580858,46.753545]},"properties":{"lines":"35, 43, 43B, 43P, 45, 46, 46B, 46L, 50, 50D, 50L, 54N","color":"#0059a9","mode":"bus","arr":["35","43","43B","43P","45","46","46B","46L","50","50D","50L","54N"],"angle":-22.2,"mi":1,"l0":"35, 43, 43B, 43P, 45, 46, 46B, 46L, 50, 50D, 50L","c0":"#0059a9","l1":"\n","c1":"#000000","l2":"54N","c2":"#000000","bl0":"35, 43, 43B, 43P, 45, 46, 46B, 46L, 50, 50D, 50L","bc0":"#0059a9","bl1":"\n","bc1":"#000000","bl2":"54N","bc2":"#000000"}},{"type":"Feature","geometry":{"type":"Point","coordinates":[23.586328,46.754824]},"properties":{"lines":"35, 43, 43B, 43P, 45, 46, 46B, 46L, 50, 50D, 50L, 54N","color":"#0059a9","mode":"bus","arr":["35","43","43B","43P","45","46","46B","46L","50","50D","50L","54N"],"angle":-15.6,"extra":1,"ei":0,"side":-1,"l0":"35, 43, 43B, 43P, 45, 46, 46B, 46L, 50, 50D, 50L","c0":"#0059a9","l1":"\n","c1":"#000000","l2":"54N","c2":"#000000","bl0":"35, 43, 43B, 43P, 45, 46, 46B, 46L, 50, 50D, 50L","bc0":"#0059a9","bl1":"\n","bc1":"#000000","bl2":"54N","bc2":"#000000"}},{"type":"Feature","geometry":{"type":"Point","coordinates":[23.591721,46.755581]},"properties":{"lines":"35, 43, 43B, 43P, 45, 46, 46B, 46L, 50, 50D, 50L, 54N","color":"#0059a9","mode":"bus","arr":["35","43","43B","43P","45","46","46B","46L","50","50D","50L","54N"],"angle":-8.6,"extra":1,"ei":1,"l0":"35, 43, 43B, 43P, 45, 46, 46B, 46L, 50, 50D, 50L","c0":"#0059a9","l1":"\n","c1":"#000000","l2":"54N","c2":"#000000","bl0":"35, 43, 43B, 43P, 45, 46, 46B, 46L, 50, 50D, 50L","bc0":"#0059a9","bl1":"\n","bc1":"#000000","bl2":"54N","bc2":"#000000"}},{"type":"Feature","geometry":{"type":"Point","coordinates":[23.5837,46.754287]},"properties":{"lines":"35, 43, 43B, 43P, 45, 46B, 46L, 50, 50D, 50L, 54N","color":"#0059a9","mode":"bus","arr":["35","43","43B","43P","45","46B","46L","50","50D","50L","54N"],"angle":-9.7,"side":-1,"l0":"35, 43, 43B, 43P, 45, 46B, 46L, 50, 50D, 50L","c0":"#0059a9","l1":"\n","c1":"#000000","l2":"54N","c2":"#000000","bl0":"35, 43, 43B, 43P, 45, 46B, 46L, 50, 50D, 50L","bc0":"#0059a9","bl1":"\n","bc1":"#000000","bl2":"54N","bc2":"#000000"}},{"type":"Feature","geometry":{"type":"Point","coordinates":[23.584569,46.754528]},"properties":{"lines":"35, 45, 46, 46L","color":"#0059a9","mode":"bus","arr":["35","45","46","46L"],"angle":-9.2}},{"type":"Feature","geometry":{"type":"Point","coordinates":[23.594203,46.75583]},"properties":{"lines":"35, 43B, 45, 46, 46B, 46L, 50, 50D, 50L, 54N","color":"#0059a9","mode":"bus","arr":["35","43B","45","46","46B","46L","50","50D","50L","54N"],"angle":-7.3,"l0":"35, 43B, 45, 46, 46B, 46L, 50, 50D, 50L","c0":"#0059a9","l1":"\n","c1":"#000000","l2":"54N","c2":"#000000","bl0":"35, 43B, 45, 46, 46B, 46L, 50, 50D, 50L","bc0":"#0059a9","bl1":"\n","bc1":"#000000","bl2":"54N","bc2":"#000000"}},{"type":"Feature","geometry":{"type":"Point","coordinates":[23.595296,46.755976]},"properties":{"lines":"35, 45, 46, 46B, 46L, 50, 50D, 50L, 54N","color":"#0059a9","mode":"bus","arr":["35","45","46","46B","46L","50","50D","50L","54N"],"angle":-13.1,"l0":"35, 45, 46, 46B, 46L, 50, 50D, 50L","c0":"#0059a9","l1":"\n","c1":"#000000","l2":"54N","c2":"#000000","bl0":"35, 45, 46, 46B, 46L, 50, 50D, 50L","bc0":"#0059a9","bl1":"\n","bc1":"#000000","bl2":"54N","bc2":"#000000"}},{"type":"Feature","geometry":{"type":"Point","coordinates":[23.596717,46.756107]},"properties":{"lines":"35, 40, 46, 46L, M12, M16","color":"#0059a9","mode":"bus","arr":["35","40","46","46L","M12","M16"],"angle":-32.3}},{"type":"Feature","geometry":{"type":"Point","coordinates":[23.598116,46.760061]},"properties":{"lines":"35, 40, 46, 46B, 46L, 50, 50D, 50L, M11, M12, M16, M17, M18, M71, 54N","color":"#0059a9","mode":"bus","arr":["35","40","46","46B","46L","50","50D","50L","M11","M12","M16","M17","M18","M71","54N"],"angle":74.2,"l0":"35, 40, 46, 46B, 46L, 50, 50D, 50L, M11, M12, M16, M17, M18, M71","c0":"#0059a9","l1":"\n","c1":"#000000","l2":"54N","c2":"#000000","bl0":"35, 40, 46, 46B, 46L, 50, 50D, 50L, M11, M12, M16, M17, M18, M71","bc0":"#0059a9","bl1":"\n","bc1":"#000000","bl2":"54N","bc2":"#000000"}},{"type":"Feature","geometry":{"type":"Point","coordinates":[23.597962,46.756808]},"properties":{"lines":"35, 40, 46, 46B, 46L, 50, 50D, 50L, M11, M12, M16, M17, M18, M71, 54N","color":"#0059a9","mode":"bus","arr":["35","40","46","46B","46L","50","50D","50L","M11","M12","M16","M17","M18","M71","54N"],"angle":-76.7,"mi":3,"l0":"35, 40, 46, 46B, 46L, 50, 50D, 50L, M11, M12, M16, M17, M18, M71","c0":"#0059a9","l1":"\n","c1":"#000000","l2":"54N","c2":"#000000","bl0":"35, 40, 46, 46B, 46L, 50, 50D, 50L, M11, M12, M16, M17, M18, M71","bc0":"#0059a9","bl1":"\n","bc1":"#000000","bl2":"54N","bc2":"#000000"}},{"type":"Feature","geometry":{"type":"Point","coordinates":[23.59865,46.765043]},"properties":{"lines":"35, 40, 46, 46B, 46L, 50, 50D, 50L, M11, M12, M16, M17, M18, M71, 54N","color":"#0059a9","mode":"bus","arr":["35","40","46","46B","46L","50","50D","50L","M11","M12","M16","M17","M18","M71","54N"],"angle":-74,"mi":1,"l0":"35, 40, 46, 46B, 46L, 50, 50D, 50L, M11, M12, M16, M17, M18, M71","c0":"#0059a9","l1":"\n","c1":"#000000","l2":"54N","c2":"#000000","bl0":"35, 40, 46, 46B, 46L, 50, 50D, 50L, M11, M12, M16, M17, M18, M71","bc0":"#0059a9","bl1":"\n","bc1":"#000000","bl2":"54N","bc2":"#000000"}},{"type":"Feature","geometry":{"type":"Point","coordinates":[23.598067,46.767336]},"properties":{"lines":"35, 40, 46, 46B, 46L, 50, 50D, 50L, M11, M12, M16, M17, M18, M71, 54N","color":"#0059a9","mode":"bus","arr":["35","40","46","46B","46L","50","50D","50L","M11","M12","M16","M17","M18","M71","54N"],"angle":83.4,"side":-1,"mi":2,"l0":"35, 40, 46, 46B, 46L, 50, 50D, 50L, M11, M12, M16, M17, M18, M71","c0":"#0059a9","l1":"\n","c1":"#000000","l2":"54N","c2":"#000000","bl0":"35, 40, 46, 46B, 46L, 50, 50D, 50L, M11, M12, M16, M17, M18, M71","bc0":"#0059a9","bl1":"\n","bc1":"#000000","bl2":"54N","bc2":"#000000"}},{"type":"Feature","geometry":{"type":"Point","coordinates":[23.598046,46.763268]},"properties":{"lines":"35, 40, 46, 46L, M12","color":"#0059a9","mode":"bus","arr":["35","40","46","46L","M12"],"angle":-79.1,"mi":1}},{"type":"Feature","geometry":{"type":"Point","coordinates":[23.598141,46.75837]},"properties":{"lines":"35, 40, 46, 46L, M12","color":"#0059a9","mode":"bus","arr":["35","40","46","46L","M12"],"angle":-44}},{"type":"Feature","geometry":{"type":"Point","coordinates":[23.597674,46.761237]},"properties":{"lines":"35, 40, 46, 46B, 46L, 50, 50D, 50L, M11, M12, M16, 54N","color":"#0059a9","mode":"bus","arr":["35","40","46","46B","46L","50","50D","50L","M11","M12","M16","54N"],"angle":83.4,"side":-1,"l0":"35, 40, 46, 46B, 46L, 50, 50D, 50L, M11, M12, M16","c0":"#0059a9","l1":"\n","c1":"#000000","l2":"54N","c2":"#000000","bl0":"35, 40, 46, 46B, 46L, 50, 50D, 50L, M11, M12, M16","bc0":"#0059a9","bl1":"\n","bc1":"#000000","bl2":"54N","bc2":"#000000"}},{"type":"Feature","geometry":{"type":"Point","coordinates":[23.59766,46.761725]},"properties":{"lines":"35, 46, 46L, M12","color":"#0059a9","mode":"bus","arr":["35","46","46L","M12"],"angle":-86.9}},{"type":"Feature","geometry":{"type":"Point","coordinates":[23.597485,46.761734]},"properties":{"lines":"35, 40, 46, 46B, 46L, 50, 50D, 50L, M11, M12, M16, 54N","color":"#0059a9","mode":"bus","arr":["35","40","46","46B","46L","50","50D","50L","M11","M12","M16","54N"],"angle":-87,"mi":1,"l0":"35, 40, 46, 46B, 46L, 50, 50D, 50L, M11, M12, M16","c0":"#0059a9","l1":"\n","c1":"#000000","l2":"54N","c2":"#000000","bl0":"35, 40, 46, 46B, 46L, 50, 50D, 50L, M11, M12, M16","bc0":"#0059a9","bl1":"\n","bc1":"#000000","bl2":"54N","bc2":"#000000"}},{"type":"Feature","geometry":{"type":"Point","coordinates":[23.577678,46.752749]},"properties":{"lines":"35, 43P, 45, 46L","color":"#0059a9","mode":"bus","arr":["35","43P","45","46L"],"angle":-17.5}},{"type":"Feature","geometry":{"type":"Point","coordinates":[23.620809,46.788184]},"properties":{"lines":"36B, 36L, 52, 52L","color":"#0059a9","mode":"bus","arr":["36B","36L","52","52L"],"angle":5.9}},{"type":"Feature","geometry":{"type":"Point","coordinates":[23.616849,46.788461]},"properties":{"lines":"36B, 36L, 52, 52L","color":"#0059a9","mode":"bus","arr":["36B","36L","52","52L"],"angle":5.8,"extra":1,"ei":0}},{"type":"Feature","geometry":{"type":"Point","coordinates":[23.625078,46.7879]},"properties":{"lines":"36B, 36L, 52, 52L","color":"#0059a9","mode":"bus","arr":["36B","36L","52","52L"],"angle":6,"extra":1,"ei":1}},{"type":"Feature","geometry":{"type":"Point","coordinates":[23.626714,46.787825]},"properties":{"lines":"36B","color":"#0059a9","mode":"bus","arr":["36B"],"angle":3.9}},{"type":"Feature","geometry":{"type":"Point","coordinates":[23.627904,46.787773]},"properties":{"lines":"36B","color":"#0059a9","mode":"bus","arr":["36B"],"angle":8.2,"mi":1}},{"type":"Feature","geometry":{"type":"Point","coordinates":[23.635428,46.787204]},"properties":{"lines":"36B, 36L, 52, 52L","color":"#0059a9","mode":"bus","arr":["36B","36L","52","52L"],"angle":5.9}},{"type":"Feature","geometry":{"type":"Point","coordinates":[23.629719,46.787603]},"properties":{"lines":"36B, 36L, 52, 52L","color":"#0059a9","mode":"bus","arr":["36B","36L","52","52L"],"angle":5.9,"extra":1,"ei":0}},{"type":"Feature","geometry":{"type":"Point","coordinates":[23.632461,46.787412]},"properties":{"lines":"36B, 36L, 52, 52L","color":"#0059a9","mode":"bus","arr":["36B","36L","52","52L"],"angle":5.8,"extra":1,"ei":1}},{"type":"Feature","geometry":{"type":"Point","coordinates":[23.637945,46.787021]},"properties":{"lines":"36B, 36L, 52, 52L","color":"#0059a9","mode":"bus","arr":["36B","36L","52","52L"],"angle":5.9,"extra":1,"ei":2}},{"type":"Feature","geometry":{"type":"Point","coordinates":[23.640686,46.786825]},"properties":{"lines":"36B, 36L, 52, 52L","color":"#0059a9","mode":"bus","arr":["36B","36L","52","52L"],"angle":5.2,"extra":1,"ei":3}},{"type":"Feature","geometry":{"type":"Point","coordinates":[23.644188,46.786575]},"properties":{"lines":"36B, 36L, 52L","color":"#0059a9","mode":"bus","arr":["36B","36L","52L"],"angle":5.4,"mi":5}},{"type":"Feature","geometry":{"type":"Point","coordinates":[23.645734,46.787439]},"properties":{"lines":"36B, 36L, 52L","color":"#0059a9","mode":"bus","arr":["36B","36L","52L"],"angle":86,"mi":4}},{"type":"Feature","geometry":{"type":"Point","coordinates":[23.646384,46.788858]},"properties":{"lines":"36B, 36L, 52L","color":"#0059a9","mode":"bus","arr":["36B","36L","52L"],"angle":-33.3}},{"type":"Feature","geometry":{"type":"Point","coordinates":[23.649103,46.786346]},"properties":{"lines":"36B, 36L, 52L","color":"#0059a9","mode":"bus","arr":["36B","36L","52L"],"angle":3.5,"mi":2}},{"type":"Feature","geometry":{"type":"Point","coordinates":[23.647579,46.789956]},"properties":{"lines":"36B, 36L, 52L","color":"#0059a9","mode":"bus","arr":["36B","36L","52L"],"angle":-83.7,"mi":3}},{"type":"Feature","geometry":{"type":"Point","coordinates":[23.652005,46.79112]},"properties":{"lines":"36B, 36L, 52L","color":"#0059a9","mode":"bus","arr":["36B","36L","52L"],"angle":-7.2,"mi":6}},{"type":"Feature","geometry":{"type":"Point","coordinates":[23.648892,46.790867]},"properties":{"lines":"36B, 36L, 52L","color":"#0059a9","mode":"bus","arr":["36B","36L","52L"],"angle":-5,"extra":1,"ei":0}},{"type":"Feature","geometry":{"type":"Point","coordinates":[23.654364,46.791324]},"properties":{"lines":"36B, 36L, 52L","color":"#0059a9","mode":"bus","arr":["36B","36L","52L"],"angle":-7.2,"extra":1,"ei":1}},{"type":"Feature","geometry":{"type":"Point","coordinates":[23.6544,46.788631]},"properties":{"lines":"36B, 36L, 52L","color":"#0059a9","mode":"bus","arr":["36B","36L","52L"],"angle":-52.2,"mi":7}},{"type":"Feature","geometry":{"type":"Point","coordinates":[23.655715,46.790405]},"properties":{"lines":"36B, 36L, 52L","color":"#0059a9","mode":"bus","arr":["36B","36L","52L"],"angle":-62.5,"extra":1,"ei":0}},{"type":"Feature","geometry":{"type":"Point","coordinates":[23.652249,46.787674]},"properties":{"lines":"36B, 36L, 52L","color":"#0059a9","mode":"bus","arr":["36B","36L","52L"],"angle":-20.6,"extra":1,"ei":1}},{"type":"Feature","geometry":{"type":"Point","coordinates":[23.650713,46.786952]},"properties":{"lines":"36B, 36L, 52L","color":"#0059a9","mode":"bus","arr":["36B","36L","52L"],"angle":71.9,"mi":1}},{"type":"Feature","geometry":{"type":"Point","coordinates":[23.648042,46.788179]},"properties":{"lines":"36B","color":"#0059a9","mode":"bus","arr":["36B"],"angle":77.6}},{"type":"Feature","geometry":{"type":"Point","coordinates":[23.62671,46.787759]},"properties":{"lines":"36L, 52, 52L","color":"#0059a9","mode":"bus","arr":["36L","52","52L"],"angle":5.6,"side":-1}},{"type":"Feature","geometry":{"type":"Point","coordinates":[23.627898,46.787687]},"properties":{"lines":"36L, 52, 52L","color":"#0059a9","mode":"bus","arr":["36L","52","52L"],"angle":1.4,"side":-1,"mi":1}},{"type":"Feature","geometry":{"type":"Point","coordinates":[23.65905,46.793892]},"properties":{"lines":"36L, 52L, 57L","color":"#0059a9","mode":"bus","arr":["36L","52L","57L"],"angle":-87.5}},{"type":"Feature","geometry":{"type":"Point","coordinates":[23.657707,46.792021]},"properties":{"lines":"36L, 52L, 57L","color":"#0059a9","mode":"bus","arr":["36L","52L","57L"],"angle":-40.7,"extra":1,"ei":0}},{"type":"Feature","geometry":{"type":"Point","coordinates":[23.659093,46.795454]},"properties":{"lines":"36L, 52L, 57L","color":"#0059a9","mode":"bus","arr":["36L","52L","57L"],"angle":-89.7,"extra":1,"ei":1}},{"type":"Feature","geometry":{"type":"Point","coordinates":[23.647048,46.787899]},"properties":{"lines":"36L, 52L","color":"#0059a9","mode":"bus","arr":["36L","52L"],"angle":82.6}},{"type":"Feature","geometry":{"type":"Point","coordinates":[23.584402,46.776869]},"properties":{"lines":"37, 38","color":"#0059a9","mode":"bus","arr":["37","38"],"angle":61.6}},{"type":"Feature","geometry":{"type":"Point","coordinates":[23.586032,46.774919]},"properties":{"lines":"37, 38","color":"#0059a9","mode":"bus","arr":["37","38"],"angle":50.4,"extra":1,"ei":0}},{"type":"Feature","geometry":{"type":"Point","coordinates":[23.583528,46.778276]},"properties":{"lines":"37, 38","color":"#0059a9","mode":"bus","arr":["37","38"],"angle":68.4,"extra":1,"ei":1}},{"type":"Feature","geometry":{"type":"Point","coordinates":[23.57197,46.780257]},"properties":{"lines":"37","color":"#0059a9","mode":"bus","arr":["37"],"angle":-1.1,"mi":4}},{"type":"Feature","geometry":{"type":"Point","coordinates":[23.563079,46.780361]},"properties":{"lines":"37","color":"#0059a9","mode":"bus","arr":["37"],"angle":11,"extra":1,"ei":0}},{"type":"Feature","geometry":{"type":"Point","coordinates":[23.565819,46.780154]},"properties":{"lines":"37","color":"#0059a9","mode":"bus","arr":["37"],"angle":6.5,"extra":1,"ei":1}},{"type":"Feature","geometry":{"type":"Point","coordinates":[23.568569,46.780118]},"properties":{"lines":"37","color":"#0059a9","mode":"bus","arr":["37"],"angle":-0.7,"extra":1,"ei":2}},{"type":"Feature","geometry":{"type":"Point","coordinates":[23.574073,46.780296]},"properties":{"lines":"37","color":"#0059a9","mode":"bus","arr":["37"],"angle":-1.8,"extra":1,"ei":3}},{"type":"Feature","geometry":{"type":"Point","coordinates":[23.576828,46.78034]},"properties":{"lines":"37","color":"#0059a9","mode":"bus","arr":["37"],"angle":2.2,"extra":1,"ei":4}},{"type":"Feature","geometry":{"type":"Point","coordinates":[23.579579,46.780228]},"properties":{"lines":"37","color":"#0059a9","mode":"bus","arr":["37"],"angle":5,"extra":1,"ei":5}},{"type":"Feature","geometry":{"type":"Point","coordinates":[23.561292,46.780168]},"properties":{"lines":"37","color":"#0059a9","mode":"bus","arr":["37"],"angle":-72.5}},{"type":"Feature","geometry":{"type":"Point","coordinates":[23.559533,46.779491]},"properties":{"lines":"37","color":"#0059a9","mode":"bus","arr":["37"],"angle":-7.6,"mi":1}},{"type":"Feature","geometry":{"type":"Point","coordinates":[23.55743,46.779916]},"properties":{"lines":"37","color":"#0059a9","mode":"bus","arr":["37"],"angle":89.7,"mi":2}},{"type":"Feature","geometry":{"type":"Point","coordinates":[23.554639,46.780486]},"properties":{"lines":"37","color":"#0059a9","mode":"bus","arr":["37"],"angle":-1.3,"mi":3}},{"type":"Feature","geometry":{"type":"Point","coordinates":[23.54911,46.780439]},"properties":{"lines":"37","color":"#0059a9","mode":"bus","arr":["37"],"angle":-0.3,"extra":1,"ei":0}},{"type":"Feature","geometry":{"type":"Point","coordinates":[23.551867,46.780443]},"properties":{"lines":"37","color":"#0059a9","mode":"bus","arr":["37"],"angle":-1.1,"extra":1,"ei":1}},{"type":"Feature","geometry":{"type":"Point","coordinates":[23.557379,46.780504]},"properties":{"lines":"37","color":"#0059a9","mode":"bus","arr":["37"],"angle":-0.8,"extra":1,"ei":2}},{"type":"Feature","geometry":{"type":"Point","coordinates":[23.560134,46.780527]},"properties":{"lines":"37","color":"#0059a9","mode":"bus","arr":["37"],"angle":11.8,"extra":1,"ei":3}},{"type":"Feature","geometry":{"type":"Point","coordinates":[23.584596,46.778584]},"properties":{"lines":"37, 38","color":"#0059a9","mode":"bus","arr":["37","38"],"angle":87.7,"mi":1}},{"type":"Feature","geometry":{"type":"Point","coordinates":[23.581973,46.779593]},"properties":{"lines":"38","color":"#0059a9","mode":"bus","arr":["38"],"angle":42,"side":-1,"mi":3}},{"type":"Feature","geometry":{"type":"Point","coordinates":[23.57775,46.778025]},"properties":{"lines":"38","color":"#0059a9","mode":"bus","arr":["38"],"angle":-39.6}},{"type":"Feature","geometry":{"type":"Point","coordinates":[23.580606,46.77948]},"properties":{"lines":"38","color":"#0059a9","mode":"bus","arr":["38"],"angle":-18.2,"extra":1,"ei":0}},{"type":"Feature","geometry":{"type":"Point","coordinates":[23.576154,46.777309]},"properties":{"lines":"38","color":"#0059a9","mode":"bus","arr":["38"],"angle":-33.1,"extra":1,"ei":1,"side":-1}},{"type":"Feature","geometry":{"type":"Point","coordinates":[23.574039,46.776106]},"properties":{"lines":"38","color":"#0059a9","mode":"bus","arr":["38"],"angle":-40.1,"extra":1,"ei":2,"side":-1}},{"type":"Feature","geometry":{"type":"Point","coordinates":[23.574821,46.777509]},"properties":{"lines":"38","color":"#0059a9","mode":"bus","arr":["38"],"angle":0.6,"mi":1}},{"type":"Feature","geometry":{"type":"Point","coordinates":[23.573679,46.776363]},"properties":{"lines":"38","color":"#0059a9","mode":"bus","arr":["38"],"angle":74.5,"mi":2}},{"type":"Feature","geometry":{"type":"Point","coordinates":[23.588291,46.777226]},"properties":{"lines":"39, 39L","color":"#0059a9","mode":"bus","arr":["39","39L"],"angle":-1}},{"type":"Feature","geometry":{"type":"Point","coordinates":[23.579644,46.788286]},"properties":{"lines":"39, 39L, 56, M35","color":"#0059a9","mode":"bus","arr":["39","39L","56","M35"],"angle":47.7}},{"type":"Feature","geometry":{"type":"Point","coordinates":[23.589718,46.791409]},"properties":{"lines":"39, 39L","color":"#0059a9","mode":"bus","arr":["39","39L"],"angle":-20.7}},{"type":"Feature","geometry":{"type":"Point","coordinates":[23.580398,46.789052]},"properties":{"lines":"39, 39L","color":"#0059a9","mode":"bus","arr":["39","39L"],"angle":-23.2,"extra":1,"ei":0}},{"type":"Feature","geometry":{"type":"Point","coordinates":[23.582925,46.789807]},"properties":{"lines":"39, 39L","color":"#0059a9","mode":"bus","arr":["39","39L"],"angle":-24,"extra":1,"ei":1}},{"type":"Feature","geometry":{"type":"Point","coordinates":[23.585355,46.790524]},"properties":{"lines":"39, 39L","color":"#0059a9","mode":"bus","arr":["39","39L"],"angle":-24.3,"extra":1,"ei":2}},{"type":"Feature","geometry":{"type":"Point","coordinates":[23.587968,46.79107]},"properties":{"lines":"39, 39L","color":"#0059a9","mode":"bus","arr":["39","39L"],"angle":-7.2,"extra":1,"ei":3}},{"type":"Feature","geometry":{"type":"Point","coordinates":[23.593253,46.792115]},"properties":{"lines":"39, 39L","color":"#0059a9","mode":"bus","arr":["39","39L"],"angle":-14.1,"extra":1,"ei":4}},{"type":"Feature","geometry":{"type":"Point","coordinates":[23.595815,46.792793]},"properties":{"lines":"39, 39L","color":"#0059a9","mode":"bus","arr":["39","39L"],"angle":-25.5,"extra":1,"ei":5}},{"type":"Feature","geometry":{"type":"Point","coordinates":[23.598313,46.793591]},"properties":{"lines":"39, 39L","color":"#0059a9","mode":"bus","arr":["39","39L"],"angle":-24.5,"extra":1,"ei":6}},{"type":"Feature","geometry":{"type":"Point","coordinates":[23.586606,46.822074]},"properties":{"lines":"39, 39L","color":"#0059a9","mode":"bus","arr":["39","39L"],"angle":-33.9,"mi":1}},{"type":"Feature","geometry":{"type":"Point","coordinates":[23.58987,46.822857]},"properties":{"lines":"39, 39L","color":"#0059a9","mode":"bus","arr":["39","39L"],"angle":2.9,"extra":1,"ei":0}},{"type":"Feature","geometry":{"type":"Point","coordinates":[23.585082,46.821459]},"properties":{"lines":"39, 39L","color":"#0059a9","mode":"bus","arr":["39","39L"],"angle":-29.5,"extra":1,"ei":1}},{"type":"Feature","geometry":{"type":"Point","coordinates":[23.582634,46.820661]},"properties":{"lines":"39, 39L","color":"#0059a9","mode":"bus","arr":["39","39L"],"angle":-41.5,"extra":1,"ei":2}},{"type":"Feature","geometry":{"type":"Point","coordinates":[23.580589,46.820253]},"properties":{"lines":"39, 39L","color":"#0059a9","mode":"bus","arr":["39","39L"],"angle":15.3}},{"type":"Feature","geometry":{"type":"Point","coordinates":[23.604537,46.811143]},"properties":{"lines":"39, 39L, M37, M38, M39, M39L","color":"#0059a9","mode":"bus","arr":["39","39L","M37","M38","M39","M39L"],"angle":66.4}},{"type":"Feature","geometry":{"type":"Point","coordinates":[23.607666,46.80015]},"properties":{"lines":"39, 39L, M37, M38, M39, M39L","color":"#0059a9","mode":"bus","arr":["39","39L","M37","M38","M39","M39L"],"angle":85,"extra":1,"ei":0}},{"type":"Feature","geometry":{"type":"Point","coordinates":[23.607438,46.802032]},"properties":{"lines":"39, 39L, M37, M38, M39, M39L","color":"#0059a9","mode":"bus","arr":["39","39L","M37","M38","M39","M39L"],"angle":87.8,"extra":1,"ei":1}},{"type":"Feature","geometry":{"type":"Point","coordinates":[23.607514,46.803916]},"properties":{"lines":"39, 39L, M37, M38, M39, M39L","color":"#0059a9","mode":"bus","arr":["39","39L","M37","M38","M39","M39L"],"angle":80.4,"extra":1,"ei":2}},{"type":"Feature","geometry":{"type":"Point","coordinates":[23.606526,46.805667]},"properties":{"lines":"39, 39L, M37, M38, M39, M39L","color":"#0059a9","mode":"bus","arr":["39","39L","M37","M38","M39","M39L"],"angle":63.6,"extra":1,"ei":3}},{"type":"Feature","geometry":{"type":"Point","coordinates":[23.60612,46.807523]},"properties":{"lines":"39, 39L, M37, M38, M39, M39L","color":"#0059a9","mode":"bus","arr":["39","39L","M37","M38","M39","M39L"],"angle":87.4,"extra":1,"ei":4}},{"type":"Feature","geometry":{"type":"Point","coordinates":[23.605749,46.809384]},"properties":{"lines":"39, 39L, M37, M38, M39, M39L","color":"#0059a9","mode":"bus","arr":["39","39L","M37","M38","M39","M39L"],"angle":72.9,"extra":1,"ei":5}},{"type":"Feature","geometry":{"type":"Point","coordinates":[23.60341,46.812801]},"properties":{"lines":"39, 39L, M37, M38, M39, M39L","color":"#0059a9","mode":"bus","arr":["39","39L","M37","M38","M39","M39L"],"angle":64,"extra":1,"ei":6}},{"type":"Feature","geometry":{"type":"Point","coordinates":[23.602353,46.814543]},"properties":{"lines":"39, 39L, M37, M38, M39, M39L","color":"#0059a9","mode":"bus","arr":["39","39L","M37","M38","M39","M39L"],"angle":70.6,"extra":1,"ei":7}},{"type":"Feature","geometry":{"type":"Point","coordinates":[23.601435,46.816324]},"properties":{"lines":"39, 39L, M37, M38, M39, M39L","color":"#0059a9","mode":"bus","arr":["39","39L","M37","M38","M39","M39L"],"angle":69.4,"extra":1,"ei":8}},{"type":"Feature","geometry":{"type":"Point","coordinates":[23.599954,46.81787]},"properties":{"lines":"39, 39L, M37, M38, M39, M39L","color":"#0059a9","mode":"bus","arr":["39","39L","M37","M38","M39","M39L"],"angle":48,"extra":1,"ei":9}},{"type":"Feature","geometry":{"type":"Point","coordinates":[23.59843,46.819441]},"properties":{"lines":"39, 39L, M37, M38, M39, M39L","color":"#0059a9","mode":"bus","arr":["39","39L","M37","M38","M39","M39L"],"angle":53.2,"extra":1,"ei":10}},{"type":"Feature","geometry":{"type":"Point","coordinates":[23.596198,46.82052]},"properties":{"lines":"39, 39L, M37, M38, M39, M39L","color":"#0059a9","mode":"bus","arr":["39","39L","M37","M38","M39","M39L"],"angle":29.5,"extra":1,"ei":11}},{"type":"Feature","geometry":{"type":"Point","coordinates":[23.593248,46.822038]},"properties":{"lines":"39, 39L, M38, M39, M39L","color":"#0059a9","mode":"bus","arr":["39","39L","M38","M39","M39L"],"angle":53.8}},{"type":"Feature","geometry":{"type":"Point","coordinates":[23.59212,46.823002]},"properties":{"lines":"39, 39L, M38, M39, M39L","color":"#0059a9","mode":"bus","arr":["39","39L","M38","M39","M39L"],"angle":3.8,"extra":1,"ei":0}},{"type":"Feature","geometry":{"type":"Point","coordinates":[23.586855,46.82497]},"properties":{"lines":"39, 39L, M38, M39, M39L","color":"#0059a9","mode":"bus","arr":["39","39L","M38","M39","M39L"],"angle":59.9,"mi":1}},{"type":"Feature","geometry":{"type":"Point","coordinates":[23.590447,46.823565]},"properties":{"lines":"39, 39L, M38, M39, M39L","color":"#0059a9","mode":"bus","arr":["39","39L","M38","M39","M39L"],"angle":34.8,"extra":1,"ei":0}},{"type":"Feature","geometry":{"type":"Point","coordinates":[23.584259,46.827018]},"properties":{"lines":"39, 39L, M38, M39, M39L","color":"#0059a9","mode":"bus","arr":["39","39L","M38","M39","M39L"],"angle":43.8,"extra":1,"ei":1}},{"type":"Feature","geometry":{"type":"Point","coordinates":[23.569543,46.837081]},"properties":{"lines":"39L, M38, M39, M39L","color":"#0059a9","mode":"bus","arr":["39L","M38","M39","M39L"],"angle":47.4}},{"type":"Feature","geometry":{"type":"Point","coordinates":[23.583102,46.828107]},"properties":{"lines":"39L, M38, M39, M39L","color":"#0059a9","mode":"bus","arr":["39L","M38","M39","M39L"],"angle":40}},{"type":"Feature","geometry":{"type":"Point","coordinates":[23.579709,46.830923]},"properties":{"lines":"39L, M38, M39, M39L","color":"#0059a9","mode":"bus","arr":["39L","M38","M39","M39L"],"angle":53.7,"extra":1,"ei":0}},{"type":"Feature","geometry":{"type":"Point","coordinates":[23.577912,46.832343]},"properties":{"lines":"39L, M38, M39, M39L","color":"#0059a9","mode":"bus","arr":["39L","M38","M39","M39L"],"angle":37.8,"extra":1,"ei":1}},{"type":"Feature","geometry":{"type":"Point","coordinates":[23.575641,46.833406]},"properties":{"lines":"39L, M38, M39, M39L","color":"#0059a9","mode":"bus","arr":["39L","M38","M39","M39L"],"angle":27.7,"extra":1,"ei":2}},{"type":"Feature","geometry":{"type":"Point","coordinates":[23.573259,46.834349]},"properties":{"lines":"39L, M38, M39, M39L","color":"#0059a9","mode":"bus","arr":["39L","M38","M39","M39L"],"angle":36.9,"extra":1,"ei":3}},{"type":"Feature","geometry":{"type":"Point","coordinates":[23.571414,46.835738]},"properties":{"lines":"39L, M38, M39, M39L","color":"#0059a9","mode":"bus","arr":["39L","M38","M39","M39L"],"angle":50.5,"extra":1,"ei":4}},{"type":"Feature","geometry":{"type":"Point","coordinates":[23.567249,46.838149]},"properties":{"lines":"39L, M38, M39, M39L","color":"#0059a9","mode":"bus","arr":["39L","M38","M39","M39L"],"angle":43.1,"extra":1,"ei":5}},{"type":"Feature","geometry":{"type":"Point","coordinates":[23.565238,46.839424]},"properties":{"lines":"39L, M38, M39, M39L","color":"#0059a9","mode":"bus","arr":["39L","M38","M39","M39L"],"angle":55.2,"extra":1,"ei":6}},{"type":"Feature","geometry":{"type":"Point","coordinates":[23.563333,46.840765]},"properties":{"lines":"39L, M38, M39, M39L","color":"#0059a9","mode":"bus","arr":["39L","M38","M39","M39L"],"angle":36.5,"extra":1,"ei":7}},{"type":"Feature","geometry":{"type":"Point","coordinates":[23.561077,46.841848]},"properties":{"lines":"39L, M38, M39, M39L","color":"#0059a9","mode":"bus","arr":["39L","M38","M39","M39L"],"angle":39.3,"extra":1,"ei":8}},{"type":"Feature","geometry":{"type":"Point","coordinates":[23.558951,46.843048]},"properties":{"lines":"39L, M38, M39, M39L","color":"#0059a9","mode":"bus","arr":["39L","M38","M39","M39L"],"angle":36.3,"extra":1,"ei":9}},{"type":"Feature","geometry":{"type":"Point","coordinates":[23.581627,46.829154]},"properties":{"lines":"39L, M38, M39, M39L","color":"#0059a9","mode":"bus","arr":["39L","M38","M39","M39L"],"angle":54.6,"mi":1}},{"type":"Feature","geometry":{"type":"Point","coordinates":[23.557236,46.844426]},"properties":{"lines":"M38","color":"#0059a9","mode":"bus","arr":["M38"],"angle":-85.5}},{"type":"Feature","geometry":{"type":"Point","coordinates":[23.557236,46.844426]},"properties":{"lines":"M39","color":"#0059a9","mode":"bus","arr":["M39"],"angle":-85.5}},{"type":"Feature","geometry":{"type":"Point","coordinates":[23.557236,46.844426]},"properties":{"lines":"M39L","color":"#0059a9","mode":"bus","arr":["M39L"],"angle":-85.5}},{"type":"Feature","geometry":{"type":"Point","coordinates":[23.594584,46.751011]},"properties":{"lines":"40, 43B, 45, M11, M12, M16","color":"#0059a9","mode":"bus","arr":["40","43B","45","M11","M12","M16"],"angle":-70.5}},{"type":"Feature","geometry":{"type":"Point","coordinates":[23.595907,46.754029]},"properties":{"lines":"40, 43B, 45, M11, M12, M16","color":"#0059a9","mode":"bus","arr":["40","43B","45","M11","M12","M16"],"angle":-81.2,"extra":1,"ei":0}},{"type":"Feature","geometry":{"type":"Point","coordinates":[23.595199,46.752209]},"properties":{"lines":"40, 43B, 45, M11, M12, M16","color":"#0059a9","mode":"bus","arr":["40","43B","45","M11","M12","M16"],"angle":-71,"extra":1,"ei":1}},{"type":"Feature","geometry":{"type":"Point","coordinates":[23.593435,46.748631]},"properties":{"lines":"40, 43B, 45, M11, M12, M16","color":"#0059a9","mode":"bus","arr":["40","43B","45","M11","M12","M16"],"angle":-71,"extra":1,"ei":2}},{"type":"Feature","geometry":{"type":"Point","coordinates":[23.583463,46.727347]},"properties":{"lines":"40, 46L, M16, M17, M18, M71","color":"#0059a9","mode":"bus","arr":["40","46L","M16","M17","M18","M71"],"angle":-17.9}},{"type":"Feature","geometry":{"type":"Point","coordinates":[23.590235,46.737245]},"properties":{"lines":"40, 46L, M16, M17, M18, M71","color":"#0059a9","mode":"bus","arr":["40","46L","M16","M17","M18","M71"],"angle":-65.4,"extra":1,"ei":0}},{"type":"Feature","geometry":{"type":"Point","coordinates":[23.588686,46.735809]},"properties":{"lines":"40, 46L, M16, M17, M18, M71","color":"#0059a9","mode":"bus","arr":["40","46L","M16","M17","M18","M71"],"angle":-70.6,"extra":1,"ei":1}},{"type":"Feature","geometry":{"type":"Point","coordinates":[23.587791,46.734023]},"properties":{"lines":"40, 46L, M16, M17, M18, M71","color":"#0059a9","mode":"bus","arr":["40","46L","M16","M17","M18","M71"],"angle":-71,"extra":1,"ei":2}},{"type":"Feature","geometry":{"type":"Point","coordinates":[23.587316,46.732181]},"properties":{"lines":"40, 46L, M16, M17, M18, M71","color":"#0059a9","mode":"bus","arr":["40","46L","M16","M17","M18","M71"],"angle":-85.6,"extra":1,"ei":3}},{"type":"Feature","geometry":{"type":"Point","coordinates":[23.587051,46.730305]},"properties":{"lines":"40, 46L, M16, M17, M18, M71","color":"#0059a9","mode":"bus","arr":["40","46L","M16","M17","M18","M71"],"angle":-78.1,"extra":1,"ei":4}},{"type":"Feature","geometry":{"type":"Point","coordinates":[23.586537,46.728459]},"properties":{"lines":"40, 46L, M16, M17, M18, M71","color":"#0059a9","mode":"bus","arr":["40","46L","M16","M17","M18","M71"],"angle":-78.5,"extra":1,"ei":5}},{"type":"Feature","geometry":{"type":"Point","coordinates":[23.581946,46.726695]},"properties":{"lines":"40, 46L, M16, M17, M18, M71","color":"#0059a9","mode":"bus","arr":["40","46L","M16","M17","M18","M71"],"angle":-72.4,"extra":1,"ei":6}},{"type":"Feature","geometry":{"type":"Point","coordinates":[23.580328,46.725268]},"properties":{"lines":"40, 46L, M16, M17, M18, M71","color":"#0059a9","mode":"bus","arr":["40","46L","M16","M17","M18","M71"],"angle":-43.2,"extra":1,"ei":7}},{"type":"Feature","geometry":{"type":"Point","coordinates":[23.579089,46.723595]},"properties":{"lines":"40, 46L, M16, M17, M18, M71","color":"#0059a9","mode":"bus","arr":["40","46L","M16","M17","M18","M71"],"angle":-68.3,"extra":1,"ei":8}},{"type":"Feature","geometry":{"type":"Point","coordinates":[23.577914,46.721899]},"properties":{"lines":"40, 46L, M16, M17, M18, M71","color":"#0059a9","mode":"bus","arr":["40","46L","M16","M17","M18","M71"],"angle":-50.5,"extra":1,"ei":9}},{"type":"Feature","geometry":{"type":"Point","coordinates":[23.576192,46.720435]},"properties":{"lines":"40, 46L, M16, M17, M18, M71","color":"#0059a9","mode":"bus","arr":["40","46L","M16","M17","M18","M71"],"angle":-55.4,"extra":1,"ei":10}},{"type":"Feature","geometry":{"type":"Point","coordinates":[23.574429,46.719077]},"properties":{"lines":"40, 46L, M16, M17, M18, M71","color":"#0059a9","mode":"bus","arr":["40","46L","M16","M17","M18","M71"],"angle":-81.9,"extra":1,"ei":11}},{"type":"Feature","geometry":{"type":"Point","coordinates":[23.57494,46.717241]},"properties":{"lines":"40, 46L, M16, M17, M18, M71","color":"#0059a9","mode":"bus","arr":["40","46L","M16","M17","M18","M71"],"angle":69.5,"extra":1,"ei":12}},{"type":"Feature","geometry":{"type":"Point","coordinates":[23.594735,46.751081]},"properties":{"lines":"40, 43B, 45, M11, M12, M16, M17, M18, M71","color":"#0059a9","mode":"bus","arr":["40","43B","45","M11","M12","M16","M17","M18","M71"],"angle":-71.1,"side":-1}},{"type":"Feature","geometry":{"type":"Point","coordinates":[23.593248,46.748045]},"properties":{"lines":"40, 43B, 45, M11, M12, M16, M17, M18, M71","color":"#0059a9","mode":"bus","arr":["40","43B","45","M11","M12","M16","M17","M18","M71"],"angle":-72.1,"extra":1,"ei":0,"side":-1}},{"type":"Feature","geometry":{"type":"Point","coordinates":[23.59412,46.749836]},"properties":{"lines":"40, 43B, 45, M11, M12, M16, M17, M18, M71","color":"#0059a9","mode":"bus","arr":["40","43B","45","M11","M12","M16","M17","M18","M71"],"angle":-71.5,"extra":1,"ei":1,"side":-1}},{"type":"Feature","geometry":{"type":"Point","coordinates":[23.595866,46.753418]},"properties":{"lines":"40, 43B, 45, M11, M12, M16, M17, M18, M71","color":"#0059a9","mode":"bus","arr":["40","43B","45","M11","M12","M16","M17","M18","M71"],"angle":-77.5,"extra":1,"ei":2,"side":-1}},{"type":"Feature","geometry":{"type":"Point","coordinates":[23.596532,46.755707]},"properties":{"lines":"40, M11, M12, M16, M17, M18, M71","color":"#0059a9","mode":"bus","arr":["40","M11","M12","M16","M17","M18","M71"],"angle":-65.2,"side":-1}},{"type":"Feature","geometry":{"type":"Point","coordinates":[23.598268,46.758371]},"properties":{"lines":"40, 46B, 46L, 50, 50D, 50L, M11, M12, M16, M17, M18, M71, 54N","color":"#0059a9","mode":"bus","arr":["40","46B","46L","50","50D","50L","M11","M12","M16","M17","M18","M71","54N"],"angle":-44.7,"side":-1,"l0":"40, 46B, 46L, 50, 50D, 50L, M11, M12, M16, M17, M18, M71","c0":"#0059a9","l1":"\n","c1":"#000000","l2":"54N","c2":"#000000","bl0":"40, 46B, 46L, 50, 50D, 50L, M11, M12, M16, M17, M18, M71","bc0":"#0059a9","bl1":"\n","bc1":"#000000","bl2":"54N","bc2":"#000000"}},{"type":"Feature","geometry":{"type":"Point","coordinates":[23.598073,46.762633]},"properties":{"lines":"40, 46B, 50, 50D, 50L, M11, M16, M17, M18, M71, 54N","color":"#0059a9","mode":"bus","arr":["40","46B","50","50D","50L","M11","M16","M17","M18","M71","54N"],"angle":-80,"side":-1,"l0":"40, 46B, 50, 50D, 50L, M11, M16, M17, M18, M71","c0":"#0059a9","l1":"\n","c1":"#000000","l2":"54N","c2":"#000000","bl0":"40, 46B, 50, 50D, 50L, M11, M16, M17, M18, M71","bc0":"#0059a9","bl1":"\n","bc1":"#000000","bl2":"54N","bc2":"#000000"}},{"type":"Feature","geometry":{"type":"Point","coordinates":[23.57137,46.743101]},"properties":{"lines":"42","color":"#0059a9","mode":"bus","arr":["42"],"angle":67.5}},{"type":"Feature","geometry":{"type":"Point","coordinates":[23.565695,46.751487]},"properties":{"lines":"42","color":"#0059a9","mode":"bus","arr":["42"],"angle":60.4,"extra":1,"ei":0}},{"type":"Feature","geometry":{"type":"Point","coordinates":[23.566721,46.749738]},"properties":{"lines":"42","color":"#0059a9","mode":"bus","arr":["42"],"angle":65.1,"extra":1,"ei":1}},{"type":"Feature","geometry":{"type":"Point","coordinates":[23.567951,46.74805]},"properties":{"lines":"42","color":"#0059a9","mode":"bus","arr":["42"],"angle":56.8,"extra":1,"ei":2}},{"type":"Feature","geometry":{"type":"Point","coordinates":[23.569267,46.746404]},"properties":{"lines":"42","color":"#0059a9","mode":"bus","arr":["42"],"angle":71.6,"extra":1,"ei":3}},{"type":"Feature","geometry":{"type":"Point","coordinates":[23.569939,46.744598]},"properties":{"lines":"42","color":"#0059a9","mode":"bus","arr":["42"],"angle":53.9,"extra":1,"ei":4}},{"type":"Feature","geometry":{"type":"Point","coordinates":[23.571426,46.741199]},"properties":{"lines":"42","color":"#0059a9","mode":"bus","arr":["42"],"angle":-70.2,"extra":1,"ei":5}},{"type":"Feature","geometry":{"type":"Point","coordinates":[23.57108,46.739382]},"properties":{"lines":"42","color":"#0059a9","mode":"bus","arr":["42"],"angle":73,"extra":1,"ei":6}},{"type":"Feature","geometry":{"type":"Point","coordinates":[23.57244,46.737791]},"properties":{"lines":"42","color":"#0059a9","mode":"bus","arr":["42"],"angle":55.7,"extra":1,"ei":7}},{"type":"Feature","geometry":{"type":"Point","coordinates":[23.573336,46.73602]},"properties":{"lines":"42","color":"#0059a9","mode":"bus","arr":["42"],"angle":74.2,"extra":1,"ei":8}},{"type":"Feature","geometry":{"type":"Point","coordinates":[23.574873,46.734539]},"properties":{"lines":"42","color":"#0059a9","mode":"bus","arr":["42"],"angle":40.9,"extra":1,"ei":9}},{"type":"Feature","geometry":{"type":"Point","coordinates":[23.542761,46.758254]},"properties":{"lines":"43, 43B","color":"#0059a9","mode":"bus","arr":["43","43B"],"angle":-69.2,"side":-1,"mi":1}},{"type":"Feature","geometry":{"type":"Point","coordinates":[23.570171,46.752199]},"properties":{"lines":"43, 43B, 43P","color":"#0059a9","mode":"bus","arr":["43","43B","43P"],"angle":33.8,"mi":1}},{"type":"Feature","geometry":{"type":"Point","coordinates":[23.574779,46.750459]},"properties":{"lines":"43, 43B, 43P","color":"#0059a9","mode":"bus","arr":["43","43B","43P"],"angle":-75.7}},{"type":"Feature","geometry":{"type":"Point","coordinates":[23.565985,46.755518]},"properties":{"lines":"43, 43B, 43P","color":"#0059a9","mode":"bus","arr":["43","43B","43P"],"angle":12.5,"extra":1,"ei":0}},{"type":"Feature","geometry":{"type":"Point","coordinates":[23.567499,46.754107]},"properties":{"lines":"43, 43B, 43P","color":"#0059a9","mode":"bus","arr":["43","43B","43P"],"angle":71.4,"extra":1,"ei":1}},{"type":"Feature","geometry":{"type":"Point","coordinates":[23.571898,46.749657]},"properties":{"lines":"43, 43B, 43P","color":"#0059a9","mode":"bus","arr":["43","43B","43P"],"angle":49.7,"extra":1,"ei":2}},{"type":"Feature","geometry":{"type":"Point","coordinates":[23.574249,46.748714]},"properties":{"lines":"43, 43B, 43P","color":"#0059a9","mode":"bus","arr":["43","43B","43P"],"angle":40.1,"extra":1,"ei":3}},{"type":"Feature","geometry":{"type":"Point","coordinates":[23.576774,46.752428]},"properties":{"lines":"43, 43B","color":"#0059a9","mode":"bus","arr":["43","43B"],"angle":-9,"side":-1}},{"type":"Feature","geometry":{"type":"Point","coordinates":[23.584564,46.754439]},"properties":{"lines":"43, 43B, 43P, 45, 46B, 50, 50D, 50L, 54N","color":"#0059a9","mode":"bus","arr":["43","43B","43P","45","46B","50","50D","50L","54N"],"angle":-19.1,"side":-1,"l0":"43, 43B, 43P, 45, 46B, 50, 50D, 50L","c0":"#0059a9","l1":"\n","c1":"#000000","l2":"54N","c2":"#000000","bl0":"43, 43B, 43P, 45, 46B, 50, 50D, 50L","bc0":"#0059a9","bl1":"\n","bc1":"#000000","bl2":"54N","bc2":"#000000"}},{"type":"Feature","geometry":{"type":"Point","coordinates":[23.595922,46.755773]},"properties":{"lines":"43B, 45","color":"#0059a9","mode":"bus","arr":["43B","45"],"angle":45.2,"side":-1}},{"type":"Feature","geometry":{"type":"Point","coordinates":[23.596288,46.755418]},"properties":{"lines":"43B, 45, M11","color":"#0059a9","mode":"bus","arr":["43B","45","M11"],"angle":-82.9,"side":-1}},{"type":"Feature","geometry":{"type":"Point","coordinates":[23.595403,46.755917]},"properties":{"lines":"43B, 46L","color":"#0059a9","mode":"bus","arr":["43B","46L"],"angle":-4.6}},{"type":"Feature","geometry":{"type":"Point","coordinates":[23.540751,46.756105]},"properties":{"lines":"43P, M21, M22, M25, M27, M51, M51U, M52, M81","color":"#0059a9","mode":"bus","arr":["43P","M21","M22","M25","M27","M51","M51U","M52","M81"],"angle":3.2}},{"type":"Feature","geometry":{"type":"Point","coordinates":[23.571328,46.751017]},"properties":{"lines":"43P","color":"#0059a9","mode":"bus","arr":["43P"],"angle":80.5,"mi":1}},{"type":"Feature","geometry":{"type":"Point","coordinates":[23.57681,46.752831]},"properties":{"lines":"43P","color":"#0059a9","mode":"bus","arr":["43P"],"angle":-26.1}},{"type":"Feature","geometry":{"type":"Point","coordinates":[23.58611,46.754942]},"properties":{"lines":"43P, 54N","color":"#0059a9","mode":"bus","arr":["43P","54N"],"angle":-16.5,"l0":"43P","c0":"#0059a9","l1":"\n","c1":"#000000","l2":"54N","c2":"#000000","bl0":"43P","bc0":"#0059a9","bl1":"\n","bc1":"#000000","bl2":"54N","bc2":"#000000"}},{"type":"Feature","geometry":{"type":"Point","coordinates":[23.606766,46.773339]},"properties":{"lines":"44, 45, 46B","color":"#0059a9","mode":"bus","arr":["44","45","46B"],"angle":-28.5}},{"type":"Feature","geometry":{"type":"Point","coordinates":[23.59885,46.771199]},"properties":{"lines":"44, 45, 46B","color":"#0059a9","mode":"bus","arr":["44","45","46B"],"angle":-17.2,"extra":1,"ei":0}},{"type":"Feature","geometry":{"type":"Point","coordinates":[23.601469,46.771788]},"properties":{"lines":"44, 45, 46B","color":"#0059a9","mode":"bus","arr":["44","45","46B"],"angle":-18.3,"extra":1,"ei":1}},{"type":"Feature","geometry":{"type":"Point","coordinates":[23.604067,46.772418]},"properties":{"lines":"44, 45, 46B","color":"#0059a9","mode":"bus","arr":["44","45","46B"],"angle":-22.2,"extra":1,"ei":2}},{"type":"Feature","geometry":{"type":"Point","coordinates":[23.608825,46.774285]},"properties":{"lines":"44, 45, 46B","color":"#0059a9","mode":"bus","arr":["44","45","46B"],"angle":-43.6,"extra":1,"ei":3}},{"type":"Feature","geometry":{"type":"Point","coordinates":[23.610835,46.775577]},"properties":{"lines":"44, 45, 46B","color":"#0059a9","mode":"bus","arr":["44","45","46B"],"angle":-43.6,"extra":1,"ei":4}},{"type":"Feature","geometry":{"type":"Point","coordinates":[23.613153,46.776532]},"properties":{"lines":"44, 45, 46B","color":"#0059a9","mode":"bus","arr":["44","45","46B"],"angle":-14.4,"extra":1,"ei":5}},{"type":"Feature","geometry":{"type":"Point","coordinates":[23.616674,46.777138]},"properties":{"lines":"44, 45","color":"#0059a9","mode":"bus","arr":["44","45"],"angle":-14,"mi":1}},{"type":"Feature","geometry":{"type":"Point","coordinates":[23.620796,46.775254]},"properties":{"lines":"44","color":"#0059a9","mode":"bus","arr":["44"],"angle":-8.1,"mi":3}},{"type":"Feature","geometry":{"type":"Point","coordinates":[23.6186,46.776802]},"properties":{"lines":"44","color":"#0059a9","mode":"bus","arr":["44"],"angle":73.9,"mi":2}},{"type":"Feature","geometry":{"type":"Point","coordinates":[23.619314,46.776446]},"properties":{"lines":"44","color":"#0059a9","mode":"bus","arr":["44"],"angle":-42.3,"mi":1}},{"type":"Feature","geometry":{"type":"Point","coordinates":[23.620059,46.77596]},"properties":{"lines":"44","color":"#0059a9","mode":"bus","arr":["44"],"angle":74.2}},{"type":"Feature","geometry":{"type":"Point","coordinates":[23.630911,46.768332]},"properties":{"lines":"44","color":"#0059a9","mode":"bus","arr":["44"],"angle":86,"mi":1}},{"type":"Feature","geometry":{"type":"Point","coordinates":[23.635879,46.767588]},"properties":{"lines":"44","color":"#0059a9","mode":"bus","arr":["44"],"angle":-20.2}},{"type":"Feature","geometry":{"type":"Point","coordinates":[23.632428,46.767591]},"properties":{"lines":"44","color":"#0059a9","mode":"bus","arr":["44"],"angle":16.1,"extra":1,"ei":0}},{"type":"Feature","geometry":{"type":"Point","coordinates":[23.637633,46.768196]},"properties":{"lines":"44","color":"#0059a9","mode":"bus","arr":["44"],"angle":-24.6,"extra":1,"ei":1}},{"type":"Feature","geometry":{"type":"Point","coordinates":[23.640307,46.76835]},"properties":{"lines":"44","color":"#0059a9","mode":"bus","arr":["44"],"angle":-16.2,"extra":1,"ei":2}},{"type":"Feature","geometry":{"type":"Point","coordinates":[23.620429,46.771018]},"properties":{"lines":"44, 45","color":"#0059a9","mode":"bus","arr":["44","45"],"angle":-36.2}},{"type":"Feature","geometry":{"type":"Point","coordinates":[23.622506,46.771658]},"properties":{"lines":"44, 45","color":"#0059a9","mode":"bus","arr":["44","45"],"angle":-29.4,"extra":1,"ei":0}},{"type":"Feature","geometry":{"type":"Point","coordinates":[23.618865,46.769191]},"properties":{"lines":"44, 45","color":"#0059a9","mode":"bus","arr":["44","45"],"angle":-77.9,"extra":1,"ei":1}},{"type":"Feature","geometry":{"type":"Point","coordinates":[23.588091,46.772742]},"properties":{"lines":"44, 52, 52L","color":"#0059a9","mode":"bus","arr":["44","52","52L"],"angle":-28.2}},{"type":"Feature","geometry":{"type":"Point","coordinates":[23.586206,46.771952]},"properties":{"lines":"44","color":"#0059a9","mode":"bus","arr":["44"],"angle":-32,"mi":2}},{"type":"Feature","geometry":{"type":"Point","coordinates":[23.585209,46.771136]},"properties":{"lines":"44","color":"#0059a9","mode":"bus","arr":["44"],"angle":-19.5,"mi":1}},{"type":"Feature","geometry":{"type":"Point","coordinates":[23.58466,46.771389]},"properties":{"lines":"44","color":"#0059a9","mode":"bus","arr":["44"],"angle":69.8}},{"type":"Feature","geometry":{"type":"Point","coordinates":[23.616158,46.755529]},"properties":{"lines":"45","color":"#0059a9","mode":"bus","arr":["45"],"angle":-7.6}},{"type":"Feature","geometry":{"type":"Point","coordinates":[23.612981,46.754553]},"properties":{"lines":"45","color":"#0059a9","mode":"bus","arr":["45"],"angle":-26.3,"extra":1,"ei":0}},{"type":"Feature","geometry":{"type":"Point","coordinates":[23.618088,46.755504]},"properties":{"lines":"45","color":"#0059a9","mode":"bus","arr":["45"],"angle":-5.5,"extra":1,"ei":1}},{"type":"Feature","geometry":{"type":"Point","coordinates":[23.619144,46.756931]},"properties":{"lines":"45","color":"#0059a9","mode":"bus","arr":["45"],"angle":-78.9,"extra":1,"ei":2}},{"type":"Feature","geometry":{"type":"Point","coordinates":[23.619222,46.77759]},"properties":{"lines":"45","color":"#0059a9","mode":"bus","arr":["45"],"angle":-15.1}},{"type":"Feature","geometry":{"type":"Point","coordinates":[23.588482,46.738866]},"properties":{"lines":"46, 46L","color":"#0059a9","mode":"bus","arr":["46","46L"],"angle":21.2,"mi":1}},{"type":"Feature","geometry":{"type":"Point","coordinates":[23.590318,46.738273]},"properties":{"lines":"46, 46L","color":"#0059a9","mode":"bus","arr":["46","46L"],"angle":25.3,"extra":1,"ei":0}},{"type":"Feature","geometry":{"type":"Point","coordinates":[23.590662,46.738162]},"properties":{"lines":"46L","color":"#0059a9","mode":"bus","arr":["46L"],"angle":29.9}},{"type":"Feature","geometry":{"type":"Point","coordinates":[23.584164,46.745306]},"properties":{"lines":"46, 46L","color":"#0059a9","mode":"bus","arr":["46","46L"],"angle":60.6}},{"type":"Feature","geometry":{"type":"Point","coordinates":[23.586463,46.740158]},"properties":{"lines":"46, 46L","color":"#0059a9","mode":"bus","arr":["46","46L"],"angle":-87.4,"extra":1,"ei":0}},{"type":"Feature","geometry":{"type":"Point","coordinates":[23.586011,46.742007]},"properties":{"lines":"46, 46L","color":"#0059a9","mode":"bus","arr":["46","46L"],"angle":72.7,"extra":1,"ei":1}},{"type":"Feature","geometry":{"type":"Point","coordinates":[23.585138,46.743797]},"properties":{"lines":"46, 46L","color":"#0059a9","mode":"bus","arr":["46","46L"],"angle":67.4,"extra":1,"ei":2}},{"type":"Feature","geometry":{"type":"Point","coordinates":[23.582711,46.747182]},"properties":{"lines":"46, 46L","color":"#0059a9","mode":"bus","arr":["46","46L"],"angle":65.5,"extra":1,"ei":3}},{"type":"Feature","geometry":{"type":"Point","coordinates":[23.581458,46.748863]},"properties":{"lines":"46, 46L","color":"#0059a9","mode":"bus","arr":["46","46L"],"angle":61.2,"extra":1,"ei":4}},{"type":"Feature","geometry":{"type":"Point","coordinates":[23.580228,46.75055]},"properties":{"lines":"46, 46L","color":"#0059a9","mode":"bus","arr":["46","46L"],"angle":70.9,"extra":1,"ei":5}},{"type":"Feature","geometry":{"type":"Point","coordinates":[23.578509,46.751471]},"properties":{"lines":"46, 46L","color":"#0059a9","mode":"bus","arr":["46","46L"],"angle":25.1,"mi":2}},{"type":"Feature","geometry":{"type":"Point","coordinates":[23.596448,46.756149]},"properties":{"lines":"46B, 50, 50D, 50L, 54N","color":"#0059a9","mode":"bus","arr":["46B","50","50D","50L","54N"],"angle":-11.8,"l0":"46B, 50, 50D, 50L","c0":"#0059a9","l1":"\n","c1":"#000000","l2":"54N","c2":"#000000","bl0":"46B, 50, 50D, 50L","bc0":"#0059a9","bl1":"\n","bc1":"#000000","bl2":"54N","bc2":"#000000"}},{"type":"Feature","geometry":{"type":"Point","coordinates":[23.614792,46.777373]},"properties":{"lines":"46B","color":"#0059a9","mode":"bus","arr":["46B"],"angle":74.8}},{"type":"Feature","geometry":{"type":"Point","coordinates":[23.597857,46.763263]},"properties":{"lines":"46B, 50, 50D, 50L, M11, M16, 54N","color":"#0059a9","mode":"bus","arr":["46B","50","50D","50L","M11","M16","54N"],"angle":-79,"l0":"46B, 50, 50D, 50L, M11, M16","c0":"#0059a9","l1":"\n","c1":"#000000","l2":"54N","c2":"#000000","bl0":"46B, 50, 50D, 50L, M11, M16","bc0":"#0059a9","bl1":"\n","bc1":"#000000","bl2":"54N","bc2":"#000000"}},{"type":"Feature","geometry":{"type":"Point","coordinates":[23.596696,46.756032]},"properties":{"lines":"46L","color":"#0059a9","mode":"bus","arr":["46L"],"angle":-48.2,"side":-1}},{"type":"Feature","geometry":{"type":"Point","coordinates":[23.622959,46.77757]},"properties":{"lines":"47, 57, 57L","color":"#0059a9","mode":"bus","arr":["47","57","57L"],"angle":49.6,"mi":4}},{"type":"Feature","geometry":{"type":"Point","coordinates":[23.621259,46.778359]},"properties":{"lines":"47, 57, 57L","color":"#0059a9","mode":"bus","arr":["47","57","57L"],"angle":13.9,"extra":1,"ei":0}},{"type":"Feature","geometry":{"type":"Point","coordinates":[23.625149,46.77581]},"properties":{"lines":"47, 57, 57L","color":"#0059a9","mode":"bus","arr":["47","57","57L"],"angle":37.5,"extra":1,"ei":1}},{"type":"Feature","geometry":{"type":"Point","coordinates":[23.632253,46.77691]},"properties":{"lines":"47, 57, 57L","color":"#0059a9","mode":"bus","arr":["47","57","57L"],"angle":-12.1}},{"type":"Feature","geometry":{"type":"Point","coordinates":[23.626504,46.776008]},"properties":{"lines":"47, 57, 57L","color":"#0059a9","mode":"bus","arr":["47","57","57L"],"angle":-12.6,"extra":1,"ei":0}},{"type":"Feature","geometry":{"type":"Point","coordinates":[23.629193,46.776425]},"properties":{"lines":"47, 57, 57L","color":"#0059a9","mode":"bus","arr":["47","57","57L"],"angle":-12.7,"extra":1,"ei":1}},{"type":"Feature","geometry":{"type":"Point","coordinates":[23.634569,46.77726]},"properties":{"lines":"47, 57, 57L","color":"#0059a9","mode":"bus","arr":["47","57","57L"],"angle":-13.4,"extra":1,"ei":2}},{"type":"Feature","geometry":{"type":"Point","coordinates":[23.637258,46.777674]},"properties":{"lines":"47, 57, 57L","color":"#0059a9","mode":"bus","arr":["47","57","57L"],"angle":-12.4,"extra":1,"ei":3}},{"type":"Feature","geometry":{"type":"Point","coordinates":[23.639096,46.778463]},"properties":{"lines":"47, 57, 57L","color":"#0059a9","mode":"bus","arr":["47","57","57L"],"angle":69.1,"mi":1}},{"type":"Feature","geometry":{"type":"Point","coordinates":[23.64043,46.779185]},"properties":{"lines":"47, 57, 57L","color":"#0059a9","mode":"bus","arr":["47","57","57L"],"angle":-13.7,"mi":2}},{"type":"Feature","geometry":{"type":"Point","coordinates":[23.64147,46.780654]},"properties":{"lines":"47, 57, 57L","color":"#0059a9","mode":"bus","arr":["47","57","57L"],"angle":67.5,"mi":3}},{"type":"Feature","geometry":{"type":"Point","coordinates":[23.646383,46.800145]},"properties":{"lines":"50D","color":"#0059a9","mode":"bus","arr":["50D"],"angle":-43.5,"mi":6}},{"type":"Feature","geometry":{"type":"Point","coordinates":[23.643489,46.804278]},"properties":{"lines":"50D","color":"#0059a9","mode":"bus","arr":["50D"],"angle":-76.1,"extra":1,"ei":0,"side":-1}},{"type":"Feature","geometry":{"type":"Point","coordinates":[23.643917,46.802472]},"properties":{"lines":"50D","color":"#0059a9","mode":"bus","arr":["50D"],"angle":57.3,"extra":1,"ei":1}},{"type":"Feature","geometry":{"type":"Point","coordinates":[23.645923,46.798905]},"properties":{"lines":"50D","color":"#0059a9","mode":"bus","arr":["50D"],"angle":0,"extra":1,"ei":2}},{"type":"Feature","geometry":{"type":"Point","coordinates":[23.642566,46.804207]},"properties":{"lines":"50D","color":"#0059a9","mode":"bus","arr":["50D"],"angle":2,"mi":1}},{"type":"Feature","geometry":{"type":"Point","coordinates":[23.641024,46.806089]},"properties":{"lines":"50D","color":"#0059a9","mode":"bus","arr":["50D"],"angle":70.7,"mi":2}},{"type":"Feature","geometry":{"type":"Point","coordinates":[23.642486,46.805148]},"properties":{"lines":"50D","color":"#0059a9","mode":"bus","arr":["50D"],"angle":2}},{"type":"Feature","geometry":{"type":"Point","coordinates":[23.641377,46.807645]},"properties":{"lines":"50D","color":"#0059a9","mode":"bus","arr":["50D"],"angle":7.7,"mi":5}},{"type":"Feature","geometry":{"type":"Point","coordinates":[23.643159,46.807263]},"properties":{"lines":"50D","color":"#0059a9","mode":"bus","arr":["50D"],"angle":-86.9,"mi":4}},{"type":"Feature","geometry":{"type":"Point","coordinates":[23.64156,46.806899]},"properties":{"lines":"50D","color":"#0059a9","mode":"bus","arr":["50D"],"angle":3.8,"mi":3}},{"type":"Feature","geometry":{"type":"Point","coordinates":[23.592751,46.775571]},"properties":{"lines":"50L","color":"#0059a9","mode":"bus","arr":["50L"],"angle":-53.6}},{"type":"Feature","geometry":{"type":"Point","coordinates":[23.593409,46.776908]},"properties":{"lines":"50L","color":"#0059a9","mode":"bus","arr":["50L"],"angle":76.9,"mi":1}},{"type":"Feature","geometry":{"type":"Point","coordinates":[23.617297,46.787519]},"properties":{"lines":"52, 52L","color":"#0059a9","mode":"bus","arr":["52","52L"],"angle":-24.8}},{"type":"Feature","geometry":{"type":"Point","coordinates":[23.588593,46.771128]},"properties":{"lines":"52, 52L","color":"#0059a9","mode":"bus","arr":["52","52L"],"angle":56.7,"mi":1}},{"type":"Feature","geometry":{"type":"Point","coordinates":[23.587578,46.772262]},"properties":{"lines":"52, 52L","color":"#0059a9","mode":"bus","arr":["52","52L"],"angle":75,"mi":3}},{"type":"Feature","geometry":{"type":"Point","coordinates":[23.543149,46.753124]},"properties":{"lines":"52L","color":"#0059a9","mode":"bus","arr":["52L"],"angle":81.7,"side":-1}},{"type":"Feature","geometry":{"type":"Point","coordinates":[23.628495,46.782054]},"properties":{"lines":"53","color":"#0059a9","mode":"bus","arr":["53"],"angle":-12,"mi":3}},{"type":"Feature","geometry":{"type":"Point","coordinates":[23.635729,46.782853]},"properties":{"lines":"53","color":"#0059a9","mode":"bus","arr":["53"],"angle":-28.6,"extra":1,"ei":0}},{"type":"Feature","geometry":{"type":"Point","coordinates":[23.633152,46.782301]},"properties":{"lines":"53","color":"#0059a9","mode":"bus","arr":["53"],"angle":-4,"extra":1,"ei":1}},{"type":"Feature","geometry":{"type":"Point","coordinates":[23.630398,46.782229]},"properties":{"lines":"53","color":"#0059a9","mode":"bus","arr":["53"],"angle":-3.5,"extra":1,"ei":2}},{"type":"Feature","geometry":{"type":"Point","coordinates":[23.625015,46.781451]},"properties":{"lines":"53","color":"#0059a9","mode":"bus","arr":["53"],"angle":-17.9,"extra":1,"ei":3}},{"type":"Feature","geometry":{"type":"Point","coordinates":[23.6224,46.780855]},"properties":{"lines":"53","color":"#0059a9","mode":"bus","arr":["53"],"angle":-18.4,"extra":1,"ei":4}},{"type":"Feature","geometry":{"type":"Point","coordinates":[23.620226,46.779819]},"properties":{"lines":"53","color":"#0059a9","mode":"bus","arr":["53"],"angle":67.2}},{"type":"Feature","geometry":{"type":"Point","coordinates":[23.620182,46.779737]},"properties":{"lines":"53","color":"#0059a9","mode":"bus","arr":["53"],"angle":-74.4,"mi":1}},{"type":"Feature","geometry":{"type":"Point","coordinates":[23.619499,46.779018]},"properties":{"lines":"53","color":"#0059a9","mode":"bus","arr":["53"],"angle":-8.2,"side":-1,"mi":2}},{"type":"Feature","geometry":{"type":"Point","coordinates":[23.576675,46.789177]},"properties":{"lines":"56, M35","color":"#0059a9","mode":"bus","arr":["56","M35"],"angle":10.7,"mi":1}},{"type":"Feature","geometry":{"type":"Point","coordinates":[23.567375,46.787836]},"properties":{"lines":"56, M35","color":"#0059a9","mode":"bus","arr":["56","M35"],"angle":-14.8}},{"type":"Feature","geometry":{"type":"Point","coordinates":[23.572826,46.789255]},"properties":{"lines":"56, M35","color":"#0059a9","mode":"bus","arr":["56","M35"],"angle":-17,"extra":1,"ei":0}},{"type":"Feature","geometry":{"type":"Point","coordinates":[23.570229,46.788637]},"properties":{"lines":"56, M35","color":"#0059a9","mode":"bus","arr":["56","M35"],"angle":-34.7,"extra":1,"ei":1}},{"type":"Feature","geometry":{"type":"Point","coordinates":[23.565187,46.787264]},"properties":{"lines":"56, M35","color":"#0059a9","mode":"bus","arr":["56","M35"],"angle":-23.4,"extra":1,"ei":2}},{"type":"Feature","geometry":{"type":"Point","coordinates":[23.562611,46.786611]},"properties":{"lines":"56, M35","color":"#0059a9","mode":"bus","arr":["56","M35"],"angle":-11.8,"extra":1,"ei":3}},{"type":"Feature","geometry":{"type":"Point","coordinates":[23.557899,46.788334]},"properties":{"lines":"56, M35","color":"#0059a9","mode":"bus","arr":["56","M35"],"angle":49.2,"mi":2}},{"type":"Feature","geometry":{"type":"Point","coordinates":[23.556604,46.789742]},"properties":{"lines":"56, M35","color":"#0059a9","mode":"bus","arr":["56","M35"],"angle":85.5,"extra":1,"ei":0}},{"type":"Feature","geometry":{"type":"Point","coordinates":[23.559901,46.786785]},"properties":{"lines":"56, M35","color":"#0059a9","mode":"bus","arr":["56","M35"],"angle":48.2,"extra":1,"ei":1}},{"type":"Feature","geometry":{"type":"Point","coordinates":[23.561343,46.792342]},"properties":{"lines":"56","color":"#0059a9","mode":"bus","arr":["56"],"angle":-25.4}},{"type":"Feature","geometry":{"type":"Point","coordinates":[23.55768,46.791117]},"properties":{"lines":"56","color":"#0059a9","mode":"bus","arr":["56"],"angle":-25,"extra":1,"ei":0}},{"type":"Feature","geometry":{"type":"Point","coordinates":[23.565141,46.793497]},"properties":{"lines":"56","color":"#0059a9","mode":"bus","arr":["56"],"angle":-36.8,"extra":1,"ei":1}},{"type":"Feature","geometry":{"type":"Point","coordinates":[23.570323,46.791902]},"properties":{"lines":"56","color":"#0059a9","mode":"bus","arr":["56"],"angle":23.3,"mi":1}},{"type":"Feature","geometry":{"type":"Point","coordinates":[23.567283,46.793329]},"properties":{"lines":"56","color":"#0059a9","mode":"bus","arr":["56"],"angle":46,"extra":1,"ei":0}},{"type":"Feature","geometry":{"type":"Point","coordinates":[23.571795,46.791287]},"properties":{"lines":"56","color":"#0059a9","mode":"bus","arr":["56"],"angle":44.1,"extra":1,"ei":1}},{"type":"Feature","geometry":{"type":"Point","coordinates":[23.573588,46.789853]},"properties":{"lines":"56","color":"#0059a9","mode":"bus","arr":["56"],"angle":50.1,"extra":1,"ei":2}},{"type":"Feature","geometry":{"type":"Point","coordinates":[23.636706,46.778571]},"properties":{"lines":"57","color":"#0059a9","mode":"bus","arr":["57"],"angle":-13}},{"type":"Feature","geometry":{"type":"Point","coordinates":[23.623189,46.775559]},"properties":{"lines":"57, 57L","color":"#0059a9","mode":"bus","arr":["57","57L"],"angle":-10.7}},{"type":"Feature","geometry":{"type":"Point","coordinates":[23.656632,46.787883]},"properties":{"lines":"57L","color":"#0059a9","mode":"bus","arr":["57L"],"angle":88.1}},{"type":"Feature","geometry":{"type":"Point","coordinates":[23.656985,46.785576]},"properties":{"lines":"57L","color":"#0059a9","mode":"bus","arr":["57L"],"angle":-75.9,"extra":1,"ei":0}},{"type":"Feature","geometry":{"type":"Point","coordinates":[23.656564,46.789285]},"properties":{"lines":"57L","color":"#0059a9","mode":"bus","arr":["57L"],"angle":88.1,"extra":1,"ei":1}},{"type":"Feature","geometry":{"type":"Point","coordinates":[23.656637,46.791166]},"properties":{"lines":"57L","color":"#0059a9","mode":"bus","arr":["57L"],"angle":-82.6,"extra":1,"ei":2,"side":-1}},{"type":"Feature","geometry":{"type":"Point","coordinates":[23.688595,46.781789]},"properties":{"lines":"A1","color":"#0059a9","mode":"bus","arr":["A1"],"angle":79.7}},{"type":"Feature","geometry":{"type":"Point","coordinates":[23.599471,46.730024]},"properties":{"lines":"M11","color":"#0059a9","mode":"bus","arr":["M11"],"angle":35.5}},{"type":"Feature","geometry":{"type":"Point","coordinates":[23.603736,46.724219]},"properties":{"lines":"M11","color":"#0059a9","mode":"bus","arr":["M11"],"angle":-89.8,"extra":1,"ei":0}},{"type":"Feature","geometry":{"type":"Point","coordinates":[23.603337,46.726041]},"properties":{"lines":"M11","color":"#0059a9","mode":"bus","arr":["M11"],"angle":49.1,"extra":1,"ei":1}},{"type":"Feature","geometry":{"type":"Point","coordinates":[23.600753,46.726484]},"properties":{"lines":"M11","color":"#0059a9","mode":"bus","arr":["M11"],"angle":5.6,"extra":1,"ei":2}},{"type":"Feature","geometry":{"type":"Point","coordinates":[23.598437,46.727143]},"properties":{"lines":"M11","color":"#0059a9","mode":"bus","arr":["M11"],"angle":-87.6,"extra":1,"ei":3,"side":-1}},{"type":"Feature","geometry":{"type":"Point","coordinates":[23.600443,46.728354]},"properties":{"lines":"M11","color":"#0059a9","mode":"bus","arr":["M11"],"angle":-50.7,"extra":1,"ei":4}},{"type":"Feature","geometry":{"type":"Point","coordinates":[23.597412,46.731067]},"properties":{"lines":"M11","color":"#0059a9","mode":"bus","arr":["M11"],"angle":36.2,"extra":1,"ei":5}},{"type":"Feature","geometry":{"type":"Point","coordinates":[23.595226,46.732216]},"properties":{"lines":"M11","color":"#0059a9","mode":"bus","arr":["M11"],"angle":45.1,"extra":1,"ei":6}},{"type":"Feature","geometry":{"type":"Point","coordinates":[23.594577,46.734011]},"properties":{"lines":"M11","color":"#0059a9","mode":"bus","arr":["M11"],"angle":89.7,"extra":1,"ei":7}},{"type":"Feature","geometry":{"type":"Point","coordinates":[23.594206,46.735813]},"properties":{"lines":"M11","color":"#0059a9","mode":"bus","arr":["M11"],"angle":50,"extra":1,"ei":8}},{"type":"Feature","geometry":{"type":"Point","coordinates":[23.592393,46.737234]},"properties":{"lines":"M11","color":"#0059a9","mode":"bus","arr":["M11"],"angle":51,"extra":1,"ei":9}},{"type":"Feature","geometry":{"type":"Point","coordinates":[23.599471,46.730024]},"properties":{"lines":"M12","color":"#0059a9","mode":"bus","arr":["M12"],"angle":35.5}},{"type":"Feature","geometry":{"type":"Point","coordinates":[23.603736,46.724219]},"properties":{"lines":"M12","color":"#0059a9","mode":"bus","arr":["M12"],"angle":-89.8,"extra":1,"ei":0}},{"type":"Feature","geometry":{"type":"Point","coordinates":[23.603337,46.726041]},"properties":{"lines":"M12","color":"#0059a9","mode":"bus","arr":["M12"],"angle":49.1,"extra":1,"ei":1}},{"type":"Feature","geometry":{"type":"Point","coordinates":[23.600753,46.726484]},"properties":{"lines":"M12","color":"#0059a9","mode":"bus","arr":["M12"],"angle":5.6,"extra":1,"ei":2}},{"type":"Feature","geometry":{"type":"Point","coordinates":[23.598437,46.727143]},"properties":{"lines":"M12","color":"#0059a9","mode":"bus","arr":["M12"],"angle":-87.6,"extra":1,"ei":3,"side":-1}},{"type":"Feature","geometry":{"type":"Point","coordinates":[23.600443,46.728354]},"properties":{"lines":"M12","color":"#0059a9","mode":"bus","arr":["M12"],"angle":-50.7,"extra":1,"ei":4}},{"type":"Feature","geometry":{"type":"Point","coordinates":[23.597412,46.731067]},"properties":{"lines":"M12","color":"#0059a9","mode":"bus","arr":["M12"],"angle":36.2,"extra":1,"ei":5}},{"type":"Feature","geometry":{"type":"Point","coordinates":[23.595226,46.732216]},"properties":{"lines":"M12","color":"#0059a9","mode":"bus","arr":["M12"],"angle":45.1,"extra":1,"ei":6}},{"type":"Feature","geometry":{"type":"Point","coordinates":[23.594577,46.734011]},"properties":{"lines":"M12","color":"#0059a9","mode":"bus","arr":["M12"],"angle":89.7,"extra":1,"ei":7}},{"type":"Feature","geometry":{"type":"Point","coordinates":[23.594206,46.735813]},"properties":{"lines":"M12","color":"#0059a9","mode":"bus","arr":["M12"],"angle":50,"extra":1,"ei":8}},{"type":"Feature","geometry":{"type":"Point","coordinates":[23.592393,46.737234]},"properties":{"lines":"M12","color":"#0059a9","mode":"bus","arr":["M12"],"angle":51,"extra":1,"ei":9}},{"type":"Feature","geometry":{"type":"Point","coordinates":[23.608028,46.720499]},"properties":{"lines":"M11","color":"#0059a9","mode":"bus","arr":["M11"],"angle":10.1,"mi":1}},{"type":"Feature","geometry":{"type":"Point","coordinates":[23.614248,46.720713]},"properties":{"lines":"M11","color":"#0059a9","mode":"bus","arr":["M11"],"angle":-63.7}},{"type":"Feature","geometry":{"type":"Point","coordinates":[23.604238,46.722384]},"properties":{"lines":"M11","color":"#0059a9","mode":"bus","arr":["M11"],"angle":67.3,"extra":1,"ei":0}},{"type":"Feature","geometry":{"type":"Point","coordinates":[23.606035,46.721001]},"properties":{"lines":"M11","color":"#0059a9","mode":"bus","arr":["M11"],"angle":30.2,"extra":1,"ei":1}},{"type":"Feature","geometry":{"type":"Point","coordinates":[23.611393,46.720347]},"properties":{"lines":"M11","color":"#0059a9","mode":"bus","arr":["M11"],"angle":-1.3,"extra":1,"ei":2}},{"type":"Feature","geometry":{"type":"Point","coordinates":[23.616173,46.720784]},"properties":{"lines":"M11","color":"#0059a9","mode":"bus","arr":["M11"],"angle":8,"extra":1,"ei":0}},{"type":"Feature","geometry":{"type":"Point","coordinates":[23.646191,46.675215]},"properties":{"lines":"M12","color":"#0059a9","mode":"bus","arr":["M12"],"angle":-30.7,"mi":2}},{"type":"Feature","geometry":{"type":"Point","coordinates":[23.614462,46.708602]},"properties":{"lines":"M12","color":"#0059a9","mode":"bus","arr":["M12"],"angle":77.9}},{"type":"Feature","geometry":{"type":"Point","coordinates":[23.608028,46.720499]},"properties":{"lines":"M12","color":"#0059a9","mode":"bus","arr":["M12"],"angle":10.1,"mi":1}},{"type":"Feature","geometry":{"type":"Point","coordinates":[23.623898,46.694676]},"properties":{"lines":"M12","color":"#0059a9","mode":"bus","arr":["M12"],"angle":33,"mi":4}},{"type":"Feature","geometry":{"type":"Point","coordinates":[23.614248,46.720713]},"properties":{"lines":"M12","color":"#0059a9","mode":"bus","arr":["M12"],"angle":-63.7}},{"type":"Feature","geometry":{"type":"Point","coordinates":[23.629444,46.689368]},"properties":{"lines":"M12","color":"#0059a9","mode":"bus","arr":["M12"],"angle":60.6}},{"type":"Feature","geometry":{"type":"Point","coordinates":[23.632929,46.68622]},"properties":{"lines":"M12","color":"#0059a9","mode":"bus","arr":["M12"],"angle":51.2,"mi":3}},{"type":"Feature","geometry":{"type":"Point","coordinates":[23.647772,46.674318]},"properties":{"lines":"M12","color":"#0059a9","mode":"bus","arr":["M12"],"angle":40,"mi":3}},{"type":"Feature","geometry":{"type":"Point","coordinates":[23.631137,46.687674]},"properties":{"lines":"M12","color":"#0059a9","mode":"bus","arr":["M12"],"angle":49.7,"mi":2}},{"type":"Feature","geometry":{"type":"Point","coordinates":[23.628078,46.690976]},"properties":{"lines":"M12","color":"#0059a9","mode":"bus","arr":["M12"],"angle":58.3,"mi":1}},{"type":"Feature","geometry":{"type":"Point","coordinates":[23.604238,46.722384]},"properties":{"lines":"M12","color":"#0059a9","mode":"bus","arr":["M12"],"angle":67.3,"extra":1,"ei":0}},{"type":"Feature","geometry":{"type":"Point","coordinates":[23.606035,46.721001]},"properties":{"lines":"M12","color":"#0059a9","mode":"bus","arr":["M12"],"angle":30.2,"extra":1,"ei":1}},{"type":"Feature","geometry":{"type":"Point","coordinates":[23.611393,46.720347]},"properties":{"lines":"M12","color":"#0059a9","mode":"bus","arr":["M12"],"angle":-1.3,"extra":1,"ei":2}},{"type":"Feature","geometry":{"type":"Point","coordinates":[23.616173,46.720784]},"properties":{"lines":"M12","color":"#0059a9","mode":"bus","arr":["M12"],"angle":8,"extra":1,"ei":0}},{"type":"Feature","geometry":{"type":"Point","coordinates":[23.616889,46.717861]},"properties":{"lines":"M12","color":"#0059a9","mode":"bus","arr":["M12"],"angle":-88.3,"extra":1,"ei":0}},{"type":"Feature","geometry":{"type":"Point","coordinates":[23.616092,46.716069]},"properties":{"lines":"M12","color":"#0059a9","mode":"bus","arr":["M12"],"angle":-66.9,"extra":1,"ei":1}},{"type":"Feature","geometry":{"type":"Point","coordinates":[23.615022,46.714329]},"properties":{"lines":"M12","color":"#0059a9","mode":"bus","arr":["M12"],"angle":-70.6,"extra":1,"ei":2}},{"type":"Feature","geometry":{"type":"Point","coordinates":[23.61468,46.71246]},"properties":{"lines":"M12","color":"#0059a9","mode":"bus","arr":["M12"],"angle":-84.8,"extra":1,"ei":3}},{"type":"Feature","geometry":{"type":"Point","coordinates":[23.614411,46.71058]},"properties":{"lines":"M12","color":"#0059a9","mode":"bus","arr":["M12"],"angle":-84.1,"extra":1,"ei":4}},{"type":"Feature","geometry":{"type":"Point","coordinates":[23.614815,46.706846]},"properties":{"lines":"M12","color":"#0059a9","mode":"bus","arr":["M12"],"angle":85.3,"extra":1,"ei":5,"side":-1}},{"type":"Feature","geometry":{"type":"Point","coordinates":[23.6154,46.705008]},"properties":{"lines":"M12","color":"#0059a9","mode":"bus","arr":["M12"],"angle":81.6,"extra":1,"ei":6,"side":-1}},{"type":"Feature","geometry":{"type":"Point","coordinates":[23.615482,46.703133]},"properties":{"lines":"M12","color":"#0059a9","mode":"bus","arr":["M12"],"angle":72.8,"extra":1,"ei":7,"side":-1}},{"type":"Feature","geometry":{"type":"Point","coordinates":[23.616096,46.701295]},"properties":{"lines":"M12","color":"#0059a9","mode":"bus","arr":["M12"],"angle":80.3,"extra":1,"ei":8,"side":-1}},{"type":"Feature","geometry":{"type":"Point","coordinates":[23.616017,46.699498]},"properties":{"lines":"M12","color":"#0059a9","mode":"bus","arr":["M12"],"angle":83.5,"extra":1,"ei":0}},{"type":"Feature","geometry":{"type":"Point","coordinates":[23.61756,46.698012]},"properties":{"lines":"M12","color":"#0059a9","mode":"bus","arr":["M12"],"angle":31.8,"extra":1,"ei":1}},{"type":"Feature","geometry":{"type":"Point","coordinates":[23.620275,46.696792]},"properties":{"lines":"M12","color":"#0059a9","mode":"bus","arr":["M12"],"angle":47.8,"extra":1,"ei":0,"side":-1}},{"type":"Feature","geometry":{"type":"Point","coordinates":[23.622119,46.695396]},"properties":{"lines":"M12","color":"#0059a9","mode":"bus","arr":["M12"],"angle":38.2,"extra":1,"ei":1,"side":-1}},{"type":"Feature","geometry":{"type":"Point","coordinates":[23.626556,46.693187]},"properties":{"lines":"M12","color":"#0059a9","mode":"bus","arr":["M12"],"angle":61.5,"extra":1,"ei":2,"side":-1}},{"type":"Feature","geometry":{"type":"Point","coordinates":[23.63463,46.684473]},"properties":{"lines":"M12","color":"#0059a9","mode":"bus","arr":["M12"],"angle":49.8,"extra":1,"ei":0}},{"type":"Feature","geometry":{"type":"Point","coordinates":[23.636632,46.683179]},"properties":{"lines":"M12","color":"#0059a9","mode":"bus","arr":["M12"],"angle":48,"extra":1,"ei":1}},{"type":"Feature","geometry":{"type":"Point","coordinates":[23.638113,46.681591]},"properties":{"lines":"M12","color":"#0059a9","mode":"bus","arr":["M12"],"angle":60.9,"extra":1,"ei":2}},{"type":"Feature","geometry":{"type":"Point","coordinates":[23.63908,46.679828]},"properties":{"lines":"M12","color":"#0059a9","mode":"bus","arr":["M12"],"angle":73.2,"extra":1,"ei":3}},{"type":"Feature","geometry":{"type":"Point","coordinates":[23.640753,46.678372]},"properties":{"lines":"M12","color":"#0059a9","mode":"bus","arr":["M12"],"angle":40.8,"extra":1,"ei":4}},{"type":"Feature","geometry":{"type":"Point","coordinates":[23.642794,46.677103]},"properties":{"lines":"M12","color":"#0059a9","mode":"bus","arr":["M12"],"angle":41.9,"extra":1,"ei":5}},{"type":"Feature","geometry":{"type":"Point","coordinates":[23.623707,46.719244]},"properties":{"lines":"M11","color":"#0059a9","mode":"bus","arr":["M11"],"angle":47.9,"mi":2}},{"type":"Feature","geometry":{"type":"Point","coordinates":[23.628605,46.716265]},"properties":{"lines":"M11","color":"#0059a9","mode":"bus","arr":["M11"],"angle":11.9,"extra":1,"ei":0}},{"type":"Feature","geometry":{"type":"Point","coordinates":[23.62644,46.717369]},"properties":{"lines":"M11","color":"#0059a9","mode":"bus","arr":["M11"],"angle":29.3,"extra":1,"ei":1}},{"type":"Feature","geometry":{"type":"Point","coordinates":[23.620153,46.720719]},"properties":{"lines":"M11","color":"#0059a9","mode":"bus","arr":["M11"],"angle":20.1,"extra":1,"ei":2}},{"type":"Feature","geometry":{"type":"Point","coordinates":[23.617646,46.721161]},"properties":{"lines":"M11","color":"#0059a9","mode":"bus","arr":["M11"],"angle":-25.9,"extra":1,"ei":3}},{"type":"Feature","geometry":{"type":"Point","coordinates":[23.652432,46.686984]},"properties":{"lines":"M12","color":"#0059a9","mode":"bus","arr":["M12"],"angle":-44.7,"mi":4}},{"type":"Feature","geometry":{"type":"Point","coordinates":[23.649169,46.675668]},"properties":{"lines":"M12","color":"#0059a9","mode":"bus","arr":["M12"],"angle":-66.6,"mi":1}},{"type":"Feature","geometry":{"type":"Point","coordinates":[23.649606,46.681657]},"properties":{"lines":"M12","color":"#0059a9","mode":"bus","arr":["M12"],"angle":-75}},{"type":"Feature","geometry":{"type":"Point","coordinates":[23.651454,46.684994]},"properties":{"lines":"M12","color":"#0059a9","mode":"bus","arr":["M12"],"angle":-78.7,"extra":1,"ei":0}},{"type":"Feature","geometry":{"type":"Point","coordinates":[23.65054,46.68322]},"properties":{"lines":"M12","color":"#0059a9","mode":"bus","arr":["M12"],"angle":-69.5,"extra":1,"ei":1}},{"type":"Feature","geometry":{"type":"Point","coordinates":[23.650004,46.679616]},"properties":{"lines":"M12","color":"#0059a9","mode":"bus","arr":["M12"],"angle":78.5,"extra":1,"ei":2}},{"type":"Feature","geometry":{"type":"Point","coordinates":[23.650144,46.677759]},"properties":{"lines":"M12","color":"#0059a9","mode":"bus","arr":["M12"],"angle":-88.4,"extra":1,"ei":3}},{"type":"Feature","geometry":{"type":"Point","coordinates":[23.672254,46.719419]},"properties":{"lines":"M13","color":"#0059a9","mode":"bus","arr":["M13"],"angle":18.3}},{"type":"Feature","geometry":{"type":"Point","coordinates":[23.655405,46.727334]},"properties":{"lines":"M13","color":"#0059a9","mode":"bus","arr":["M13"],"angle":57.1,"extra":1,"ei":0}},{"type":"Feature","geometry":{"type":"Point","coordinates":[23.656748,46.725696]},"properties":{"lines":"M13","color":"#0059a9","mode":"bus","arr":["M13"],"angle":42.9,"extra":1,"ei":1}},{"type":"Feature","geometry":{"type":"Point","coordinates":[23.659007,46.724627]},"properties":{"lines":"M13","color":"#0059a9","mode":"bus","arr":["M13"],"angle":28.4,"extra":1,"ei":2}},{"type":"Feature","geometry":{"type":"Point","coordinates":[23.661081,46.723463]},"properties":{"lines":"M13","color":"#0059a9","mode":"bus","arr":["M13"],"angle":53.2,"extra":1,"ei":3}},{"type":"Feature","geometry":{"type":"Point","coordinates":[23.662989,46.722113]},"properties":{"lines":"M13","color":"#0059a9","mode":"bus","arr":["M13"],"angle":35.7,"extra":1,"ei":4}},{"type":"Feature","geometry":{"type":"Point","coordinates":[23.66542,46.721235]},"properties":{"lines":"M13","color":"#0059a9","mode":"bus","arr":["M13"],"angle":15.5,"extra":1,"ei":5}},{"type":"Feature","geometry":{"type":"Point","coordinates":[23.66797,46.72059]},"properties":{"lines":"M13","color":"#0059a9","mode":"bus","arr":["M13"],"angle":40.7,"extra":1,"ei":6}},{"type":"Feature","geometry":{"type":"Point","coordinates":[23.670371,46.719784]},"properties":{"lines":"M13","color":"#0059a9","mode":"bus","arr":["M13"],"angle":10.6,"extra":1,"ei":7}},{"type":"Feature","geometry":{"type":"Point","coordinates":[23.675561,46.718578]},"properties":{"lines":"M13","color":"#0059a9","mode":"bus","arr":["M13"],"angle":6.2,"extra":1,"ei":8}},{"type":"Feature","geometry":{"type":"Point","coordinates":[23.678181,46.718027]},"properties":{"lines":"M13","color":"#0059a9","mode":"bus","arr":["M13"],"angle":13.2,"extra":1,"ei":9}},{"type":"Feature","geometry":{"type":"Point","coordinates":[23.680731,46.717398]},"properties":{"lines":"M13","color":"#0059a9","mode":"bus","arr":["M13"],"angle":36.6,"extra":1,"ei":10}},{"type":"Feature","geometry":{"type":"Point","coordinates":[23.68286,46.716223]},"properties":{"lines":"M13","color":"#0059a9","mode":"bus","arr":["M13"],"angle":29.2,"extra":1,"ei":11}},{"type":"Feature","geometry":{"type":"Point","coordinates":[23.684981,46.715029]},"properties":{"lines":"M13","color":"#0059a9","mode":"bus","arr":["M13"],"angle":42.2,"extra":1,"ei":12}},{"type":"Feature","geometry":{"type":"Point","coordinates":[23.687171,46.71389]},"properties":{"lines":"M13","color":"#0059a9","mode":"bus","arr":["M13"],"angle":47.1,"extra":1,"ei":13}},{"type":"Feature","geometry":{"type":"Point","coordinates":[23.689371,46.712876]},"properties":{"lines":"M13","color":"#0059a9","mode":"bus","arr":["M13"],"angle":29.6,"extra":1,"ei":14}},{"type":"Feature","geometry":{"type":"Point","coordinates":[23.720434,46.705359]},"properties":{"lines":"M61","color":"#0059a9","mode":"bus","arr":["M61"],"angle":32.9}},{"type":"Feature","geometry":{"type":"Point","coordinates":[23.672254,46.719419]},"properties":{"lines":"M61","color":"#0059a9","mode":"bus","arr":["M61"],"angle":18.3}},{"type":"Feature","geometry":{"type":"Point","coordinates":[23.655405,46.727334]},"properties":{"lines":"M61","color":"#0059a9","mode":"bus","arr":["M61"],"angle":57.1,"extra":1,"ei":0}},{"type":"Feature","geometry":{"type":"Point","coordinates":[23.656748,46.725696]},"properties":{"lines":"M61","color":"#0059a9","mode":"bus","arr":["M61"],"angle":42.9,"extra":1,"ei":1}},{"type":"Feature","geometry":{"type":"Point","coordinates":[23.659007,46.724627]},"properties":{"lines":"M61","color":"#0059a9","mode":"bus","arr":["M61"],"angle":28.4,"extra":1,"ei":2}},{"type":"Feature","geometry":{"type":"Point","coordinates":[23.661081,46.723463]},"properties":{"lines":"M61","color":"#0059a9","mode":"bus","arr":["M61"],"angle":53.2,"extra":1,"ei":3}},{"type":"Feature","geometry":{"type":"Point","coordinates":[23.662989,46.722113]},"properties":{"lines":"M61","color":"#0059a9","mode":"bus","arr":["M61"],"angle":35.7,"extra":1,"ei":4}},{"type":"Feature","geometry":{"type":"Point","coordinates":[23.66542,46.721235]},"properties":{"lines":"M61","color":"#0059a9","mode":"bus","arr":["M61"],"angle":15.5,"extra":1,"ei":5}},{"type":"Feature","geometry":{"type":"Point","coordinates":[23.66797,46.72059]},"properties":{"lines":"M61","color":"#0059a9","mode":"bus","arr":["M61"],"angle":40.7,"extra":1,"ei":6}},{"type":"Feature","geometry":{"type":"Point","coordinates":[23.670371,46.719784]},"properties":{"lines":"M61","color":"#0059a9","mode":"bus","arr":["M61"],"angle":10.6,"extra":1,"ei":7}},{"type":"Feature","geometry":{"type":"Point","coordinates":[23.675561,46.718578]},"properties":{"lines":"M61","color":"#0059a9","mode":"bus","arr":["M61"],"angle":6.2,"extra":1,"ei":8}},{"type":"Feature","geometry":{"type":"Point","coordinates":[23.678181,46.718027]},"properties":{"lines":"M61","color":"#0059a9","mode":"bus","arr":["M61"],"angle":13.2,"extra":1,"ei":9}},{"type":"Feature","geometry":{"type":"Point","coordinates":[23.680731,46.717398]},"properties":{"lines":"M61","color":"#0059a9","mode":"bus","arr":["M61"],"angle":36.6,"extra":1,"ei":10}},{"type":"Feature","geometry":{"type":"Point","coordinates":[23.68286,46.716223]},"properties":{"lines":"M61","color":"#0059a9","mode":"bus","arr":["M61"],"angle":29.2,"extra":1,"ei":11}},{"type":"Feature","geometry":{"type":"Point","coordinates":[23.684981,46.715029]},"properties":{"lines":"M61","color":"#0059a9","mode":"bus","arr":["M61"],"angle":42.2,"extra":1,"ei":12}},{"type":"Feature","geometry":{"type":"Point","coordinates":[23.687171,46.71389]},"properties":{"lines":"M61","color":"#0059a9","mode":"bus","arr":["M61"],"angle":47.1,"extra":1,"ei":13}},{"type":"Feature","geometry":{"type":"Point","coordinates":[23.689371,46.712876]},"properties":{"lines":"M61","color":"#0059a9","mode":"bus","arr":["M61"],"angle":29.6,"extra":1,"ei":14}},{"type":"Feature","geometry":{"type":"Point","coordinates":[23.693064,46.712096]},"properties":{"lines":"M61","color":"#0059a9","mode":"bus","arr":["M61"],"angle":15.6,"extra":1,"ei":0}},{"type":"Feature","geometry":{"type":"Point","coordinates":[23.695382,46.711183]},"properties":{"lines":"M61","color":"#0059a9","mode":"bus","arr":["M61"],"angle":50,"extra":1,"ei":1}},{"type":"Feature","geometry":{"type":"Point","coordinates":[23.697888,46.710479]},"properties":{"lines":"M61","color":"#0059a9","mode":"bus","arr":["M61"],"angle":26.7,"extra":1,"ei":2}},{"type":"Feature","geometry":{"type":"Point","coordinates":[23.700447,46.709851]},"properties":{"lines":"M61","color":"#0059a9","mode":"bus","arr":["M61"],"angle":15.2,"extra":1,"ei":3}},{"type":"Feature","geometry":{"type":"Point","coordinates":[23.703123,46.709407]},"properties":{"lines":"M61","color":"#0059a9","mode":"bus","arr":["M61"],"angle":6.6,"extra":1,"ei":4}},{"type":"Feature","geometry":{"type":"Point","coordinates":[23.705785,46.709199]},"properties":{"lines":"M61","color":"#0059a9","mode":"bus","arr":["M61"],"angle":2.9,"extra":1,"ei":5}},{"type":"Feature","geometry":{"type":"Point","coordinates":[23.708507,46.708998]},"properties":{"lines":"M61","color":"#0059a9","mode":"bus","arr":["M61"],"angle":-1.9,"extra":1,"ei":6}},{"type":"Feature","geometry":{"type":"Point","coordinates":[23.711241,46.709006]},"properties":{"lines":"M61","color":"#0059a9","mode":"bus","arr":["M61"],"angle":17.7,"extra":1,"ei":7}},{"type":"Feature","geometry":{"type":"Point","coordinates":[23.713798,46.708302]},"properties":{"lines":"M61","color":"#0059a9","mode":"bus","arr":["M61"],"angle":27.1,"extra":1,"ei":8}},{"type":"Feature","geometry":{"type":"Point","coordinates":[23.716115,46.70728]},"properties":{"lines":"M61","color":"#0059a9","mode":"bus","arr":["M61"],"angle":33.2,"extra":1,"ei":9}},{"type":"Feature","geometry":{"type":"Point","coordinates":[23.718429,46.706254]},"properties":{"lines":"M61","color":"#0059a9","mode":"bus","arr":["M61"],"angle":32.8,"extra":1,"ei":10}},{"type":"Feature","geometry":{"type":"Point","coordinates":[23.723029,46.704173]},"properties":{"lines":"M61","color":"#0059a9","mode":"bus","arr":["M61"],"angle":30.3,"extra":1,"ei":11}},{"type":"Feature","geometry":{"type":"Point","coordinates":[23.725676,46.703685]},"properties":{"lines":"M61","color":"#0059a9","mode":"bus","arr":["M61"],"angle":20,"extra":1,"ei":12}},{"type":"Feature","geometry":{"type":"Point","coordinates":[23.72826,46.703026]},"properties":{"lines":"M61","color":"#0059a9","mode":"bus","arr":["M61"],"angle":20.8,"extra":1,"ei":13}},{"type":"Feature","geometry":{"type":"Point","coordinates":[23.730832,46.702348]},"properties":{"lines":"M61","color":"#0059a9","mode":"bus","arr":["M61"],"angle":21.3,"extra":1,"ei":14}},{"type":"Feature","geometry":{"type":"Point","coordinates":[23.73339,46.701644]},"properties":{"lines":"M61","color":"#0059a9","mode":"bus","arr":["M61"],"angle":22.2,"extra":1,"ei":15}},{"type":"Feature","geometry":{"type":"Point","coordinates":[23.735947,46.700938]},"properties":{"lines":"M61","color":"#0059a9","mode":"bus","arr":["M61"],"angle":22.4,"extra":1,"ei":16}},{"type":"Feature","geometry":{"type":"Point","coordinates":[23.738516,46.700256]},"properties":{"lines":"M61","color":"#0059a9","mode":"bus","arr":["M61"],"angle":13.3,"extra":1,"ei":17}},{"type":"Feature","geometry":{"type":"Point","coordinates":[23.741256,46.700108]},"properties":{"lines":"M61","color":"#0059a9","mode":"bus","arr":["M61"],"angle":13.8,"extra":1,"ei":18}},{"type":"Feature","geometry":{"type":"Point","coordinates":[23.742897,46.698788]},"properties":{"lines":"M61","color":"#0059a9","mode":"bus","arr":["M61"],"angle":63.3,"extra":1,"ei":19}},{"type":"Feature","geometry":{"type":"Point","coordinates":[23.743622,46.697023]},"properties":{"lines":"M61","color":"#0059a9","mode":"bus","arr":["M61"],"angle":79.7,"extra":1,"ei":20}},{"type":"Feature","geometry":{"type":"Point","coordinates":[23.744042,46.69517]},"properties":{"lines":"M61","color":"#0059a9","mode":"bus","arr":["M61"],"angle":-70.5,"extra":1,"ei":21}},{"type":"Feature","geometry":{"type":"Point","coordinates":[23.573472,46.714741]},"properties":{"lines":"M16","color":"#0059a9","mode":"bus","arr":["M16"],"angle":-74.1}},{"type":"Feature","geometry":{"type":"Point","coordinates":[23.574001,46.716644]},"properties":{"lines":"M16","color":"#0059a9","mode":"bus","arr":["M16"],"angle":-38.4,"extra":1,"ei":0}},{"type":"Feature","geometry":{"type":"Point","coordinates":[23.572474,46.713087]},"properties":{"lines":"M16","color":"#0059a9","mode":"bus","arr":["M16"],"angle":87.6,"extra":1,"ei":1}},{"type":"Feature","geometry":{"type":"Point","coordinates":[23.573472,46.714741]},"properties":{"lines":"M17","color":"#0059a9","mode":"bus","arr":["M17"],"angle":-74.1}},{"type":"Feature","geometry":{"type":"Point","coordinates":[23.574001,46.716644]},"properties":{"lines":"M17","color":"#0059a9","mode":"bus","arr":["M17"],"angle":-38.4,"extra":1,"ei":0}},{"type":"Feature","geometry":{"type":"Point","coordinates":[23.572474,46.713087]},"properties":{"lines":"M17","color":"#0059a9","mode":"bus","arr":["M17"],"angle":87.6,"extra":1,"ei":1}},{"type":"Feature","geometry":{"type":"Point","coordinates":[23.573472,46.714741]},"properties":{"lines":"M18","color":"#0059a9","mode":"bus","arr":["M18"],"angle":-74.1}},{"type":"Feature","geometry":{"type":"Point","coordinates":[23.574001,46.716644]},"properties":{"lines":"M18","color":"#0059a9","mode":"bus","arr":["M18"],"angle":-38.4,"extra":1,"ei":0}},{"type":"Feature","geometry":{"type":"Point","coordinates":[23.572474,46.713087]},"properties":{"lines":"M18","color":"#0059a9","mode":"bus","arr":["M18"],"angle":87.6,"extra":1,"ei":1}},{"type":"Feature","geometry":{"type":"Point","coordinates":[23.573472,46.714741]},"properties":{"lines":"M71","color":"#0059a9","mode":"bus","arr":["M71"],"angle":-74.1}},{"type":"Feature","geometry":{"type":"Point","coordinates":[23.574001,46.716644]},"properties":{"lines":"M71","color":"#0059a9","mode":"bus","arr":["M71"],"angle":-38.4,"extra":1,"ei":0}},{"type":"Feature","geometry":{"type":"Point","coordinates":[23.572474,46.713087]},"properties":{"lines":"M71","color":"#0059a9","mode":"bus","arr":["M71"],"angle":87.6,"extra":1,"ei":1}},{"type":"Feature","geometry":{"type":"Point","coordinates":[23.554454,46.702652]},"properties":{"lines":"M16","color":"#0059a9","mode":"bus","arr":["M16"],"angle":-50.9}},{"type":"Feature","geometry":{"type":"Point","coordinates":[23.529555,46.663829]},"properties":{"lines":"M16","color":"#0059a9","mode":"bus","arr":["M16"],"angle":67}},{"type":"Feature","geometry":{"type":"Point","coordinates":[23.541979,46.682259]},"properties":{"lines":"M16","color":"#0059a9","mode":"bus","arr":["M16"],"angle":-3.6}},{"type":"Feature","geometry":{"type":"Point","coordinates":[23.537002,46.65007]},"properties":{"lines":"M16","color":"#0059a9","mode":"bus","arr":["M16"],"angle":84.2}},{"type":"Feature","geometry":{"type":"Point","coordinates":[23.526926,46.678964]},"properties":{"lines":"M16","color":"#0059a9","mode":"bus","arr":["M16"],"angle":-33.4}},{"type":"Feature","geometry":{"type":"Point","coordinates":[23.523538,46.675467]},"properties":{"lines":"M16","color":"#0059a9","mode":"bus","arr":["M16"],"angle":55,"mi":1}},{"type":"Feature","geometry":{"type":"Point","coordinates":[23.570842,46.711778]},"properties":{"lines":"M16","color":"#0059a9","mode":"bus","arr":["M16"],"angle":-34.9,"extra":1,"ei":0}},{"type":"Feature","geometry":{"type":"Point","coordinates":[23.568372,46.711117]},"properties":{"lines":"M16","color":"#0059a9","mode":"bus","arr":["M16"],"angle":-15.8,"extra":1,"ei":1}},{"type":"Feature","geometry":{"type":"Point","coordinates":[23.566473,46.710317]},"properties":{"lines":"M16","color":"#0059a9","mode":"bus","arr":["M16"],"angle":14.2,"extra":1,"ei":2}},{"type":"Feature","geometry":{"type":"Point","coordinates":[23.564222,46.709317]},"properties":{"lines":"M16","color":"#0059a9","mode":"bus","arr":["M16"],"angle":-40.5,"extra":1,"ei":3}},{"type":"Feature","geometry":{"type":"Point","coordinates":[23.562194,46.708153]},"properties":{"lines":"M16","color":"#0059a9","mode":"bus","arr":["M16"],"angle":-77.9,"extra":1,"ei":4}},{"type":"Feature","geometry":{"type":"Point","coordinates":[23.561421,46.706414]},"properties":{"lines":"M16","color":"#0059a9","mode":"bus","arr":["M16"],"angle":-42.8,"extra":1,"ei":5}},{"type":"Feature","geometry":{"type":"Point","coordinates":[23.559147,46.70535]},"properties":{"lines":"M16","color":"#0059a9","mode":"bus","arr":["M16"],"angle":-35.8,"extra":1,"ei":6}},{"type":"Feature","geometry":{"type":"Point","coordinates":[23.556863,46.704406]},"properties":{"lines":"M16","color":"#0059a9","mode":"bus","arr":["M16"],"angle":-32.1,"extra":1,"ei":7}},{"type":"Feature","geometry":{"type":"Point","coordinates":[23.552876,46.702144]},"properties":{"lines":"M16","color":"#0059a9","mode":"bus","arr":["M16"],"angle":12.9,"extra":1,"ei":8}},{"type":"Feature","geometry":{"type":"Point","coordinates":[23.550585,46.701243]},"properties":{"lines":"M16","color":"#0059a9","mode":"bus","arr":["M16"],"angle":-37.8,"extra":1,"ei":9}},{"type":"Feature","geometry":{"type":"Point","coordinates":[23.550344,46.699532]},"properties":{"lines":"M16","color":"#0059a9","mode":"bus","arr":["M16"],"angle":-80.6,"extra":1,"ei":10}},{"type":"Feature","geometry":{"type":"Point","coordinates":[23.549979,46.697667]},"properties":{"lines":"M16","color":"#0059a9","mode":"bus","arr":["M16"],"angle":89,"extra":1,"ei":11}},{"type":"Feature","geometry":{"type":"Point","coordinates":[23.550481,46.695818]},"properties":{"lines":"M16","color":"#0059a9","mode":"bus","arr":["M16"],"angle":75.8,"extra":1,"ei":12}},{"type":"Feature","geometry":{"type":"Point","coordinates":[23.550358,46.693989]},"properties":{"lines":"M16","color":"#0059a9","mode":"bus","arr":["M16"],"angle":-77.8,"extra":1,"ei":13}},{"type":"Feature","geometry":{"type":"Point","coordinates":[23.550788,46.692143]},"properties":{"lines":"M16","color":"#0059a9","mode":"bus","arr":["M16"],"angle":82.6,"extra":1,"ei":14}},{"type":"Feature","geometry":{"type":"Point","coordinates":[23.551397,46.690443]},"properties":{"lines":"M16","color":"#0059a9","mode":"bus","arr":["M16"],"angle":-49.1,"extra":1,"ei":15}},{"type":"Feature","geometry":{"type":"Point","coordinates":[23.5497,46.689078]},"properties":{"lines":"M16","color":"#0059a9","mode":"bus","arr":["M16"],"angle":-57.3,"extra":1,"ei":16}},{"type":"Feature","geometry":{"type":"Point","coordinates":[23.547437,46.686546]},"properties":{"lines":"M16","color":"#0059a9","mode":"bus","arr":["M16"],"angle":-76.8,"extra":1,"ei":0}},{"type":"Feature","geometry":{"type":"Point","coordinates":[23.546674,46.684891]},"properties":{"lines":"M16","color":"#0059a9","mode":"bus","arr":["M16"],"angle":-71.4,"extra":1,"ei":1}},{"type":"Feature","geometry":{"type":"Point","coordinates":[23.544447,46.683889]},"properties":{"lines":"M16","color":"#0059a9","mode":"bus","arr":["M16"],"angle":-46.8,"extra":1,"ei":2}},{"type":"Feature","geometry":{"type":"Point","coordinates":[23.540117,46.682077]},"properties":{"lines":"M16","color":"#0059a9","mode":"bus","arr":["M16"],"angle":-22.4,"extra":1,"ei":3}},{"type":"Feature","geometry":{"type":"Point","coordinates":[23.538119,46.680805]},"properties":{"lines":"M16","color":"#0059a9","mode":"bus","arr":["M16"],"angle":-42.5,"extra":1,"ei":4}},{"type":"Feature","geometry":{"type":"Point","coordinates":[23.535625,46.680337]},"properties":{"lines":"M16","color":"#0059a9","mode":"bus","arr":["M16"],"angle":-3.5,"extra":1,"ei":5}},{"type":"Feature","geometry":{"type":"Point","coordinates":[23.533003,46.679768]},"properties":{"lines":"M16","color":"#0059a9","mode":"bus","arr":["M16"],"angle":-18.5,"extra":1,"ei":6}},{"type":"Feature","geometry":{"type":"Point","coordinates":[23.53032,46.679666]},"properties":{"lines":"M16","color":"#0059a9","mode":"bus","arr":["M16"],"angle":0.1,"extra":1,"ei":7}},{"type":"Feature","geometry":{"type":"Point","coordinates":[23.525096,46.673045]},"properties":{"lines":"M16","color":"#0059a9","mode":"bus","arr":["M16"],"angle":73.7,"extra":1,"ei":0}},{"type":"Feature","geometry":{"type":"Point","coordinates":[23.525416,46.671183]},"properties":{"lines":"M16","color":"#0059a9","mode":"bus","arr":["M16"],"angle":73,"extra":1,"ei":1}},{"type":"Feature","geometry":{"type":"Point","coordinates":[23.52632,46.6694]},"properties":{"lines":"M16","color":"#0059a9","mode":"bus","arr":["M16"],"angle":71.5,"extra":1,"ei":2}},{"type":"Feature","geometry":{"type":"Point","coordinates":[23.527365,46.667659]},"properties":{"lines":"M16","color":"#0059a9","mode":"bus","arr":["M16"],"angle":68.9,"extra":1,"ei":3}},{"type":"Feature","geometry":{"type":"Point","coordinates":[23.528345,46.665894]},"properties":{"lines":"M16","color":"#0059a9","mode":"bus","arr":["M16"],"angle":68.8,"extra":1,"ei":4}},{"type":"Feature","geometry":{"type":"Point","coordinates":[23.531082,46.662806]},"properties":{"lines":"M16","color":"#0059a9","mode":"bus","arr":["M16"],"angle":19.6,"extra":1,"ei":5}},{"type":"Feature","geometry":{"type":"Point","coordinates":[23.532932,46.661521]},"properties":{"lines":"M16","color":"#0059a9","mode":"bus","arr":["M16"],"angle":61.2,"extra":1,"ei":6}},{"type":"Feature","geometry":{"type":"Point","coordinates":[23.53333,46.659718]},"properties":{"lines":"M16","color":"#0059a9","mode":"bus","arr":["M16"],"angle":-84.1,"extra":1,"ei":7}},{"type":"Feature","geometry":{"type":"Point","coordinates":[23.532957,46.657851]},"properties":{"lines":"M16","color":"#0059a9","mode":"bus","arr":["M16"],"angle":-72.3,"extra":1,"ei":8}},{"type":"Feature","geometry":{"type":"Point","coordinates":[23.532239,46.656055]},"properties":{"lines":"M16","color":"#0059a9","mode":"bus","arr":["M16"],"angle":78.4,"extra":1,"ei":9}},{"type":"Feature","geometry":{"type":"Point","coordinates":[23.528651,46.67936]},"properties":{"lines":"M16","color":"#0059a9","mode":"bus","arr":["M16"],"angle":-18.1,"extra":1,"ei":0}},{"type":"Feature","geometry":{"type":"Point","coordinates":[23.533505,46.653648]},"properties":{"lines":"M16","color":"#0059a9","mode":"bus","arr":["M16"],"angle":64,"extra":1,"ei":0}},{"type":"Feature","geometry":{"type":"Point","coordinates":[23.535356,46.652268]},"properties":{"lines":"M16","color":"#0059a9","mode":"bus","arr":["M16"],"angle":49.6,"extra":1,"ei":1}},{"type":"Feature","geometry":{"type":"Point","coordinates":[23.536921,46.648842]},"properties":{"lines":"M16","color":"#0059a9","mode":"bus","arr":["M16"],"angle":77.6,"extra":1,"ei":2}},{"type":"Feature","geometry":{"type":"Point","coordinates":[23.539234,46.648291]},"properties":{"lines":"M16","color":"#0059a9","mode":"bus","arr":["M16"],"angle":-17.7,"extra":1,"ei":3}},{"type":"Feature","geometry":{"type":"Point","coordinates":[23.541861,46.648777]},"properties":{"lines":"M16","color":"#0059a9","mode":"bus","arr":["M16"],"angle":5.7,"extra":1,"ei":4}},{"type":"Feature","geometry":{"type":"Point","coordinates":[23.554454,46.702652]},"properties":{"lines":"M17","color":"#0059a9","mode":"bus","arr":["M17"],"angle":-50.9}},{"type":"Feature","geometry":{"type":"Point","coordinates":[23.570842,46.711778]},"properties":{"lines":"M17","color":"#0059a9","mode":"bus","arr":["M17"],"angle":-34.9,"extra":1,"ei":0}},{"type":"Feature","geometry":{"type":"Point","coordinates":[23.568372,46.711117]},"properties":{"lines":"M17","color":"#0059a9","mode":"bus","arr":["M17"],"angle":-15.8,"extra":1,"ei":1}},{"type":"Feature","geometry":{"type":"Point","coordinates":[23.566473,46.710317]},"properties":{"lines":"M17","color":"#0059a9","mode":"bus","arr":["M17"],"angle":14.2,"extra":1,"ei":2}},{"type":"Feature","geometry":{"type":"Point","coordinates":[23.564222,46.709317]},"properties":{"lines":"M17","color":"#0059a9","mode":"bus","arr":["M17"],"angle":-40.5,"extra":1,"ei":3}},{"type":"Feature","geometry":{"type":"Point","coordinates":[23.562194,46.708153]},"properties":{"lines":"M17","color":"#0059a9","mode":"bus","arr":["M17"],"angle":-77.9,"extra":1,"ei":4}},{"type":"Feature","geometry":{"type":"Point","coordinates":[23.561421,46.706414]},"properties":{"lines":"M17","color":"#0059a9","mode":"bus","arr":["M17"],"angle":-42.8,"extra":1,"ei":5}},{"type":"Feature","geometry":{"type":"Point","coordinates":[23.559147,46.70535]},"properties":{"lines":"M17","color":"#0059a9","mode":"bus","arr":["M17"],"angle":-35.8,"extra":1,"ei":6}},{"type":"Feature","geometry":{"type":"Point","coordinates":[23.556863,46.704406]},"properties":{"lines":"M17","color":"#0059a9","mode":"bus","arr":["M17"],"angle":-32.1,"extra":1,"ei":7}},{"type":"Feature","geometry":{"type":"Point","coordinates":[23.552876,46.702144]},"properties":{"lines":"M17","color":"#0059a9","mode":"bus","arr":["M17"],"angle":12.9,"extra":1,"ei":8}},{"type":"Feature","geometry":{"type":"Point","coordinates":[23.550585,46.701243]},"properties":{"lines":"M17","color":"#0059a9","mode":"bus","arr":["M17"],"angle":-37.8,"extra":1,"ei":9}},{"type":"Feature","geometry":{"type":"Point","coordinates":[23.550344,46.699532]},"properties":{"lines":"M17","color":"#0059a9","mode":"bus","arr":["M17"],"angle":-80.6,"extra":1,"ei":10}},{"type":"Feature","geometry":{"type":"Point","coordinates":[23.549979,46.697667]},"properties":{"lines":"M17","color":"#0059a9","mode":"bus","arr":["M17"],"angle":89,"extra":1,"ei":11}},{"type":"Feature","geometry":{"type":"Point","coordinates":[23.550481,46.695818]},"properties":{"lines":"M17","color":"#0059a9","mode":"bus","arr":["M17"],"angle":75.8,"extra":1,"ei":12}},{"type":"Feature","geometry":{"type":"Point","coordinates":[23.550358,46.693989]},"properties":{"lines":"M17","color":"#0059a9","mode":"bus","arr":["M17"],"angle":-77.8,"extra":1,"ei":13}},{"type":"Feature","geometry":{"type":"Point","coordinates":[23.550788,46.692143]},"properties":{"lines":"M17","color":"#0059a9","mode":"bus","arr":["M17"],"angle":82.6,"extra":1,"ei":14}},{"type":"Feature","geometry":{"type":"Point","coordinates":[23.551397,46.690443]},"properties":{"lines":"M17","color":"#0059a9","mode":"bus","arr":["M17"],"angle":-49.1,"extra":1,"ei":15}},{"type":"Feature","geometry":{"type":"Point","coordinates":[23.5497,46.689078]},"properties":{"lines":"M17","color":"#0059a9","mode":"bus","arr":["M17"],"angle":-57.3,"extra":1,"ei":16}},{"type":"Feature","geometry":{"type":"Point","coordinates":[23.507591,46.620376]},"properties":{"lines":"M18","color":"#0059a9","mode":"bus","arr":["M18"],"angle":-48.6}},{"type":"Feature","geometry":{"type":"Point","coordinates":[23.554454,46.702652]},"properties":{"lines":"M18","color":"#0059a9","mode":"bus","arr":["M18"],"angle":-50.9}},{"type":"Feature","geometry":{"type":"Point","coordinates":[23.529555,46.663829]},"properties":{"lines":"M18","color":"#0059a9","mode":"bus","arr":["M18"],"angle":67}},{"type":"Feature","geometry":{"type":"Point","coordinates":[23.541979,46.682259]},"properties":{"lines":"M18","color":"#0059a9","mode":"bus","arr":["M18"],"angle":-3.6}},{"type":"Feature","geometry":{"type":"Point","coordinates":[23.524991,46.67686]},"properties":{"lines":"M18","color":"#0059a9","mode":"bus","arr":["M18"],"angle":-65.9}},{"type":"Feature","geometry":{"type":"Point","coordinates":[23.570842,46.711778]},"properties":{"lines":"M18","color":"#0059a9","mode":"bus","arr":["M18"],"angle":-34.9,"extra":1,"ei":0}},{"type":"Feature","geometry":{"type":"Point","coordinates":[23.568372,46.711117]},"properties":{"lines":"M18","color":"#0059a9","mode":"bus","arr":["M18"],"angle":-15.8,"extra":1,"ei":1}},{"type":"Feature","geometry":{"type":"Point","coordinates":[23.566473,46.710317]},"properties":{"lines":"M18","color":"#0059a9","mode":"bus","arr":["M18"],"angle":14.2,"extra":1,"ei":2}},{"type":"Feature","geometry":{"type":"Point","coordinates":[23.564222,46.709317]},"properties":{"lines":"M18","color":"#0059a9","mode":"bus","arr":["M18"],"angle":-40.5,"extra":1,"ei":3}},{"type":"Feature","geometry":{"type":"Point","coordinates":[23.562194,46.708153]},"properties":{"lines":"M18","color":"#0059a9","mode":"bus","arr":["M18"],"angle":-77.9,"extra":1,"ei":4}},{"type":"Feature","geometry":{"type":"Point","coordinates":[23.561421,46.706414]},"properties":{"lines":"M18","color":"#0059a9","mode":"bus","arr":["M18"],"angle":-42.8,"extra":1,"ei":5}},{"type":"Feature","geometry":{"type":"Point","coordinates":[23.559147,46.70535]},"properties":{"lines":"M18","color":"#0059a9","mode":"bus","arr":["M18"],"angle":-35.8,"extra":1,"ei":6}},{"type":"Feature","geometry":{"type":"Point","coordinates":[23.556863,46.704406]},"properties":{"lines":"M18","color":"#0059a9","mode":"bus","arr":["M18"],"angle":-32.1,"extra":1,"ei":7}},{"type":"Feature","geometry":{"type":"Point","coordinates":[23.552876,46.702144]},"properties":{"lines":"M18","color":"#0059a9","mode":"bus","arr":["M18"],"angle":12.9,"extra":1,"ei":8}},{"type":"Feature","geometry":{"type":"Point","coordinates":[23.550585,46.701243]},"properties":{"lines":"M18","color":"#0059a9","mode":"bus","arr":["M18"],"angle":-37.8,"extra":1,"ei":9}},{"type":"Feature","geometry":{"type":"Point","coordinates":[23.550344,46.699532]},"properties":{"lines":"M18","color":"#0059a9","mode":"bus","arr":["M18"],"angle":-80.6,"extra":1,"ei":10}},{"type":"Feature","geometry":{"type":"Point","coordinates":[23.549979,46.697667]},"properties":{"lines":"M18","color":"#0059a9","mode":"bus","arr":["M18"],"angle":89,"extra":1,"ei":11}},{"type":"Feature","geometry":{"type":"Point","coordinates":[23.550481,46.695818]},"properties":{"lines":"M18","color":"#0059a9","mode":"bus","arr":["M18"],"angle":75.8,"extra":1,"ei":12}},{"type":"Feature","geometry":{"type":"Point","coordinates":[23.550358,46.693989]},"properties":{"lines":"M18","color":"#0059a9","mode":"bus","arr":["M18"],"angle":-77.8,"extra":1,"ei":13}},{"type":"Feature","geometry":{"type":"Point","coordinates":[23.550788,46.692143]},"properties":{"lines":"M18","color":"#0059a9","mode":"bus","arr":["M18"],"angle":82.6,"extra":1,"ei":14}},{"type":"Feature","geometry":{"type":"Point","coordinates":[23.551397,46.690443]},"properties":{"lines":"M18","color":"#0059a9","mode":"bus","arr":["M18"],"angle":-49.1,"extra":1,"ei":15}},{"type":"Feature","geometry":{"type":"Point","coordinates":[23.5497,46.689078]},"properties":{"lines":"M18","color":"#0059a9","mode":"bus","arr":["M18"],"angle":-57.3,"extra":1,"ei":16}},{"type":"Feature","geometry":{"type":"Point","coordinates":[23.547437,46.686546]},"properties":{"lines":"M18","color":"#0059a9","mode":"bus","arr":["M18"],"angle":-76.8,"extra":1,"ei":0}},{"type":"Feature","geometry":{"type":"Point","coordinates":[23.546674,46.684891]},"properties":{"lines":"M18","color":"#0059a9","mode":"bus","arr":["M18"],"angle":-71.4,"extra":1,"ei":1}},{"type":"Feature","geometry":{"type":"Point","coordinates":[23.544447,46.683889]},"properties":{"lines":"M18","color":"#0059a9","mode":"bus","arr":["M18"],"angle":-46.8,"extra":1,"ei":2}},{"type":"Feature","geometry":{"type":"Point","coordinates":[23.540117,46.682077]},"properties":{"lines":"M18","color":"#0059a9","mode":"bus","arr":["M18"],"angle":-22.4,"extra":1,"ei":3}},{"type":"Feature","geometry":{"type":"Point","coordinates":[23.538119,46.680805]},"properties":{"lines":"M18","color":"#0059a9","mode":"bus","arr":["M18"],"angle":-42.5,"extra":1,"ei":4}},{"type":"Feature","geometry":{"type":"Point","coordinates":[23.535625,46.680337]},"properties":{"lines":"M18","color":"#0059a9","mode":"bus","arr":["M18"],"angle":-3.5,"extra":1,"ei":5}},{"type":"Feature","geometry":{"type":"Point","coordinates":[23.533003,46.679768]},"properties":{"lines":"M18","color":"#0059a9","mode":"bus","arr":["M18"],"angle":-18.5,"extra":1,"ei":6}},{"type":"Feature","geometry":{"type":"Point","coordinates":[23.53032,46.679666]},"properties":{"lines":"M18","color":"#0059a9","mode":"bus","arr":["M18"],"angle":0.1,"extra":1,"ei":7}},{"type":"Feature","geometry":{"type":"Point","coordinates":[23.525096,46.673045]},"properties":{"lines":"M18","color":"#0059a9","mode":"bus","arr":["M18"],"angle":73.7,"extra":1,"ei":0}},{"type":"Feature","geometry":{"type":"Point","coordinates":[23.525416,46.671183]},"properties":{"lines":"M18","color":"#0059a9","mode":"bus","arr":["M18"],"angle":73,"extra":1,"ei":1}},{"type":"Feature","geometry":{"type":"Point","coordinates":[23.52632,46.6694]},"properties":{"lines":"M18","color":"#0059a9","mode":"bus","arr":["M18"],"angle":71.5,"extra":1,"ei":2}},{"type":"Feature","geometry":{"type":"Point","coordinates":[23.527365,46.667659]},"properties":{"lines":"M18","color":"#0059a9","mode":"bus","arr":["M18"],"angle":68.9,"extra":1,"ei":3}},{"type":"Feature","geometry":{"type":"Point","coordinates":[23.528345,46.665894]},"properties":{"lines":"M18","color":"#0059a9","mode":"bus","arr":["M18"],"angle":68.8,"extra":1,"ei":4}},{"type":"Feature","geometry":{"type":"Point","coordinates":[23.531082,46.662806]},"properties":{"lines":"M18","color":"#0059a9","mode":"bus","arr":["M18"],"angle":19.6,"extra":1,"ei":5}},{"type":"Feature","geometry":{"type":"Point","coordinates":[23.532932,46.661521]},"properties":{"lines":"M18","color":"#0059a9","mode":"bus","arr":["M18"],"angle":61.2,"extra":1,"ei":6}},{"type":"Feature","geometry":{"type":"Point","coordinates":[23.53333,46.659718]},"properties":{"lines":"M18","color":"#0059a9","mode":"bus","arr":["M18"],"angle":-84.1,"extra":1,"ei":7}},{"type":"Feature","geometry":{"type":"Point","coordinates":[23.532957,46.657851]},"properties":{"lines":"M18","color":"#0059a9","mode":"bus","arr":["M18"],"angle":-72.3,"extra":1,"ei":8}},{"type":"Feature","geometry":{"type":"Point","coordinates":[23.532239,46.656055]},"properties":{"lines":"M18","color":"#0059a9","mode":"bus","arr":["M18"],"angle":78.4,"extra":1,"ei":9}},{"type":"Feature","geometry":{"type":"Point","coordinates":[23.523257,46.634671]},"properties":{"lines":"M18","color":"#0059a9","mode":"bus","arr":["M18"],"angle":-59,"extra":1,"ei":0}},{"type":"Feature","geometry":{"type":"Point","coordinates":[23.522279,46.632923]},"properties":{"lines":"M18","color":"#0059a9","mode":"bus","arr":["M18"],"angle":85.6,"extra":1,"ei":1}},{"type":"Feature","geometry":{"type":"Point","coordinates":[23.524574,46.632102]},"properties":{"lines":"M18","color":"#0059a9","mode":"bus","arr":["M18"],"angle":50.1,"extra":1,"ei":2}},{"type":"Feature","geometry":{"type":"Point","coordinates":[23.52521,46.630315]},"properties":{"lines":"M18","color":"#0059a9","mode":"bus","arr":["M18"],"angle":-72.4,"extra":1,"ei":3}},{"type":"Feature","geometry":{"type":"Point","coordinates":[23.523375,46.62894]},"properties":{"lines":"M18","color":"#0059a9","mode":"bus","arr":["M18"],"angle":-36.2,"extra":1,"ei":4}},{"type":"Feature","geometry":{"type":"Point","coordinates":[23.521424,46.627624]},"properties":{"lines":"M18","color":"#0059a9","mode":"bus","arr":["M18"],"angle":-35.1,"extra":1,"ei":5}},{"type":"Feature","geometry":{"type":"Point","coordinates":[23.519124,46.626593]},"properties":{"lines":"M18","color":"#0059a9","mode":"bus","arr":["M18"],"angle":-28.1,"extra":1,"ei":6}},{"type":"Feature","geometry":{"type":"Point","coordinates":[23.516561,46.625932]},"properties":{"lines":"M18","color":"#0059a9","mode":"bus","arr":["M18"],"angle":-14.5,"extra":1,"ei":7}},{"type":"Feature","geometry":{"type":"Point","coordinates":[23.514321,46.624916]},"properties":{"lines":"M18","color":"#0059a9","mode":"bus","arr":["M18"],"angle":-45.3,"extra":1,"ei":8}},{"type":"Feature","geometry":{"type":"Point","coordinates":[23.511776,46.624469]},"properties":{"lines":"M18","color":"#0059a9","mode":"bus","arr":["M18"],"angle":-15,"extra":1,"ei":9}},{"type":"Feature","geometry":{"type":"Point","coordinates":[23.509837,46.62323]},"properties":{"lines":"M18","color":"#0059a9","mode":"bus","arr":["M18"],"angle":-37.9,"extra":1,"ei":10}},{"type":"Feature","geometry":{"type":"Point","coordinates":[23.507921,46.621993]},"properties":{"lines":"M18","color":"#0059a9","mode":"bus","arr":["M18"],"angle":-56.2,"extra":1,"ei":11}},{"type":"Feature","geometry":{"type":"Point","coordinates":[23.506075,46.618921]},"properties":{"lines":"M18","color":"#0059a9","mode":"bus","arr":["M18"],"angle":-73.3,"extra":1,"ei":12}},{"type":"Feature","geometry":{"type":"Point","coordinates":[23.504378,46.618276]},"properties":{"lines":"M18","color":"#0059a9","mode":"bus","arr":["M18"],"angle":-59.3,"extra":1,"ei":13}},{"type":"Feature","geometry":{"type":"Point","coordinates":[23.502407,46.617125]},"properties":{"lines":"M18","color":"#0059a9","mode":"bus","arr":["M18"],"angle":-68.9,"extra":1,"ei":14}},{"type":"Feature","geometry":{"type":"Point","coordinates":[23.500908,46.615573]},"properties":{"lines":"M18","color":"#0059a9","mode":"bus","arr":["M18"],"angle":-36.2,"extra":1,"ei":15}},{"type":"Feature","geometry":{"type":"Point","coordinates":[23.499132,46.614305]},"properties":{"lines":"M18","color":"#0059a9","mode":"bus","arr":["M18"],"angle":-9.1,"extra":1,"ei":16}},{"type":"Feature","geometry":{"type":"Point","coordinates":[23.496391,46.614189]},"properties":{"lines":"M18","color":"#0059a9","mode":"bus","arr":["M18"],"angle":-11.9,"extra":1,"ei":17}},{"type":"Feature","geometry":{"type":"Point","coordinates":[23.493741,46.613685]},"properties":{"lines":"M18","color":"#0059a9","mode":"bus","arr":["M18"],"angle":-14.5,"extra":1,"ei":18}},{"type":"Feature","geometry":{"type":"Point","coordinates":[23.491106,46.613144]},"properties":{"lines":"M18","color":"#0059a9","mode":"bus","arr":["M18"],"angle":-24.6,"extra":1,"ei":19}},{"type":"Feature","geometry":{"type":"Point","coordinates":[23.48854,46.612485]},"properties":{"lines":"M18","color":"#0059a9","mode":"bus","arr":["M18"],"angle":-28.9,"extra":1,"ei":20}},{"type":"Feature","geometry":{"type":"Point","coordinates":[23.486254,46.611492]},"properties":{"lines":"M18","color":"#0059a9","mode":"bus","arr":["M18"],"angle":-36.7,"extra":1,"ei":21}},{"type":"Feature","geometry":{"type":"Point","coordinates":[23.484577,46.610015]},"properties":{"lines":"M18","color":"#0059a9","mode":"bus","arr":["M18"],"angle":-61.5,"extra":1,"ei":22}},{"type":"Feature","geometry":{"type":"Point","coordinates":[23.482491,46.609652]},"properties":{"lines":"M18","color":"#0059a9","mode":"bus","arr":["M18"],"angle":41.4,"extra":1,"ei":23}},{"type":"Feature","geometry":{"type":"Point","coordinates":[23.554454,46.702652]},"properties":{"lines":"M71","color":"#0059a9","mode":"bus","arr":["M71"],"angle":-50.9}},{"type":"Feature","geometry":{"type":"Point","coordinates":[23.545431,46.63812]},"properties":{"lines":"M71","color":"#0059a9","mode":"bus","arr":["M71"],"angle":66.1}},{"type":"Feature","geometry":{"type":"Point","coordinates":[23.529555,46.663829]},"properties":{"lines":"M71","color":"#0059a9","mode":"bus","arr":["M71"],"angle":67}},{"type":"Feature","geometry":{"type":"Point","coordinates":[23.541979,46.682259]},"properties":{"lines":"M71","color":"#0059a9","mode":"bus","arr":["M71"],"angle":-3.6}},{"type":"Feature","geometry":{"type":"Point","coordinates":[23.537002,46.65007]},"properties":{"lines":"M71","color":"#0059a9","mode":"bus","arr":["M71"],"angle":84.2}},{"type":"Feature","geometry":{"type":"Point","coordinates":[23.526926,46.678964]},"properties":{"lines":"M71","color":"#0059a9","mode":"bus","arr":["M71"],"angle":-33.4,"mi":3}},{"type":"Feature","geometry":{"type":"Point","coordinates":[23.523538,46.675467]},"properties":{"lines":"M71","color":"#0059a9","mode":"bus","arr":["M71"],"angle":55,"mi":2}},{"type":"Feature","geometry":{"type":"Point","coordinates":[23.570842,46.711778]},"properties":{"lines":"M71","color":"#0059a9","mode":"bus","arr":["M71"],"angle":-34.9,"extra":1,"ei":0}},{"type":"Feature","geometry":{"type":"Point","coordinates":[23.568372,46.711117]},"properties":{"lines":"M71","color":"#0059a9","mode":"bus","arr":["M71"],"angle":-15.8,"extra":1,"ei":1}},{"type":"Feature","geometry":{"type":"Point","coordinates":[23.566473,46.710317]},"properties":{"lines":"M71","color":"#0059a9","mode":"bus","arr":["M71"],"angle":14.2,"extra":1,"ei":2}},{"type":"Feature","geometry":{"type":"Point","coordinates":[23.564222,46.709317]},"properties":{"lines":"M71","color":"#0059a9","mode":"bus","arr":["M71"],"angle":-40.5,"extra":1,"ei":3}},{"type":"Feature","geometry":{"type":"Point","coordinates":[23.562194,46.708153]},"properties":{"lines":"M71","color":"#0059a9","mode":"bus","arr":["M71"],"angle":-77.9,"extra":1,"ei":4}},{"type":"Feature","geometry":{"type":"Point","coordinates":[23.561421,46.706414]},"properties":{"lines":"M71","color":"#0059a9","mode":"bus","arr":["M71"],"angle":-42.8,"extra":1,"ei":5}},{"type":"Feature","geometry":{"type":"Point","coordinates":[23.559147,46.70535]},"properties":{"lines":"M71","color":"#0059a9","mode":"bus","arr":["M71"],"angle":-35.8,"extra":1,"ei":6}},{"type":"Feature","geometry":{"type":"Point","coordinates":[23.556863,46.704406]},"properties":{"lines":"M71","color":"#0059a9","mode":"bus","arr":["M71"],"angle":-32.1,"extra":1,"ei":7}},{"type":"Feature","geometry":{"type":"Point","coordinates":[23.552876,46.702144]},"properties":{"lines":"M71","color":"#0059a9","mode":"bus","arr":["M71"],"angle":12.9,"extra":1,"ei":8}},{"type":"Feature","geometry":{"type":"Point","coordinates":[23.550585,46.701243]},"properties":{"lines":"M71","color":"#0059a9","mode":"bus","arr":["M71"],"angle":-37.8,"extra":1,"ei":9}},{"type":"Feature","geometry":{"type":"Point","coordinates":[23.550344,46.699532]},"properties":{"lines":"M71","color":"#0059a9","mode":"bus","arr":["M71"],"angle":-80.6,"extra":1,"ei":10}},{"type":"Feature","geometry":{"type":"Point","coordinates":[23.549979,46.697667]},"properties":{"lines":"M71","color":"#0059a9","mode":"bus","arr":["M71"],"angle":89,"extra":1,"ei":11}},{"type":"Feature","geometry":{"type":"Point","coordinates":[23.550481,46.695818]},"properties":{"lines":"M71","color":"#0059a9","mode":"bus","arr":["M71"],"angle":75.8,"extra":1,"ei":12}},{"type":"Feature","geometry":{"type":"Point","coordinates":[23.550358,46.693989]},"properties":{"lines":"M71","color":"#0059a9","mode":"bus","arr":["M71"],"angle":-77.8,"extra":1,"ei":13}},{"type":"Feature","geometry":{"type":"Point","coordinates":[23.550788,46.692143]},"properties":{"lines":"M71","color":"#0059a9","mode":"bus","arr":["M71"],"angle":82.6,"extra":1,"ei":14}},{"type":"Feature","geometry":{"type":"Point","coordinates":[23.551397,46.690443]},"properties":{"lines":"M71","color":"#0059a9","mode":"bus","arr":["M71"],"angle":-49.1,"extra":1,"ei":15}},{"type":"Feature","geometry":{"type":"Point","coordinates":[23.5497,46.689078]},"properties":{"lines":"M71","color":"#0059a9","mode":"bus","arr":["M71"],"angle":-57.3,"extra":1,"ei":16}},{"type":"Feature","geometry":{"type":"Point","coordinates":[23.547437,46.686546]},"properties":{"lines":"M71","color":"#0059a9","mode":"bus","arr":["M71"],"angle":-76.8,"extra":1,"ei":0}},{"type":"Feature","geometry":{"type":"Point","coordinates":[23.546674,46.684891]},"properties":{"lines":"M71","color":"#0059a9","mode":"bus","arr":["M71"],"angle":-71.4,"extra":1,"ei":1}},{"type":"Feature","geometry":{"type":"Point","coordinates":[23.544447,46.683889]},"properties":{"lines":"M71","color":"#0059a9","mode":"bus","arr":["M71"],"angle":-46.8,"extra":1,"ei":2}},{"type":"Feature","geometry":{"type":"Point","coordinates":[23.540117,46.682077]},"properties":{"lines":"M71","color":"#0059a9","mode":"bus","arr":["M71"],"angle":-22.4,"extra":1,"ei":3}},{"type":"Feature","geometry":{"type":"Point","coordinates":[23.538119,46.680805]},"properties":{"lines":"M71","color":"#0059a9","mode":"bus","arr":["M71"],"angle":-42.5,"extra":1,"ei":4}},{"type":"Feature","geometry":{"type":"Point","coordinates":[23.535625,46.680337]},"properties":{"lines":"M71","color":"#0059a9","mode":"bus","arr":["M71"],"angle":-3.5,"extra":1,"ei":5}},{"type":"Feature","geometry":{"type":"Point","coordinates":[23.533003,46.679768]},"properties":{"lines":"M71","color":"#0059a9","mode":"bus","arr":["M71"],"angle":-18.5,"extra":1,"ei":6}},{"type":"Feature","geometry":{"type":"Point","coordinates":[23.53032,46.679666]},"properties":{"lines":"M71","color":"#0059a9","mode":"bus","arr":["M71"],"angle":0.1,"extra":1,"ei":7}},{"type":"Feature","geometry":{"type":"Point","coordinates":[23.525096,46.673045]},"properties":{"lines":"M71","color":"#0059a9","mode":"bus","arr":["M71"],"angle":73.7,"extra":1,"ei":0}},{"type":"Feature","geometry":{"type":"Point","coordinates":[23.525416,46.671183]},"properties":{"lines":"M71","color":"#0059a9","mode":"bus","arr":["M71"],"angle":73,"extra":1,"ei":1}},{"type":"Feature","geometry":{"type":"Point","coordinates":[23.52632,46.6694]},"properties":{"lines":"M71","color":"#0059a9","mode":"bus","arr":["M71"],"angle":71.5,"extra":1,"ei":2}},{"type":"Feature","geometry":{"type":"Point","coordinates":[23.527365,46.667659]},"properties":{"lines":"M71","color":"#0059a9","mode":"bus","arr":["M71"],"angle":68.9,"extra":1,"ei":3}},{"type":"Feature","geometry":{"type":"Point","coordinates":[23.528345,46.665894]},"properties":{"lines":"M71","color":"#0059a9","mode":"bus","arr":["M71"],"angle":68.8,"extra":1,"ei":4}},{"type":"Feature","geometry":{"type":"Point","coordinates":[23.531082,46.662806]},"properties":{"lines":"M71","color":"#0059a9","mode":"bus","arr":["M71"],"angle":19.6,"extra":1,"ei":5}},{"type":"Feature","geometry":{"type":"Point","coordinates":[23.532932,46.661521]},"properties":{"lines":"M71","color":"#0059a9","mode":"bus","arr":["M71"],"angle":61.2,"extra":1,"ei":6}},{"type":"Feature","geometry":{"type":"Point","coordinates":[23.53333,46.659718]},"properties":{"lines":"M71","color":"#0059a9","mode":"bus","arr":["M71"],"angle":-84.1,"extra":1,"ei":7}},{"type":"Feature","geometry":{"type":"Point","coordinates":[23.532957,46.657851]},"properties":{"lines":"M71","color":"#0059a9","mode":"bus","arr":["M71"],"angle":-72.3,"extra":1,"ei":8}},{"type":"Feature","geometry":{"type":"Point","coordinates":[23.532239,46.656055]},"properties":{"lines":"M71","color":"#0059a9","mode":"bus","arr":["M71"],"angle":78.4,"extra":1,"ei":9}},{"type":"Feature","geometry":{"type":"Point","coordinates":[23.528651,46.67936]},"properties":{"lines":"M71","color":"#0059a9","mode":"bus","arr":["M71"],"angle":-18.1,"extra":1,"ei":0}},{"type":"Feature","geometry":{"type":"Point","coordinates":[23.533505,46.653648]},"properties":{"lines":"M71","color":"#0059a9","mode":"bus","arr":["M71"],"angle":64,"extra":1,"ei":0}},{"type":"Feature","geometry":{"type":"Point","coordinates":[23.535356,46.652268]},"properties":{"lines":"M71","color":"#0059a9","mode":"bus","arr":["M71"],"angle":49.6,"extra":1,"ei":1}},{"type":"Feature","geometry":{"type":"Point","coordinates":[23.536921,46.648842]},"properties":{"lines":"M71","color":"#0059a9","mode":"bus","arr":["M71"],"angle":77.6,"extra":1,"ei":2}},{"type":"Feature","geometry":{"type":"Point","coordinates":[23.539234,46.648291]},"properties":{"lines":"M71","color":"#0059a9","mode":"bus","arr":["M71"],"angle":-17.7,"extra":1,"ei":3}},{"type":"Feature","geometry":{"type":"Point","coordinates":[23.541861,46.648777]},"properties":{"lines":"M71","color":"#0059a9","mode":"bus","arr":["M71"],"angle":5.7,"extra":1,"ei":4}},{"type":"Feature","geometry":{"type":"Point","coordinates":[23.542428,46.646308]},"properties":{"lines":"M71","color":"#0059a9","mode":"bus","arr":["M71"],"angle":-83.5,"extra":1,"ei":0}},{"type":"Feature","geometry":{"type":"Point","coordinates":[23.542322,46.644425]},"properties":{"lines":"M71","color":"#0059a9","mode":"bus","arr":["M71"],"angle":-87,"extra":1,"ei":1}},{"type":"Feature","geometry":{"type":"Point","coordinates":[23.541785,46.642575]},"properties":{"lines":"M71","color":"#0059a9","mode":"bus","arr":["M71"],"angle":-74,"extra":1,"ei":2}},{"type":"Feature","geometry":{"type":"Point","coordinates":[23.5425,46.640875]},"properties":{"lines":"M71","color":"#0059a9","mode":"bus","arr":["M71"],"angle":52.4,"extra":1,"ei":3}},{"type":"Feature","geometry":{"type":"Point","coordinates":[23.543972,46.639284]},"properties":{"lines":"M71","color":"#0059a9","mode":"bus","arr":["M71"],"angle":49.9,"extra":1,"ei":4}},{"type":"Feature","geometry":{"type":"Point","coordinates":[23.54616,46.635951]},"properties":{"lines":"M71","color":"#0059a9","mode":"bus","arr":["M71"],"angle":75.8,"extra":1,"ei":5}},{"type":"Feature","geometry":{"type":"Point","coordinates":[23.546808,46.634116]},"properties":{"lines":"M71","color":"#0059a9","mode":"bus","arr":["M71"],"angle":76.6,"extra":1,"ei":6}},{"type":"Feature","geometry":{"type":"Point","coordinates":[23.547864,46.632385]},"properties":{"lines":"M71","color":"#0059a9","mode":"bus","arr":["M71"],"angle":69.9,"extra":1,"ei":7}},{"type":"Feature","geometry":{"type":"Point","coordinates":[23.549485,46.631043]},"properties":{"lines":"M71","color":"#0059a9","mode":"bus","arr":["M71"],"angle":10.1,"extra":1,"ei":8}},{"type":"Feature","geometry":{"type":"Point","coordinates":[23.551442,46.630125]},"properties":{"lines":"M71","color":"#0059a9","mode":"bus","arr":["M71"],"angle":-80.1,"extra":1,"ei":9}},{"type":"Feature","geometry":{"type":"Point","coordinates":[23.549273,46.629418]},"properties":{"lines":"M71","color":"#0059a9","mode":"bus","arr":["M71"],"angle":-45.8,"extra":1,"ei":10}},{"type":"Feature","geometry":{"type":"Point","coordinates":[23.556243,46.673082]},"properties":{"lines":"M17","color":"#0059a9","mode":"bus","arr":["M17"],"angle":-76.3}},{"type":"Feature","geometry":{"type":"Point","coordinates":[23.569849,46.662719]},"properties":{"lines":"M17","color":"#0059a9","mode":"bus","arr":["M17"],"angle":-21.7,"extra":1,"ei":0}},{"type":"Feature","geometry":{"type":"Point","coordinates":[23.567827,46.662586]},"properties":{"lines":"M17","color":"#0059a9","mode":"bus","arr":["M17"],"angle":52.4,"extra":1,"ei":1}},{"type":"Feature","geometry":{"type":"Point","coordinates":[23.565965,46.663953]},"properties":{"lines":"M17","color":"#0059a9","mode":"bus","arr":["M17"],"angle":33.3,"extra":1,"ei":2}},{"type":"Feature","geometry":{"type":"Point","coordinates":[23.563283,46.664281]},"properties":{"lines":"M17","color":"#0059a9","mode":"bus","arr":["M17"],"angle":4.1,"extra":1,"ei":3}},{"type":"Feature","geometry":{"type":"Point","coordinates":[23.561096,46.665296]},"properties":{"lines":"M17","color":"#0059a9","mode":"bus","arr":["M17"],"angle":36.1,"extra":1,"ei":4}},{"type":"Feature","geometry":{"type":"Point","coordinates":[23.558661,46.666105]},"properties":{"lines":"M17","color":"#0059a9","mode":"bus","arr":["M17"],"angle":46.5,"extra":1,"ei":5}},{"type":"Feature","geometry":{"type":"Point","coordinates":[23.557304,46.667709]},"properties":{"lines":"M17","color":"#0059a9","mode":"bus","arr":["M17"],"angle":84.6,"extra":1,"ei":6}},{"type":"Feature","geometry":{"type":"Point","coordinates":[23.556467,46.66943]},"properties":{"lines":"M17","color":"#0059a9","mode":"bus","arr":["M17"],"angle":82.1,"extra":1,"ei":7}},{"type":"Feature","geometry":{"type":"Point","coordinates":[23.556602,46.671288]},"properties":{"lines":"M17","color":"#0059a9","mode":"bus","arr":["M17"],"angle":-85.2,"extra":1,"ei":8}},{"type":"Feature","geometry":{"type":"Point","coordinates":[23.556178,46.674776]},"properties":{"lines":"M17","color":"#0059a9","mode":"bus","arr":["M17"],"angle":58.9,"extra":1,"ei":9}},{"type":"Feature","geometry":{"type":"Point","coordinates":[23.555189,46.676487]},"properties":{"lines":"M17","color":"#0059a9","mode":"bus","arr":["M17"],"angle":57.9,"extra":1,"ei":10}},{"type":"Feature","geometry":{"type":"Point","coordinates":[23.55481,46.678331]},"properties":{"lines":"M17","color":"#0059a9","mode":"bus","arr":["M17"],"angle":73.2,"extra":1,"ei":11}},{"type":"Feature","geometry":{"type":"Point","coordinates":[23.553109,46.679793]},"properties":{"lines":"M17","color":"#0059a9","mode":"bus","arr":["M17"],"angle":59,"extra":1,"ei":12}},{"type":"Feature","geometry":{"type":"Point","coordinates":[23.551686,46.681188]},"properties":{"lines":"M17","color":"#0059a9","mode":"bus","arr":["M17"],"angle":13.2,"extra":1,"ei":13}},{"type":"Feature","geometry":{"type":"Point","coordinates":[23.55055,46.682573]},"properties":{"lines":"M17","color":"#0059a9","mode":"bus","arr":["M17"],"angle":72.1,"extra":1,"ei":14}},{"type":"Feature","geometry":{"type":"Point","coordinates":[23.54996,46.684417]},"properties":{"lines":"M17","color":"#0059a9","mode":"bus","arr":["M17"],"angle":78.8,"extra":1,"ei":15}},{"type":"Feature","geometry":{"type":"Point","coordinates":[23.549693,46.686234]},"properties":{"lines":"M17","color":"#0059a9","mode":"bus","arr":["M17"],"angle":-72,"extra":1,"ei":16}},{"type":"Feature","geometry":{"type":"Point","coordinates":[23.549471,46.688098]},"properties":{"lines":"M17","color":"#0059a9","mode":"bus","arr":["M17"],"angle":85.8,"extra":1,"ei":17}},{"type":"Feature","geometry":{"type":"Point","coordinates":[23.574243,46.658519]},"properties":{"lines":"M17","color":"#0059a9","mode":"bus","arr":["M17"],"angle":-85,"mi":1}},{"type":"Feature","geometry":{"type":"Point","coordinates":[23.578153,46.65502]},"properties":{"lines":"M17","color":"#0059a9","mode":"bus","arr":["M17"],"angle":47.7,"extra":1,"ei":0}},{"type":"Feature","geometry":{"type":"Point","coordinates":[23.575988,46.65615]},"properties":{"lines":"M17","color":"#0059a9","mode":"bus","arr":["M17"],"angle":31.3,"extra":1,"ei":1}},{"type":"Feature","geometry":{"type":"Point","coordinates":[23.574411,46.661179]},"properties":{"lines":"M17","color":"#0059a9","mode":"bus","arr":["M17"],"angle":60.3,"extra":1,"ei":2}},{"type":"Feature","geometry":{"type":"Point","coordinates":[23.572659,46.662624]},"properties":{"lines":"M17","color":"#0059a9","mode":"bus","arr":["M17"],"angle":36.6,"extra":1,"ei":3}},{"type":"Feature","geometry":{"type":"Point","coordinates":[23.582103,46.652428]},"properties":{"lines":"M17","color":"#0059a9","mode":"bus","arr":["M17"],"angle":38}},{"type":"Feature","geometry":{"type":"Point","coordinates":[23.580177,46.653795]},"properties":{"lines":"M17","color":"#0059a9","mode":"bus","arr":["M17"],"angle":48.2,"extra":1,"ei":0}},{"type":"Feature","geometry":{"type":"Point","coordinates":[23.58317,46.651312]},"properties":{"lines":"M17","color":"#0059a9","mode":"bus","arr":["M17"],"angle":-61.8,"extra":1,"ei":1}},{"type":"Feature","geometry":{"type":"Point","coordinates":[23.527798,46.678197]},"properties":{"lines":"M18","color":"#0059a9","mode":"bus","arr":["M18"],"angle":-43.3,"mi":2}},{"type":"Feature","geometry":{"type":"Point","coordinates":[23.527798,46.678197]},"properties":{"lines":"M71","color":"#0059a9","mode":"bus","arr":["M71"],"angle":-43.3}},{"type":"Feature","geometry":{"type":"Point","coordinates":[23.525038,46.675124]},"properties":{"lines":"M18","color":"#0059a9","mode":"bus","arr":["M18"],"angle":77.2,"mi":1}},{"type":"Feature","geometry":{"type":"Point","coordinates":[23.525038,46.675124]},"properties":{"lines":"M71","color":"#0059a9","mode":"bus","arr":["M71"],"angle":77.2,"mi":1}},{"type":"Feature","geometry":{"type":"Point","coordinates":[23.531353,46.651835]},"properties":{"lines":"M18","color":"#0059a9","mode":"bus","arr":["M18"],"angle":-59.6,"mi":3}},{"type":"Feature","geometry":{"type":"Point","coordinates":[23.532297,46.653725]},"properties":{"lines":"M18","color":"#0059a9","mode":"bus","arr":["M18"],"angle":-75.5,"extra":1,"ei":0}},{"type":"Feature","geometry":{"type":"Point","coordinates":[23.53049,46.650212]},"properties":{"lines":"M18","color":"#0059a9","mode":"bus","arr":["M18"],"angle":-71.9,"extra":1,"ei":1}},{"type":"Feature","geometry":{"type":"Point","coordinates":[23.523232,46.63584]},"properties":{"lines":"M18","color":"#0059a9","mode":"bus","arr":["M18"],"angle":54.3,"mi":2}},{"type":"Feature","geometry":{"type":"Point","coordinates":[23.506972,46.748081]},"properties":{"lines":"M21","color":"#0059a9","mode":"bus","arr":["M21"],"angle":-19.1,"mi":4}},{"type":"Feature","geometry":{"type":"Point","coordinates":[23.52893,46.753398]},"properties":{"lines":"M21","color":"#0059a9","mode":"bus","arr":["M21"],"angle":-23,"mi":10}},{"type":"Feature","geometry":{"type":"Point","coordinates":[23.521145,46.751438]},"properties":{"lines":"M21","color":"#0059a9","mode":"bus","arr":["M21"],"angle":-19.3,"mi":7}},{"type":"Feature","geometry":{"type":"Point","coordinates":[23.516373,46.750299]},"properties":{"lines":"M21","color":"#0059a9","mode":"bus","arr":["M21"],"angle":-18.8,"side":-1,"mi":6}},{"type":"Feature","geometry":{"type":"Point","coordinates":[23.498,46.745949]},"properties":{"lines":"M21","color":"#0059a9","mode":"bus","arr":["M21"],"angle":-19.3,"mi":3}},{"type":"Feature","geometry":{"type":"Point","coordinates":[23.53336,46.754745]},"properties":{"lines":"M21","color":"#0059a9","mode":"bus","arr":["M21"],"angle":-24.2,"extra":1,"ei":0}},{"type":"Feature","geometry":{"type":"Point","coordinates":[23.530845,46.753971]},"properties":{"lines":"M21","color":"#0059a9","mode":"bus","arr":["M21"],"angle":-24.1,"extra":1,"ei":1}},{"type":"Feature","geometry":{"type":"Point","coordinates":[23.525735,46.752559]},"properties":{"lines":"M21","color":"#0059a9","mode":"bus","arr":["M21"],"angle":-20.4,"extra":1,"ei":2}},{"type":"Feature","geometry":{"type":"Point","coordinates":[23.523143,46.751916]},"properties":{"lines":"M21","color":"#0059a9","mode":"bus","arr":["M21"],"angle":-21.6,"extra":1,"ei":3}},{"type":"Feature","geometry":{"type":"Point","coordinates":[23.519149,46.750969]},"properties":{"lines":"M21","color":"#0059a9","mode":"bus","arr":["M21"],"angle":-18.7,"extra":1,"ei":0}},{"type":"Feature","geometry":{"type":"Point","coordinates":[23.51369,46.749681]},"properties":{"lines":"M21","color":"#0059a9","mode":"bus","arr":["M21"],"angle":-18.6,"extra":1,"ei":0}},{"type":"Feature","geometry":{"type":"Point","coordinates":[23.51109,46.749053]},"properties":{"lines":"M21","color":"#0059a9","mode":"bus","arr":["M21"],"angle":-18.4,"extra":1,"ei":1}},{"type":"Feature","geometry":{"type":"Point","coordinates":[23.503274,46.747202]},"properties":{"lines":"M21","color":"#0059a9","mode":"bus","arr":["M21"],"angle":-19.4,"extra":1,"ei":2}},{"type":"Feature","geometry":{"type":"Point","coordinates":[23.50067,46.746584]},"properties":{"lines":"M21","color":"#0059a9","mode":"bus","arr":["M21"],"angle":-19.4,"extra":1,"ei":3}},{"type":"Feature","geometry":{"type":"Point","coordinates":[23.506972,46.748081]},"properties":{"lines":"M22","color":"#0059a9","mode":"bus","arr":["M22"],"angle":-19.1,"mi":2}},{"type":"Feature","geometry":{"type":"Point","coordinates":[23.52893,46.753398]},"properties":{"lines":"M22","color":"#0059a9","mode":"bus","arr":["M22"],"angle":-23,"mi":9}},{"type":"Feature","geometry":{"type":"Point","coordinates":[23.491138,46.74511]},"properties":{"lines":"M22","color":"#0059a9","mode":"bus","arr":["M22"],"angle":-0.3,"mi":1}},{"type":"Feature","geometry":{"type":"Point","coordinates":[23.479178,46.74377]},"properties":{"lines":"M22","color":"#0059a9","mode":"bus","arr":["M22"],"angle":-9.9,"mi":3}},{"type":"Feature","geometry":{"type":"Point","coordinates":[23.521145,46.751438]},"properties":{"lines":"M22","color":"#0059a9","mode":"bus","arr":["M22"],"angle":-19.3,"mi":7}},{"type":"Feature","geometry":{"type":"Point","coordinates":[23.516373,46.750299]},"properties":{"lines":"M22","color":"#0059a9","mode":"bus","arr":["M22"],"angle":-18.8,"side":-1,"mi":4}},{"type":"Feature","geometry":{"type":"Point","coordinates":[23.498,46.745949]},"properties":{"lines":"M22","color":"#0059a9","mode":"bus","arr":["M22"],"angle":-19.3}},{"type":"Feature","geometry":{"type":"Point","coordinates":[23.53336,46.754745]},"properties":{"lines":"M22","color":"#0059a9","mode":"bus","arr":["M22"],"angle":-24.2,"extra":1,"ei":0}},{"type":"Feature","geometry":{"type":"Point","coordinates":[23.530845,46.753971]},"properties":{"lines":"M22","color":"#0059a9","mode":"bus","arr":["M22"],"angle":-24.1,"extra":1,"ei":1}},{"type":"Feature","geometry":{"type":"Point","coordinates":[23.525735,46.752559]},"properties":{"lines":"M22","color":"#0059a9","mode":"bus","arr":["M22"],"angle":-20.4,"extra":1,"ei":2}},{"type":"Feature","geometry":{"type":"Point","coordinates":[23.523143,46.751916]},"properties":{"lines":"M22","color":"#0059a9","mode":"bus","arr":["M22"],"angle":-21.6,"extra":1,"ei":3}},{"type":"Feature","geometry":{"type":"Point","coordinates":[23.519149,46.750969]},"properties":{"lines":"M22","color":"#0059a9","mode":"bus","arr":["M22"],"angle":-18.7,"extra":1,"ei":0}},{"type":"Feature","geometry":{"type":"Point","coordinates":[23.51369,46.749681]},"properties":{"lines":"M22","color":"#0059a9","mode":"bus","arr":["M22"],"angle":-18.6,"extra":1,"ei":0}},{"type":"Feature","geometry":{"type":"Point","coordinates":[23.51109,46.749053]},"properties":{"lines":"M22","color":"#0059a9","mode":"bus","arr":["M22"],"angle":-18.4,"extra":1,"ei":1}},{"type":"Feature","geometry":{"type":"Point","coordinates":[23.503274,46.747202]},"properties":{"lines":"M22","color":"#0059a9","mode":"bus","arr":["M22"],"angle":-19.4,"extra":1,"ei":2}},{"type":"Feature","geometry":{"type":"Point","coordinates":[23.50067,46.746584]},"properties":{"lines":"M22","color":"#0059a9","mode":"bus","arr":["M22"],"angle":-19.4,"extra":1,"ei":3}},{"type":"Feature","geometry":{"type":"Point","coordinates":[23.495749,46.745414]},"properties":{"lines":"M22","color":"#0059a9","mode":"bus","arr":["M22"],"angle":-17.6,"extra":1,"ei":0}},{"type":"Feature","geometry":{"type":"Point","coordinates":[23.493024,46.745164]},"properties":{"lines":"M22","color":"#0059a9","mode":"bus","arr":["M22"],"angle":-4.1,"extra":1,"ei":1}},{"type":"Feature","geometry":{"type":"Point","coordinates":[23.487645,46.744576]},"properties":{"lines":"M22","color":"#0059a9","mode":"bus","arr":["M22"],"angle":-18.2,"extra":1,"ei":2}},{"type":"Feature","geometry":{"type":"Point","coordinates":[23.483195,46.744366]},"properties":{"lines":"M22","color":"#0059a9","mode":"bus","arr":["M22"],"angle":-8.9,"extra":1,"ei":0}},{"type":"Feature","geometry":{"type":"Point","coordinates":[23.475033,46.743858]},"properties":{"lines":"M22","color":"#0059a9","mode":"bus","arr":["M22"],"angle":5.2,"extra":1,"ei":1}},{"type":"Feature","geometry":{"type":"Point","coordinates":[23.462646,46.744169]},"properties":{"lines":"M23","color":"#0059a9","mode":"bus","arr":["M23"],"angle":2.3}},{"type":"Feature","geometry":{"type":"Point","coordinates":[23.506972,46.748081]},"properties":{"lines":"M23","color":"#0059a9","mode":"bus","arr":["M23"],"angle":-19.1}},{"type":"Feature","geometry":{"type":"Point","coordinates":[23.52893,46.753398]},"properties":{"lines":"M23","color":"#0059a9","mode":"bus","arr":["M23"],"angle":-23,"mi":5}},{"type":"Feature","geometry":{"type":"Point","coordinates":[23.491138,46.74511]},"properties":{"lines":"M23","color":"#0059a9","mode":"bus","arr":["M23"],"angle":-0.3,"mi":3}},{"type":"Feature","geometry":{"type":"Point","coordinates":[23.479178,46.74377]},"properties":{"lines":"M23","color":"#0059a9","mode":"bus","arr":["M23"],"angle":-9.9,"mi":6}},{"type":"Feature","geometry":{"type":"Point","coordinates":[23.521145,46.751438]},"properties":{"lines":"M23","color":"#0059a9","mode":"bus","arr":["M23"],"angle":-19.3,"mi":4}},{"type":"Feature","geometry":{"type":"Point","coordinates":[23.516373,46.750299]},"properties":{"lines":"M23","color":"#0059a9","mode":"bus","arr":["M23"],"angle":-18.8,"side":-1,"mi":2}},{"type":"Feature","geometry":{"type":"Point","coordinates":[23.498,46.745949]},"properties":{"lines":"M23","color":"#0059a9","mode":"bus","arr":["M23"],"angle":-19.3,"mi":1}},{"type":"Feature","geometry":{"type":"Point","coordinates":[23.53336,46.754745]},"properties":{"lines":"M23","color":"#0059a9","mode":"bus","arr":["M23"],"angle":-24.2,"extra":1,"ei":0}},{"type":"Feature","geometry":{"type":"Point","coordinates":[23.530845,46.753971]},"properties":{"lines":"M23","color":"#0059a9","mode":"bus","arr":["M23"],"angle":-24.1,"extra":1,"ei":1}},{"type":"Feature","geometry":{"type":"Point","coordinates":[23.525735,46.752559]},"properties":{"lines":"M23","color":"#0059a9","mode":"bus","arr":["M23"],"angle":-20.4,"extra":1,"ei":2}},{"type":"Feature","geometry":{"type":"Point","coordinates":[23.523143,46.751916]},"properties":{"lines":"M23","color":"#0059a9","mode":"bus","arr":["M23"],"angle":-21.6,"extra":1,"ei":3}},{"type":"Feature","geometry":{"type":"Point","coordinates":[23.519149,46.750969]},"properties":{"lines":"M23","color":"#0059a9","mode":"bus","arr":["M23"],"angle":-18.7,"extra":1,"ei":0}},{"type":"Feature","geometry":{"type":"Point","coordinates":[23.51369,46.749681]},"properties":{"lines":"M23","color":"#0059a9","mode":"bus","arr":["M23"],"angle":-18.6,"extra":1,"ei":0}},{"type":"Feature","geometry":{"type":"Point","coordinates":[23.51109,46.749053]},"properties":{"lines":"M23","color":"#0059a9","mode":"bus","arr":["M23"],"angle":-18.4,"extra":1,"ei":1}},{"type":"Feature","geometry":{"type":"Point","coordinates":[23.503274,46.747202]},"properties":{"lines":"M23","color":"#0059a9","mode":"bus","arr":["M23"],"angle":-19.4,"extra":1,"ei":2}},{"type":"Feature","geometry":{"type":"Point","coordinates":[23.50067,46.746584]},"properties":{"lines":"M23","color":"#0059a9","mode":"bus","arr":["M23"],"angle":-19.4,"extra":1,"ei":3}},{"type":"Feature","geometry":{"type":"Point","coordinates":[23.495749,46.745414]},"properties":{"lines":"M23","color":"#0059a9","mode":"bus","arr":["M23"],"angle":-17.6,"extra":1,"ei":0}},{"type":"Feature","geometry":{"type":"Point","coordinates":[23.493024,46.745164]},"properties":{"lines":"M23","color":"#0059a9","mode":"bus","arr":["M23"],"angle":-4.1,"extra":1,"ei":1}},{"type":"Feature","geometry":{"type":"Point","coordinates":[23.487645,46.744576]},"properties":{"lines":"M23","color":"#0059a9","mode":"bus","arr":["M23"],"angle":-18.2,"extra":1,"ei":2}},{"type":"Feature","geometry":{"type":"Point","coordinates":[23.483195,46.744366]},"properties":{"lines":"M23","color":"#0059a9","mode":"bus","arr":["M23"],"angle":-8.9,"extra":1,"ei":0}},{"type":"Feature","geometry":{"type":"Point","coordinates":[23.475033,46.743858]},"properties":{"lines":"M23","color":"#0059a9","mode":"bus","arr":["M23"],"angle":5.2,"extra":1,"ei":1}},{"type":"Feature","geometry":{"type":"Point","coordinates":[23.472329,46.743938]},"properties":{"lines":"M23","color":"#0059a9","mode":"bus","arr":["M23"],"angle":2.1,"extra":1,"ei":0}},{"type":"Feature","geometry":{"type":"Point","coordinates":[23.469574,46.744009]},"properties":{"lines":"M23","color":"#0059a9","mode":"bus","arr":["M23"],"angle":2.2,"extra":1,"ei":1}},{"type":"Feature","geometry":{"type":"Point","coordinates":[23.466819,46.744076]},"properties":{"lines":"M23","color":"#0059a9","mode":"bus","arr":["M23"],"angle":1.6,"extra":1,"ei":2}},{"type":"Feature","geometry":{"type":"Point","coordinates":[23.458555,46.744282]},"properties":{"lines":"M23","color":"#0059a9","mode":"bus","arr":["M23"],"angle":2.2,"extra":1,"ei":3}},{"type":"Feature","geometry":{"type":"Point","coordinates":[23.4558,46.74435]},"properties":{"lines":"M23","color":"#0059a9","mode":"bus","arr":["M23"],"angle":2.1,"extra":1,"ei":4}},{"type":"Feature","geometry":{"type":"Point","coordinates":[23.453144,46.744765]},"properties":{"lines":"M23","color":"#0059a9","mode":"bus","arr":["M23"],"angle":28.6,"extra":1,"ei":5}},{"type":"Feature","geometry":{"type":"Point","coordinates":[23.462646,46.744169]},"properties":{"lines":"M24","color":"#0059a9","mode":"bus","arr":["M24"],"angle":2.3,"mi":2}},{"type":"Feature","geometry":{"type":"Point","coordinates":[23.506972,46.748081]},"properties":{"lines":"M24","color":"#0059a9","mode":"bus","arr":["M24"],"angle":-19.1}},{"type":"Feature","geometry":{"type":"Point","coordinates":[23.52893,46.753398]},"properties":{"lines":"M24","color":"#0059a9","mode":"bus","arr":["M24"],"angle":-23,"mi":5}},{"type":"Feature","geometry":{"type":"Point","coordinates":[23.491138,46.74511]},"properties":{"lines":"M24","color":"#0059a9","mode":"bus","arr":["M24"],"angle":-0.3,"mi":3}},{"type":"Feature","geometry":{"type":"Point","coordinates":[23.479178,46.74377]},"properties":{"lines":"M24","color":"#0059a9","mode":"bus","arr":["M24"],"angle":-9.9,"mi":6}},{"type":"Feature","geometry":{"type":"Point","coordinates":[23.521145,46.751438]},"properties":{"lines":"M24","color":"#0059a9","mode":"bus","arr":["M24"],"angle":-19.3,"mi":4}},{"type":"Feature","geometry":{"type":"Point","coordinates":[23.516373,46.750299]},"properties":{"lines":"M24","color":"#0059a9","mode":"bus","arr":["M24"],"angle":-18.8,"side":-1,"mi":2}},{"type":"Feature","geometry":{"type":"Point","coordinates":[23.498,46.745949]},"properties":{"lines":"M24","color":"#0059a9","mode":"bus","arr":["M24"],"angle":-19.3,"mi":1}},{"type":"Feature","geometry":{"type":"Point","coordinates":[23.53336,46.754745]},"properties":{"lines":"M24","color":"#0059a9","mode":"bus","arr":["M24"],"angle":-24.2,"extra":1,"ei":0}},{"type":"Feature","geometry":{"type":"Point","coordinates":[23.530845,46.753971]},"properties":{"lines":"M24","color":"#0059a9","mode":"bus","arr":["M24"],"angle":-24.1,"extra":1,"ei":1}},{"type":"Feature","geometry":{"type":"Point","coordinates":[23.525735,46.752559]},"properties":{"lines":"M24","color":"#0059a9","mode":"bus","arr":["M24"],"angle":-20.4,"extra":1,"ei":2}},{"type":"Feature","geometry":{"type":"Point","coordinates":[23.523143,46.751916]},"properties":{"lines":"M24","color":"#0059a9","mode":"bus","arr":["M24"],"angle":-21.6,"extra":1,"ei":3}},{"type":"Feature","geometry":{"type":"Point","coordinates":[23.519149,46.750969]},"properties":{"lines":"M24","color":"#0059a9","mode":"bus","arr":["M24"],"angle":-18.7,"extra":1,"ei":0}},{"type":"Feature","geometry":{"type":"Point","coordinates":[23.51369,46.749681]},"properties":{"lines":"M24","color":"#0059a9","mode":"bus","arr":["M24"],"angle":-18.6,"extra":1,"ei":0}},{"type":"Feature","geometry":{"type":"Point","coordinates":[23.51109,46.749053]},"properties":{"lines":"M24","color":"#0059a9","mode":"bus","arr":["M24"],"angle":-18.4,"extra":1,"ei":1}},{"type":"Feature","geometry":{"type":"Point","coordinates":[23.503274,46.747202]},"properties":{"lines":"M24","color":"#0059a9","mode":"bus","arr":["M24"],"angle":-19.4,"extra":1,"ei":2}},{"type":"Feature","geometry":{"type":"Point","coordinates":[23.50067,46.746584]},"properties":{"lines":"M24","color":"#0059a9","mode":"bus","arr":["M24"],"angle":-19.4,"extra":1,"ei":3}},{"type":"Feature","geometry":{"type":"Point","coordinates":[23.495749,46.745414]},"properties":{"lines":"M24","color":"#0059a9","mode":"bus","arr":["M24"],"angle":-17.6,"extra":1,"ei":0}},{"type":"Feature","geometry":{"type":"Point","coordinates":[23.493024,46.745164]},"properties":{"lines":"M24","color":"#0059a9","mode":"bus","arr":["M24"],"angle":-4.1,"extra":1,"ei":1}},{"type":"Feature","geometry":{"type":"Point","coordinates":[23.487645,46.744576]},"properties":{"lines":"M24","color":"#0059a9","mode":"bus","arr":["M24"],"angle":-18.2,"extra":1,"ei":2}},{"type":"Feature","geometry":{"type":"Point","coordinates":[23.483195,46.744366]},"properties":{"lines":"M24","color":"#0059a9","mode":"bus","arr":["M24"],"angle":-8.9,"extra":1,"ei":0}},{"type":"Feature","geometry":{"type":"Point","coordinates":[23.475033,46.743858]},"properties":{"lines":"M24","color":"#0059a9","mode":"bus","arr":["M24"],"angle":5.2,"extra":1,"ei":1}},{"type":"Feature","geometry":{"type":"Point","coordinates":[23.472329,46.743938]},"properties":{"lines":"M24","color":"#0059a9","mode":"bus","arr":["M24"],"angle":2.1,"extra":1,"ei":0}},{"type":"Feature","geometry":{"type":"Point","coordinates":[23.469574,46.744009]},"properties":{"lines":"M24","color":"#0059a9","mode":"bus","arr":["M24"],"angle":2.2,"extra":1,"ei":1}},{"type":"Feature","geometry":{"type":"Point","coordinates":[23.466819,46.744076]},"properties":{"lines":"M24","color":"#0059a9","mode":"bus","arr":["M24"],"angle":1.6,"extra":1,"ei":2}},{"type":"Feature","geometry":{"type":"Point","coordinates":[23.458555,46.744282]},"properties":{"lines":"M24","color":"#0059a9","mode":"bus","arr":["M24"],"angle":2.2,"extra":1,"ei":3}},{"type":"Feature","geometry":{"type":"Point","coordinates":[23.4558,46.74435]},"properties":{"lines":"M24","color":"#0059a9","mode":"bus","arr":["M24"],"angle":2.1,"extra":1,"ei":4}},{"type":"Feature","geometry":{"type":"Point","coordinates":[23.453144,46.744765]},"properties":{"lines":"M24","color":"#0059a9","mode":"bus","arr":["M24"],"angle":28.6,"extra":1,"ei":5}},{"type":"Feature","geometry":{"type":"Point","coordinates":[23.506972,46.748081]},"properties":{"lines":"M25","color":"#0059a9","mode":"bus","arr":["M25"],"angle":-19.1,"mi":2}},{"type":"Feature","geometry":{"type":"Point","coordinates":[23.52893,46.753398]},"properties":{"lines":"M25","color":"#0059a9","mode":"bus","arr":["M25"],"angle":-23,"mi":3}},{"type":"Feature","geometry":{"type":"Point","coordinates":[23.521145,46.751438]},"properties":{"lines":"M25","color":"#0059a9","mode":"bus","arr":["M25"],"angle":-19.3,"mi":1}},{"type":"Feature","geometry":{"type":"Point","coordinates":[23.516373,46.750299]},"properties":{"lines":"M25","color":"#0059a9","mode":"bus","arr":["M25"],"angle":-18.8,"side":-1}},{"type":"Feature","geometry":{"type":"Point","coordinates":[23.53336,46.754745]},"properties":{"lines":"M25","color":"#0059a9","mode":"bus","arr":["M25"],"angle":-24.2,"extra":1,"ei":0}},{"type":"Feature","geometry":{"type":"Point","coordinates":[23.530845,46.753971]},"properties":{"lines":"M25","color":"#0059a9","mode":"bus","arr":["M25"],"angle":-24.1,"extra":1,"ei":1}},{"type":"Feature","geometry":{"type":"Point","coordinates":[23.525735,46.752559]},"properties":{"lines":"M25","color":"#0059a9","mode":"bus","arr":["M25"],"angle":-20.4,"extra":1,"ei":2}},{"type":"Feature","geometry":{"type":"Point","coordinates":[23.523143,46.751916]},"properties":{"lines":"M25","color":"#0059a9","mode":"bus","arr":["M25"],"angle":-21.6,"extra":1,"ei":3}},{"type":"Feature","geometry":{"type":"Point","coordinates":[23.519149,46.750969]},"properties":{"lines":"M25","color":"#0059a9","mode":"bus","arr":["M25"],"angle":-18.7,"extra":1,"ei":0}},{"type":"Feature","geometry":{"type":"Point","coordinates":[23.51369,46.749681]},"properties":{"lines":"M25","color":"#0059a9","mode":"bus","arr":["M25"],"angle":-18.6,"extra":1,"ei":0}},{"type":"Feature","geometry":{"type":"Point","coordinates":[23.51109,46.749053]},"properties":{"lines":"M25","color":"#0059a9","mode":"bus","arr":["M25"],"angle":-18.4,"extra":1,"ei":1}},{"type":"Feature","geometry":{"type":"Point","coordinates":[23.503274,46.747202]},"properties":{"lines":"M25","color":"#0059a9","mode":"bus","arr":["M25"],"angle":-19.4,"extra":1,"ei":2}},{"type":"Feature","geometry":{"type":"Point","coordinates":[23.50067,46.746584]},"properties":{"lines":"M25","color":"#0059a9","mode":"bus","arr":["M25"],"angle":-19.4,"extra":1,"ei":3}},{"type":"Feature","geometry":{"type":"Point","coordinates":[23.506972,46.748081]},"properties":{"lines":"M26","color":"#0059a9","mode":"bus","arr":["M26"],"angle":-19.1,"mi":1}},{"type":"Feature","geometry":{"type":"Point","coordinates":[23.52893,46.753398]},"properties":{"lines":"M26","color":"#0059a9","mode":"bus","arr":["M26"],"angle":-23,"mi":10}},{"type":"Feature","geometry":{"type":"Point","coordinates":[23.491138,46.74511]},"properties":{"lines":"M26","color":"#0059a9","mode":"bus","arr":["M26"],"angle":-0.3,"mi":2}},{"type":"Feature","geometry":{"type":"Point","coordinates":[23.521145,46.751438]},"properties":{"lines":"M26","color":"#0059a9","mode":"bus","arr":["M26"],"angle":-19.3,"mi":6}},{"type":"Feature","geometry":{"type":"Point","coordinates":[23.516373,46.750299]},"properties":{"lines":"M26","color":"#0059a9","mode":"bus","arr":["M26"],"angle":-18.8,"side":-1,"mi":3}},{"type":"Feature","geometry":{"type":"Point","coordinates":[23.498,46.745949]},"properties":{"lines":"M26","color":"#0059a9","mode":"bus","arr":["M26"],"angle":-19.3}},{"type":"Feature","geometry":{"type":"Point","coordinates":[23.48503,46.744219]},"properties":{"lines":"M26","color":"#0059a9","mode":"bus","arr":["M26"],"angle":-11.6,"side":-1,"mi":4}},{"type":"Feature","geometry":{"type":"Point","coordinates":[23.53336,46.754745]},"properties":{"lines":"M26","color":"#0059a9","mode":"bus","arr":["M26"],"angle":-24.2,"extra":1,"ei":0}},{"type":"Feature","geometry":{"type":"Point","coordinates":[23.530845,46.753971]},"properties":{"lines":"M26","color":"#0059a9","mode":"bus","arr":["M26"],"angle":-24.1,"extra":1,"ei":1}},{"type":"Feature","geometry":{"type":"Point","coordinates":[23.525735,46.752559]},"properties":{"lines":"M26","color":"#0059a9","mode":"bus","arr":["M26"],"angle":-20.4,"extra":1,"ei":2}},{"type":"Feature","geometry":{"type":"Point","coordinates":[23.523143,46.751916]},"properties":{"lines":"M26","color":"#0059a9","mode":"bus","arr":["M26"],"angle":-21.6,"extra":1,"ei":3}},{"type":"Feature","geometry":{"type":"Point","coordinates":[23.519149,46.750969]},"properties":{"lines":"M26","color":"#0059a9","mode":"bus","arr":["M26"],"angle":-18.7,"extra":1,"ei":0}},{"type":"Feature","geometry":{"type":"Point","coordinates":[23.51369,46.749681]},"properties":{"lines":"M26","color":"#0059a9","mode":"bus","arr":["M26"],"angle":-18.6,"extra":1,"ei":0}},{"type":"Feature","geometry":{"type":"Point","coordinates":[23.51109,46.749053]},"properties":{"lines":"M26","color":"#0059a9","mode":"bus","arr":["M26"],"angle":-18.4,"extra":1,"ei":1}},{"type":"Feature","geometry":{"type":"Point","coordinates":[23.503274,46.747202]},"properties":{"lines":"M26","color":"#0059a9","mode":"bus","arr":["M26"],"angle":-19.4,"extra":1,"ei":2}},{"type":"Feature","geometry":{"type":"Point","coordinates":[23.50067,46.746584]},"properties":{"lines":"M26","color":"#0059a9","mode":"bus","arr":["M26"],"angle":-19.4,"extra":1,"ei":3}},{"type":"Feature","geometry":{"type":"Point","coordinates":[23.495749,46.745414]},"properties":{"lines":"M26","color":"#0059a9","mode":"bus","arr":["M26"],"angle":-17.6,"extra":1,"ei":0}},{"type":"Feature","geometry":{"type":"Point","coordinates":[23.493024,46.745164]},"properties":{"lines":"M26","color":"#0059a9","mode":"bus","arr":["M26"],"angle":-4.1,"extra":1,"ei":1}},{"type":"Feature","geometry":{"type":"Point","coordinates":[23.487645,46.744576]},"properties":{"lines":"M26","color":"#0059a9","mode":"bus","arr":["M26"],"angle":-18.2,"extra":1,"ei":2}},{"type":"Feature","geometry":{"type":"Point","coordinates":[23.52893,46.753398]},"properties":{"lines":"M27","color":"#0059a9","mode":"bus","arr":["M27"],"angle":-23,"mi":3}},{"type":"Feature","geometry":{"type":"Point","coordinates":[23.521145,46.751438]},"properties":{"lines":"M27","color":"#0059a9","mode":"bus","arr":["M27"],"angle":-19.3,"mi":5}},{"type":"Feature","geometry":{"type":"Point","coordinates":[23.516373,46.750299]},"properties":{"lines":"M27","color":"#0059a9","mode":"bus","arr":["M27"],"angle":-18.8,"side":-1,"mi":8}},{"type":"Feature","geometry":{"type":"Point","coordinates":[23.53336,46.754745]},"properties":{"lines":"M27","color":"#0059a9","mode":"bus","arr":["M27"],"angle":-24.2,"extra":1,"ei":0}},{"type":"Feature","geometry":{"type":"Point","coordinates":[23.530845,46.753971]},"properties":{"lines":"M27","color":"#0059a9","mode":"bus","arr":["M27"],"angle":-24.1,"extra":1,"ei":1}},{"type":"Feature","geometry":{"type":"Point","coordinates":[23.525735,46.752559]},"properties":{"lines":"M27","color":"#0059a9","mode":"bus","arr":["M27"],"angle":-20.4,"extra":1,"ei":2}},{"type":"Feature","geometry":{"type":"Point","coordinates":[23.523143,46.751916]},"properties":{"lines":"M27","color":"#0059a9","mode":"bus","arr":["M27"],"angle":-21.6,"extra":1,"ei":3}},{"type":"Feature","geometry":{"type":"Point","coordinates":[23.519149,46.750969]},"properties":{"lines":"M27","color":"#0059a9","mode":"bus","arr":["M27"],"angle":-18.7,"extra":1,"ei":0}},{"type":"Feature","geometry":{"type":"Point","coordinates":[23.462646,46.744169]},"properties":{"lines":"M51","color":"#0059a9","mode":"bus","arr":["M51"],"angle":2.3,"mi":2}},{"type":"Feature","geometry":{"type":"Point","coordinates":[23.506972,46.748081]},"properties":{"lines":"M51","color":"#0059a9","mode":"bus","arr":["M51"],"angle":-19.1}},{"type":"Feature","geometry":{"type":"Point","coordinates":[23.52893,46.753398]},"properties":{"lines":"M51","color":"#0059a9","mode":"bus","arr":["M51"],"angle":-23,"mi":5}},{"type":"Feature","geometry":{"type":"Point","coordinates":[23.491138,46.74511]},"properties":{"lines":"M51","color":"#0059a9","mode":"bus","arr":["M51"],"angle":-0.3,"mi":3}},{"type":"Feature","geometry":{"type":"Point","coordinates":[23.479178,46.74377]},"properties":{"lines":"M51","color":"#0059a9","mode":"bus","arr":["M51"],"angle":-9.9,"mi":6}},{"type":"Feature","geometry":{"type":"Point","coordinates":[23.521145,46.751438]},"properties":{"lines":"M51","color":"#0059a9","mode":"bus","arr":["M51"],"angle":-19.3,"mi":4}},{"type":"Feature","geometry":{"type":"Point","coordinates":[23.516373,46.750299]},"properties":{"lines":"M51","color":"#0059a9","mode":"bus","arr":["M51"],"angle":-18.8,"side":-1,"mi":2}},{"type":"Feature","geometry":{"type":"Point","coordinates":[23.498,46.745949]},"properties":{"lines":"M51","color":"#0059a9","mode":"bus","arr":["M51"],"angle":-19.3,"mi":1}},{"type":"Feature","geometry":{"type":"Point","coordinates":[23.53336,46.754745]},"properties":{"lines":"M51","color":"#0059a9","mode":"bus","arr":["M51"],"angle":-24.2,"extra":1,"ei":0}},{"type":"Feature","geometry":{"type":"Point","coordinates":[23.530845,46.753971]},"properties":{"lines":"M51","color":"#0059a9","mode":"bus","arr":["M51"],"angle":-24.1,"extra":1,"ei":1}},{"type":"Feature","geometry":{"type":"Point","coordinates":[23.525735,46.752559]},"properties":{"lines":"M51","color":"#0059a9","mode":"bus","arr":["M51"],"angle":-20.4,"extra":1,"ei":2}},{"type":"Feature","geometry":{"type":"Point","coordinates":[23.523143,46.751916]},"properties":{"lines":"M51","color":"#0059a9","mode":"bus","arr":["M51"],"angle":-21.6,"extra":1,"ei":3}},{"type":"Feature","geometry":{"type":"Point","coordinates":[23.519149,46.750969]},"properties":{"lines":"M51","color":"#0059a9","mode":"bus","arr":["M51"],"angle":-18.7,"extra":1,"ei":0}},{"type":"Feature","geometry":{"type":"Point","coordinates":[23.51369,46.749681]},"properties":{"lines":"M51","color":"#0059a9","mode":"bus","arr":["M51"],"angle":-18.6,"extra":1,"ei":0}},{"type":"Feature","geometry":{"type":"Point","coordinates":[23.51109,46.749053]},"properties":{"lines":"M51","color":"#0059a9","mode":"bus","arr":["M51"],"angle":-18.4,"extra":1,"ei":1}},{"type":"Feature","geometry":{"type":"Point","coordinates":[23.503274,46.747202]},"properties":{"lines":"M51","color":"#0059a9","mode":"bus","arr":["M51"],"angle":-19.4,"extra":1,"ei":2}},{"type":"Feature","geometry":{"type":"Point","coordinates":[23.50067,46.746584]},"properties":{"lines":"M51","color":"#0059a9","mode":"bus","arr":["M51"],"angle":-19.4,"extra":1,"ei":3}},{"type":"Feature","geometry":{"type":"Point","coordinates":[23.495749,46.745414]},"properties":{"lines":"M51","color":"#0059a9","mode":"bus","arr":["M51"],"angle":-17.6,"extra":1,"ei":0}},{"type":"Feature","geometry":{"type":"Point","coordinates":[23.493024,46.745164]},"properties":{"lines":"M51","color":"#0059a9","mode":"bus","arr":["M51"],"angle":-4.1,"extra":1,"ei":1}},{"type":"Feature","geometry":{"type":"Point","coordinates":[23.487645,46.744576]},"properties":{"lines":"M51","color":"#0059a9","mode":"bus","arr":["M51"],"angle":-18.2,"extra":1,"ei":2}},{"type":"Feature","geometry":{"type":"Point","coordinates":[23.483195,46.744366]},"properties":{"lines":"M51","color":"#0059a9","mode":"bus","arr":["M51"],"angle":-8.9,"extra":1,"ei":0}},{"type":"Feature","geometry":{"type":"Point","coordinates":[23.475033,46.743858]},"properties":{"lines":"M51","color":"#0059a9","mode":"bus","arr":["M51"],"angle":5.2,"extra":1,"ei":1}},{"type":"Feature","geometry":{"type":"Point","coordinates":[23.472329,46.743938]},"properties":{"lines":"M51","color":"#0059a9","mode":"bus","arr":["M51"],"angle":2.1,"extra":1,"ei":0}},{"type":"Feature","geometry":{"type":"Point","coordinates":[23.469574,46.744009]},"properties":{"lines":"M51","color":"#0059a9","mode":"bus","arr":["M51"],"angle":2.2,"extra":1,"ei":1}},{"type":"Feature","geometry":{"type":"Point","coordinates":[23.466819,46.744076]},"properties":{"lines":"M51","color":"#0059a9","mode":"bus","arr":["M51"],"angle":1.6,"extra":1,"ei":2}},{"type":"Feature","geometry":{"type":"Point","coordinates":[23.458555,46.744282]},"properties":{"lines":"M51","color":"#0059a9","mode":"bus","arr":["M51"],"angle":2.2,"extra":1,"ei":3}},{"type":"Feature","geometry":{"type":"Point","coordinates":[23.4558,46.74435]},"properties":{"lines":"M51","color":"#0059a9","mode":"bus","arr":["M51"],"angle":2.1,"extra":1,"ei":4}},{"type":"Feature","geometry":{"type":"Point","coordinates":[23.453144,46.744765]},"properties":{"lines":"M51","color":"#0059a9","mode":"bus","arr":["M51"],"angle":28.6,"extra":1,"ei":5}},{"type":"Feature","geometry":{"type":"Point","coordinates":[23.462646,46.744169]},"properties":{"lines":"M51U","color":"#0059a9","mode":"bus","arr":["M51U"],"angle":2.3,"mi":19}},{"type":"Feature","geometry":{"type":"Point","coordinates":[23.506972,46.748081]},"properties":{"lines":"M51U","color":"#0059a9","mode":"bus","arr":["M51U"],"angle":-19.1}},{"type":"Feature","geometry":{"type":"Point","coordinates":[23.52893,46.753398]},"properties":{"lines":"M51U","color":"#0059a9","mode":"bus","arr":["M51U"],"angle":-23,"mi":5}},{"type":"Feature","geometry":{"type":"Point","coordinates":[23.491138,46.74511]},"properties":{"lines":"M51U","color":"#0059a9","mode":"bus","arr":["M51U"],"angle":-0.3,"mi":3}},{"type":"Feature","geometry":{"type":"Point","coordinates":[23.479178,46.74377]},"properties":{"lines":"M51U","color":"#0059a9","mode":"bus","arr":["M51U"],"angle":-9.9,"mi":6}},{"type":"Feature","geometry":{"type":"Point","coordinates":[23.521145,46.751438]},"properties":{"lines":"M51U","color":"#0059a9","mode":"bus","arr":["M51U"],"angle":-19.3,"mi":4}},{"type":"Feature","geometry":{"type":"Point","coordinates":[23.516373,46.750299]},"properties":{"lines":"M51U","color":"#0059a9","mode":"bus","arr":["M51U"],"angle":-18.8,"side":-1,"mi":2}},{"type":"Feature","geometry":{"type":"Point","coordinates":[23.498,46.745949]},"properties":{"lines":"M51U","color":"#0059a9","mode":"bus","arr":["M51U"],"angle":-19.3,"mi":1}},{"type":"Feature","geometry":{"type":"Point","coordinates":[23.53336,46.754745]},"properties":{"lines":"M51U","color":"#0059a9","mode":"bus","arr":["M51U"],"angle":-24.2,"extra":1,"ei":0}},{"type":"Feature","geometry":{"type":"Point","coordinates":[23.530845,46.753971]},"properties":{"lines":"M51U","color":"#0059a9","mode":"bus","arr":["M51U"],"angle":-24.1,"extra":1,"ei":1}},{"type":"Feature","geometry":{"type":"Point","coordinates":[23.525735,46.752559]},"properties":{"lines":"M51U","color":"#0059a9","mode":"bus","arr":["M51U"],"angle":-20.4,"extra":1,"ei":2}},{"type":"Feature","geometry":{"type":"Point","coordinates":[23.523143,46.751916]},"properties":{"lines":"M51U","color":"#0059a9","mode":"bus","arr":["M51U"],"angle":-21.6,"extra":1,"ei":3}},{"type":"Feature","geometry":{"type":"Point","coordinates":[23.519149,46.750969]},"properties":{"lines":"M51U","color":"#0059a9","mode":"bus","arr":["M51U"],"angle":-18.7,"extra":1,"ei":0}},{"type":"Feature","geometry":{"type":"Point","coordinates":[23.51369,46.749681]},"properties":{"lines":"M51U","color":"#0059a9","mode":"bus","arr":["M51U"],"angle":-18.6,"extra":1,"ei":0}},{"type":"Feature","geometry":{"type":"Point","coordinates":[23.51109,46.749053]},"properties":{"lines":"M51U","color":"#0059a9","mode":"bus","arr":["M51U"],"angle":-18.4,"extra":1,"ei":1}},{"type":"Feature","geometry":{"type":"Point","coordinates":[23.503274,46.747202]},"properties":{"lines":"M51U","color":"#0059a9","mode":"bus","arr":["M51U"],"angle":-19.4,"extra":1,"ei":2}},{"type":"Feature","geometry":{"type":"Point","coordinates":[23.50067,46.746584]},"properties":{"lines":"M51U","color":"#0059a9","mode":"bus","arr":["M51U"],"angle":-19.4,"extra":1,"ei":3}},{"type":"Feature","geometry":{"type":"Point","coordinates":[23.495749,46.745414]},"properties":{"lines":"M51U","color":"#0059a9","mode":"bus","arr":["M51U"],"angle":-17.6,"extra":1,"ei":0}},{"type":"Feature","geometry":{"type":"Point","coordinates":[23.493024,46.745164]},"properties":{"lines":"M51U","color":"#0059a9","mode":"bus","arr":["M51U"],"angle":-4.1,"extra":1,"ei":1}},{"type":"Feature","geometry":{"type":"Point","coordinates":[23.487645,46.744576]},"properties":{"lines":"M51U","color":"#0059a9","mode":"bus","arr":["M51U"],"angle":-18.2,"extra":1,"ei":2}},{"type":"Feature","geometry":{"type":"Point","coordinates":[23.483195,46.744366]},"properties":{"lines":"M51U","color":"#0059a9","mode":"bus","arr":["M51U"],"angle":-8.9,"extra":1,"ei":0}},{"type":"Feature","geometry":{"type":"Point","coordinates":[23.475033,46.743858]},"properties":{"lines":"M51U","color":"#0059a9","mode":"bus","arr":["M51U"],"angle":5.2,"extra":1,"ei":1}},{"type":"Feature","geometry":{"type":"Point","coordinates":[23.472329,46.743938]},"properties":{"lines":"M51U","color":"#0059a9","mode":"bus","arr":["M51U"],"angle":2.1,"extra":1,"ei":0}},{"type":"Feature","geometry":{"type":"Point","coordinates":[23.469574,46.744009]},"properties":{"lines":"M51U","color":"#0059a9","mode":"bus","arr":["M51U"],"angle":2.2,"extra":1,"ei":1}},{"type":"Feature","geometry":{"type":"Point","coordinates":[23.466819,46.744076]},"properties":{"lines":"M51U","color":"#0059a9","mode":"bus","arr":["M51U"],"angle":1.6,"extra":1,"ei":2}},{"type":"Feature","geometry":{"type":"Point","coordinates":[23.458555,46.744282]},"properties":{"lines":"M51U","color":"#0059a9","mode":"bus","arr":["M51U"],"angle":2.2,"extra":1,"ei":3}},{"type":"Feature","geometry":{"type":"Point","coordinates":[23.4558,46.74435]},"properties":{"lines":"M51U","color":"#0059a9","mode":"bus","arr":["M51U"],"angle":2.1,"extra":1,"ei":4}},{"type":"Feature","geometry":{"type":"Point","coordinates":[23.453144,46.744765]},"properties":{"lines":"M51U","color":"#0059a9","mode":"bus","arr":["M51U"],"angle":28.6,"extra":1,"ei":5}},{"type":"Feature","geometry":{"type":"Point","coordinates":[23.462646,46.744169]},"properties":{"lines":"M52","color":"#0059a9","mode":"bus","arr":["M52"],"angle":2.3,"mi":2}},{"type":"Feature","geometry":{"type":"Point","coordinates":[23.506972,46.748081]},"properties":{"lines":"M52","color":"#0059a9","mode":"bus","arr":["M52"],"angle":-19.1}},{"type":"Feature","geometry":{"type":"Point","coordinates":[23.52893,46.753398]},"properties":{"lines":"M52","color":"#0059a9","mode":"bus","arr":["M52"],"angle":-23,"mi":5}},{"type":"Feature","geometry":{"type":"Point","coordinates":[23.491138,46.74511]},"properties":{"lines":"M52","color":"#0059a9","mode":"bus","arr":["M52"],"angle":-0.3,"mi":3}},{"type":"Feature","geometry":{"type":"Point","coordinates":[23.479178,46.74377]},"properties":{"lines":"M52","color":"#0059a9","mode":"bus","arr":["M52"],"angle":-9.9,"mi":6}},{"type":"Feature","geometry":{"type":"Point","coordinates":[23.521145,46.751438]},"properties":{"lines":"M52","color":"#0059a9","mode":"bus","arr":["M52"],"angle":-19.3,"mi":4}},{"type":"Feature","geometry":{"type":"Point","coordinates":[23.516373,46.750299]},"properties":{"lines":"M52","color":"#0059a9","mode":"bus","arr":["M52"],"angle":-18.8,"side":-1,"mi":2}},{"type":"Feature","geometry":{"type":"Point","coordinates":[23.498,46.745949]},"properties":{"lines":"M52","color":"#0059a9","mode":"bus","arr":["M52"],"angle":-19.3,"mi":1}},{"type":"Feature","geometry":{"type":"Point","coordinates":[23.53336,46.754745]},"properties":{"lines":"M52","color":"#0059a9","mode":"bus","arr":["M52"],"angle":-24.2,"extra":1,"ei":0}},{"type":"Feature","geometry":{"type":"Point","coordinates":[23.530845,46.753971]},"properties":{"lines":"M52","color":"#0059a9","mode":"bus","arr":["M52"],"angle":-24.1,"extra":1,"ei":1}},{"type":"Feature","geometry":{"type":"Point","coordinates":[23.525735,46.752559]},"properties":{"lines":"M52","color":"#0059a9","mode":"bus","arr":["M52"],"angle":-20.4,"extra":1,"ei":2}},{"type":"Feature","geometry":{"type":"Point","coordinates":[23.523143,46.751916]},"properties":{"lines":"M52","color":"#0059a9","mode":"bus","arr":["M52"],"angle":-21.6,"extra":1,"ei":3}},{"type":"Feature","geometry":{"type":"Point","coordinates":[23.519149,46.750969]},"properties":{"lines":"M52","color":"#0059a9","mode":"bus","arr":["M52"],"angle":-18.7,"extra":1,"ei":0}},{"type":"Feature","geometry":{"type":"Point","coordinates":[23.51369,46.749681]},"properties":{"lines":"M52","color":"#0059a9","mode":"bus","arr":["M52"],"angle":-18.6,"extra":1,"ei":0}},{"type":"Feature","geometry":{"type":"Point","coordinates":[23.51109,46.749053]},"properties":{"lines":"M52","color":"#0059a9","mode":"bus","arr":["M52"],"angle":-18.4,"extra":1,"ei":1}},{"type":"Feature","geometry":{"type":"Point","coordinates":[23.503274,46.747202]},"properties":{"lines":"M52","color":"#0059a9","mode":"bus","arr":["M52"],"angle":-19.4,"extra":1,"ei":2}},{"type":"Feature","geometry":{"type":"Point","coordinates":[23.50067,46.746584]},"properties":{"lines":"M52","color":"#0059a9","mode":"bus","arr":["M52"],"angle":-19.4,"extra":1,"ei":3}},{"type":"Feature","geometry":{"type":"Point","coordinates":[23.495749,46.745414]},"properties":{"lines":"M52","color":"#0059a9","mode":"bus","arr":["M52"],"angle":-17.6,"extra":1,"ei":0}},{"type":"Feature","geometry":{"type":"Point","coordinates":[23.493024,46.745164]},"properties":{"lines":"M52","color":"#0059a9","mode":"bus","arr":["M52"],"angle":-4.1,"extra":1,"ei":1}},{"type":"Feature","geometry":{"type":"Point","coordinates":[23.487645,46.744576]},"properties":{"lines":"M52","color":"#0059a9","mode":"bus","arr":["M52"],"angle":-18.2,"extra":1,"ei":2}},{"type":"Feature","geometry":{"type":"Point","coordinates":[23.483195,46.744366]},"properties":{"lines":"M52","color":"#0059a9","mode":"bus","arr":["M52"],"angle":-8.9,"extra":1,"ei":0}},{"type":"Feature","geometry":{"type":"Point","coordinates":[23.475033,46.743858]},"properties":{"lines":"M52","color":"#0059a9","mode":"bus","arr":["M52"],"angle":5.2,"extra":1,"ei":1}},{"type":"Feature","geometry":{"type":"Point","coordinates":[23.472329,46.743938]},"properties":{"lines":"M52","color":"#0059a9","mode":"bus","arr":["M52"],"angle":2.1,"extra":1,"ei":0}},{"type":"Feature","geometry":{"type":"Point","coordinates":[23.469574,46.744009]},"properties":{"lines":"M52","color":"#0059a9","mode":"bus","arr":["M52"],"angle":2.2,"extra":1,"ei":1}},{"type":"Feature","geometry":{"type":"Point","coordinates":[23.466819,46.744076]},"properties":{"lines":"M52","color":"#0059a9","mode":"bus","arr":["M52"],"angle":1.6,"extra":1,"ei":2}},{"type":"Feature","geometry":{"type":"Point","coordinates":[23.458555,46.744282]},"properties":{"lines":"M52","color":"#0059a9","mode":"bus","arr":["M52"],"angle":2.2,"extra":1,"ei":3}},{"type":"Feature","geometry":{"type":"Point","coordinates":[23.4558,46.74435]},"properties":{"lines":"M52","color":"#0059a9","mode":"bus","arr":["M52"],"angle":2.1,"extra":1,"ei":4}},{"type":"Feature","geometry":{"type":"Point","coordinates":[23.453144,46.744765]},"properties":{"lines":"M52","color":"#0059a9","mode":"bus","arr":["M52"],"angle":28.6,"extra":1,"ei":5}},{"type":"Feature","geometry":{"type":"Point","coordinates":[23.462646,46.744169]},"properties":{"lines":"M81","color":"#0059a9","mode":"bus","arr":["M81"],"angle":2.3}},{"type":"Feature","geometry":{"type":"Point","coordinates":[23.506972,46.748081]},"properties":{"lines":"M81","color":"#0059a9","mode":"bus","arr":["M81"],"angle":-19.1}},{"type":"Feature","geometry":{"type":"Point","coordinates":[23.52893,46.753398]},"properties":{"lines":"M81","color":"#0059a9","mode":"bus","arr":["M81"],"angle":-23,"mi":5}},{"type":"Feature","geometry":{"type":"Point","coordinates":[23.491138,46.74511]},"properties":{"lines":"M81","color":"#0059a9","mode":"bus","arr":["M81"],"angle":-0.3,"mi":3}},{"type":"Feature","geometry":{"type":"Point","coordinates":[23.479178,46.74377]},"properties":{"lines":"M81","color":"#0059a9","mode":"bus","arr":["M81"],"angle":-9.9,"mi":6}},{"type":"Feature","geometry":{"type":"Point","coordinates":[23.521145,46.751438]},"properties":{"lines":"M81","color":"#0059a9","mode":"bus","arr":["M81"],"angle":-19.3,"mi":4}},{"type":"Feature","geometry":{"type":"Point","coordinates":[23.516373,46.750299]},"properties":{"lines":"M81","color":"#0059a9","mode":"bus","arr":["M81"],"angle":-18.8,"side":-1,"mi":2}},{"type":"Feature","geometry":{"type":"Point","coordinates":[23.498,46.745949]},"properties":{"lines":"M81","color":"#0059a9","mode":"bus","arr":["M81"],"angle":-19.3,"mi":1}},{"type":"Feature","geometry":{"type":"Point","coordinates":[23.53336,46.754745]},"properties":{"lines":"M81","color":"#0059a9","mode":"bus","arr":["M81"],"angle":-24.2,"extra":1,"ei":0}},{"type":"Feature","geometry":{"type":"Point","coordinates":[23.530845,46.753971]},"properties":{"lines":"M81","color":"#0059a9","mode":"bus","arr":["M81"],"angle":-24.1,"extra":1,"ei":1}},{"type":"Feature","geometry":{"type":"Point","coordinates":[23.525735,46.752559]},"properties":{"lines":"M81","color":"#0059a9","mode":"bus","arr":["M81"],"angle":-20.4,"extra":1,"ei":2}},{"type":"Feature","geometry":{"type":"Point","coordinates":[23.523143,46.751916]},"properties":{"lines":"M81","color":"#0059a9","mode":"bus","arr":["M81"],"angle":-21.6,"extra":1,"ei":3}},{"type":"Feature","geometry":{"type":"Point","coordinates":[23.519149,46.750969]},"properties":{"lines":"M81","color":"#0059a9","mode":"bus","arr":["M81"],"angle":-18.7,"extra":1,"ei":0}},{"type":"Feature","geometry":{"type":"Point","coordinates":[23.51369,46.749681]},"properties":{"lines":"M81","color":"#0059a9","mode":"bus","arr":["M81"],"angle":-18.6,"extra":1,"ei":0}},{"type":"Feature","geometry":{"type":"Point","coordinates":[23.51109,46.749053]},"properties":{"lines":"M81","color":"#0059a9","mode":"bus","arr":["M81"],"angle":-18.4,"extra":1,"ei":1}},{"type":"Feature","geometry":{"type":"Point","coordinates":[23.503274,46.747202]},"properties":{"lines":"M81","color":"#0059a9","mode":"bus","arr":["M81"],"angle":-19.4,"extra":1,"ei":2}},{"type":"Feature","geometry":{"type":"Point","coordinates":[23.50067,46.746584]},"properties":{"lines":"M81","color":"#0059a9","mode":"bus","arr":["M81"],"angle":-19.4,"extra":1,"ei":3}},{"type":"Feature","geometry":{"type":"Point","coordinates":[23.495749,46.745414]},"properties":{"lines":"M81","color":"#0059a9","mode":"bus","arr":["M81"],"angle":-17.6,"extra":1,"ei":0}},{"type":"Feature","geometry":{"type":"Point","coordinates":[23.493024,46.745164]},"properties":{"lines":"M81","color":"#0059a9","mode":"bus","arr":["M81"],"angle":-4.1,"extra":1,"ei":1}},{"type":"Feature","geometry":{"type":"Point","coordinates":[23.487645,46.744576]},"properties":{"lines":"M81","color":"#0059a9","mode":"bus","arr":["M81"],"angle":-18.2,"extra":1,"ei":2}},{"type":"Feature","geometry":{"type":"Point","coordinates":[23.483195,46.744366]},"properties":{"lines":"M81","color":"#0059a9","mode":"bus","arr":["M81"],"angle":-8.9,"extra":1,"ei":0}},{"type":"Feature","geometry":{"type":"Point","coordinates":[23.475033,46.743858]},"properties":{"lines":"M81","color":"#0059a9","mode":"bus","arr":["M81"],"angle":5.2,"extra":1,"ei":1}},{"type":"Feature","geometry":{"type":"Point","coordinates":[23.472329,46.743938]},"properties":{"lines":"M81","color":"#0059a9","mode":"bus","arr":["M81"],"angle":2.1,"extra":1,"ei":0}},{"type":"Feature","geometry":{"type":"Point","coordinates":[23.469574,46.744009]},"properties":{"lines":"M81","color":"#0059a9","mode":"bus","arr":["M81"],"angle":2.2,"extra":1,"ei":1}},{"type":"Feature","geometry":{"type":"Point","coordinates":[23.466819,46.744076]},"properties":{"lines":"M81","color":"#0059a9","mode":"bus","arr":["M81"],"angle":1.6,"extra":1,"ei":2}},{"type":"Feature","geometry":{"type":"Point","coordinates":[23.458555,46.744282]},"properties":{"lines":"M81","color":"#0059a9","mode":"bus","arr":["M81"],"angle":2.2,"extra":1,"ei":3}},{"type":"Feature","geometry":{"type":"Point","coordinates":[23.4558,46.74435]},"properties":{"lines":"M81","color":"#0059a9","mode":"bus","arr":["M81"],"angle":2.1,"extra":1,"ei":4}},{"type":"Feature","geometry":{"type":"Point","coordinates":[23.453144,46.744765]},"properties":{"lines":"M81","color":"#0059a9","mode":"bus","arr":["M81"],"angle":28.6,"extra":1,"ei":5}},{"type":"Feature","geometry":{"type":"Point","coordinates":[23.499947,46.74451]},"properties":{"lines":"M21","color":"#0059a9","mode":"bus","arr":["M21"],"angle":67.7}},{"type":"Feature","geometry":{"type":"Point","coordinates":[23.499947,46.74451]},"properties":{"lines":"M25","color":"#0059a9","mode":"bus","arr":["M25"],"angle":67.7,"mi":4}},{"type":"Feature","geometry":{"type":"Point","coordinates":[23.498686,46.742718]},"properties":{"lines":"M21","color":"#0059a9","mode":"bus","arr":["M21"],"angle":-6.9,"mi":1}},{"type":"Feature","geometry":{"type":"Point","coordinates":[23.496818,46.742537]},"properties":{"lines":"M21","color":"#0059a9","mode":"bus","arr":["M21"],"angle":-7.9,"extra":1,"ei":0}},{"type":"Feature","geometry":{"type":"Point","coordinates":[23.493904,46.736724]},"properties":{"lines":"M21","color":"#0059a9","mode":"bus","arr":["M21"],"angle":-3.6,"mi":5}},{"type":"Feature","geometry":{"type":"Point","coordinates":[23.496349,46.741562]},"properties":{"lines":"M21","color":"#0059a9","mode":"bus","arr":["M21"],"angle":-84.8,"extra":1,"ei":0}},{"type":"Feature","geometry":{"type":"Point","coordinates":[23.496103,46.739681]},"properties":{"lines":"M21","color":"#0059a9","mode":"bus","arr":["M21"],"angle":-84.3,"extra":1,"ei":1}},{"type":"Feature","geometry":{"type":"Point","coordinates":[23.495822,46.737803]},"properties":{"lines":"M21","color":"#0059a9","mode":"bus","arr":["M21"],"angle":-84.1,"extra":1,"ei":2}},{"type":"Feature","geometry":{"type":"Point","coordinates":[23.491451,46.736594]},"properties":{"lines":"M21","color":"#0059a9","mode":"bus","arr":["M21"],"angle":-4.5,"extra":1,"ei":3}},{"type":"Feature","geometry":{"type":"Point","coordinates":[23.488702,46.736451]},"properties":{"lines":"M21","color":"#0059a9","mode":"bus","arr":["M21"],"angle":-4.5,"extra":1,"ei":4}},{"type":"Feature","geometry":{"type":"Point","coordinates":[23.485954,46.736301]},"properties":{"lines":"M21","color":"#0059a9","mode":"bus","arr":["M21"],"angle":-4.3,"extra":1,"ei":5}},{"type":"Feature","geometry":{"type":"Point","coordinates":[23.483794,46.734561]},"properties":{"lines":"M21","color":"#0059a9","mode":"bus","arr":["M21"],"angle":-85.4,"mi":8}},{"type":"Feature","geometry":{"type":"Point","coordinates":[23.483934,46.735739]},"properties":{"lines":"M21","color":"#0059a9","mode":"bus","arr":["M21"],"angle":-85.7,"extra":1,"ei":0}},{"type":"Feature","geometry":{"type":"Point","coordinates":[23.484043,46.740258]},"properties":{"lines":"M26","color":"#0059a9","mode":"bus","arr":["M26"],"angle":-90,"mi":5}},{"type":"Feature","geometry":{"type":"Point","coordinates":[23.483794,46.734561]},"properties":{"lines":"M26","color":"#0059a9","mode":"bus","arr":["M26"],"angle":-85.4,"mi":7}},{"type":"Feature","geometry":{"type":"Point","coordinates":[23.483934,46.735739]},"properties":{"lines":"M26","color":"#0059a9","mode":"bus","arr":["M26"],"angle":-85.7,"extra":1,"ei":0}},{"type":"Feature","geometry":{"type":"Point","coordinates":[23.484022,46.73715]},"properties":{"lines":"M26","color":"#0059a9","mode":"bus","arr":["M26"],"angle":-88.9,"extra":1,"ei":0}},{"type":"Feature","geometry":{"type":"Point","coordinates":[23.484048,46.739038]},"properties":{"lines":"M26","color":"#0059a9","mode":"bus","arr":["M26"],"angle":89.9,"extra":1,"ei":1}},{"type":"Feature","geometry":{"type":"Point","coordinates":[23.484051,46.742815]},"properties":{"lines":"M26","color":"#0059a9","mode":"bus","arr":["M26"],"angle":86.6,"extra":1,"ei":2}},{"type":"Feature","geometry":{"type":"Point","coordinates":[23.483575,46.7304]},"properties":{"lines":"M21","color":"#0059a9","mode":"bus","arr":["M21"],"angle":76.1,"mi":9}},{"type":"Feature","geometry":{"type":"Point","coordinates":[23.483384,46.731984]},"properties":{"lines":"M21","color":"#0059a9","mode":"bus","arr":["M21"],"angle":-83.5,"extra":1,"ei":0}},{"type":"Feature","geometry":{"type":"Point","coordinates":[23.484837,46.728408]},"properties":{"lines":"M21","color":"#0059a9","mode":"bus","arr":["M21"],"angle":62,"extra":1,"ei":1}},{"type":"Feature","geometry":{"type":"Point","coordinates":[23.483575,46.7304]},"properties":{"lines":"M26","color":"#0059a9","mode":"bus","arr":["M26"],"angle":76.1,"mi":9}},{"type":"Feature","geometry":{"type":"Point","coordinates":[23.483384,46.731984]},"properties":{"lines":"M26","color":"#0059a9","mode":"bus","arr":["M26"],"angle":-83.5,"extra":1,"ei":0}},{"type":"Feature","geometry":{"type":"Point","coordinates":[23.484837,46.728408]},"properties":{"lines":"M26","color":"#0059a9","mode":"bus","arr":["M26"],"angle":62,"extra":1,"ei":1}},{"type":"Feature","geometry":{"type":"Point","coordinates":[23.497851,46.744216]},"properties":{"lines":"M21","color":"#0059a9","mode":"bus","arr":["M21"],"angle":70.1,"mi":2}},{"type":"Feature","geometry":{"type":"Point","coordinates":[23.497237,46.745376]},"properties":{"lines":"M21","color":"#0059a9","mode":"bus","arr":["M21"],"angle":70.1,"extra":1,"ei":0}},{"type":"Feature","geometry":{"type":"Point","coordinates":[23.473428,46.742877]},"properties":{"lines":"M22","color":"#0059a9","mode":"bus","arr":["M22"],"angle":-79.8,"mi":5}},{"type":"Feature","geometry":{"type":"Point","coordinates":[23.472228,46.74166]},"properties":{"lines":"M22","color":"#0059a9","mode":"bus","arr":["M22"],"angle":-16.4,"mi":6}},{"type":"Feature","geometry":{"type":"Point","coordinates":[23.468608,46.741232]},"properties":{"lines":"M22","color":"#0059a9","mode":"bus","arr":["M22"],"angle":-1.1,"mi":8}},{"type":"Feature","geometry":{"type":"Point","coordinates":[23.435124,46.743108]},"properties":{"lines":"M23","color":"#0059a9","mode":"bus","arr":["M23"],"angle":-14.8}},{"type":"Feature","geometry":{"type":"Point","coordinates":[23.45075,46.744883]},"properties":{"lines":"M23","color":"#0059a9","mode":"bus","arr":["M23"],"angle":-12,"extra":1,"ei":0}},{"type":"Feature","geometry":{"type":"Point","coordinates":[23.448009,46.744687]},"properties":{"lines":"M23","color":"#0059a9","mode":"bus","arr":["M23"],"angle":-5.3,"extra":1,"ei":1}},{"type":"Feature","geometry":{"type":"Point","coordinates":[23.445264,46.744511]},"properties":{"lines":"M23","color":"#0059a9","mode":"bus","arr":["M23"],"angle":-5.3,"extra":1,"ei":2}},{"type":"Feature","geometry":{"type":"Point","coordinates":[23.442519,46.744335]},"properties":{"lines":"M23","color":"#0059a9","mode":"bus","arr":["M23"],"angle":-5.3,"extra":1,"ei":3}},{"type":"Feature","geometry":{"type":"Point","coordinates":[23.439791,46.744078]},"properties":{"lines":"M23","color":"#0059a9","mode":"bus","arr":["M23"],"angle":-11.1,"extra":1,"ei":4}},{"type":"Feature","geometry":{"type":"Point","coordinates":[23.437098,46.743701]},"properties":{"lines":"M23","color":"#0059a9","mode":"bus","arr":["M23"],"angle":-5.9,"extra":1,"ei":5}},{"type":"Feature","geometry":{"type":"Point","coordinates":[23.432301,46.742229]},"properties":{"lines":"M23","color":"#0059a9","mode":"bus","arr":["M23"],"angle":-49.1,"extra":1,"ei":6}},{"type":"Feature","geometry":{"type":"Point","coordinates":[23.430945,46.740639]},"properties":{"lines":"M23","color":"#0059a9","mode":"bus","arr":["M23"],"angle":-40,"extra":1,"ei":7}},{"type":"Feature","geometry":{"type":"Point","coordinates":[23.428539,46.739732]},"properties":{"lines":"M23","color":"#0059a9","mode":"bus","arr":["M23"],"angle":-18.3,"extra":1,"ei":8}},{"type":"Feature","geometry":{"type":"Point","coordinates":[23.426273,46.738701]},"properties":{"lines":"M23","color":"#0059a9","mode":"bus","arr":["M23"],"angle":-39.8,"extra":1,"ei":9}},{"type":"Feature","geometry":{"type":"Point","coordinates":[23.424292,46.737395]},"properties":{"lines":"M23","color":"#0059a9","mode":"bus","arr":["M23"],"angle":-49.1,"extra":1,"ei":10}},{"type":"Feature","geometry":{"type":"Point","coordinates":[23.422487,46.735967]},"properties":{"lines":"M23","color":"#0059a9","mode":"bus","arr":["M23"],"angle":-49.1,"extra":1,"ei":11}},{"type":"Feature","geometry":{"type":"Point","coordinates":[23.435124,46.743108]},"properties":{"lines":"M81","color":"#0059a9","mode":"bus","arr":["M81"],"angle":-14.8}},{"type":"Feature","geometry":{"type":"Point","coordinates":[23.448573,46.698538]},"properties":{"lines":"M81","color":"#0059a9","mode":"bus","arr":["M81"],"angle":21,"mi":2}},{"type":"Feature","geometry":{"type":"Point","coordinates":[23.456649,46.678146]},"properties":{"lines":"M81","color":"#0059a9","mode":"bus","arr":["M81"],"angle":80.2,"mi":3}},{"type":"Feature","geometry":{"type":"Point","coordinates":[23.421398,46.73483]},"properties":{"lines":"M81","color":"#0059a9","mode":"bus","arr":["M81"],"angle":-68.8,"mi":1}},{"type":"Feature","geometry":{"type":"Point","coordinates":[23.45075,46.744883]},"properties":{"lines":"M81","color":"#0059a9","mode":"bus","arr":["M81"],"angle":-12,"extra":1,"ei":0}},{"type":"Feature","geometry":{"type":"Point","coordinates":[23.448009,46.744687]},"properties":{"lines":"M81","color":"#0059a9","mode":"bus","arr":["M81"],"angle":-5.3,"extra":1,"ei":1}},{"type":"Feature","geometry":{"type":"Point","coordinates":[23.445264,46.744511]},"properties":{"lines":"M81","color":"#0059a9","mode":"bus","arr":["M81"],"angle":-5.3,"extra":1,"ei":2}},{"type":"Feature","geometry":{"type":"Point","coordinates":[23.442519,46.744335]},"properties":{"lines":"M81","color":"#0059a9","mode":"bus","arr":["M81"],"angle":-5.3,"extra":1,"ei":3}},{"type":"Feature","geometry":{"type":"Point","coordinates":[23.439791,46.744078]},"properties":{"lines":"M81","color":"#0059a9","mode":"bus","arr":["M81"],"angle":-11.1,"extra":1,"ei":4}},{"type":"Feature","geometry":{"type":"Point","coordinates":[23.437098,46.743701]},"properties":{"lines":"M81","color":"#0059a9","mode":"bus","arr":["M81"],"angle":-5.9,"extra":1,"ei":5}},{"type":"Feature","geometry":{"type":"Point","coordinates":[23.432301,46.742229]},"properties":{"lines":"M81","color":"#0059a9","mode":"bus","arr":["M81"],"angle":-49.1,"extra":1,"ei":6}},{"type":"Feature","geometry":{"type":"Point","coordinates":[23.430945,46.740639]},"properties":{"lines":"M81","color":"#0059a9","mode":"bus","arr":["M81"],"angle":-40,"extra":1,"ei":7}},{"type":"Feature","geometry":{"type":"Point","coordinates":[23.428539,46.739732]},"properties":{"lines":"M81","color":"#0059a9","mode":"bus","arr":["M81"],"angle":-18.3,"extra":1,"ei":8}},{"type":"Feature","geometry":{"type":"Point","coordinates":[23.426273,46.738701]},"properties":{"lines":"M81","color":"#0059a9","mode":"bus","arr":["M81"],"angle":-39.8,"extra":1,"ei":9}},{"type":"Feature","geometry":{"type":"Point","coordinates":[23.424292,46.737395]},"properties":{"lines":"M81","color":"#0059a9","mode":"bus","arr":["M81"],"angle":-49.1,"extra":1,"ei":10}},{"type":"Feature","geometry":{"type":"Point","coordinates":[23.422487,46.735967]},"properties":{"lines":"M81","color":"#0059a9","mode":"bus","arr":["M81"],"angle":-49.1,"extra":1,"ei":11}},{"type":"Feature","geometry":{"type":"Point","coordinates":[23.454997,46.696016]},"properties":{"lines":"M81","color":"#0059a9","mode":"bus","arr":["M81"],"angle":30.1,"extra":1,"ei":0}},{"type":"Feature","geometry":{"type":"Point","coordinates":[23.45271,46.697044]},"properties":{"lines":"M81","color":"#0059a9","mode":"bus","arr":["M81"],"angle":48.5,"extra":1,"ei":1}},{"type":"Feature","geometry":{"type":"Point","coordinates":[23.450483,46.69802]},"properties":{"lines":"M81","color":"#0059a9","mode":"bus","arr":["M81"],"angle":18.3,"extra":1,"ei":2}},{"type":"Feature","geometry":{"type":"Point","coordinates":[23.445252,46.699197]},"properties":{"lines":"M81","color":"#0059a9","mode":"bus","arr":["M81"],"angle":18,"extra":1,"ei":3}},{"type":"Feature","geometry":{"type":"Point","coordinates":[23.442817,46.700039]},"properties":{"lines":"M81","color":"#0059a9","mode":"bus","arr":["M81"],"angle":38.7,"extra":1,"ei":4}},{"type":"Feature","geometry":{"type":"Point","coordinates":[23.456164,46.680331]},"properties":{"lines":"M81","color":"#0059a9","mode":"bus","arr":["M81"],"angle":-81.4,"extra":1,"ei":0}},{"type":"Feature","geometry":{"type":"Point","coordinates":[23.456495,46.676622]},"properties":{"lines":"M81","color":"#0059a9","mode":"bus","arr":["M81"],"angle":-82.6,"extra":1,"ei":1}},{"type":"Feature","geometry":{"type":"Point","coordinates":[23.455893,46.744158]},"properties":{"lines":"M23","color":"#0059a9","mode":"bus","arr":["M23"],"angle":2.6,"side":-1,"mi":1}},{"type":"Feature","geometry":{"type":"Point","coordinates":[23.455893,46.744158]},"properties":{"lines":"M51","color":"#0059a9","mode":"bus","arr":["M51"],"angle":2.6,"side":-1}},{"type":"Feature","geometry":{"type":"Point","coordinates":[23.455893,46.744158]},"properties":{"lines":"M51U","color":"#0059a9","mode":"bus","arr":["M51U"],"angle":2.6,"side":-1,"mi":17}},{"type":"Feature","geometry":{"type":"Point","coordinates":[23.455893,46.744158]},"properties":{"lines":"M52","color":"#0059a9","mode":"bus","arr":["M52"],"angle":2.6,"side":-1}},{"type":"Feature","geometry":{"type":"Point","coordinates":[23.448673,46.747152]},"properties":{"lines":"M24","color":"#0059a9","mode":"bus","arr":["M24"],"angle":68.5,"mi":1}},{"type":"Feature","geometry":{"type":"Point","coordinates":[23.450122,46.746232]},"properties":{"lines":"M24","color":"#0059a9","mode":"bus","arr":["M24"],"angle":33.7}},{"type":"Feature","geometry":{"type":"Point","coordinates":[23.436823,46.750654]},"properties":{"lines":"M51","color":"#0059a9","mode":"bus","arr":["M51"],"angle":1.9,"mi":14}},{"type":"Feature","geometry":{"type":"Point","coordinates":[23.385722,46.756955]},"properties":{"lines":"M51","color":"#0059a9","mode":"bus","arr":["M51"],"angle":64.4,"mi":2}},{"type":"Feature","geometry":{"type":"Point","coordinates":[23.392748,46.752442]},"properties":{"lines":"M51","color":"#0059a9","mode":"bus","arr":["M51"],"angle":34.2}},{"type":"Feature","geometry":{"type":"Point","coordinates":[23.364073,46.763538]},"properties":{"lines":"M51","color":"#0059a9","mode":"bus","arr":["M51"],"angle":20.3,"mi":11}},{"type":"Feature","geometry":{"type":"Point","coordinates":[23.403067,46.751353]},"properties":{"lines":"M51","color":"#0059a9","mode":"bus","arr":["M51"],"angle":2.1,"mi":3}},{"type":"Feature","geometry":{"type":"Point","coordinates":[23.409903,46.751202]},"properties":{"lines":"M51","color":"#0059a9","mode":"bus","arr":["M51"],"angle":2,"mi":4}},{"type":"Feature","geometry":{"type":"Point","coordinates":[23.377539,46.760029]},"properties":{"lines":"M51","color":"#0059a9","mode":"bus","arr":["M51"],"angle":21.5,"mi":5}},{"type":"Feature","geometry":{"type":"Point","coordinates":[23.397708,46.751491]},"properties":{"lines":"M51","color":"#0059a9","mode":"bus","arr":["M51"],"angle":2.3,"mi":1}},{"type":"Feature","geometry":{"type":"Point","coordinates":[23.450122,46.746232]},"properties":{"lines":"M51","color":"#0059a9","mode":"bus","arr":["M51"],"angle":33.7,"mi":1}},{"type":"Feature","geometry":{"type":"Point","coordinates":[23.367733,46.762625]},"properties":{"lines":"M51","color":"#0059a9","mode":"bus","arr":["M51"],"angle":16.8,"mi":9}},{"type":"Feature","geometry":{"type":"Point","coordinates":[23.369836,46.762058]},"properties":{"lines":"M51","color":"#0059a9","mode":"bus","arr":["M51"],"angle":20.7,"mi":8}},{"type":"Feature","geometry":{"type":"Point","coordinates":[23.373113,46.761184]},"properties":{"lines":"M51","color":"#0059a9","mode":"bus","arr":["M51"],"angle":20.3,"mi":6}},{"type":"Feature","geometry":{"type":"Point","coordinates":[23.44774,46.747397]},"properties":{"lines":"M51","color":"#0059a9","mode":"bus","arr":["M51"],"angle":36.2,"extra":1,"ei":0}},{"type":"Feature","geometry":{"type":"Point","coordinates":[23.445526,46.748521]},"properties":{"lines":"M51","color":"#0059a9","mode":"bus","arr":["M51"],"angle":37.4,"extra":1,"ei":1}},{"type":"Feature","geometry":{"type":"Point","coordinates":[23.443272,46.749607]},"properties":{"lines":"M51","color":"#0059a9","mode":"bus","arr":["M51"],"angle":31.4,"extra":1,"ei":2}},{"type":"Feature","geometry":{"type":"Point","coordinates":[23.440671,46.750199]},"properties":{"lines":"M51","color":"#0059a9","mode":"bus","arr":["M51"],"angle":14.3,"extra":1,"ei":3}},{"type":"Feature","geometry":{"type":"Point","coordinates":[23.432475,46.750747]},"properties":{"lines":"M51","color":"#0059a9","mode":"bus","arr":["M51"],"angle":1.6,"extra":1,"ei":4}},{"type":"Feature","geometry":{"type":"Point","coordinates":[23.42972,46.75078]},"properties":{"lines":"M51","color":"#0059a9","mode":"bus","arr":["M51"],"angle":-1.4,"extra":1,"ei":5,"side":-1}},{"type":"Feature","geometry":{"type":"Point","coordinates":[23.426969,46.750856]},"properties":{"lines":"M51","color":"#0059a9","mode":"bus","arr":["M51"],"angle":3.4,"extra":1,"ei":6}},{"type":"Feature","geometry":{"type":"Point","coordinates":[23.424214,46.750914]},"properties":{"lines":"M51","color":"#0059a9","mode":"bus","arr":["M51"],"angle":1.9,"extra":1,"ei":7}},{"type":"Feature","geometry":{"type":"Point","coordinates":[23.394803,46.751688]},"properties":{"lines":"M51","color":"#0059a9","mode":"bus","arr":["M51"],"angle":17.7,"extra":1,"ei":0}},{"type":"Feature","geometry":{"type":"Point","coordinates":[23.39004,46.75353]},"properties":{"lines":"M51","color":"#0059a9","mode":"bus","arr":["M51"],"angle":3.8,"extra":1,"ei":1}},{"type":"Feature","geometry":{"type":"Point","coordinates":[23.362137,46.764039]},"properties":{"lines":"M51","color":"#0059a9","mode":"bus","arr":["M51"],"angle":21.5,"extra":1,"ei":0}},{"type":"Feature","geometry":{"type":"Point","coordinates":[23.387907,46.754351]},"properties":{"lines":"M51","color":"#0059a9","mode":"bus","arr":["M51"],"angle":62.1,"extra":1,"ei":0}},{"type":"Feature","geometry":{"type":"Point","coordinates":[23.382938,46.758608]},"properties":{"lines":"M51","color":"#0059a9","mode":"bus","arr":["M51"],"angle":20.6,"extra":1,"ei":1}},{"type":"Feature","geometry":{"type":"Point","coordinates":[23.436823,46.750654]},"properties":{"lines":"M51U","color":"#0059a9","mode":"bus","arr":["M51U"],"angle":1.9,"mi":8}},{"type":"Feature","geometry":{"type":"Point","coordinates":[23.385722,46.756955]},"properties":{"lines":"M51U","color":"#0059a9","mode":"bus","arr":["M51U"],"angle":64.4,"mi":7}},{"type":"Feature","geometry":{"type":"Point","coordinates":[23.419451,46.75101]},"properties":{"lines":"M51U","color":"#0059a9","mode":"bus","arr":["M51U"],"angle":2.5,"mi":4}},{"type":"Feature","geometry":{"type":"Point","coordinates":[23.392748,46.752442]},"properties":{"lines":"M51U","color":"#0059a9","mode":"bus","arr":["M51U"],"angle":34.2,"mi":5}},{"type":"Feature","geometry":{"type":"Point","coordinates":[23.364073,46.763538]},"properties":{"lines":"M51U","color":"#0059a9","mode":"bus","arr":["M51U"],"angle":20.3,"mi":16}},{"type":"Feature","geometry":{"type":"Point","coordinates":[23.403067,46.751353]},"properties":{"lines":"M51U","color":"#0059a9","mode":"bus","arr":["M51U"],"angle":2.1,"mi":1}},{"type":"Feature","geometry":{"type":"Point","coordinates":[23.409903,46.751202]},"properties":{"lines":"M51U","color":"#0059a9","mode":"bus","arr":["M51U"],"angle":2}},{"type":"Feature","geometry":{"type":"Point","coordinates":[23.377539,46.760029]},"properties":{"lines":"M51U","color":"#0059a9","mode":"bus","arr":["M51U"],"angle":21.5,"mi":9}},{"type":"Feature","geometry":{"type":"Point","coordinates":[23.415636,46.751088]},"properties":{"lines":"M51U","color":"#0059a9","mode":"bus","arr":["M51U"],"angle":-87.5,"mi":2}},{"type":"Feature","geometry":{"type":"Point","coordinates":[23.397708,46.751491]},"properties":{"lines":"M51U","color":"#0059a9","mode":"bus","arr":["M51U"],"angle":2.3,"mi":3}},{"type":"Feature","geometry":{"type":"Point","coordinates":[23.450122,46.746232]},"properties":{"lines":"M51U","color":"#0059a9","mode":"bus","arr":["M51U"],"angle":33.7,"mi":15}},{"type":"Feature","geometry":{"type":"Point","coordinates":[23.367733,46.762625]},"properties":{"lines":"M51U","color":"#0059a9","mode":"bus","arr":["M51U"],"angle":16.8,"mi":14}},{"type":"Feature","geometry":{"type":"Point","coordinates":[23.369836,46.762058]},"properties":{"lines":"M51U","color":"#0059a9","mode":"bus","arr":["M51U"],"angle":20.7,"mi":11}},{"type":"Feature","geometry":{"type":"Point","coordinates":[23.373113,46.761184]},"properties":{"lines":"M51U","color":"#0059a9","mode":"bus","arr":["M51U"],"angle":20.3,"mi":10}},{"type":"Feature","geometry":{"type":"Point","coordinates":[23.44774,46.747397]},"properties":{"lines":"M51U","color":"#0059a9","mode":"bus","arr":["M51U"],"angle":36.2,"extra":1,"ei":0}},{"type":"Feature","geometry":{"type":"Point","coordinates":[23.445526,46.748521]},"properties":{"lines":"M51U","color":"#0059a9","mode":"bus","arr":["M51U"],"angle":37.4,"extra":1,"ei":1}},{"type":"Feature","geometry":{"type":"Point","coordinates":[23.443272,46.749607]},"properties":{"lines":"M51U","color":"#0059a9","mode":"bus","arr":["M51U"],"angle":31.4,"extra":1,"ei":2}},{"type":"Feature","geometry":{"type":"Point","coordinates":[23.440671,46.750199]},"properties":{"lines":"M51U","color":"#0059a9","mode":"bus","arr":["M51U"],"angle":14.3,"extra":1,"ei":3}},{"type":"Feature","geometry":{"type":"Point","coordinates":[23.432475,46.750747]},"properties":{"lines":"M51U","color":"#0059a9","mode":"bus","arr":["M51U"],"angle":1.6,"extra":1,"ei":4}},{"type":"Feature","geometry":{"type":"Point","coordinates":[23.42972,46.75078]},"properties":{"lines":"M51U","color":"#0059a9","mode":"bus","arr":["M51U"],"angle":-1.4,"extra":1,"ei":5,"side":-1}},{"type":"Feature","geometry":{"type":"Point","coordinates":[23.426969,46.750856]},"properties":{"lines":"M51U","color":"#0059a9","mode":"bus","arr":["M51U"],"angle":3.4,"extra":1,"ei":6}},{"type":"Feature","geometry":{"type":"Point","coordinates":[23.424214,46.750914]},"properties":{"lines":"M51U","color":"#0059a9","mode":"bus","arr":["M51U"],"angle":1.9,"extra":1,"ei":7}},{"type":"Feature","geometry":{"type":"Point","coordinates":[23.421888,46.750955]},"properties":{"lines":"M51U","color":"#0059a9","mode":"bus","arr":["M51U"],"angle":1.6,"extra":1,"ei":0}},{"type":"Feature","geometry":{"type":"Point","coordinates":[23.394803,46.751688]},"properties":{"lines":"M51U","color":"#0059a9","mode":"bus","arr":["M51U"],"angle":17.7,"extra":1,"ei":0}},{"type":"Feature","geometry":{"type":"Point","coordinates":[23.39004,46.75353]},"properties":{"lines":"M51U","color":"#0059a9","mode":"bus","arr":["M51U"],"angle":3.8,"extra":1,"ei":1}},{"type":"Feature","geometry":{"type":"Point","coordinates":[23.362137,46.764039]},"properties":{"lines":"M51U","color":"#0059a9","mode":"bus","arr":["M51U"],"angle":21.5,"extra":1,"ei":0}},{"type":"Feature","geometry":{"type":"Point","coordinates":[23.387907,46.754351]},"properties":{"lines":"M51U","color":"#0059a9","mode":"bus","arr":["M51U"],"angle":62.1,"extra":1,"ei":0}},{"type":"Feature","geometry":{"type":"Point","coordinates":[23.382938,46.758608]},"properties":{"lines":"M51U","color":"#0059a9","mode":"bus","arr":["M51U"],"angle":20.6,"extra":1,"ei":1}},{"type":"Feature","geometry":{"type":"Point","coordinates":[23.436823,46.750654]},"properties":{"lines":"M52","color":"#0059a9","mode":"bus","arr":["M52"],"angle":1.9,"mi":6}},{"type":"Feature","geometry":{"type":"Point","coordinates":[23.403067,46.751353]},"properties":{"lines":"M52","color":"#0059a9","mode":"bus","arr":["M52"],"angle":2.1,"mi":4}},{"type":"Feature","geometry":{"type":"Point","coordinates":[23.409903,46.751202]},"properties":{"lines":"M52","color":"#0059a9","mode":"bus","arr":["M52"],"angle":2,"mi":2}},{"type":"Feature","geometry":{"type":"Point","coordinates":[23.397708,46.751491]},"properties":{"lines":"M52","color":"#0059a9","mode":"bus","arr":["M52"],"angle":2.3,"mi":5}},{"type":"Feature","geometry":{"type":"Point","coordinates":[23.450122,46.746232]},"properties":{"lines":"M52","color":"#0059a9","mode":"bus","arr":["M52"],"angle":33.7,"mi":1}},{"type":"Feature","geometry":{"type":"Point","coordinates":[23.44774,46.747397]},"properties":{"lines":"M52","color":"#0059a9","mode":"bus","arr":["M52"],"angle":36.2,"extra":1,"ei":0}},{"type":"Feature","geometry":{"type":"Point","coordinates":[23.445526,46.748521]},"properties":{"lines":"M52","color":"#0059a9","mode":"bus","arr":["M52"],"angle":37.4,"extra":1,"ei":1}},{"type":"Feature","geometry":{"type":"Point","coordinates":[23.443272,46.749607]},"properties":{"lines":"M52","color":"#0059a9","mode":"bus","arr":["M52"],"angle":31.4,"extra":1,"ei":2}},{"type":"Feature","geometry":{"type":"Point","coordinates":[23.440671,46.750199]},"properties":{"lines":"M52","color":"#0059a9","mode":"bus","arr":["M52"],"angle":14.3,"extra":1,"ei":3}},{"type":"Feature","geometry":{"type":"Point","coordinates":[23.432475,46.750747]},"properties":{"lines":"M52","color":"#0059a9","mode":"bus","arr":["M52"],"angle":1.6,"extra":1,"ei":4}},{"type":"Feature","geometry":{"type":"Point","coordinates":[23.42972,46.75078]},"properties":{"lines":"M52","color":"#0059a9","mode":"bus","arr":["M52"],"angle":-1.4,"extra":1,"ei":5,"side":-1}},{"type":"Feature","geometry":{"type":"Point","coordinates":[23.426969,46.750856]},"properties":{"lines":"M52","color":"#0059a9","mode":"bus","arr":["M52"],"angle":3.4,"extra":1,"ei":6}},{"type":"Feature","geometry":{"type":"Point","coordinates":[23.424214,46.750914]},"properties":{"lines":"M52","color":"#0059a9","mode":"bus","arr":["M52"],"angle":1.9,"extra":1,"ei":7}},{"type":"Feature","geometry":{"type":"Point","coordinates":[23.543209,46.757539]},"properties":{"lines":"M25","color":"#0059a9","mode":"bus","arr":["M25"],"angle":55.1}},{"type":"Feature","geometry":{"type":"Point","coordinates":[23.543209,46.757539]},"properties":{"lines":"M51U","color":"#0059a9","mode":"bus","arr":["M51U"],"angle":55.1}},{"type":"Feature","geometry":{"type":"Point","coordinates":[23.508573,46.72813]},"properties":{"lines":"M25","color":"#0059a9","mode":"bus","arr":["M25"],"angle":-55.3}},{"type":"Feature","geometry":{"type":"Point","coordinates":[23.502247,46.742774]},"properties":{"lines":"M25","color":"#0059a9","mode":"bus","arr":["M25"],"angle":33.8,"extra":1,"ei":0}},{"type":"Feature","geometry":{"type":"Point","coordinates":[23.504383,46.741582]},"properties":{"lines":"M25","color":"#0059a9","mode":"bus","arr":["M25"],"angle":39.3,"extra":1,"ei":1}},{"type":"Feature","geometry":{"type":"Point","coordinates":[23.506544,46.74041]},"properties":{"lines":"M25","color":"#0059a9","mode":"bus","arr":["M25"],"angle":37.3,"extra":1,"ei":2}},{"type":"Feature","geometry":{"type":"Point","coordinates":[23.50886,46.739448]},"properties":{"lines":"M25","color":"#0059a9","mode":"bus","arr":["M25"],"angle":40.1,"extra":1,"ei":3}},{"type":"Feature","geometry":{"type":"Point","coordinates":[23.509304,46.737742]},"properties":{"lines":"M25","color":"#0059a9","mode":"bus","arr":["M25"],"angle":-87.8,"extra":1,"ei":4}},{"type":"Feature","geometry":{"type":"Point","coordinates":[23.509461,46.73588]},"properties":{"lines":"M25","color":"#0059a9","mode":"bus","arr":["M25"],"angle":82.3,"extra":1,"ei":5}},{"type":"Feature","geometry":{"type":"Point","coordinates":[23.509563,46.733994]},"properties":{"lines":"M25","color":"#0059a9","mode":"bus","arr":["M25"],"angle":87.4,"extra":1,"ei":6}},{"type":"Feature","geometry":{"type":"Point","coordinates":[23.509705,46.732108]},"properties":{"lines":"M25","color":"#0059a9","mode":"bus","arr":["M25"],"angle":86.3,"extra":1,"ei":7}},{"type":"Feature","geometry":{"type":"Point","coordinates":[23.509611,46.730228]},"properties":{"lines":"M25","color":"#0059a9","mode":"bus","arr":["M25"],"angle":-78.8,"extra":1,"ei":8}},{"type":"Feature","geometry":{"type":"Point","coordinates":[23.507566,46.726796]},"properties":{"lines":"M25","color":"#0059a9","mode":"bus","arr":["M25"],"angle":-66.9,"extra":1,"ei":9}},{"type":"Feature","geometry":{"type":"Point","coordinates":[23.506548,46.725041]},"properties":{"lines":"M25","color":"#0059a9","mode":"bus","arr":["M25"],"angle":-71,"extra":1,"ei":10}},{"type":"Feature","geometry":{"type":"Point","coordinates":[23.506225,46.723183]},"properties":{"lines":"M25","color":"#0059a9","mode":"bus","arr":["M25"],"angle":-85.6,"extra":1,"ei":11}},{"type":"Feature","geometry":{"type":"Point","coordinates":[23.505466,46.72138]},"properties":{"lines":"M25","color":"#0059a9","mode":"bus","arr":["M25"],"angle":-84.1,"extra":1,"ei":12}},{"type":"Feature","geometry":{"type":"Point","coordinates":[23.504901,46.719541]},"properties":{"lines":"M25","color":"#0059a9","mode":"bus","arr":["M25"],"angle":-73,"extra":1,"ei":13}},{"type":"Feature","geometry":{"type":"Point","coordinates":[23.503907,46.717782]},"properties":{"lines":"M25","color":"#0059a9","mode":"bus","arr":["M25"],"angle":-64.4,"extra":1,"ei":14}},{"type":"Feature","geometry":{"type":"Point","coordinates":[23.503212,46.715993]},"properties":{"lines":"M25","color":"#0059a9","mode":"bus","arr":["M25"],"angle":-84.8,"extra":1,"ei":15}},{"type":"Feature","geometry":{"type":"Point","coordinates":[23.503938,46.714238]},"properties":{"lines":"M25","color":"#0059a9","mode":"bus","arr":["M25"],"angle":57.5,"extra":1,"ei":16}},{"type":"Feature","geometry":{"type":"Point","coordinates":[23.505594,46.712749]},"properties":{"lines":"M25","color":"#0059a9","mode":"bus","arr":["M25"],"angle":58.8,"extra":1,"ei":17}},{"type":"Feature","geometry":{"type":"Point","coordinates":[23.508546,46.710221]},"properties":{"lines":"M25","color":"#0059a9","mode":"bus","arr":["M25"],"angle":47.9}},{"type":"Feature","geometry":{"type":"Point","coordinates":[23.509738,46.709327]},"properties":{"lines":"M25","color":"#0059a9","mode":"bus","arr":["M25"],"angle":27.3,"extra":1,"ei":0}},{"type":"Feature","geometry":{"type":"Point","coordinates":[23.524805,46.752153]},"properties":{"lines":"M26","color":"#0059a9","mode":"bus","arr":["M26"],"angle":29.5,"side":-1,"mi":8}},{"type":"Feature","geometry":{"type":"Point","coordinates":[23.555372,46.759948]},"properties":{"lines":"M26","color":"#0059a9","mode":"bus","arr":["M26"],"angle":-19.3}},{"type":"Feature","geometry":{"type":"Point","coordinates":[23.52968,46.746767]},"properties":{"lines":"M27","color":"#0059a9","mode":"bus","arr":["M27"],"angle":-12.5,"mi":4}},{"type":"Feature","geometry":{"type":"Point","coordinates":[23.52504,46.750141]},"properties":{"lines":"M27","color":"#0059a9","mode":"bus","arr":["M27"],"angle":72.5}},{"type":"Feature","geometry":{"type":"Point","coordinates":[23.535314,46.75109]},"properties":{"lines":"M27","color":"#0059a9","mode":"bus","arr":["M27"],"angle":73.6,"mi":7}},{"type":"Feature","geometry":{"type":"Point","coordinates":[23.534944,46.753054]},"properties":{"lines":"M27","color":"#0059a9","mode":"bus","arr":["M27"],"angle":84,"extra":1,"ei":0}},{"type":"Feature","geometry":{"type":"Point","coordinates":[23.534683,46.74947]},"properties":{"lines":"M27","color":"#0059a9","mode":"bus","arr":["M27"],"angle":-60.5,"extra":1,"ei":1}},{"type":"Feature","geometry":{"type":"Point","coordinates":[23.524741,46.751705]},"properties":{"lines":"M27","color":"#0059a9","mode":"bus","arr":["M27"],"angle":-54.4,"mi":2}},{"type":"Feature","geometry":{"type":"Point","coordinates":[23.533867,46.747936]},"properties":{"lines":"M27","color":"#0059a9","mode":"bus","arr":["M27"],"angle":-73.5,"mi":6}},{"type":"Feature","geometry":{"type":"Point","coordinates":[23.532523,46.786747]},"properties":{"lines":"M31","color":"#0059a9","mode":"bus","arr":["M31"],"angle":26.8}},{"type":"Feature","geometry":{"type":"Point","coordinates":[23.534703,46.785992]},"properties":{"lines":"M31","color":"#0059a9","mode":"bus","arr":["M31"],"angle":26.8,"extra":1,"ei":0}},{"type":"Feature","geometry":{"type":"Point","coordinates":[23.530136,46.788031]},"properties":{"lines":"M31","color":"#0059a9","mode":"bus","arr":["M31"],"angle":46.2,"extra":1,"ei":1}},{"type":"Feature","geometry":{"type":"Point","coordinates":[23.532523,46.786747]},"properties":{"lines":"M32","color":"#0059a9","mode":"bus","arr":["M32"],"angle":26.8}},{"type":"Feature","geometry":{"type":"Point","coordinates":[23.534703,46.785992]},"properties":{"lines":"M32","color":"#0059a9","mode":"bus","arr":["M32"],"angle":26.8,"extra":1,"ei":0}},{"type":"Feature","geometry":{"type":"Point","coordinates":[23.530136,46.788031]},"properties":{"lines":"M32","color":"#0059a9","mode":"bus","arr":["M32"],"angle":46.2,"extra":1,"ei":1}},{"type":"Feature","geometry":{"type":"Point","coordinates":[23.532523,46.786747]},"properties":{"lines":"M34","color":"#0059a9","mode":"bus","arr":["M34"],"angle":26.8}},{"type":"Feature","geometry":{"type":"Point","coordinates":[23.534703,46.785992]},"properties":{"lines":"M34","color":"#0059a9","mode":"bus","arr":["M34"],"angle":26.8,"extra":1,"ei":0}},{"type":"Feature","geometry":{"type":"Point","coordinates":[23.530136,46.788031]},"properties":{"lines":"M34","color":"#0059a9","mode":"bus","arr":["M34"],"angle":46.2,"extra":1,"ei":1}},{"type":"Feature","geometry":{"type":"Point","coordinates":[23.523035,46.7939]},"properties":{"lines":"M31","color":"#0059a9","mode":"bus","arr":["M31"],"angle":43.9}},{"type":"Feature","geometry":{"type":"Point","coordinates":[23.528648,46.789075]},"properties":{"lines":"M31","color":"#0059a9","mode":"bus","arr":["M31"],"angle":45.5,"extra":1,"ei":0}},{"type":"Feature","geometry":{"type":"Point","coordinates":[23.52671,46.790418]},"properties":{"lines":"M31","color":"#0059a9","mode":"bus","arr":["M31"],"angle":47.9,"extra":1,"ei":1}},{"type":"Feature","geometry":{"type":"Point","coordinates":[23.525218,46.791999]},"properties":{"lines":"M31","color":"#0059a9","mode":"bus","arr":["M31"],"angle":61.5,"extra":1,"ei":2}},{"type":"Feature","geometry":{"type":"Point","coordinates":[23.521578,46.794802]},"properties":{"lines":"M31","color":"#0059a9","mode":"bus","arr":["M31"],"angle":42.8,"extra":1,"ei":3}},{"type":"Feature","geometry":{"type":"Point","coordinates":[23.519623,46.796132]},"properties":{"lines":"M31","color":"#0059a9","mode":"bus","arr":["M31"],"angle":40.2,"extra":1,"ei":4}},{"type":"Feature","geometry":{"type":"Point","coordinates":[23.517083,46.796794]},"properties":{"lines":"M31","color":"#0059a9","mode":"bus","arr":["M31"],"angle":10.3,"extra":1,"ei":5}},{"type":"Feature","geometry":{"type":"Point","coordinates":[23.51437,46.797128]},"properties":{"lines":"M31","color":"#0059a9","mode":"bus","arr":["M31"],"angle":10,"extra":1,"ei":6}},{"type":"Feature","geometry":{"type":"Point","coordinates":[23.495128,46.797329]},"properties":{"lines":"M32","color":"#0059a9","mode":"bus","arr":["M32"],"angle":-38.9}},{"type":"Feature","geometry":{"type":"Point","coordinates":[23.523035,46.7939]},"properties":{"lines":"M32","color":"#0059a9","mode":"bus","arr":["M32"],"angle":43.9}},{"type":"Feature","geometry":{"type":"Point","coordinates":[23.528648,46.789075]},"properties":{"lines":"M32","color":"#0059a9","mode":"bus","arr":["M32"],"angle":45.5,"extra":1,"ei":0}},{"type":"Feature","geometry":{"type":"Point","coordinates":[23.52671,46.790418]},"properties":{"lines":"M32","color":"#0059a9","mode":"bus","arr":["M32"],"angle":47.9,"extra":1,"ei":1}},{"type":"Feature","geometry":{"type":"Point","coordinates":[23.525218,46.791999]},"properties":{"lines":"M32","color":"#0059a9","mode":"bus","arr":["M32"],"angle":61.5,"extra":1,"ei":2}},{"type":"Feature","geometry":{"type":"Point","coordinates":[23.521578,46.794802]},"properties":{"lines":"M32","color":"#0059a9","mode":"bus","arr":["M32"],"angle":42.8,"extra":1,"ei":3}},{"type":"Feature","geometry":{"type":"Point","coordinates":[23.519623,46.796132]},"properties":{"lines":"M32","color":"#0059a9","mode":"bus","arr":["M32"],"angle":40.2,"extra":1,"ei":4}},{"type":"Feature","geometry":{"type":"Point","coordinates":[23.517083,46.796794]},"properties":{"lines":"M32","color":"#0059a9","mode":"bus","arr":["M32"],"angle":10.3,"extra":1,"ei":5}},{"type":"Feature","geometry":{"type":"Point","coordinates":[23.51437,46.797128]},"properties":{"lines":"M32","color":"#0059a9","mode":"bus","arr":["M32"],"angle":10,"extra":1,"ei":6}},{"type":"Feature","geometry":{"type":"Point","coordinates":[23.510142,46.797726]},"properties":{"lines":"M32","color":"#0059a9","mode":"bus","arr":["M32"],"angle":8.3,"extra":1,"ei":0}},{"type":"Feature","geometry":{"type":"Point","coordinates":[23.507468,46.798163]},"properties":{"lines":"M32","color":"#0059a9","mode":"bus","arr":["M32"],"angle":26.5,"extra":1,"ei":1}},{"type":"Feature","geometry":{"type":"Point","coordinates":[23.505633,46.79953]},"properties":{"lines":"M32","color":"#0059a9","mode":"bus","arr":["M32"],"angle":55.5,"extra":1,"ei":2}},{"type":"Feature","geometry":{"type":"Point","coordinates":[23.503312,46.800359]},"properties":{"lines":"M32","color":"#0059a9","mode":"bus","arr":["M32"],"angle":-3.4,"extra":1,"ei":3}},{"type":"Feature","geometry":{"type":"Point","coordinates":[23.500731,46.799725]},"properties":{"lines":"M32","color":"#0059a9","mode":"bus","arr":["M32"],"angle":-21.5,"extra":1,"ei":4}},{"type":"Feature","geometry":{"type":"Point","coordinates":[23.498206,46.798968]},"properties":{"lines":"M32","color":"#0059a9","mode":"bus","arr":["M32"],"angle":-29.8,"extra":1,"ei":5}},{"type":"Feature","geometry":{"type":"Point","coordinates":[23.491366,46.795863]},"properties":{"lines":"M32","color":"#0059a9","mode":"bus","arr":["M32"],"angle":-20.3,"extra":1,"ei":6}},{"type":"Feature","geometry":{"type":"Point","coordinates":[23.488801,46.796127]},"properties":{"lines":"M32","color":"#0059a9","mode":"bus","arr":["M32"],"angle":44.6,"extra":1,"ei":7}},{"type":"Feature","geometry":{"type":"Point","coordinates":[23.48667,46.797186]},"properties":{"lines":"M32","color":"#0059a9","mode":"bus","arr":["M32"],"angle":9.1,"extra":1,"ei":8}},{"type":"Feature","geometry":{"type":"Point","coordinates":[23.484157,46.797855]},"properties":{"lines":"M32","color":"#0059a9","mode":"bus","arr":["M32"],"angle":37,"extra":1,"ei":9}},{"type":"Feature","geometry":{"type":"Point","coordinates":[23.481692,46.798687]},"properties":{"lines":"M32","color":"#0059a9","mode":"bus","arr":["M32"],"angle":23.4,"extra":1,"ei":10}},{"type":"Feature","geometry":{"type":"Point","coordinates":[23.479068,46.799215]},"properties":{"lines":"M32","color":"#0059a9","mode":"bus","arr":["M32"],"angle":1.7,"extra":1,"ei":11}},{"type":"Feature","geometry":{"type":"Point","coordinates":[23.476404,46.798816]},"properties":{"lines":"M32","color":"#0059a9","mode":"bus","arr":["M32"],"angle":-25.7,"extra":1,"ei":12}},{"type":"Feature","geometry":{"type":"Point","coordinates":[23.495128,46.797329]},"properties":{"lines":"M34","color":"#0059a9","mode":"bus","arr":["M34"],"angle":-38.9}},{"type":"Feature","geometry":{"type":"Point","coordinates":[23.46597,46.800777]},"properties":{"lines":"M34","color":"#0059a9","mode":"bus","arr":["M34"],"angle":-1.9}},{"type":"Feature","geometry":{"type":"Point","coordinates":[23.523035,46.7939]},"properties":{"lines":"M34","color":"#0059a9","mode":"bus","arr":["M34"],"angle":43.9}},{"type":"Feature","geometry":{"type":"Point","coordinates":[23.528648,46.789075]},"properties":{"lines":"M34","color":"#0059a9","mode":"bus","arr":["M34"],"angle":45.5,"extra":1,"ei":0}},{"type":"Feature","geometry":{"type":"Point","coordinates":[23.52671,46.790418]},"properties":{"lines":"M34","color":"#0059a9","mode":"bus","arr":["M34"],"angle":47.9,"extra":1,"ei":1}},{"type":"Feature","geometry":{"type":"Point","coordinates":[23.525218,46.791999]},"properties":{"lines":"M34","color":"#0059a9","mode":"bus","arr":["M34"],"angle":61.5,"extra":1,"ei":2}},{"type":"Feature","geometry":{"type":"Point","coordinates":[23.521578,46.794802]},"properties":{"lines":"M34","color":"#0059a9","mode":"bus","arr":["M34"],"angle":42.8,"extra":1,"ei":3}},{"type":"Feature","geometry":{"type":"Point","coordinates":[23.519623,46.796132]},"properties":{"lines":"M34","color":"#0059a9","mode":"bus","arr":["M34"],"angle":40.2,"extra":1,"ei":4}},{"type":"Feature","geometry":{"type":"Point","coordinates":[23.517083,46.796794]},"properties":{"lines":"M34","color":"#0059a9","mode":"bus","arr":["M34"],"angle":10.3,"extra":1,"ei":5}},{"type":"Feature","geometry":{"type":"Point","coordinates":[23.51437,46.797128]},"properties":{"lines":"M34","color":"#0059a9","mode":"bus","arr":["M34"],"angle":10,"extra":1,"ei":6}},{"type":"Feature","geometry":{"type":"Point","coordinates":[23.510142,46.797726]},"properties":{"lines":"M34","color":"#0059a9","mode":"bus","arr":["M34"],"angle":8.3,"extra":1,"ei":0}},{"type":"Feature","geometry":{"type":"Point","coordinates":[23.507468,46.798163]},"properties":{"lines":"M34","color":"#0059a9","mode":"bus","arr":["M34"],"angle":26.5,"extra":1,"ei":1}},{"type":"Feature","geometry":{"type":"Point","coordinates":[23.505633,46.79953]},"properties":{"lines":"M34","color":"#0059a9","mode":"bus","arr":["M34"],"angle":55.5,"extra":1,"ei":2}},{"type":"Feature","geometry":{"type":"Point","coordinates":[23.503312,46.800359]},"properties":{"lines":"M34","color":"#0059a9","mode":"bus","arr":["M34"],"angle":-3.4,"extra":1,"ei":3}},{"type":"Feature","geometry":{"type":"Point","coordinates":[23.500731,46.799725]},"properties":{"lines":"M34","color":"#0059a9","mode":"bus","arr":["M34"],"angle":-21.5,"extra":1,"ei":4}},{"type":"Feature","geometry":{"type":"Point","coordinates":[23.498206,46.798968]},"properties":{"lines":"M34","color":"#0059a9","mode":"bus","arr":["M34"],"angle":-29.8,"extra":1,"ei":5}},{"type":"Feature","geometry":{"type":"Point","coordinates":[23.491366,46.795863]},"properties":{"lines":"M34","color":"#0059a9","mode":"bus","arr":["M34"],"angle":-20.3,"extra":1,"ei":6}},{"type":"Feature","geometry":{"type":"Point","coordinates":[23.488801,46.796127]},"properties":{"lines":"M34","color":"#0059a9","mode":"bus","arr":["M34"],"angle":44.6,"extra":1,"ei":7}},{"type":"Feature","geometry":{"type":"Point","coordinates":[23.48667,46.797186]},"properties":{"lines":"M34","color":"#0059a9","mode":"bus","arr":["M34"],"angle":9.1,"extra":1,"ei":8}},{"type":"Feature","geometry":{"type":"Point","coordinates":[23.484157,46.797855]},"properties":{"lines":"M34","color":"#0059a9","mode":"bus","arr":["M34"],"angle":37,"extra":1,"ei":9}},{"type":"Feature","geometry":{"type":"Point","coordinates":[23.481692,46.798687]},"properties":{"lines":"M34","color":"#0059a9","mode":"bus","arr":["M34"],"angle":23.4,"extra":1,"ei":10}},{"type":"Feature","geometry":{"type":"Point","coordinates":[23.479068,46.799215]},"properties":{"lines":"M34","color":"#0059a9","mode":"bus","arr":["M34"],"angle":1.7,"extra":1,"ei":11}},{"type":"Feature","geometry":{"type":"Point","coordinates":[23.476404,46.798816]},"properties":{"lines":"M34","color":"#0059a9","mode":"bus","arr":["M34"],"angle":-25.7,"extra":1,"ei":12}},{"type":"Feature","geometry":{"type":"Point","coordinates":[23.47434,46.798142]},"properties":{"lines":"M34","color":"#0059a9","mode":"bus","arr":["M34"],"angle":-16.4,"extra":1,"ei":0}},{"type":"Feature","geometry":{"type":"Point","coordinates":[23.471723,46.798457]},"properties":{"lines":"M34","color":"#0059a9","mode":"bus","arr":["M34"],"angle":37.1,"extra":1,"ei":1}},{"type":"Feature","geometry":{"type":"Point","coordinates":[23.469861,46.799845]},"properties":{"lines":"M34","color":"#0059a9","mode":"bus","arr":["M34"],"angle":44.6,"extra":1,"ei":2}},{"type":"Feature","geometry":{"type":"Point","coordinates":[23.461921,46.800807]},"properties":{"lines":"M34","color":"#0059a9","mode":"bus","arr":["M34"],"angle":1.2,"extra":1,"ei":3}},{"type":"Feature","geometry":{"type":"Point","coordinates":[23.459273,46.801154]},"properties":{"lines":"M34","color":"#0059a9","mode":"bus","arr":["M34"],"angle":30.2,"extra":1,"ei":4}},{"type":"Feature","geometry":{"type":"Point","coordinates":[23.456721,46.801856]},"properties":{"lines":"M34","color":"#0059a9","mode":"bus","arr":["M34"],"angle":22.3,"extra":1,"ei":5}},{"type":"Feature","geometry":{"type":"Point","coordinates":[23.582008,46.785281]},"properties":{"lines":"M32","color":"#0059a9","mode":"bus","arr":["M32"],"angle":58.2,"mi":2}},{"type":"Feature","geometry":{"type":"Point","coordinates":[23.582008,46.785281]},"properties":{"lines":"M34","color":"#0059a9","mode":"bus","arr":["M34"],"angle":58.2,"mi":2}},{"type":"Feature","geometry":{"type":"Point","coordinates":[23.47547,46.787415]},"properties":{"lines":"M32","color":"#0059a9","mode":"bus","arr":["M32"],"angle":-41.1}},{"type":"Feature","geometry":{"type":"Point","coordinates":[23.476844,46.798804]},"properties":{"lines":"M32","color":"#0059a9","mode":"bus","arr":["M32"],"angle":-22.1,"extra":1,"ei":0,"side":-1}},{"type":"Feature","geometry":{"type":"Point","coordinates":[23.479533,46.798953]},"properties":{"lines":"M32","color":"#0059a9","mode":"bus","arr":["M32"],"angle":12.3,"extra":1,"ei":1,"side":-1}},{"type":"Feature","geometry":{"type":"Point","coordinates":[23.482106,46.798288]},"properties":{"lines":"M32","color":"#0059a9","mode":"bus","arr":["M32"],"angle":23,"extra":1,"ei":2,"side":-1}},{"type":"Feature","geometry":{"type":"Point","coordinates":[23.481667,46.796967]},"properties":{"lines":"M32","color":"#0059a9","mode":"bus","arr":["M32"],"angle":-56.7,"extra":1,"ei":3}},{"type":"Feature","geometry":{"type":"Point","coordinates":[23.480651,46.795242]},"properties":{"lines":"M32","color":"#0059a9","mode":"bus","arr":["M32"],"angle":-42.4,"extra":1,"ei":4}},{"type":"Feature","geometry":{"type":"Point","coordinates":[23.479268,46.793663]},"properties":{"lines":"M32","color":"#0059a9","mode":"bus","arr":["M32"],"angle":-69.3,"extra":1,"ei":5}},{"type":"Feature","geometry":{"type":"Point","coordinates":[23.478924,46.791819]},"properties":{"lines":"M32","color":"#0059a9","mode":"bus","arr":["M32"],"angle":88.9,"extra":1,"ei":6}},{"type":"Feature","geometry":{"type":"Point","coordinates":[23.47769,46.790233]},"properties":{"lines":"M32","color":"#0059a9","mode":"bus","arr":["M32"],"angle":-62.7,"extra":1,"ei":7}},{"type":"Feature","geometry":{"type":"Point","coordinates":[23.476943,46.788427]},"properties":{"lines":"M32","color":"#0059a9","mode":"bus","arr":["M32"],"angle":-67.5,"extra":1,"ei":8}},{"type":"Feature","geometry":{"type":"Point","coordinates":[23.472711,46.786123]},"properties":{"lines":"M32","color":"#0059a9","mode":"bus","arr":["M32"],"angle":-16.4,"extra":1,"ei":9}},{"type":"Feature","geometry":{"type":"Point","coordinates":[23.470182,46.785385]},"properties":{"lines":"M32","color":"#0059a9","mode":"bus","arr":["M32"],"angle":-31.4,"extra":1,"ei":10}},{"type":"Feature","geometry":{"type":"Point","coordinates":[23.467701,46.784697]},"properties":{"lines":"M32","color":"#0059a9","mode":"bus","arr":["M32"],"angle":-0.1,"extra":1,"ei":11}},{"type":"Feature","geometry":{"type":"Point","coordinates":[23.465063,46.784324]},"properties":{"lines":"M32","color":"#0059a9","mode":"bus","arr":["M32"],"angle":9,"extra":1,"ei":12}},{"type":"Feature","geometry":{"type":"Point","coordinates":[23.462336,46.784468]},"properties":{"lines":"M32","color":"#0059a9","mode":"bus","arr":["M32"],"angle":-3.7,"extra":1,"ei":13}},{"type":"Feature","geometry":{"type":"Point","coordinates":[23.459702,46.784798]},"properties":{"lines":"M32","color":"#0059a9","mode":"bus","arr":["M32"],"angle":17.1,"extra":1,"ei":14}},{"type":"Feature","geometry":{"type":"Point","coordinates":[23.457129,46.785378]},"properties":{"lines":"M32","color":"#0059a9","mode":"bus","arr":["M32"],"angle":4.4,"extra":1,"ei":15}},{"type":"Feature","geometry":{"type":"Point","coordinates":[23.454404,46.785241]},"properties":{"lines":"M32","color":"#0059a9","mode":"bus","arr":["M32"],"angle":-11.8,"extra":1,"ei":16}},{"type":"Feature","geometry":{"type":"Point","coordinates":[23.451706,46.785248]},"properties":{"lines":"M32","color":"#0059a9","mode":"bus","arr":["M32"],"angle":22,"extra":1,"ei":17}},{"type":"Feature","geometry":{"type":"Point","coordinates":[23.585438,46.785119]},"properties":{"lines":"M32","color":"#0059a9","mode":"bus","arr":["M32"],"angle":-17.7}},{"type":"Feature","geometry":{"type":"Point","coordinates":[23.583781,46.784739]},"properties":{"lines":"M32","color":"#0059a9","mode":"bus","arr":["M32"],"angle":-18.9,"extra":1,"ei":0}},{"type":"Feature","geometry":{"type":"Point","coordinates":[23.585438,46.785119]},"properties":{"lines":"M34","color":"#0059a9","mode":"bus","arr":["M34"],"angle":-17.7}},{"type":"Feature","geometry":{"type":"Point","coordinates":[23.583781,46.784739]},"properties":{"lines":"M34","color":"#0059a9","mode":"bus","arr":["M34"],"angle":-18.9,"extra":1,"ei":0}},{"type":"Feature","geometry":{"type":"Point","coordinates":[23.585438,46.785119]},"properties":{"lines":"M33","color":"#0059a9","mode":"bus","arr":["M33"],"angle":-17.7}},{"type":"Feature","geometry":{"type":"Point","coordinates":[23.581536,46.784293]},"properties":{"lines":"M33","color":"#0059a9","mode":"bus","arr":["M33"],"angle":29.8,"mi":2}},{"type":"Feature","geometry":{"type":"Point","coordinates":[23.583781,46.784739]},"properties":{"lines":"M33","color":"#0059a9","mode":"bus","arr":["M33"],"angle":-18.9,"extra":1,"ei":0}},{"type":"Feature","geometry":{"type":"Point","coordinates":[23.592183,46.787199]},"properties":{"lines":"M32","color":"#0059a9","mode":"bus","arr":["M32"],"angle":-15.2,"mi":1}},{"type":"Feature","geometry":{"type":"Point","coordinates":[23.589153,46.786594]},"properties":{"lines":"M32","color":"#0059a9","mode":"bus","arr":["M32"],"angle":-18.8,"extra":1,"ei":0}},{"type":"Feature","geometry":{"type":"Point","coordinates":[23.59446,46.787614]},"properties":{"lines":"M32","color":"#0059a9","mode":"bus","arr":["M32"],"angle":-14.6,"extra":1,"ei":1}},{"type":"Feature","geometry":{"type":"Point","coordinates":[23.592183,46.787199]},"properties":{"lines":"M33","color":"#0059a9","mode":"bus","arr":["M33"],"angle":-15.2,"mi":3}},{"type":"Feature","geometry":{"type":"Point","coordinates":[23.589153,46.786594]},"properties":{"lines":"M33","color":"#0059a9","mode":"bus","arr":["M33"],"angle":-18.8,"extra":1,"ei":0}},{"type":"Feature","geometry":{"type":"Point","coordinates":[23.59446,46.787614]},"properties":{"lines":"M33","color":"#0059a9","mode":"bus","arr":["M33"],"angle":-14.6,"extra":1,"ei":1}},{"type":"Feature","geometry":{"type":"Point","coordinates":[23.592183,46.787199]},"properties":{"lines":"M34","color":"#0059a9","mode":"bus","arr":["M34"],"angle":-15.2,"mi":1}},{"type":"Feature","geometry":{"type":"Point","coordinates":[23.589153,46.786594]},"properties":{"lines":"M34","color":"#0059a9","mode":"bus","arr":["M34"],"angle":-18.8,"extra":1,"ei":0}},{"type":"Feature","geometry":{"type":"Point","coordinates":[23.59446,46.787614]},"properties":{"lines":"M34","color":"#0059a9","mode":"bus","arr":["M34"],"angle":-14.6,"extra":1,"ei":1}},{"type":"Feature","geometry":{"type":"Point","coordinates":[23.595892,46.785637]},"properties":{"lines":"M32","color":"#0059a9","mode":"bus","arr":["M32"],"angle":-38.7,"mi":3}},{"type":"Feature","geometry":{"type":"Point","coordinates":[23.595892,46.785637]},"properties":{"lines":"M34","color":"#0059a9","mode":"bus","arr":["M34"],"angle":-38.7,"mi":3}},{"type":"Feature","geometry":{"type":"Point","coordinates":[23.595892,46.785637]},"properties":{"lines":"M39L","color":"#0059a9","mode":"bus","arr":["M39L"],"angle":-38.7}},{"type":"Feature","geometry":{"type":"Point","coordinates":[23.54525,46.789482]},"properties":{"lines":"M33","color":"#0059a9","mode":"bus","arr":["M33"],"angle":35.1}},{"type":"Feature","geometry":{"type":"Point","coordinates":[23.549877,46.786583]},"properties":{"lines":"M33","color":"#0059a9","mode":"bus","arr":["M33"],"angle":54,"extra":1,"ei":0}},{"type":"Feature","geometry":{"type":"Point","coordinates":[23.548024,46.787978]},"properties":{"lines":"M33","color":"#0059a9","mode":"bus","arr":["M33"],"angle":41.7,"extra":1,"ei":1}},{"type":"Feature","geometry":{"type":"Point","coordinates":[23.54362,46.790246]},"properties":{"lines":"M33","color":"#0059a9","mode":"bus","arr":["M33"],"angle":39.4,"extra":1,"ei":2}},{"type":"Feature","geometry":{"type":"Point","coordinates":[23.541937,46.791734]},"properties":{"lines":"M33","color":"#0059a9","mode":"bus","arr":["M33"],"angle":53.6,"extra":1,"ei":3}},{"type":"Feature","geometry":{"type":"Point","coordinates":[23.540339,46.79325]},"properties":{"lines":"M33","color":"#0059a9","mode":"bus","arr":["M33"],"angle":66.3,"extra":1,"ei":4}},{"type":"Feature","geometry":{"type":"Point","coordinates":[23.51694,46.834076]},"properties":{"lines":"M33","color":"#0059a9","mode":"bus","arr":["M33"],"angle":61.5}},{"type":"Feature","geometry":{"type":"Point","coordinates":[23.539609,46.794196]},"properties":{"lines":"M33","color":"#0059a9","mode":"bus","arr":["M33"],"angle":60.1,"extra":1,"ei":0}},{"type":"Feature","geometry":{"type":"Point","coordinates":[23.538221,46.795827]},"properties":{"lines":"M33","color":"#0059a9","mode":"bus","arr":["M33"],"angle":59,"extra":1,"ei":1}},{"type":"Feature","geometry":{"type":"Point","coordinates":[23.53669,46.797398]},"properties":{"lines":"M33","color":"#0059a9","mode":"bus","arr":["M33"],"angle":55.7,"extra":1,"ei":2}},{"type":"Feature","geometry":{"type":"Point","coordinates":[23.535363,46.799046]},"properties":{"lines":"M33","color":"#0059a9","mode":"bus","arr":["M33"],"angle":57.9,"extra":1,"ei":3}},{"type":"Feature","geometry":{"type":"Point","coordinates":[23.534103,46.80071]},"properties":{"lines":"M33","color":"#0059a9","mode":"bus","arr":["M33"],"angle":76.1,"extra":1,"ei":4}},{"type":"Feature","geometry":{"type":"Point","coordinates":[23.53328,46.802508]},"properties":{"lines":"M33","color":"#0059a9","mode":"bus","arr":["M33"],"angle":79.5,"extra":1,"ei":5}},{"type":"Feature","geometry":{"type":"Point","coordinates":[23.532667,46.804312]},"properties":{"lines":"M33","color":"#0059a9","mode":"bus","arr":["M33"],"angle":63.3,"extra":1,"ei":6}},{"type":"Feature","geometry":{"type":"Point","coordinates":[23.531496,46.805998]},"properties":{"lines":"M33","color":"#0059a9","mode":"bus","arr":["M33"],"angle":47,"extra":1,"ei":7}},{"type":"Feature","geometry":{"type":"Point","coordinates":[23.529717,46.807439]},"properties":{"lines":"M33","color":"#0059a9","mode":"bus","arr":["M33"],"angle":52.1,"extra":1,"ei":8}},{"type":"Feature","geometry":{"type":"Point","coordinates":[23.528205,46.80901]},"properties":{"lines":"M33","color":"#0059a9","mode":"bus","arr":["M33"],"angle":56.9,"extra":1,"ei":9}},{"type":"Feature","geometry":{"type":"Point","coordinates":[23.52735,46.810771]},"properties":{"lines":"M33","color":"#0059a9","mode":"bus","arr":["M33"],"angle":75.1,"extra":1,"ei":10}},{"type":"Feature","geometry":{"type":"Point","coordinates":[23.526996,46.812623]},"properties":{"lines":"M33","color":"#0059a9","mode":"bus","arr":["M33"],"angle":-89.9,"extra":1,"ei":11}},{"type":"Feature","geometry":{"type":"Point","coordinates":[23.525984,46.814336]},"properties":{"lines":"M33","color":"#0059a9","mode":"bus","arr":["M33"],"angle":59.9,"extra":1,"ei":12}},{"type":"Feature","geometry":{"type":"Point","coordinates":[23.524191,46.81575]},"properties":{"lines":"M33","color":"#0059a9","mode":"bus","arr":["M33"],"angle":60.6,"extra":1,"ei":13}},{"type":"Feature","geometry":{"type":"Point","coordinates":[23.523171,46.817505]},"properties":{"lines":"M33","color":"#0059a9","mode":"bus","arr":["M33"],"angle":68.6,"extra":1,"ei":14}},{"type":"Feature","geometry":{"type":"Point","coordinates":[23.522164,46.819263]},"properties":{"lines":"M33","color":"#0059a9","mode":"bus","arr":["M33"],"angle":67.1,"extra":1,"ei":15}},{"type":"Feature","geometry":{"type":"Point","coordinates":[23.521255,46.821034]},"properties":{"lines":"M33","color":"#0059a9","mode":"bus","arr":["M33"],"angle":80.1,"extra":1,"ei":16}},{"type":"Feature","geometry":{"type":"Point","coordinates":[23.52122,46.8229]},"properties":{"lines":"M33","color":"#0059a9","mode":"bus","arr":["M33"],"angle":-70.1,"extra":1,"ei":17}},{"type":"Feature","geometry":{"type":"Point","coordinates":[23.522374,46.824594]},"properties":{"lines":"M33","color":"#0059a9","mode":"bus","arr":["M33"],"angle":-82.8,"extra":1,"ei":18}},{"type":"Feature","geometry":{"type":"Point","coordinates":[23.522083,46.826437]},"properties":{"lines":"M33","color":"#0059a9","mode":"bus","arr":["M33"],"angle":70.4,"extra":1,"ei":19}},{"type":"Feature","geometry":{"type":"Point","coordinates":[23.521288,46.828243]},"properties":{"lines":"M33","color":"#0059a9","mode":"bus","arr":["M33"],"angle":73.6,"extra":1,"ei":20}},{"type":"Feature","geometry":{"type":"Point","coordinates":[23.520193,46.829969]},"properties":{"lines":"M33","color":"#0059a9","mode":"bus","arr":["M33"],"angle":61.9,"extra":1,"ei":21}},{"type":"Feature","geometry":{"type":"Point","coordinates":[23.518916,46.83164]},"properties":{"lines":"M33","color":"#0059a9","mode":"bus","arr":["M33"],"angle":69.2,"extra":1,"ei":22}},{"type":"Feature","geometry":{"type":"Point","coordinates":[23.514452,46.836356]},"properties":{"lines":"M33","color":"#0059a9","mode":"bus","arr":["M33"],"angle":59.1,"extra":1,"ei":23}},{"type":"Feature","geometry":{"type":"Point","coordinates":[23.513185,46.838031]},"properties":{"lines":"M33","color":"#0059a9","mode":"bus","arr":["M33"],"angle":66,"extra":1,"ei":24}},{"type":"Feature","geometry":{"type":"Point","coordinates":[23.511926,46.839709]},"properties":{"lines":"M33","color":"#0059a9","mode":"bus","arr":["M33"],"angle":59.8,"extra":1,"ei":25}},{"type":"Feature","geometry":{"type":"Point","coordinates":[23.510299,46.841232]},"properties":{"lines":"M33","color":"#0059a9","mode":"bus","arr":["M33"],"angle":55.6,"extra":1,"ei":26}},{"type":"Feature","geometry":{"type":"Point","coordinates":[23.508952,46.842876]},"properties":{"lines":"M33","color":"#0059a9","mode":"bus","arr":["M33"],"angle":69.8,"extra":1,"ei":27}},{"type":"Feature","geometry":{"type":"Point","coordinates":[23.50814,46.844678]},"properties":{"lines":"M33","color":"#0059a9","mode":"bus","arr":["M33"],"angle":72.8,"extra":1,"ei":28}},{"type":"Feature","geometry":{"type":"Point","coordinates":[23.507297,46.846451]},"properties":{"lines":"M33","color":"#0059a9","mode":"bus","arr":["M33"],"angle":84,"extra":1,"ei":29}},{"type":"Feature","geometry":{"type":"Point","coordinates":[23.506157,46.84787]},"properties":{"lines":"M33","color":"#0059a9","mode":"bus","arr":["M33"],"angle":15.3,"extra":1,"ei":30}},{"type":"Feature","geometry":{"type":"Point","coordinates":[23.504131,46.84907]},"properties":{"lines":"M33","color":"#0059a9","mode":"bus","arr":["M33"],"angle":59.8,"extra":1,"ei":31}},{"type":"Feature","geometry":{"type":"Point","coordinates":[23.503028,46.850784]},"properties":{"lines":"M33","color":"#0059a9","mode":"bus","arr":["M33"],"angle":80.7,"extra":1,"ei":32}},{"type":"Feature","geometry":{"type":"Point","coordinates":[23.502309,46.852589]},"properties":{"lines":"M33","color":"#0059a9","mode":"bus","arr":["M33"],"angle":87.3,"extra":1,"ei":33}},{"type":"Feature","geometry":{"type":"Point","coordinates":[23.502501,46.854473]},"properties":{"lines":"M33","color":"#0059a9","mode":"bus","arr":["M33"],"angle":-87.5,"extra":1,"ei":34}},{"type":"Feature","geometry":{"type":"Point","coordinates":[23.502533,46.856361]},"properties":{"lines":"M33","color":"#0059a9","mode":"bus","arr":["M33"],"angle":88.4,"extra":1,"ei":35}},{"type":"Feature","geometry":{"type":"Point","coordinates":[23.501332,46.857992]},"properties":{"lines":"M33","color":"#0059a9","mode":"bus","arr":["M33"],"angle":45.2,"extra":1,"ei":36}},{"type":"Feature","geometry":{"type":"Point","coordinates":[23.499019,46.859001]},"properties":{"lines":"M33","color":"#0059a9","mode":"bus","arr":["M33"],"angle":30.3,"extra":1,"ei":37}},{"type":"Feature","geometry":{"type":"Point","coordinates":[23.496704,46.860022]},"properties":{"lines":"M33","color":"#0059a9","mode":"bus","arr":["M33"],"angle":38.8,"extra":1,"ei":38}},{"type":"Feature","geometry":{"type":"Point","coordinates":[23.494841,46.861409]},"properties":{"lines":"M33","color":"#0059a9","mode":"bus","arr":["M33"],"angle":49,"extra":1,"ei":39}},{"type":"Feature","geometry":{"type":"Point","coordinates":[23.493796,46.86313]},"properties":{"lines":"M33","color":"#0059a9","mode":"bus","arr":["M33"],"angle":80.1,"extra":1,"ei":40}},{"type":"Feature","geometry":{"type":"Point","coordinates":[23.493066,46.864944]},"properties":{"lines":"M33","color":"#0059a9","mode":"bus","arr":["M33"],"angle":71.6,"extra":1,"ei":41}},{"type":"Feature","geometry":{"type":"Point","coordinates":[23.492319,46.866761]},"properties":{"lines":"M33","color":"#0059a9","mode":"bus","arr":["M33"],"angle":71.6,"extra":1,"ei":42}},{"type":"Feature","geometry":{"type":"Point","coordinates":[23.491554,46.868574]},"properties":{"lines":"M33","color":"#0059a9","mode":"bus","arr":["M33"],"angle":72.3,"extra":1,"ei":43}},{"type":"Feature","geometry":{"type":"Point","coordinates":[23.490474,46.870309]},"properties":{"lines":"M33","color":"#0059a9","mode":"bus","arr":["M33"],"angle":62.6,"extra":1,"ei":44}},{"type":"Feature","geometry":{"type":"Point","coordinates":[23.489651,46.872078]},"properties":{"lines":"M33","color":"#0059a9","mode":"bus","arr":["M33"],"angle":-82.4,"extra":1,"ei":45}},{"type":"Feature","geometry":{"type":"Point","coordinates":[23.581462,46.78526]},"properties":{"lines":"M33","color":"#0059a9","mode":"bus","arr":["M33"],"angle":-65.6,"mi":1}},{"type":"Feature","geometry":{"type":"Point","coordinates":[23.455906,46.811387]},"properties":{"lines":"M34","color":"#0059a9","mode":"bus","arr":["M34"],"angle":62.2}},{"type":"Feature","geometry":{"type":"Point","coordinates":[23.455182,46.803223]},"properties":{"lines":"M34","color":"#0059a9","mode":"bus","arr":["M34"],"angle":75.5,"extra":1,"ei":0}},{"type":"Feature","geometry":{"type":"Point","coordinates":[23.453787,46.804727]},"properties":{"lines":"M34","color":"#0059a9","mode":"bus","arr":["M34"],"angle":-88.1,"extra":1,"ei":1}},{"type":"Feature","geometry":{"type":"Point","coordinates":[23.455273,46.806279]},"properties":{"lines":"M34","color":"#0059a9","mode":"bus","arr":["M34"],"angle":-51,"extra":1,"ei":2}},{"type":"Feature","geometry":{"type":"Point","coordinates":[23.456893,46.807802]},"properties":{"lines":"M34","color":"#0059a9","mode":"bus","arr":["M34"],"angle":-54,"extra":1,"ei":3}},{"type":"Feature","geometry":{"type":"Point","coordinates":[23.45778,46.809405]},"properties":{"lines":"M34","color":"#0059a9","mode":"bus","arr":["M34"],"angle":69.4,"extra":1,"ei":4}},{"type":"Feature","geometry":{"type":"Point","coordinates":[23.454615,46.812449]},"properties":{"lines":"M34","color":"#0059a9","mode":"bus","arr":["M34"],"angle":37,"extra":1,"ei":5}},{"type":"Feature","geometry":{"type":"Point","coordinates":[23.453143,46.813995]},"properties":{"lines":"M34","color":"#0059a9","mode":"bus","arr":["M34"],"angle":75.7,"extra":1,"ei":6}},{"type":"Feature","geometry":{"type":"Point","coordinates":[23.452603,46.815844]},"properties":{"lines":"M34","color":"#0059a9","mode":"bus","arr":["M34"],"angle":71.6,"extra":1,"ei":7}},{"type":"Feature","geometry":{"type":"Point","coordinates":[23.451533,46.817583]},"properties":{"lines":"M34","color":"#0059a9","mode":"bus","arr":["M34"],"angle":63.9,"extra":1,"ei":8}},{"type":"Feature","geometry":{"type":"Point","coordinates":[23.450429,46.81931]},"properties":{"lines":"M34","color":"#0059a9","mode":"bus","arr":["M34"],"angle":63.3,"extra":1,"ei":9}},{"type":"Feature","geometry":{"type":"Point","coordinates":[23.449317,46.821028]},"properties":{"lines":"M34","color":"#0059a9","mode":"bus","arr":["M34"],"angle":77.8,"extra":1,"ei":10}},{"type":"Feature","geometry":{"type":"Point","coordinates":[23.54576,46.805447]},"properties":{"lines":"M35","color":"#0059a9","mode":"bus","arr":["M35"],"angle":36.7}},{"type":"Feature","geometry":{"type":"Point","coordinates":[23.555885,46.791535]},"properties":{"lines":"M35","color":"#0059a9","mode":"bus","arr":["M35"],"angle":63.7,"extra":1,"ei":0}},{"type":"Feature","geometry":{"type":"Point","coordinates":[23.554619,46.793212]},"properties":{"lines":"M35","color":"#0059a9","mode":"bus","arr":["M35"],"angle":65,"extra":1,"ei":1}},{"type":"Feature","geometry":{"type":"Point","coordinates":[23.55439,46.79489]},"properties":{"lines":"M35","color":"#0059a9","mode":"bus","arr":["M35"],"angle":-54.5,"extra":1,"ei":2}},{"type":"Feature","geometry":{"type":"Point","coordinates":[23.555896,46.796471]},"properties":{"lines":"M35","color":"#0059a9","mode":"bus","arr":["M35"],"angle":-56.4,"extra":1,"ei":3}},{"type":"Feature","geometry":{"type":"Point","coordinates":[23.557462,46.798025]},"properties":{"lines":"M35","color":"#0059a9","mode":"bus","arr":["M35"],"angle":-55.3,"extra":1,"ei":4}},{"type":"Feature","geometry":{"type":"Point","coordinates":[23.55761,46.799613]},"properties":{"lines":"M35","color":"#0059a9","mode":"bus","arr":["M35"],"angle":53.4,"extra":1,"ei":5}},{"type":"Feature","geometry":{"type":"Point","coordinates":[23.556117,46.801198]},"properties":{"lines":"M35","color":"#0059a9","mode":"bus","arr":["M35"],"angle":52.6,"extra":1,"ei":6}},{"type":"Feature","geometry":{"type":"Point","coordinates":[23.553843,46.802242]},"properties":{"lines":"M35","color":"#0059a9","mode":"bus","arr":["M35"],"angle":28.7,"extra":1,"ei":7}},{"type":"Feature","geometry":{"type":"Point","coordinates":[23.551414,46.80313]},"properties":{"lines":"M35","color":"#0059a9","mode":"bus","arr":["M35"],"angle":33.8,"extra":1,"ei":8}},{"type":"Feature","geometry":{"type":"Point","coordinates":[23.548991,46.804013]},"properties":{"lines":"M35","color":"#0059a9","mode":"bus","arr":["M35"],"angle":27.1,"extra":1,"ei":9}},{"type":"Feature","geometry":{"type":"Point","coordinates":[23.542748,46.807613]},"properties":{"lines":"M35","color":"#0059a9","mode":"bus","arr":["M35"],"angle":35.7,"extra":1,"ei":10}},{"type":"Feature","geometry":{"type":"Point","coordinates":[23.541648,46.809204]},"properties":{"lines":"M35","color":"#0059a9","mode":"bus","arr":["M35"],"angle":75.4,"extra":1,"ei":11}},{"type":"Feature","geometry":{"type":"Point","coordinates":[23.541112,46.811053]},"properties":{"lines":"M35","color":"#0059a9","mode":"bus","arr":["M35"],"angle":85,"extra":1,"ei":12}},{"type":"Feature","geometry":{"type":"Point","coordinates":[23.540863,46.812933]},"properties":{"lines":"M35","color":"#0059a9","mode":"bus","arr":["M35"],"angle":79.4,"extra":1,"ei":13}},{"type":"Feature","geometry":{"type":"Point","coordinates":[23.539613,46.814554]},"properties":{"lines":"M35","color":"#0059a9","mode":"bus","arr":["M35"],"angle":50,"extra":1,"ei":14}},{"type":"Feature","geometry":{"type":"Point","coordinates":[23.538011,46.816079]},"properties":{"lines":"M35","color":"#0059a9","mode":"bus","arr":["M35"],"angle":43.9,"extra":1,"ei":15}},{"type":"Feature","geometry":{"type":"Point","coordinates":[23.535946,46.817327]},"properties":{"lines":"M35","color":"#0059a9","mode":"bus","arr":["M35"],"angle":52,"extra":1,"ei":16}},{"type":"Feature","geometry":{"type":"Point","coordinates":[23.535246,46.819131]},"properties":{"lines":"M35","color":"#0059a9","mode":"bus","arr":["M35"],"angle":78.8,"extra":1,"ei":17}},{"type":"Feature","geometry":{"type":"Point","coordinates":[23.534583,46.820955]},"properties":{"lines":"M35","color":"#0059a9","mode":"bus","arr":["M35"],"angle":68.3,"extra":1,"ei":18}},{"type":"Feature","geometry":{"type":"Point","coordinates":[23.534239,46.822805]},"properties":{"lines":"M35","color":"#0059a9","mode":"bus","arr":["M35"],"angle":78.6,"extra":1,"ei":19}},{"type":"Feature","geometry":{"type":"Point","coordinates":[23.595137,46.822186]},"properties":{"lines":"M37","color":"#0059a9","mode":"bus","arr":["M37"],"angle":8}},{"type":"Feature","geometry":{"type":"Point","coordinates":[23.608062,46.844345]},"properties":{"lines":"M37","color":"#0059a9","mode":"bus","arr":["M37"],"angle":68}},{"type":"Feature","geometry":{"type":"Point","coordinates":[23.597351,46.823502]},"properties":{"lines":"M37","color":"#0059a9","mode":"bus","arr":["M37"],"angle":-3.3,"extra":1,"ei":0}},{"type":"Feature","geometry":{"type":"Point","coordinates":[23.596864,46.82502]},"properties":{"lines":"M37","color":"#0059a9","mode":"bus","arr":["M37"],"angle":67.3,"extra":1,"ei":1}},{"type":"Feature","geometry":{"type":"Point","coordinates":[23.597823,46.826317]},"properties":{"lines":"M37","color":"#0059a9","mode":"bus","arr":["M37"],"angle":22.2,"extra":1,"ei":2}},{"type":"Feature","geometry":{"type":"Point","coordinates":[23.600416,46.825729]},"properties":{"lines":"M37","color":"#0059a9","mode":"bus","arr":["M37"],"angle":25.2,"extra":1,"ei":3}},{"type":"Feature","geometry":{"type":"Point","coordinates":[23.602586,46.824577]},"properties":{"lines":"M37","color":"#0059a9","mode":"bus","arr":["M37"],"angle":47.4,"extra":1,"ei":4}},{"type":"Feature","geometry":{"type":"Point","coordinates":[23.604995,46.825993]},"properties":{"lines":"M37","color":"#0059a9","mode":"bus","arr":["M37"],"angle":-62.6,"extra":1,"ei":5}},{"type":"Feature","geometry":{"type":"Point","coordinates":[23.605594,46.827739]},"properties":{"lines":"M37","color":"#0059a9","mode":"bus","arr":["M37"],"angle":79.2,"extra":1,"ei":6}},{"type":"Feature","geometry":{"type":"Point","coordinates":[23.60472,46.829512]},"properties":{"lines":"M37","color":"#0059a9","mode":"bus","arr":["M37"],"angle":62.7,"extra":1,"ei":7}},{"type":"Feature","geometry":{"type":"Point","coordinates":[23.606332,46.830384]},"properties":{"lines":"M37","color":"#0059a9","mode":"bus","arr":["M37"],"angle":67.1,"extra":1,"ei":8}},{"type":"Feature","geometry":{"type":"Point","coordinates":[23.60616,46.832208]},"properties":{"lines":"M37","color":"#0059a9","mode":"bus","arr":["M37"],"angle":86.4,"extra":1,"ei":9}},{"type":"Feature","geometry":{"type":"Point","coordinates":[23.606133,46.834095]},"properties":{"lines":"M37","color":"#0059a9","mode":"bus","arr":["M37"],"angle":-86.5,"extra":1,"ei":10}},{"type":"Feature","geometry":{"type":"Point","coordinates":[23.606579,46.835945]},"properties":{"lines":"M37","color":"#0059a9","mode":"bus","arr":["M37"],"angle":-88.6,"extra":1,"ei":11}},{"type":"Feature","geometry":{"type":"Point","coordinates":[23.607373,46.837712]},"properties":{"lines":"M37","color":"#0059a9","mode":"bus","arr":["M37"],"angle":-87.1,"extra":1,"ei":12}},{"type":"Feature","geometry":{"type":"Point","coordinates":[23.607397,46.839588]},"properties":{"lines":"M37","color":"#0059a9","mode":"bus","arr":["M37"],"angle":-74.6,"extra":1,"ei":13}},{"type":"Feature","geometry":{"type":"Point","coordinates":[23.608167,46.8414]},"properties":{"lines":"M37","color":"#0059a9","mode":"bus","arr":["M37"],"angle":-77.9,"extra":1,"ei":14}},{"type":"Feature","geometry":{"type":"Point","coordinates":[23.605143,46.845971]},"properties":{"lines":"M37","color":"#0059a9","mode":"bus","arr":["M37"],"angle":28.6,"extra":1,"ei":15}},{"type":"Feature","geometry":{"type":"Point","coordinates":[23.606858,46.848145]},"properties":{"lines":"M37","color":"#0059a9","mode":"bus","arr":["M37"],"angle":86.1,"extra":1,"ei":16}},{"type":"Feature","geometry":{"type":"Point","coordinates":[23.606127,46.849965]},"properties":{"lines":"M37","color":"#0059a9","mode":"bus","arr":["M37"],"angle":74.3,"extra":1,"ei":17}},{"type":"Feature","geometry":{"type":"Point","coordinates":[23.605383,46.851783]},"properties":{"lines":"M37","color":"#0059a9","mode":"bus","arr":["M37"],"angle":74.2,"extra":1,"ei":18}},{"type":"Feature","geometry":{"type":"Point","coordinates":[23.604631,46.853601]},"properties":{"lines":"M37","color":"#0059a9","mode":"bus","arr":["M37"],"angle":73,"extra":1,"ei":19}},{"type":"Feature","geometry":{"type":"Point","coordinates":[23.60338,46.855278]},"properties":{"lines":"M37","color":"#0059a9","mode":"bus","arr":["M37"],"angle":61.1,"extra":1,"ei":20}},{"type":"Feature","geometry":{"type":"Point","coordinates":[23.602418,46.857043]},"properties":{"lines":"M37","color":"#0059a9","mode":"bus","arr":["M37"],"angle":74.1,"extra":1,"ei":21}},{"type":"Feature","geometry":{"type":"Point","coordinates":[23.601867,46.858892]},"properties":{"lines":"M37","color":"#0059a9","mode":"bus","arr":["M37"],"angle":79.5,"extra":1,"ei":22}},{"type":"Feature","geometry":{"type":"Point","coordinates":[23.601147,46.860714]},"properties":{"lines":"M37","color":"#0059a9","mode":"bus","arr":["M37"],"angle":73.5,"extra":1,"ei":23}},{"type":"Feature","geometry":{"type":"Point","coordinates":[23.600189,46.862482]},"properties":{"lines":"M37","color":"#0059a9","mode":"bus","arr":["M37"],"angle":62.9,"extra":1,"ei":24}},{"type":"Feature","geometry":{"type":"Point","coordinates":[23.598118,46.863677]},"properties":{"lines":"M37","color":"#0059a9","mode":"bus","arr":["M37"],"angle":28.1,"extra":1,"ei":25}},{"type":"Feature","geometry":{"type":"Point","coordinates":[23.595618,46.864472]},"properties":{"lines":"M37","color":"#0059a9","mode":"bus","arr":["M37"],"angle":19.7,"extra":1,"ei":26}},{"type":"Feature","geometry":{"type":"Point","coordinates":[23.592904,46.864728]},"properties":{"lines":"M37","color":"#0059a9","mode":"bus","arr":["M37"],"angle":12.3,"extra":1,"ei":27}},{"type":"Feature","geometry":{"type":"Point","coordinates":[23.592742,46.866374]},"properties":{"lines":"M37","color":"#0059a9","mode":"bus","arr":["M37"],"angle":85,"extra":1,"ei":28}},{"type":"Feature","geometry":{"type":"Point","coordinates":[23.593369,46.868174]},"properties":{"lines":"M37","color":"#0059a9","mode":"bus","arr":["M37"],"angle":-64.9,"extra":1,"ei":29}},{"type":"Feature","geometry":{"type":"Point","coordinates":[23.594912,46.869443]},"properties":{"lines":"M37","color":"#0059a9","mode":"bus","arr":["M37"],"angle":75.6,"extra":1,"ei":30}},{"type":"Feature","geometry":{"type":"Point","coordinates":[23.606171,46.875795]},"properties":{"lines":"M37","color":"#0059a9","mode":"bus","arr":["M37"],"angle":-25.8}},{"type":"Feature","geometry":{"type":"Point","coordinates":[23.616841,46.880468]},"properties":{"lines":"M37","color":"#0059a9","mode":"bus","arr":["M37"],"angle":-28.3,"extra":1,"ei":0}},{"type":"Feature","geometry":{"type":"Point","coordinates":[23.614616,46.879377]},"properties":{"lines":"M37","color":"#0059a9","mode":"bus","arr":["M37"],"angle":-25.4,"extra":1,"ei":1}},{"type":"Feature","geometry":{"type":"Point","coordinates":[23.611941,46.879163]},"properties":{"lines":"M37","color":"#0059a9","mode":"bus","arr":["M37"],"angle":-26.6,"extra":1,"ei":2}},{"type":"Feature","geometry":{"type":"Point","coordinates":[23.610278,46.877703]},"properties":{"lines":"M37","color":"#0059a9","mode":"bus","arr":["M37"],"angle":-61.8,"extra":1,"ei":3}},{"type":"Feature","geometry":{"type":"Point","coordinates":[23.60841,46.876394]},"properties":{"lines":"M37","color":"#0059a9","mode":"bus","arr":["M37"],"angle":-24.1,"extra":1,"ei":4}},{"type":"Feature","geometry":{"type":"Point","coordinates":[23.6036,46.874608]},"properties":{"lines":"M37","color":"#0059a9","mode":"bus","arr":["M37"],"angle":-33.4,"extra":1,"ei":5}},{"type":"Feature","geometry":{"type":"Point","coordinates":[23.601025,46.874449]},"properties":{"lines":"M37","color":"#0059a9","mode":"bus","arr":["M37"],"angle":-16.4,"extra":1,"ei":6}},{"type":"Feature","geometry":{"type":"Point","coordinates":[23.599125,46.873182]},"properties":{"lines":"M37","color":"#0059a9","mode":"bus","arr":["M37"],"angle":-38.3,"extra":1,"ei":7}},{"type":"Feature","geometry":{"type":"Point","coordinates":[23.597013,46.871975]},"properties":{"lines":"M37","color":"#0059a9","mode":"bus","arr":["M37"],"angle":-49.9,"extra":1,"ei":8}},{"type":"Feature","geometry":{"type":"Point","coordinates":[23.594762,46.870922]},"properties":{"lines":"M37","color":"#0059a9","mode":"bus","arr":["M37"],"angle":-33.5,"extra":1,"ei":9}},{"type":"Feature","geometry":{"type":"Point","coordinates":[23.622391,46.880537]},"properties":{"lines":"M37","color":"#0059a9","mode":"bus","arr":["M37"],"angle":-12}},{"type":"Feature","geometry":{"type":"Point","coordinates":[23.619481,46.880707]},"properties":{"lines":"M37","color":"#0059a9","mode":"bus","arr":["M37"],"angle":3,"extra":1,"ei":0}},{"type":"Feature","geometry":{"type":"Point","coordinates":[23.624557,46.879953]},"properties":{"lines":"M37","color":"#0059a9","mode":"bus","arr":["M37"],"angle":43.6,"extra":1,"ei":1}},{"type":"Feature","geometry":{"type":"Point","coordinates":[23.540658,46.859996]},"properties":{"lines":"M38","color":"#0059a9","mode":"bus","arr":["M38"],"angle":54.5}},{"type":"Feature","geometry":{"type":"Point","coordinates":[23.518905,46.876364]},"properties":{"lines":"M38","color":"#0059a9","mode":"bus","arr":["M38"],"angle":43.6}},{"type":"Feature","geometry":{"type":"Point","coordinates":[23.558109,46.846229]},"properties":{"lines":"M38","color":"#0059a9","mode":"bus","arr":["M38"],"angle":73.9,"extra":1,"ei":0}},{"type":"Feature","geometry":{"type":"Point","coordinates":[23.556106,46.847483]},"properties":{"lines":"M38","color":"#0059a9","mode":"bus","arr":["M38"],"angle":35.8,"extra":1,"ei":1}},{"type":"Feature","geometry":{"type":"Point","coordinates":[23.553777,46.848483]},"properties":{"lines":"M38","color":"#0059a9","mode":"bus","arr":["M38"],"angle":23.1,"extra":1,"ei":2}},{"type":"Feature","geometry":{"type":"Point","coordinates":[23.551237,46.849205]},"properties":{"lines":"M38","color":"#0059a9","mode":"bus","arr":["M38"],"angle":28.8,"extra":1,"ei":3}},{"type":"Feature","geometry":{"type":"Point","coordinates":[23.549332,46.850526]},"properties":{"lines":"M38","color":"#0059a9","mode":"bus","arr":["M38"],"angle":54.7,"extra":1,"ei":4}},{"type":"Feature","geometry":{"type":"Point","coordinates":[23.547672,46.852033]},"properties":{"lines":"M38","color":"#0059a9","mode":"bus","arr":["M38"],"angle":52.7,"extra":1,"ei":5}},{"type":"Feature","geometry":{"type":"Point","coordinates":[23.546854,46.853778]},"properties":{"lines":"M38","color":"#0059a9","mode":"bus","arr":["M38"],"angle":68.9,"extra":1,"ei":6}},{"type":"Feature","geometry":{"type":"Point","coordinates":[23.545191,46.855279]},"properties":{"lines":"M38","color":"#0059a9","mode":"bus","arr":["M38"],"angle":56.9,"extra":1,"ei":7}},{"type":"Feature","geometry":{"type":"Point","coordinates":[23.544022,46.856986]},"properties":{"lines":"M38","color":"#0059a9","mode":"bus","arr":["M38"],"angle":73.2,"extra":1,"ei":8}},{"type":"Feature","geometry":{"type":"Point","coordinates":[23.542608,46.858405]},"properties":{"lines":"M38","color":"#0059a9","mode":"bus","arr":["M38"],"angle":37.9,"extra":1,"ei":9}},{"type":"Feature","geometry":{"type":"Point","coordinates":[23.539716,46.861547]},"properties":{"lines":"M38","color":"#0059a9","mode":"bus","arr":["M38"],"angle":67.9,"extra":1,"ei":10}},{"type":"Feature","geometry":{"type":"Point","coordinates":[23.538263,46.863131]},"properties":{"lines":"M38","color":"#0059a9","mode":"bus","arr":["M38"],"angle":40.2,"extra":1,"ei":11}},{"type":"Feature","geometry":{"type":"Point","coordinates":[23.535837,46.864007]},"properties":{"lines":"M38","color":"#0059a9","mode":"bus","arr":["M38"],"angle":26.9,"extra":1,"ei":12}},{"type":"Feature","geometry":{"type":"Point","coordinates":[23.533485,46.864967]},"properties":{"lines":"M38","color":"#0059a9","mode":"bus","arr":["M38"],"angle":52.4,"extra":1,"ei":13}},{"type":"Feature","geometry":{"type":"Point","coordinates":[23.531536,46.866261]},"properties":{"lines":"M38","color":"#0059a9","mode":"bus","arr":["M38"],"angle":31.8,"extra":1,"ei":14}},{"type":"Feature","geometry":{"type":"Point","coordinates":[23.530067,46.867781]},"properties":{"lines":"M38","color":"#0059a9","mode":"bus","arr":["M38"],"angle":66,"extra":1,"ei":15}},{"type":"Feature","geometry":{"type":"Point","coordinates":[23.529285,46.869545]},"properties":{"lines":"M38","color":"#0059a9","mode":"bus","arr":["M38"],"angle":-85.2,"extra":1,"ei":16}},{"type":"Feature","geometry":{"type":"Point","coordinates":[23.528629,46.871321]},"properties":{"lines":"M38","color":"#0059a9","mode":"bus","arr":["M38"],"angle":63.5,"extra":1,"ei":17}},{"type":"Feature","geometry":{"type":"Point","coordinates":[23.5274,46.873011]},"properties":{"lines":"M38","color":"#0059a9","mode":"bus","arr":["M38"],"angle":63.5,"extra":1,"ei":18}},{"type":"Feature","geometry":{"type":"Point","coordinates":[23.527057,46.874772]},"properties":{"lines":"M38","color":"#0059a9","mode":"bus","arr":["M38"],"angle":68.6,"extra":1,"ei":19}},{"type":"Feature","geometry":{"type":"Point","coordinates":[23.524077,46.875443]},"properties":{"lines":"M38","color":"#0059a9","mode":"bus","arr":["M38"],"angle":3.1,"extra":1,"ei":0}},{"type":"Feature","geometry":{"type":"Point","coordinates":[23.52133,46.875598]},"properties":{"lines":"M38","color":"#0059a9","mode":"bus","arr":["M38"],"angle":4.9,"extra":1,"ei":1}},{"type":"Feature","geometry":{"type":"Point","coordinates":[23.518524,46.878164]},"properties":{"lines":"M38","color":"#0059a9","mode":"bus","arr":["M38"],"angle":-83,"extra":1,"ei":2}},{"type":"Feature","geometry":{"type":"Point","coordinates":[23.518611,46.880032]},"properties":{"lines":"M38","color":"#0059a9","mode":"bus","arr":["M38"],"angle":70.9,"extra":1,"ei":3}},{"type":"Feature","geometry":{"type":"Point","coordinates":[23.540658,46.859996]},"properties":{"lines":"M39","color":"#0059a9","mode":"bus","arr":["M39"],"angle":54.5}},{"type":"Feature","geometry":{"type":"Point","coordinates":[23.558109,46.846229]},"properties":{"lines":"M39","color":"#0059a9","mode":"bus","arr":["M39"],"angle":73.9,"extra":1,"ei":0}},{"type":"Feature","geometry":{"type":"Point","coordinates":[23.556106,46.847483]},"properties":{"lines":"M39","color":"#0059a9","mode":"bus","arr":["M39"],"angle":35.8,"extra":1,"ei":1}},{"type":"Feature","geometry":{"type":"Point","coordinates":[23.553777,46.848483]},"properties":{"lines":"M39","color":"#0059a9","mode":"bus","arr":["M39"],"angle":23.1,"extra":1,"ei":2}},{"type":"Feature","geometry":{"type":"Point","coordinates":[23.551237,46.849205]},"properties":{"lines":"M39","color":"#0059a9","mode":"bus","arr":["M39"],"angle":28.8,"extra":1,"ei":3}},{"type":"Feature","geometry":{"type":"Point","coordinates":[23.549332,46.850526]},"properties":{"lines":"M39","color":"#0059a9","mode":"bus","arr":["M39"],"angle":54.7,"extra":1,"ei":4}},{"type":"Feature","geometry":{"type":"Point","coordinates":[23.547672,46.852033]},"properties":{"lines":"M39","color":"#0059a9","mode":"bus","arr":["M39"],"angle":52.7,"extra":1,"ei":5}},{"type":"Feature","geometry":{"type":"Point","coordinates":[23.546854,46.853778]},"properties":{"lines":"M39","color":"#0059a9","mode":"bus","arr":["M39"],"angle":68.9,"extra":1,"ei":6}},{"type":"Feature","geometry":{"type":"Point","coordinates":[23.545191,46.855279]},"properties":{"lines":"M39","color":"#0059a9","mode":"bus","arr":["M39"],"angle":56.9,"extra":1,"ei":7}},{"type":"Feature","geometry":{"type":"Point","coordinates":[23.544022,46.856986]},"properties":{"lines":"M39","color":"#0059a9","mode":"bus","arr":["M39"],"angle":73.2,"extra":1,"ei":8}},{"type":"Feature","geometry":{"type":"Point","coordinates":[23.542608,46.858405]},"properties":{"lines":"M39","color":"#0059a9","mode":"bus","arr":["M39"],"angle":37.9,"extra":1,"ei":9}},{"type":"Feature","geometry":{"type":"Point","coordinates":[23.539716,46.861547]},"properties":{"lines":"M39","color":"#0059a9","mode":"bus","arr":["M39"],"angle":67.9,"extra":1,"ei":10}},{"type":"Feature","geometry":{"type":"Point","coordinates":[23.538263,46.863131]},"properties":{"lines":"M39","color":"#0059a9","mode":"bus","arr":["M39"],"angle":40.2,"extra":1,"ei":11}},{"type":"Feature","geometry":{"type":"Point","coordinates":[23.535837,46.864007]},"properties":{"lines":"M39","color":"#0059a9","mode":"bus","arr":["M39"],"angle":26.9,"extra":1,"ei":12}},{"type":"Feature","geometry":{"type":"Point","coordinates":[23.533485,46.864967]},"properties":{"lines":"M39","color":"#0059a9","mode":"bus","arr":["M39"],"angle":52.4,"extra":1,"ei":13}},{"type":"Feature","geometry":{"type":"Point","coordinates":[23.531536,46.866261]},"properties":{"lines":"M39","color":"#0059a9","mode":"bus","arr":["M39"],"angle":31.8,"extra":1,"ei":14}},{"type":"Feature","geometry":{"type":"Point","coordinates":[23.530067,46.867781]},"properties":{"lines":"M39","color":"#0059a9","mode":"bus","arr":["M39"],"angle":66,"extra":1,"ei":15}},{"type":"Feature","geometry":{"type":"Point","coordinates":[23.529285,46.869545]},"properties":{"lines":"M39","color":"#0059a9","mode":"bus","arr":["M39"],"angle":-85.2,"extra":1,"ei":16}},{"type":"Feature","geometry":{"type":"Point","coordinates":[23.528629,46.871321]},"properties":{"lines":"M39","color":"#0059a9","mode":"bus","arr":["M39"],"angle":63.5,"extra":1,"ei":17}},{"type":"Feature","geometry":{"type":"Point","coordinates":[23.5274,46.873011]},"properties":{"lines":"M39","color":"#0059a9","mode":"bus","arr":["M39"],"angle":63.5,"extra":1,"ei":18}},{"type":"Feature","geometry":{"type":"Point","coordinates":[23.527057,46.874772]},"properties":{"lines":"M39","color":"#0059a9","mode":"bus","arr":["M39"],"angle":68.6,"extra":1,"ei":19}},{"type":"Feature","geometry":{"type":"Point","coordinates":[23.540658,46.859996]},"properties":{"lines":"M39L","color":"#0059a9","mode":"bus","arr":["M39L"],"angle":54.5}},{"type":"Feature","geometry":{"type":"Point","coordinates":[23.518905,46.876364]},"properties":{"lines":"M39L","color":"#0059a9","mode":"bus","arr":["M39L"],"angle":43.6}},{"type":"Feature","geometry":{"type":"Point","coordinates":[23.558109,46.846229]},"properties":{"lines":"M39L","color":"#0059a9","mode":"bus","arr":["M39L"],"angle":73.9,"extra":1,"ei":0}},{"type":"Feature","geometry":{"type":"Point","coordinates":[23.556106,46.847483]},"properties":{"lines":"M39L","color":"#0059a9","mode":"bus","arr":["M39L"],"angle":35.8,"extra":1,"ei":1}},{"type":"Feature","geometry":{"type":"Point","coordinates":[23.553777,46.848483]},"properties":{"lines":"M39L","color":"#0059a9","mode":"bus","arr":["M39L"],"angle":23.1,"extra":1,"ei":2}},{"type":"Feature","geometry":{"type":"Point","coordinates":[23.551237,46.849205]},"properties":{"lines":"M39L","color":"#0059a9","mode":"bus","arr":["M39L"],"angle":28.8,"extra":1,"ei":3}},{"type":"Feature","geometry":{"type":"Point","coordinates":[23.549332,46.850526]},"properties":{"lines":"M39L","color":"#0059a9","mode":"bus","arr":["M39L"],"angle":54.7,"extra":1,"ei":4}},{"type":"Feature","geometry":{"type":"Point","coordinates":[23.547672,46.852033]},"properties":{"lines":"M39L","color":"#0059a9","mode":"bus","arr":["M39L"],"angle":52.7,"extra":1,"ei":5}},{"type":"Feature","geometry":{"type":"Point","coordinates":[23.546854,46.853778]},"properties":{"lines":"M39L","color":"#0059a9","mode":"bus","arr":["M39L"],"angle":68.9,"extra":1,"ei":6}},{"type":"Feature","geometry":{"type":"Point","coordinates":[23.545191,46.855279]},"properties":{"lines":"M39L","color":"#0059a9","mode":"bus","arr":["M39L"],"angle":56.9,"extra":1,"ei":7}},{"type":"Feature","geometry":{"type":"Point","coordinates":[23.544022,46.856986]},"properties":{"lines":"M39L","color":"#0059a9","mode":"bus","arr":["M39L"],"angle":73.2,"extra":1,"ei":8}},{"type":"Feature","geometry":{"type":"Point","coordinates":[23.542608,46.858405]},"properties":{"lines":"M39L","color":"#0059a9","mode":"bus","arr":["M39L"],"angle":37.9,"extra":1,"ei":9}},{"type":"Feature","geometry":{"type":"Point","coordinates":[23.539716,46.861547]},"properties":{"lines":"M39L","color":"#0059a9","mode":"bus","arr":["M39L"],"angle":67.9,"extra":1,"ei":10}},{"type":"Feature","geometry":{"type":"Point","coordinates":[23.538263,46.863131]},"properties":{"lines":"M39L","color":"#0059a9","mode":"bus","arr":["M39L"],"angle":40.2,"extra":1,"ei":11}},{"type":"Feature","geometry":{"type":"Point","coordinates":[23.535837,46.864007]},"properties":{"lines":"M39L","color":"#0059a9","mode":"bus","arr":["M39L"],"angle":26.9,"extra":1,"ei":12}},{"type":"Feature","geometry":{"type":"Point","coordinates":[23.533485,46.864967]},"properties":{"lines":"M39L","color":"#0059a9","mode":"bus","arr":["M39L"],"angle":52.4,"extra":1,"ei":13}},{"type":"Feature","geometry":{"type":"Point","coordinates":[23.531536,46.866261]},"properties":{"lines":"M39L","color":"#0059a9","mode":"bus","arr":["M39L"],"angle":31.8,"extra":1,"ei":14}},{"type":"Feature","geometry":{"type":"Point","coordinates":[23.530067,46.867781]},"properties":{"lines":"M39L","color":"#0059a9","mode":"bus","arr":["M39L"],"angle":66,"extra":1,"ei":15}},{"type":"Feature","geometry":{"type":"Point","coordinates":[23.529285,46.869545]},"properties":{"lines":"M39L","color":"#0059a9","mode":"bus","arr":["M39L"],"angle":-85.2,"extra":1,"ei":16}},{"type":"Feature","geometry":{"type":"Point","coordinates":[23.528629,46.871321]},"properties":{"lines":"M39L","color":"#0059a9","mode":"bus","arr":["M39L"],"angle":63.5,"extra":1,"ei":17}},{"type":"Feature","geometry":{"type":"Point","coordinates":[23.5274,46.873011]},"properties":{"lines":"M39L","color":"#0059a9","mode":"bus","arr":["M39L"],"angle":63.5,"extra":1,"ei":18}},{"type":"Feature","geometry":{"type":"Point","coordinates":[23.527057,46.874772]},"properties":{"lines":"M39L","color":"#0059a9","mode":"bus","arr":["M39L"],"angle":68.6,"extra":1,"ei":19}},{"type":"Feature","geometry":{"type":"Point","coordinates":[23.524077,46.875443]},"properties":{"lines":"M39L","color":"#0059a9","mode":"bus","arr":["M39L"],"angle":3.1,"extra":1,"ei":0}},{"type":"Feature","geometry":{"type":"Point","coordinates":[23.52133,46.875598]},"properties":{"lines":"M39L","color":"#0059a9","mode":"bus","arr":["M39L"],"angle":4.9,"extra":1,"ei":1}},{"type":"Feature","geometry":{"type":"Point","coordinates":[23.518524,46.878164]},"properties":{"lines":"M39L","color":"#0059a9","mode":"bus","arr":["M39L"],"angle":-83,"extra":1,"ei":2}},{"type":"Feature","geometry":{"type":"Point","coordinates":[23.518611,46.880032]},"properties":{"lines":"M39L","color":"#0059a9","mode":"bus","arr":["M39L"],"angle":70.9,"extra":1,"ei":3}},{"type":"Feature","geometry":{"type":"Point","coordinates":[23.519253,46.890498]},"properties":{"lines":"M38","color":"#0059a9","mode":"bus","arr":["M38"],"angle":-88.9}},{"type":"Feature","geometry":{"type":"Point","coordinates":[23.519828,46.898215]},"properties":{"lines":"M38","color":"#0059a9","mode":"bus","arr":["M38"],"angle":1,"side":-1,"mi":1}},{"type":"Feature","geometry":{"type":"Point","coordinates":[23.517879,46.881812]},"properties":{"lines":"M38","color":"#0059a9","mode":"bus","arr":["M38"],"angle":87.2,"extra":1,"ei":0}},{"type":"Feature","geometry":{"type":"Point","coordinates":[23.517745,46.883699]},"properties":{"lines":"M38","color":"#0059a9","mode":"bus","arr":["M38"],"angle":87.2,"extra":1,"ei":1}},{"type":"Feature","geometry":{"type":"Point","coordinates":[23.518536,46.885424]},"properties":{"lines":"M38","color":"#0059a9","mode":"bus","arr":["M38"],"angle":-55.7,"extra":1,"ei":2}},{"type":"Feature","geometry":{"type":"Point","coordinates":[23.51946,46.887164]},"properties":{"lines":"M38","color":"#0059a9","mode":"bus","arr":["M38"],"angle":-82.1,"extra":1,"ei":3}},{"type":"Feature","geometry":{"type":"Point","coordinates":[23.519638,46.889045]},"properties":{"lines":"M38","color":"#0059a9","mode":"bus","arr":["M38"],"angle":88.5,"extra":1,"ei":4}},{"type":"Feature","geometry":{"type":"Point","coordinates":[23.520557,46.892506]},"properties":{"lines":"M38","color":"#0059a9","mode":"bus","arr":["M38"],"angle":-51.7,"extra":1,"ei":5}},{"type":"Feature","geometry":{"type":"Point","coordinates":[23.521131,46.894297]},"properties":{"lines":"M38","color":"#0059a9","mode":"bus","arr":["M38"],"angle":-54.9,"extra":1,"ei":6}},{"type":"Feature","geometry":{"type":"Point","coordinates":[23.523325,46.895402]},"properties":{"lines":"M38","color":"#0059a9","mode":"bus","arr":["M38"],"angle":-48,"extra":1,"ei":7}},{"type":"Feature","geometry":{"type":"Point","coordinates":[23.522472,46.897083]},"properties":{"lines":"M38","color":"#0059a9","mode":"bus","arr":["M38"],"angle":61.3,"extra":1,"ei":8}},{"type":"Feature","geometry":{"type":"Point","coordinates":[23.519253,46.890498]},"properties":{"lines":"M39L","color":"#0059a9","mode":"bus","arr":["M39L"],"angle":-88.9}},{"type":"Feature","geometry":{"type":"Point","coordinates":[23.517879,46.881812]},"properties":{"lines":"M39L","color":"#0059a9","mode":"bus","arr":["M39L"],"angle":87.2,"extra":1,"ei":0}},{"type":"Feature","geometry":{"type":"Point","coordinates":[23.517745,46.883699]},"properties":{"lines":"M39L","color":"#0059a9","mode":"bus","arr":["M39L"],"angle":87.2,"extra":1,"ei":1}},{"type":"Feature","geometry":{"type":"Point","coordinates":[23.518536,46.885424]},"properties":{"lines":"M39L","color":"#0059a9","mode":"bus","arr":["M39L"],"angle":-55.7,"extra":1,"ei":2}},{"type":"Feature","geometry":{"type":"Point","coordinates":[23.51946,46.887164]},"properties":{"lines":"M39L","color":"#0059a9","mode":"bus","arr":["M39L"],"angle":-82.1,"extra":1,"ei":3}},{"type":"Feature","geometry":{"type":"Point","coordinates":[23.519638,46.889045]},"properties":{"lines":"M39L","color":"#0059a9","mode":"bus","arr":["M39L"],"angle":88.5,"extra":1,"ei":4}},{"type":"Feature","geometry":{"type":"Point","coordinates":[23.520557,46.892506]},"properties":{"lines":"M39L","color":"#0059a9","mode":"bus","arr":["M39L"],"angle":-51.7,"extra":1,"ei":5}},{"type":"Feature","geometry":{"type":"Point","coordinates":[23.521131,46.894297]},"properties":{"lines":"M39L","color":"#0059a9","mode":"bus","arr":["M39L"],"angle":-54.9,"extra":1,"ei":6}},{"type":"Feature","geometry":{"type":"Point","coordinates":[23.523325,46.895402]},"properties":{"lines":"M39L","color":"#0059a9","mode":"bus","arr":["M39L"],"angle":-48,"extra":1,"ei":7}},{"type":"Feature","geometry":{"type":"Point","coordinates":[23.522472,46.897083]},"properties":{"lines":"M39L","color":"#0059a9","mode":"bus","arr":["M39L"],"angle":61.3,"extra":1,"ei":8}},{"type":"Feature","geometry":{"type":"Point","coordinates":[23.520622,46.898239]},"properties":{"lines":"M39L","color":"#0059a9","mode":"bus","arr":["M39L"],"angle":-3.2,"extra":1,"ei":9}},{"type":"Feature","geometry":{"type":"Point","coordinates":[23.540363,46.897101]},"properties":{"lines":"M38","color":"#0059a9","mode":"bus","arr":["M38"],"angle":-33.6}},{"type":"Feature","geometry":{"type":"Point","coordinates":[23.520545,46.898643]},"properties":{"lines":"M38","color":"#0059a9","mode":"bus","arr":["M38"],"angle":-18.4,"extra":1,"ei":0}},{"type":"Feature","geometry":{"type":"Point","coordinates":[23.523245,46.898727]},"properties":{"lines":"M38","color":"#0059a9","mode":"bus","arr":["M38"],"angle":11.3,"extra":1,"ei":1}},{"type":"Feature","geometry":{"type":"Point","coordinates":[23.525832,46.898126]},"properties":{"lines":"M38","color":"#0059a9","mode":"bus","arr":["M38"],"angle":43.6,"extra":1,"ei":2}},{"type":"Feature","geometry":{"type":"Point","coordinates":[23.526849,46.89639]},"properties":{"lines":"M38","color":"#0059a9","mode":"bus","arr":["M38"],"angle":61.1,"extra":1,"ei":3}},{"type":"Feature","geometry":{"type":"Point","coordinates":[23.528873,46.895209]},"properties":{"lines":"M38","color":"#0059a9","mode":"bus","arr":["M38"],"angle":16.8,"extra":1,"ei":4}},{"type":"Feature","geometry":{"type":"Point","coordinates":[23.531405,46.895357]},"properties":{"lines":"M38","color":"#0059a9","mode":"bus","arr":["M38"],"angle":-29.7,"extra":1,"ei":5}},{"type":"Feature","geometry":{"type":"Point","coordinates":[23.533812,46.896224]},"properties":{"lines":"M38","color":"#0059a9","mode":"bus","arr":["M38"],"angle":-15.4,"extra":1,"ei":6}},{"type":"Feature","geometry":{"type":"Point","coordinates":[23.536493,46.896394]},"properties":{"lines":"M38","color":"#0059a9","mode":"bus","arr":["M38"],"angle":14.5,"extra":1,"ei":7}},{"type":"Feature","geometry":{"type":"Point","coordinates":[23.544289,46.897056]},"properties":{"lines":"M38","color":"#0059a9","mode":"bus","arr":["M38"],"angle":36.1,"extra":1,"ei":8}},{"type":"Feature","geometry":{"type":"Point","coordinates":[23.546837,46.896515]},"properties":{"lines":"M38","color":"#0059a9","mode":"bus","arr":["M38"],"angle":4,"extra":1,"ei":9}},{"type":"Feature","geometry":{"type":"Point","coordinates":[23.549417,46.895891]},"properties":{"lines":"M38","color":"#0059a9","mode":"bus","arr":["M38"],"angle":17.9,"extra":1,"ei":10}},{"type":"Feature","geometry":{"type":"Point","coordinates":[23.551793,46.894977]},"properties":{"lines":"M38","color":"#0059a9","mode":"bus","arr":["M38"],"angle":43.2,"extra":1,"ei":11}},{"type":"Feature","geometry":{"type":"Point","coordinates":[23.554337,46.894533]},"properties":{"lines":"M38","color":"#0059a9","mode":"bus","arr":["M38"],"angle":-5,"extra":1,"ei":12}},{"type":"Feature","geometry":{"type":"Point","coordinates":[23.557077,46.894734]},"properties":{"lines":"M38","color":"#0059a9","mode":"bus","arr":["M38"],"angle":-5.4,"extra":1,"ei":13}},{"type":"Feature","geometry":{"type":"Point","coordinates":[23.559794,46.89504]},"properties":{"lines":"M38","color":"#0059a9","mode":"bus","arr":["M38"],"angle":-12.3,"extra":1,"ei":14}},{"type":"Feature","geometry":{"type":"Point","coordinates":[23.562485,46.895363]},"properties":{"lines":"M38","color":"#0059a9","mode":"bus","arr":["M38"],"angle":-20.8,"extra":1,"ei":15}},{"type":"Feature","geometry":{"type":"Point","coordinates":[23.566082,46.892837]},"properties":{"lines":"M38","color":"#0059a9","mode":"bus","arr":["M38"],"angle":85.6}},{"type":"Feature","geometry":{"type":"Point","coordinates":[23.564759,46.895161]},"properties":{"lines":"M38","color":"#0059a9","mode":"bus","arr":["M38"],"angle":44.7,"extra":1,"ei":0}},{"type":"Feature","geometry":{"type":"Point","coordinates":[23.566315,46.891635]},"properties":{"lines":"M38","color":"#0059a9","mode":"bus","arr":["M38"],"angle":58.8,"extra":1,"ei":1}},{"type":"Feature","geometry":{"type":"Point","coordinates":[23.566911,46.889836]},"properties":{"lines":"M38","color":"#0059a9","mode":"bus","arr":["M38"],"angle":73.5,"extra":1,"ei":2}},{"type":"Feature","geometry":{"type":"Point","coordinates":[23.571499,46.837977]},"properties":{"lines":"M39","color":"#0059a9","mode":"bus","arr":["M39"],"angle":-40.4}},{"type":"Feature","geometry":{"type":"Point","coordinates":[23.571499,46.837977]},"properties":{"lines":"M39L","color":"#0059a9","mode":"bus","arr":["M39L"],"angle":-40.4}},{"type":"Feature","geometry":{"type":"Point","coordinates":[23.571916,46.840004]},"properties":{"lines":"M39","color":"#0059a9","mode":"bus","arr":["M39"],"angle":16.2,"mi":1}},{"type":"Feature","geometry":{"type":"Point","coordinates":[23.571916,46.840004]},"properties":{"lines":"M39L","color":"#0059a9","mode":"bus","arr":["M39L"],"angle":16.2,"mi":1}},{"type":"Feature","geometry":{"type":"Point","coordinates":[23.699526,46.782075]},"properties":{"lines":"M41","color":"#0059a9","mode":"bus","arr":["M41"],"angle":-5.7,"mi":1}},{"type":"Feature","geometry":{"type":"Point","coordinates":[23.702951,46.782169]},"properties":{"lines":"M41","color":"#0059a9","mode":"bus","arr":["M41"],"angle":-0.4}},{"type":"Feature","geometry":{"type":"Point","coordinates":[23.699526,46.782075]},"properties":{"lines":"M41L","color":"#0059a9","mode":"bus","arr":["M41L"],"angle":-5.7,"mi":3}},{"type":"Feature","geometry":{"type":"Point","coordinates":[23.702951,46.782169]},"properties":{"lines":"M41L","color":"#0059a9","mode":"bus","arr":["M41L"],"angle":-0.4}},{"type":"Feature","geometry":{"type":"Point","coordinates":[23.699526,46.782075]},"properties":{"lines":"M42","color":"#0059a9","mode":"bus","arr":["M42"],"angle":-5.7,"mi":8}},{"type":"Feature","geometry":{"type":"Point","coordinates":[23.702951,46.782169]},"properties":{"lines":"M42","color":"#0059a9","mode":"bus","arr":["M42"],"angle":-0.4,"mi":3}},{"type":"Feature","geometry":{"type":"Point","coordinates":[23.699526,46.782075]},"properties":{"lines":"M42L","color":"#0059a9","mode":"bus","arr":["M42L"],"angle":-5.7,"mi":1}},{"type":"Feature","geometry":{"type":"Point","coordinates":[23.702951,46.782169]},"properties":{"lines":"M42L","color":"#0059a9","mode":"bus","arr":["M42L"],"angle":-0.4}},{"type":"Feature","geometry":{"type":"Point","coordinates":[23.699526,46.782075]},"properties":{"lines":"M43","color":"#0059a9","mode":"bus","arr":["M43"],"angle":-5.7,"mi":4}},{"type":"Feature","geometry":{"type":"Point","coordinates":[23.699526,46.782075]},"properties":{"lines":"M44","color":"#0059a9","mode":"bus","arr":["M44"],"angle":-5.7,"mi":1}},{"type":"Feature","geometry":{"type":"Point","coordinates":[23.677852,46.780799]},"properties":{"lines":"M44","color":"#0059a9","mode":"bus","arr":["M44"],"angle":-5.5,"side":-1}},{"type":"Feature","geometry":{"type":"Point","coordinates":[23.702951,46.782169]},"properties":{"lines":"M44","color":"#0059a9","mode":"bus","arr":["M44"],"angle":-0.4}},{"type":"Feature","geometry":{"type":"Point","coordinates":[23.709091,46.782761]},"properties":{"lines":"M41","color":"#0059a9","mode":"bus","arr":["M41"],"angle":-14,"mi":2}},{"type":"Feature","geometry":{"type":"Point","coordinates":[23.705758,46.782218]},"properties":{"lines":"M41","color":"#0059a9","mode":"bus","arr":["M41"],"angle":-9.3,"extra":1,"ei":0}},{"type":"Feature","geometry":{"type":"Point","coordinates":[23.711114,46.783111]},"properties":{"lines":"M41","color":"#0059a9","mode":"bus","arr":["M41"],"angle":-14.5,"extra":1,"ei":1}},{"type":"Feature","geometry":{"type":"Point","coordinates":[23.744885,46.82587]},"properties":{"lines":"M41L","color":"#0059a9","mode":"bus","arr":["M41L"],"angle":-83.9,"mi":4}},{"type":"Feature","geometry":{"type":"Point","coordinates":[23.709091,46.782761]},"properties":{"lines":"M41L","color":"#0059a9","mode":"bus","arr":["M41L"],"angle":-14,"mi":2}},{"type":"Feature","geometry":{"type":"Point","coordinates":[23.746675,46.820327]},"properties":{"lines":"M41L","color":"#0059a9","mode":"bus","arr":["M41L"],"angle":41.7}},{"type":"Feature","geometry":{"type":"Point","coordinates":[23.705758,46.782218]},"properties":{"lines":"M41L","color":"#0059a9","mode":"bus","arr":["M41L"],"angle":-9.3,"extra":1,"ei":0}},{"type":"Feature","geometry":{"type":"Point","coordinates":[23.711114,46.783111]},"properties":{"lines":"M41L","color":"#0059a9","mode":"bus","arr":["M41L"],"angle":-14.5,"extra":1,"ei":1}},{"type":"Feature","geometry":{"type":"Point","coordinates":[23.745285,46.828425]},"properties":{"lines":"M41L","color":"#0059a9","mode":"bus","arr":["M41L"],"angle":-83.9,"extra":1,"ei":0}},{"type":"Feature","geometry":{"type":"Point","coordinates":[23.744697,46.824669]},"properties":{"lines":"M41L","color":"#0059a9","mode":"bus","arr":["M41L"],"angle":-83.9,"extra":1,"ei":1}},{"type":"Feature","geometry":{"type":"Point","coordinates":[23.744471,46.822789]},"properties":{"lines":"M41L","color":"#0059a9","mode":"bus","arr":["M41L"],"angle":-88.5,"extra":1,"ei":2}},{"type":"Feature","geometry":{"type":"Point","coordinates":[23.745327,46.821312]},"properties":{"lines":"M41L","color":"#0059a9","mode":"bus","arr":["M41L"],"angle":54.7,"extra":1,"ei":0}},{"type":"Feature","geometry":{"type":"Point","coordinates":[23.709091,46.782761]},"properties":{"lines":"M42","color":"#0059a9","mode":"bus","arr":["M42"],"angle":-14}},{"type":"Feature","geometry":{"type":"Point","coordinates":[23.705758,46.782218]},"properties":{"lines":"M42","color":"#0059a9","mode":"bus","arr":["M42"],"angle":-9.3,"extra":1,"ei":0}},{"type":"Feature","geometry":{"type":"Point","coordinates":[23.711114,46.783111]},"properties":{"lines":"M42","color":"#0059a9","mode":"bus","arr":["M42"],"angle":-14.5,"extra":1,"ei":1}},{"type":"Feature","geometry":{"type":"Point","coordinates":[23.709091,46.782761]},"properties":{"lines":"M42L","color":"#0059a9","mode":"bus","arr":["M42L"],"angle":-14,"mi":2}},{"type":"Feature","geometry":{"type":"Point","coordinates":[23.705758,46.782218]},"properties":{"lines":"M42L","color":"#0059a9","mode":"bus","arr":["M42L"],"angle":-9.3,"extra":1,"ei":0}},{"type":"Feature","geometry":{"type":"Point","coordinates":[23.711114,46.783111]},"properties":{"lines":"M42L","color":"#0059a9","mode":"bus","arr":["M42L"],"angle":-14.5,"extra":1,"ei":1}},{"type":"Feature","geometry":{"type":"Point","coordinates":[23.709091,46.782761]},"properties":{"lines":"M44","color":"#0059a9","mode":"bus","arr":["M44"],"angle":-14,"mi":2}},{"type":"Feature","geometry":{"type":"Point","coordinates":[23.705758,46.782218]},"properties":{"lines":"M44","color":"#0059a9","mode":"bus","arr":["M44"],"angle":-9.3,"extra":1,"ei":0}},{"type":"Feature","geometry":{"type":"Point","coordinates":[23.711114,46.783111]},"properties":{"lines":"M44","color":"#0059a9","mode":"bus","arr":["M44"],"angle":-14.5,"extra":1,"ei":1}},{"type":"Feature","geometry":{"type":"Point","coordinates":[23.726514,46.786932]},"properties":{"lines":"M41","color":"#0059a9","mode":"bus","arr":["M41"],"angle":-25.1}},{"type":"Feature","geometry":{"type":"Point","coordinates":[23.751407,46.807364]},"properties":{"lines":"M41","color":"#0059a9","mode":"bus","arr":["M41"],"angle":82.3,"mi":2}},{"type":"Feature","geometry":{"type":"Point","coordinates":[23.747558,46.794188]},"properties":{"lines":"M41","color":"#0059a9","mode":"bus","arr":["M41"],"angle":-49.1}},{"type":"Feature","geometry":{"type":"Point","coordinates":[23.746694,46.815022]},"properties":{"lines":"M41","color":"#0059a9","mode":"bus","arr":["M41"],"angle":0.1,"mi":1}},{"type":"Feature","geometry":{"type":"Point","coordinates":[23.715353,46.78385]},"properties":{"lines":"M41","color":"#0059a9","mode":"bus","arr":["M41"],"angle":-14.1,"extra":1,"ei":0}},{"type":"Feature","geometry":{"type":"Point","coordinates":[23.718025,46.784316]},"properties":{"lines":"M41","color":"#0059a9","mode":"bus","arr":["M41"],"angle":-15.7,"extra":1,"ei":1}},{"type":"Feature","geometry":{"type":"Point","coordinates":[23.720565,46.785043]},"properties":{"lines":"M41","color":"#0059a9","mode":"bus","arr":["M41"],"angle":-24.8,"extra":1,"ei":2}},{"type":"Feature","geometry":{"type":"Point","coordinates":[23.723073,46.785826]},"properties":{"lines":"M41","color":"#0059a9","mode":"bus","arr":["M41"],"angle":-25.1,"extra":1,"ei":3}},{"type":"Feature","geometry":{"type":"Point","coordinates":[23.728066,46.787428]},"properties":{"lines":"M41","color":"#0059a9","mode":"bus","arr":["M41"],"angle":-24.7,"extra":1,"ei":4}},{"type":"Feature","geometry":{"type":"Point","coordinates":[23.730574,46.788212]},"properties":{"lines":"M41","color":"#0059a9","mode":"bus","arr":["M41"],"angle":-24.5,"extra":1,"ei":5}},{"type":"Feature","geometry":{"type":"Point","coordinates":[23.733071,46.789011]},"properties":{"lines":"M41","color":"#0059a9","mode":"bus","arr":["M41"],"angle":-25.6,"extra":1,"ei":6}},{"type":"Feature","geometry":{"type":"Point","coordinates":[23.735561,46.789822]},"properties":{"lines":"M41","color":"#0059a9","mode":"bus","arr":["M41"],"angle":-25.2,"extra":1,"ei":7}},{"type":"Feature","geometry":{"type":"Point","coordinates":[23.738041,46.790646]},"properties":{"lines":"M41","color":"#0059a9","mode":"bus","arr":["M41"],"angle":-25.2,"extra":1,"ei":8}},{"type":"Feature","geometry":{"type":"Point","coordinates":[23.739945,46.791233]},"properties":{"lines":"M41","color":"#0059a9","mode":"bus","arr":["M41"],"angle":-25,"extra":1,"ei":0}},{"type":"Feature","geometry":{"type":"Point","coordinates":[23.742445,46.792029]},"properties":{"lines":"M41","color":"#0059a9","mode":"bus","arr":["M41"],"angle":-25,"extra":1,"ei":1}},{"type":"Feature","geometry":{"type":"Point","coordinates":[23.744947,46.792821]},"properties":{"lines":"M41","color":"#0059a9","mode":"bus","arr":["M41"],"angle":-24.2,"extra":1,"ei":2}},{"type":"Feature","geometry":{"type":"Point","coordinates":[23.748983,46.795307]},"properties":{"lines":"M41","color":"#0059a9","mode":"bus","arr":["M41"],"angle":-48.7,"extra":1,"ei":3}},{"type":"Feature","geometry":{"type":"Point","coordinates":[23.750794,46.79673]},"properties":{"lines":"M41","color":"#0059a9","mode":"bus","arr":["M41"],"angle":-48.7,"extra":1,"ei":4}},{"type":"Feature","geometry":{"type":"Point","coordinates":[23.752613,46.798149]},"properties":{"lines":"M41","color":"#0059a9","mode":"bus","arr":["M41"],"angle":-48.7,"extra":1,"ei":5}},{"type":"Feature","geometry":{"type":"Point","coordinates":[23.75406,46.800816]},"properties":{"lines":"M41","color":"#0059a9","mode":"bus","arr":["M41"],"angle":71,"extra":1,"ei":0}},{"type":"Feature","geometry":{"type":"Point","coordinates":[23.753158,46.802601]},"properties":{"lines":"M41","color":"#0059a9","mode":"bus","arr":["M41"],"angle":70.9,"extra":1,"ei":1}},{"type":"Feature","geometry":{"type":"Point","coordinates":[23.752255,46.804385]},"properties":{"lines":"M41","color":"#0059a9","mode":"bus","arr":["M41"],"angle":70.9,"extra":1,"ei":2}},{"type":"Feature","geometry":{"type":"Point","coordinates":[23.750656,46.809925]},"properties":{"lines":"M41","color":"#0059a9","mode":"bus","arr":["M41"],"angle":82.2,"extra":1,"ei":3}},{"type":"Feature","geometry":{"type":"Point","coordinates":[23.751319,46.811738]},"properties":{"lines":"M41","color":"#0059a9","mode":"bus","arr":["M41"],"angle":-74.5,"extra":1,"ei":4}},{"type":"Feature","geometry":{"type":"Point","coordinates":[23.750824,46.81355]},"properties":{"lines":"M41","color":"#0059a9","mode":"bus","arr":["M41"],"angle":70.8,"extra":1,"ei":5}},{"type":"Feature","geometry":{"type":"Point","coordinates":[23.726514,46.786932]},"properties":{"lines":"M41L","color":"#0059a9","mode":"bus","arr":["M41L"],"angle":-25.1}},{"type":"Feature","geometry":{"type":"Point","coordinates":[23.751407,46.807364]},"properties":{"lines":"M41L","color":"#0059a9","mode":"bus","arr":["M41L"],"angle":82.3,"mi":8}},{"type":"Feature","geometry":{"type":"Point","coordinates":[23.747558,46.794188]},"properties":{"lines":"M41L","color":"#0059a9","mode":"bus","arr":["M41L"],"angle":-49.1}},{"type":"Feature","geometry":{"type":"Point","coordinates":[23.743644,46.818834]},"properties":{"lines":"M41L","color":"#0059a9","mode":"bus","arr":["M41L"],"angle":88.1,"mi":2}},{"type":"Feature","geometry":{"type":"Point","coordinates":[23.746694,46.815022]},"properties":{"lines":"M41L","color":"#0059a9","mode":"bus","arr":["M41L"],"angle":0.1,"mi":5}},{"type":"Feature","geometry":{"type":"Point","coordinates":[23.749275,46.816726]},"properties":{"lines":"M41L","color":"#0059a9","mode":"bus","arr":["M41L"],"angle":89.7,"mi":3}},{"type":"Feature","geometry":{"type":"Point","coordinates":[23.715353,46.78385]},"properties":{"lines":"M41L","color":"#0059a9","mode":"bus","arr":["M41L"],"angle":-14.1,"extra":1,"ei":0}},{"type":"Feature","geometry":{"type":"Point","coordinates":[23.718025,46.784316]},"properties":{"lines":"M41L","color":"#0059a9","mode":"bus","arr":["M41L"],"angle":-15.7,"extra":1,"ei":1}},{"type":"Feature","geometry":{"type":"Point","coordinates":[23.720565,46.785043]},"properties":{"lines":"M41L","color":"#0059a9","mode":"bus","arr":["M41L"],"angle":-24.8,"extra":1,"ei":2}},{"type":"Feature","geometry":{"type":"Point","coordinates":[23.723073,46.785826]},"properties":{"lines":"M41L","color":"#0059a9","mode":"bus","arr":["M41L"],"angle":-25.1,"extra":1,"ei":3}},{"type":"Feature","geometry":{"type":"Point","coordinates":[23.728066,46.787428]},"properties":{"lines":"M41L","color":"#0059a9","mode":"bus","arr":["M41L"],"angle":-24.7,"extra":1,"ei":4}},{"type":"Feature","geometry":{"type":"Point","coordinates":[23.730574,46.788212]},"properties":{"lines":"M41L","color":"#0059a9","mode":"bus","arr":["M41L"],"angle":-24.5,"extra":1,"ei":5}},{"type":"Feature","geometry":{"type":"Point","coordinates":[23.733071,46.789011]},"properties":{"lines":"M41L","color":"#0059a9","mode":"bus","arr":["M41L"],"angle":-25.6,"extra":1,"ei":6}},{"type":"Feature","geometry":{"type":"Point","coordinates":[23.735561,46.789822]},"properties":{"lines":"M41L","color":"#0059a9","mode":"bus","arr":["M41L"],"angle":-25.2,"extra":1,"ei":7}},{"type":"Feature","geometry":{"type":"Point","coordinates":[23.738041,46.790646]},"properties":{"lines":"M41L","color":"#0059a9","mode":"bus","arr":["M41L"],"angle":-25.2,"extra":1,"ei":8}},{"type":"Feature","geometry":{"type":"Point","coordinates":[23.739945,46.791233]},"properties":{"lines":"M41L","color":"#0059a9","mode":"bus","arr":["M41L"],"angle":-25,"extra":1,"ei":0}},{"type":"Feature","geometry":{"type":"Point","coordinates":[23.742445,46.792029]},"properties":{"lines":"M41L","color":"#0059a9","mode":"bus","arr":["M41L"],"angle":-25,"extra":1,"ei":1}},{"type":"Feature","geometry":{"type":"Point","coordinates":[23.744947,46.792821]},"properties":{"lines":"M41L","color":"#0059a9","mode":"bus","arr":["M41L"],"angle":-24.2,"extra":1,"ei":2}},{"type":"Feature","geometry":{"type":"Point","coordinates":[23.748983,46.795307]},"properties":{"lines":"M41L","color":"#0059a9","mode":"bus","arr":["M41L"],"angle":-48.7,"extra":1,"ei":3}},{"type":"Feature","geometry":{"type":"Point","coordinates":[23.750794,46.79673]},"properties":{"lines":"M41L","color":"#0059a9","mode":"bus","arr":["M41L"],"angle":-48.7,"extra":1,"ei":4}},{"type":"Feature","geometry":{"type":"Point","coordinates":[23.752613,46.798149]},"properties":{"lines":"M41L","color":"#0059a9","mode":"bus","arr":["M41L"],"angle":-48.7,"extra":1,"ei":5}},{"type":"Feature","geometry":{"type":"Point","coordinates":[23.75406,46.800816]},"properties":{"lines":"M41L","color":"#0059a9","mode":"bus","arr":["M41L"],"angle":71,"extra":1,"ei":0}},{"type":"Feature","geometry":{"type":"Point","coordinates":[23.753158,46.802601]},"properties":{"lines":"M41L","color":"#0059a9","mode":"bus","arr":["M41L"],"angle":70.9,"extra":1,"ei":1}},{"type":"Feature","geometry":{"type":"Point","coordinates":[23.752255,46.804385]},"properties":{"lines":"M41L","color":"#0059a9","mode":"bus","arr":["M41L"],"angle":70.9,"extra":1,"ei":2}},{"type":"Feature","geometry":{"type":"Point","coordinates":[23.750656,46.809925]},"properties":{"lines":"M41L","color":"#0059a9","mode":"bus","arr":["M41L"],"angle":82.2,"extra":1,"ei":3}},{"type":"Feature","geometry":{"type":"Point","coordinates":[23.751319,46.811738]},"properties":{"lines":"M41L","color":"#0059a9","mode":"bus","arr":["M41L"],"angle":-74.5,"extra":1,"ei":4}},{"type":"Feature","geometry":{"type":"Point","coordinates":[23.750824,46.81355]},"properties":{"lines":"M41L","color":"#0059a9","mode":"bus","arr":["M41L"],"angle":70.8,"extra":1,"ei":5}},{"type":"Feature","geometry":{"type":"Point","coordinates":[23.743962,46.816787]},"properties":{"lines":"M41L","color":"#0059a9","mode":"bus","arr":["M41L"],"angle":67.6,"extra":1,"ei":0}},{"type":"Feature","geometry":{"type":"Point","coordinates":[23.74356,46.82053]},"properties":{"lines":"M41L","color":"#0059a9","mode":"bus","arr":["M41L"],"angle":-89.5,"extra":1,"ei":1}},{"type":"Feature","geometry":{"type":"Point","coordinates":[23.726514,46.786932]},"properties":{"lines":"M42","color":"#0059a9","mode":"bus","arr":["M42"],"angle":-25.1,"mi":10}},{"type":"Feature","geometry":{"type":"Point","coordinates":[23.715353,46.78385]},"properties":{"lines":"M42","color":"#0059a9","mode":"bus","arr":["M42"],"angle":-14.1,"extra":1,"ei":0}},{"type":"Feature","geometry":{"type":"Point","coordinates":[23.718025,46.784316]},"properties":{"lines":"M42","color":"#0059a9","mode":"bus","arr":["M42"],"angle":-15.7,"extra":1,"ei":1}},{"type":"Feature","geometry":{"type":"Point","coordinates":[23.720565,46.785043]},"properties":{"lines":"M42","color":"#0059a9","mode":"bus","arr":["M42"],"angle":-24.8,"extra":1,"ei":2}},{"type":"Feature","geometry":{"type":"Point","coordinates":[23.723073,46.785826]},"properties":{"lines":"M42","color":"#0059a9","mode":"bus","arr":["M42"],"angle":-25.1,"extra":1,"ei":3}},{"type":"Feature","geometry":{"type":"Point","coordinates":[23.728066,46.787428]},"properties":{"lines":"M42","color":"#0059a9","mode":"bus","arr":["M42"],"angle":-24.7,"extra":1,"ei":4}},{"type":"Feature","geometry":{"type":"Point","coordinates":[23.730574,46.788212]},"properties":{"lines":"M42","color":"#0059a9","mode":"bus","arr":["M42"],"angle":-24.5,"extra":1,"ei":5}},{"type":"Feature","geometry":{"type":"Point","coordinates":[23.733071,46.789011]},"properties":{"lines":"M42","color":"#0059a9","mode":"bus","arr":["M42"],"angle":-25.6,"extra":1,"ei":6}},{"type":"Feature","geometry":{"type":"Point","coordinates":[23.735561,46.789822]},"properties":{"lines":"M42","color":"#0059a9","mode":"bus","arr":["M42"],"angle":-25.2,"extra":1,"ei":7}},{"type":"Feature","geometry":{"type":"Point","coordinates":[23.738041,46.790646]},"properties":{"lines":"M42","color":"#0059a9","mode":"bus","arr":["M42"],"angle":-25.2,"extra":1,"ei":8}},{"type":"Feature","geometry":{"type":"Point","coordinates":[23.726514,46.786932]},"properties":{"lines":"M42L","color":"#0059a9","mode":"bus","arr":["M42L"],"angle":-25.1,"mi":1}},{"type":"Feature","geometry":{"type":"Point","coordinates":[23.715353,46.78385]},"properties":{"lines":"M42L","color":"#0059a9","mode":"bus","arr":["M42L"],"angle":-14.1,"extra":1,"ei":0}},{"type":"Feature","geometry":{"type":"Point","coordinates":[23.718025,46.784316]},"properties":{"lines":"M42L","color":"#0059a9","mode":"bus","arr":["M42L"],"angle":-15.7,"extra":1,"ei":1}},{"type":"Feature","geometry":{"type":"Point","coordinates":[23.720565,46.785043]},"properties":{"lines":"M42L","color":"#0059a9","mode":"bus","arr":["M42L"],"angle":-24.8,"extra":1,"ei":2}},{"type":"Feature","geometry":{"type":"Point","coordinates":[23.723073,46.785826]},"properties":{"lines":"M42L","color":"#0059a9","mode":"bus","arr":["M42L"],"angle":-25.1,"extra":1,"ei":3}},{"type":"Feature","geometry":{"type":"Point","coordinates":[23.728066,46.787428]},"properties":{"lines":"M42L","color":"#0059a9","mode":"bus","arr":["M42L"],"angle":-24.7,"extra":1,"ei":4}},{"type":"Feature","geometry":{"type":"Point","coordinates":[23.730574,46.788212]},"properties":{"lines":"M42L","color":"#0059a9","mode":"bus","arr":["M42L"],"angle":-24.5,"extra":1,"ei":5}},{"type":"Feature","geometry":{"type":"Point","coordinates":[23.733071,46.789011]},"properties":{"lines":"M42L","color":"#0059a9","mode":"bus","arr":["M42L"],"angle":-25.6,"extra":1,"ei":6}},{"type":"Feature","geometry":{"type":"Point","coordinates":[23.735561,46.789822]},"properties":{"lines":"M42L","color":"#0059a9","mode":"bus","arr":["M42L"],"angle":-25.2,"extra":1,"ei":7}},{"type":"Feature","geometry":{"type":"Point","coordinates":[23.738041,46.790646]},"properties":{"lines":"M42L","color":"#0059a9","mode":"bus","arr":["M42L"],"angle":-25.2,"extra":1,"ei":8}},{"type":"Feature","geometry":{"type":"Point","coordinates":[23.726514,46.786932]},"properties":{"lines":"M44","color":"#0059a9","mode":"bus","arr":["M44"],"angle":-25.1}},{"type":"Feature","geometry":{"type":"Point","coordinates":[23.747558,46.794188]},"properties":{"lines":"M44","color":"#0059a9","mode":"bus","arr":["M44"],"angle":-49.1,"mi":2}},{"type":"Feature","geometry":{"type":"Point","coordinates":[23.715353,46.78385]},"properties":{"lines":"M44","color":"#0059a9","mode":"bus","arr":["M44"],"angle":-14.1,"extra":1,"ei":0}},{"type":"Feature","geometry":{"type":"Point","coordinates":[23.718025,46.784316]},"properties":{"lines":"M44","color":"#0059a9","mode":"bus","arr":["M44"],"angle":-15.7,"extra":1,"ei":1}},{"type":"Feature","geometry":{"type":"Point","coordinates":[23.720565,46.785043]},"properties":{"lines":"M44","color":"#0059a9","mode":"bus","arr":["M44"],"angle":-24.8,"extra":1,"ei":2}},{"type":"Feature","geometry":{"type":"Point","coordinates":[23.723073,46.785826]},"properties":{"lines":"M44","color":"#0059a9","mode":"bus","arr":["M44"],"angle":-25.1,"extra":1,"ei":3}},{"type":"Feature","geometry":{"type":"Point","coordinates":[23.728066,46.787428]},"properties":{"lines":"M44","color":"#0059a9","mode":"bus","arr":["M44"],"angle":-24.7,"extra":1,"ei":4}},{"type":"Feature","geometry":{"type":"Point","coordinates":[23.730574,46.788212]},"properties":{"lines":"M44","color":"#0059a9","mode":"bus","arr":["M44"],"angle":-24.5,"extra":1,"ei":5}},{"type":"Feature","geometry":{"type":"Point","coordinates":[23.733071,46.789011]},"properties":{"lines":"M44","color":"#0059a9","mode":"bus","arr":["M44"],"angle":-25.6,"extra":1,"ei":6}},{"type":"Feature","geometry":{"type":"Point","coordinates":[23.735561,46.789822]},"properties":{"lines":"M44","color":"#0059a9","mode":"bus","arr":["M44"],"angle":-25.2,"extra":1,"ei":7}},{"type":"Feature","geometry":{"type":"Point","coordinates":[23.738041,46.790646]},"properties":{"lines":"M44","color":"#0059a9","mode":"bus","arr":["M44"],"angle":-25.2,"extra":1,"ei":8}},{"type":"Feature","geometry":{"type":"Point","coordinates":[23.739945,46.791233]},"properties":{"lines":"M44","color":"#0059a9","mode":"bus","arr":["M44"],"angle":-25,"extra":1,"ei":0}},{"type":"Feature","geometry":{"type":"Point","coordinates":[23.742445,46.792029]},"properties":{"lines":"M44","color":"#0059a9","mode":"bus","arr":["M44"],"angle":-25,"extra":1,"ei":1}},{"type":"Feature","geometry":{"type":"Point","coordinates":[23.744947,46.792821]},"properties":{"lines":"M44","color":"#0059a9","mode":"bus","arr":["M44"],"angle":-24.2,"extra":1,"ei":2}},{"type":"Feature","geometry":{"type":"Point","coordinates":[23.748983,46.795307]},"properties":{"lines":"M44","color":"#0059a9","mode":"bus","arr":["M44"],"angle":-48.7,"extra":1,"ei":3}},{"type":"Feature","geometry":{"type":"Point","coordinates":[23.750794,46.79673]},"properties":{"lines":"M44","color":"#0059a9","mode":"bus","arr":["M44"],"angle":-48.7,"extra":1,"ei":4}},{"type":"Feature","geometry":{"type":"Point","coordinates":[23.752613,46.798149]},"properties":{"lines":"M44","color":"#0059a9","mode":"bus","arr":["M44"],"angle":-48.7,"extra":1,"ei":5}},{"type":"Feature","geometry":{"type":"Point","coordinates":[23.749851,46.814967]},"properties":{"lines":"M41","color":"#0059a9","mode":"bus","arr":["M41"],"angle":33,"side":-1}},{"type":"Feature","geometry":{"type":"Point","coordinates":[23.707023,46.782102]},"properties":{"lines":"M41L","color":"#0059a9","mode":"bus","arr":["M41L"],"angle":0.8,"mi":1}},{"type":"Feature","geometry":{"type":"Point","coordinates":[23.74414,46.821997]},"properties":{"lines":"M41L","color":"#0059a9","mode":"bus","arr":["M41L"],"angle":-35.8,"mi":1}},{"type":"Feature","geometry":{"type":"Point","coordinates":[23.74201,46.829681]},"properties":{"lines":"M41L","color":"#0059a9","mode":"bus","arr":["M41L"],"angle":6.8,"mi":6}},{"type":"Feature","geometry":{"type":"Point","coordinates":[23.74401,46.829519]},"properties":{"lines":"M41L","color":"#0059a9","mode":"bus","arr":["M41L"],"angle":6.8,"extra":1,"ei":0}},{"type":"Feature","geometry":{"type":"Point","coordinates":[23.738787,46.83072]},"properties":{"lines":"M41L","color":"#0059a9","mode":"bus","arr":["M41L"],"angle":59.3,"mi":7}},{"type":"Feature","geometry":{"type":"Point","coordinates":[23.70246,46.781919]},"properties":{"lines":"M42","color":"#0059a9","mode":"bus","arr":["M42"],"angle":24.9,"side":-1,"mi":5}},{"type":"Feature","geometry":{"type":"Point","coordinates":[23.70246,46.781919]},"properties":{"lines":"M43","color":"#0059a9","mode":"bus","arr":["M43"],"angle":24.9,"side":-1,"mi":3}},{"type":"Feature","geometry":{"type":"Point","coordinates":[23.703535,46.780348]},"properties":{"lines":"M42","color":"#0059a9","mode":"bus","arr":["M42"],"angle":69.4,"mi":4}},{"type":"Feature","geometry":{"type":"Point","coordinates":[23.703535,46.780348]},"properties":{"lines":"M43","color":"#0059a9","mode":"bus","arr":["M43"],"angle":69.4}},{"type":"Feature","geometry":{"type":"Point","coordinates":[23.70592,46.777613]},"properties":{"lines":"M42","color":"#0059a9","mode":"bus","arr":["M42"],"angle":65.8,"mi":7}},{"type":"Feature","geometry":{"type":"Point","coordinates":[23.719885,46.783151]},"properties":{"lines":"M42","color":"#0059a9","mode":"bus","arr":["M42"],"angle":-15.9,"mi":6}},{"type":"Feature","geometry":{"type":"Point","coordinates":[23.723375,46.781952]},"properties":{"lines":"M42","color":"#0059a9","mode":"bus","arr":["M42"],"angle":62.3,"extra":1,"ei":0}},{"type":"Feature","geometry":{"type":"Point","coordinates":[23.722195,46.783653]},"properties":{"lines":"M42","color":"#0059a9","mode":"bus","arr":["M42"],"angle":49.2,"extra":1,"ei":1}},{"type":"Feature","geometry":{"type":"Point","coordinates":[23.716963,46.782983]},"properties":{"lines":"M42","color":"#0059a9","mode":"bus","arr":["M42"],"angle":-5.5,"extra":1,"ei":2}},{"type":"Feature","geometry":{"type":"Point","coordinates":[23.714539,46.782954]},"properties":{"lines":"M42","color":"#0059a9","mode":"bus","arr":["M42"],"angle":61.3,"extra":1,"ei":3}},{"type":"Feature","geometry":{"type":"Point","coordinates":[23.715626,46.778483]},"properties":{"lines":"M42","color":"#0059a9","mode":"bus","arr":["M42"],"angle":3,"mi":1}},{"type":"Feature","geometry":{"type":"Point","coordinates":[23.723049,46.780463]},"properties":{"lines":"M42","color":"#0059a9","mode":"bus","arr":["M42"],"angle":-40.8,"extra":1,"ei":0}},{"type":"Feature","geometry":{"type":"Point","coordinates":[23.720889,46.779289]},"properties":{"lines":"M42","color":"#0059a9","mode":"bus","arr":["M42"],"angle":-38.4,"extra":1,"ei":1}},{"type":"Feature","geometry":{"type":"Point","coordinates":[23.718427,46.77855]},"properties":{"lines":"M42","color":"#0059a9","mode":"bus","arr":["M42"],"angle":-11,"extra":1,"ei":2}},{"type":"Feature","geometry":{"type":"Point","coordinates":[23.712992,46.778309]},"properties":{"lines":"M42","color":"#0059a9","mode":"bus","arr":["M42"],"angle":-5.2,"extra":1,"ei":3}},{"type":"Feature","geometry":{"type":"Point","coordinates":[23.710327,46.777888]},"properties":{"lines":"M42","color":"#0059a9","mode":"bus","arr":["M42"],"angle":-24.5,"extra":1,"ei":4}},{"type":"Feature","geometry":{"type":"Point","coordinates":[23.707862,46.777043]},"properties":{"lines":"M42","color":"#0059a9","mode":"bus","arr":["M42"],"angle":-27.9,"extra":1,"ei":5}},{"type":"Feature","geometry":{"type":"Point","coordinates":[23.738733,46.794894]},"properties":{"lines":"M42","color":"#0059a9","mode":"bus","arr":["M42"],"angle":84.6}},{"type":"Feature","geometry":{"type":"Point","coordinates":[23.736125,46.798129]},"properties":{"lines":"M42","color":"#0059a9","mode":"bus","arr":["M42"],"angle":61.2,"extra":1,"ei":0}},{"type":"Feature","geometry":{"type":"Point","coordinates":[23.737469,46.79648]},"properties":{"lines":"M42","color":"#0059a9","mode":"bus","arr":["M42"],"angle":60.7,"extra":1,"ei":1}},{"type":"Feature","geometry":{"type":"Point","coordinates":[23.737326,46.793288]},"properties":{"lines":"M42","color":"#0059a9","mode":"bus","arr":["M42"],"angle":75.8,"extra":1,"ei":2}},{"type":"Feature","geometry":{"type":"Point","coordinates":[23.738443,46.791562]},"properties":{"lines":"M42","color":"#0059a9","mode":"bus","arr":["M42"],"angle":66.1,"extra":1,"ei":3}},{"type":"Feature","geometry":{"type":"Point","coordinates":[23.738733,46.794894]},"properties":{"lines":"M42L","color":"#0059a9","mode":"bus","arr":["M42L"],"angle":84.6,"mi":1}},{"type":"Feature","geometry":{"type":"Point","coordinates":[23.736125,46.798129]},"properties":{"lines":"M42L","color":"#0059a9","mode":"bus","arr":["M42L"],"angle":61.2,"extra":1,"ei":0}},{"type":"Feature","geometry":{"type":"Point","coordinates":[23.737469,46.79648]},"properties":{"lines":"M42L","color":"#0059a9","mode":"bus","arr":["M42L"],"angle":60.7,"extra":1,"ei":1}},{"type":"Feature","geometry":{"type":"Point","coordinates":[23.737326,46.793288]},"properties":{"lines":"M42L","color":"#0059a9","mode":"bus","arr":["M42L"],"angle":75.8,"extra":1,"ei":2}},{"type":"Feature","geometry":{"type":"Point","coordinates":[23.738443,46.791562]},"properties":{"lines":"M42L","color":"#0059a9","mode":"bus","arr":["M42L"],"angle":66.1,"extra":1,"ei":3}},{"type":"Feature","geometry":{"type":"Point","coordinates":[23.725702,46.78973]},"properties":{"lines":"M42","color":"#0059a9","mode":"bus","arr":["M42"],"angle":61.5,"mi":11}},{"type":"Feature","geometry":{"type":"Point","coordinates":[23.727016,46.788129]},"properties":{"lines":"M42","color":"#0059a9","mode":"bus","arr":["M42"],"angle":59.2,"extra":1,"ei":0}},{"type":"Feature","geometry":{"type":"Point","coordinates":[23.72422,46.791382]},"properties":{"lines":"M42","color":"#0059a9","mode":"bus","arr":["M42"],"angle":58.2,"extra":1,"ei":1}},{"type":"Feature","geometry":{"type":"Point","coordinates":[23.725702,46.78973]},"properties":{"lines":"M42L","color":"#0059a9","mode":"bus","arr":["M42L"],"angle":61.5}},{"type":"Feature","geometry":{"type":"Point","coordinates":[23.727016,46.788129]},"properties":{"lines":"M42L","color":"#0059a9","mode":"bus","arr":["M42L"],"angle":59.2,"extra":1,"ei":0}},{"type":"Feature","geometry":{"type":"Point","coordinates":[23.72422,46.791382]},"properties":{"lines":"M42L","color":"#0059a9","mode":"bus","arr":["M42L"],"angle":58.2,"extra":1,"ei":1}},{"type":"Feature","geometry":{"type":"Point","coordinates":[23.718537,46.789186]},"properties":{"lines":"M42","color":"#0059a9","mode":"bus","arr":["M42"],"angle":89.6,"mi":9}},{"type":"Feature","geometry":{"type":"Point","coordinates":[23.722217,46.791769]},"properties":{"lines":"M42","color":"#0059a9","mode":"bus","arr":["M42"],"angle":-37.3,"extra":1,"ei":0}},{"type":"Feature","geometry":{"type":"Point","coordinates":[23.720049,46.790605]},"properties":{"lines":"M42","color":"#0059a9","mode":"bus","arr":["M42"],"angle":-35.6,"extra":1,"ei":1}},{"type":"Feature","geometry":{"type":"Point","coordinates":[23.718511,46.787352]},"properties":{"lines":"M42","color":"#0059a9","mode":"bus","arr":["M42"],"angle":-89.3,"extra":1,"ei":2}},{"type":"Feature","geometry":{"type":"Point","coordinates":[23.718483,46.785463]},"properties":{"lines":"M42","color":"#0059a9","mode":"bus","arr":["M42"],"angle":-89.5,"extra":1,"ei":3}},{"type":"Feature","geometry":{"type":"Point","coordinates":[23.718537,46.789186]},"properties":{"lines":"M42L","color":"#0059a9","mode":"bus","arr":["M42L"],"angle":89.6,"mi":3}},{"type":"Feature","geometry":{"type":"Point","coordinates":[23.722217,46.791769]},"properties":{"lines":"M42L","color":"#0059a9","mode":"bus","arr":["M42L"],"angle":-37.3,"extra":1,"ei":0}},{"type":"Feature","geometry":{"type":"Point","coordinates":[23.720049,46.790605]},"properties":{"lines":"M42L","color":"#0059a9","mode":"bus","arr":["M42L"],"angle":-35.6,"extra":1,"ei":1}},{"type":"Feature","geometry":{"type":"Point","coordinates":[23.718511,46.787352]},"properties":{"lines":"M42L","color":"#0059a9","mode":"bus","arr":["M42L"],"angle":-89.3,"extra":1,"ei":2}},{"type":"Feature","geometry":{"type":"Point","coordinates":[23.718483,46.785463]},"properties":{"lines":"M42L","color":"#0059a9","mode":"bus","arr":["M42L"],"angle":-89.5,"extra":1,"ei":3}},{"type":"Feature","geometry":{"type":"Point","coordinates":[23.735208,46.799192]},"properties":{"lines":"M42L","color":"#0059a9","mode":"bus","arr":["M42L"],"angle":-42.3}},{"type":"Feature","geometry":{"type":"Point","coordinates":[23.725504,46.792708]},"properties":{"lines":"M42L","color":"#0059a9","mode":"bus","arr":["M42L"],"angle":56.3,"mi":2}},{"type":"Feature","geometry":{"type":"Point","coordinates":[23.726408,46.764393]},"properties":{"lines":"M43","color":"#0059a9","mode":"bus","arr":["M43"],"angle":56.2}},{"type":"Feature","geometry":{"type":"Point","coordinates":[23.719392,46.764153]},"properties":{"lines":"M43","color":"#0059a9","mode":"bus","arr":["M43"],"angle":-12.1,"extra":1,"ei":0}},{"type":"Feature","geometry":{"type":"Point","coordinates":[23.722062,46.764093]},"properties":{"lines":"M43","color":"#0059a9","mode":"bus","arr":["M43"],"angle":35.7,"extra":1,"ei":1}},{"type":"Feature","geometry":{"type":"Point","coordinates":[23.724498,46.763276]},"properties":{"lines":"M43","color":"#0059a9","mode":"bus","arr":["M43"],"angle":23,"extra":1,"ei":2}},{"type":"Feature","geometry":{"type":"Point","coordinates":[23.726721,46.762651]},"properties":{"lines":"M43","color":"#0059a9","mode":"bus","arr":["M43"],"angle":-57.8,"extra":1,"ei":3}},{"type":"Feature","geometry":{"type":"Point","coordinates":[23.728239,46.763282]},"properties":{"lines":"M43","color":"#0059a9","mode":"bus","arr":["M43"],"angle":35.8,"extra":1,"ei":4}},{"type":"Feature","geometry":{"type":"Point","coordinates":[23.725885,46.766347]},"properties":{"lines":"M43","color":"#0059a9","mode":"bus","arr":["M43"],"angle":61.8,"extra":1,"ei":5}},{"type":"Feature","geometry":{"type":"Point","coordinates":[23.723942,46.767649]},"properties":{"lines":"M43","color":"#0059a9","mode":"bus","arr":["M43"],"angle":35.4,"extra":1,"ei":6}},{"type":"Feature","geometry":{"type":"Point","coordinates":[23.721567,46.76759]},"properties":{"lines":"M43","color":"#0059a9","mode":"bus","arr":["M43"],"angle":-70.8,"extra":1,"ei":7}},{"type":"Feature","geometry":{"type":"Point","coordinates":[23.720263,46.765988]},"properties":{"lines":"M43","color":"#0059a9","mode":"bus","arr":["M43"],"angle":-34.8,"extra":1,"ei":8}},{"type":"Feature","geometry":{"type":"Point","coordinates":[23.763612,46.800342]},"properties":{"lines":"M44","color":"#0059a9","mode":"bus","arr":["M44"],"angle":9.5,"mi":1}},{"type":"Feature","geometry":{"type":"Point","coordinates":[23.756023,46.800076]},"properties":{"lines":"M44","color":"#0059a9","mode":"bus","arr":["M44"],"angle":-22.7,"extra":1,"ei":0}},{"type":"Feature","geometry":{"type":"Point","coordinates":[23.758626,46.799949]},"properties":{"lines":"M44","color":"#0059a9","mode":"bus","arr":["M44"],"angle":20.6,"extra":1,"ei":1}},{"type":"Feature","geometry":{"type":"Point","coordinates":[23.761043,46.799799]},"properties":{"lines":"M44","color":"#0059a9","mode":"bus","arr":["M44"],"angle":-59.6,"extra":1,"ei":2}},{"type":"Feature","geometry":{"type":"Point","coordinates":[23.765324,46.80106]},"properties":{"lines":"M44","color":"#0059a9","mode":"bus","arr":["M44"],"angle":-72.9,"extra":1,"ei":3}},{"type":"Feature","geometry":{"type":"Point","coordinates":[23.767061,46.802363]},"properties":{"lines":"M44","color":"#0059a9","mode":"bus","arr":["M44"],"angle":-25.7,"extra":1,"ei":4}},{"type":"Feature","geometry":{"type":"Point","coordinates":[23.769528,46.803204]},"properties":{"lines":"M44","color":"#0059a9","mode":"bus","arr":["M44"],"angle":-31.1,"extra":1,"ei":5}},{"type":"Feature","geometry":{"type":"Point","coordinates":[23.807065,46.811155]},"properties":{"lines":"M44","color":"#0059a9","mode":"bus","arr":["M44"],"angle":-19.7}},{"type":"Feature","geometry":{"type":"Point","coordinates":[23.75469,46.799684]},"properties":{"lines":"M44","color":"#0059a9","mode":"bus","arr":["M44"],"angle":-31.6,"side":-1}},{"type":"Feature","geometry":{"type":"Point","coordinates":[23.772116,46.804927]},"properties":{"lines":"M44","color":"#0059a9","mode":"bus","arr":["M44"],"angle":-49.8,"extra":1,"ei":0}},{"type":"Feature","geometry":{"type":"Point","coordinates":[23.773935,46.806346]},"properties":{"lines":"M44","color":"#0059a9","mode":"bus","arr":["M44"],"angle":-48.3,"extra":1,"ei":1}},{"type":"Feature","geometry":{"type":"Point","coordinates":[23.776154,46.807376]},"properties":{"lines":"M44","color":"#0059a9","mode":"bus","arr":["M44"],"angle":-14.3,"extra":1,"ei":2}},{"type":"Feature","geometry":{"type":"Point","coordinates":[23.778825,46.807843]},"properties":{"lines":"M44","color":"#0059a9","mode":"bus","arr":["M44"],"angle":-14.3,"extra":1,"ei":3}},{"type":"Feature","geometry":{"type":"Point","coordinates":[23.781068,46.80882]},"properties":{"lines":"M44","color":"#0059a9","mode":"bus","arr":["M44"],"angle":-58.6,"extra":1,"ei":4}},{"type":"Feature","geometry":{"type":"Point","coordinates":[23.782578,46.810388]},"properties":{"lines":"M44","color":"#0059a9","mode":"bus","arr":["M44"],"angle":-39.9,"extra":1,"ei":5}},{"type":"Feature","geometry":{"type":"Point","coordinates":[23.785006,46.811253]},"properties":{"lines":"M44","color":"#0059a9","mode":"bus","arr":["M44"],"angle":-6.8,"extra":1,"ei":6}},{"type":"Feature","geometry":{"type":"Point","coordinates":[23.787756,46.811173]},"properties":{"lines":"M44","color":"#0059a9","mode":"bus","arr":["M44"],"angle":-1.1,"extra":1,"ei":7}},{"type":"Feature","geometry":{"type":"Point","coordinates":[23.790512,46.81121]},"properties":{"lines":"M44","color":"#0059a9","mode":"bus","arr":["M44"],"angle":-1.1,"extra":1,"ei":8}},{"type":"Feature","geometry":{"type":"Point","coordinates":[23.793265,46.811268]},"properties":{"lines":"M44","color":"#0059a9","mode":"bus","arr":["M44"],"angle":-8.8,"extra":1,"ei":9}},{"type":"Feature","geometry":{"type":"Point","coordinates":[23.795933,46.81174]},"properties":{"lines":"M44","color":"#0059a9","mode":"bus","arr":["M44"],"angle":-15.5,"extra":1,"ei":10}},{"type":"Feature","geometry":{"type":"Point","coordinates":[23.798634,46.812023]},"properties":{"lines":"M44","color":"#0059a9","mode":"bus","arr":["M44"],"angle":5,"extra":1,"ei":11}},{"type":"Feature","geometry":{"type":"Point","coordinates":[23.801232,46.811423]},"properties":{"lines":"M44","color":"#0059a9","mode":"bus","arr":["M44"],"angle":21.6,"extra":1,"ei":12}},{"type":"Feature","geometry":{"type":"Point","coordinates":[23.803826,46.810791]},"properties":{"lines":"M44","color":"#0059a9","mode":"bus","arr":["M44"],"angle":14.6,"extra":1,"ei":13}},{"type":"Feature","geometry":{"type":"Point","coordinates":[23.809083,46.811649]},"properties":{"lines":"M44","color":"#0059a9","mode":"bus","arr":["M44"],"angle":-19.5,"extra":1,"ei":14}},{"type":"Feature","geometry":{"type":"Point","coordinates":[23.811722,46.812181]},"properties":{"lines":"M44","color":"#0059a9","mode":"bus","arr":["M44"],"angle":-12.1,"extra":1,"ei":15}},{"type":"Feature","geometry":{"type":"Point","coordinates":[23.814417,46.812577]},"properties":{"lines":"M44","color":"#0059a9","mode":"bus","arr":["M44"],"angle":-12.1,"extra":1,"ei":16}},{"type":"Feature","geometry":{"type":"Point","coordinates":[23.8169,46.812185]},"properties":{"lines":"M44","color":"#0059a9","mode":"bus","arr":["M44"],"angle":44.6,"extra":1,"ei":17}},{"type":"Feature","geometry":{"type":"Point","coordinates":[23.819436,46.811631]},"properties":{"lines":"M44","color":"#0059a9","mode":"bus","arr":["M44"],"angle":4.1,"extra":1,"ei":18}},{"type":"Feature","geometry":{"type":"Point","coordinates":[23.822185,46.811493]},"properties":{"lines":"M44","color":"#0059a9","mode":"bus","arr":["M44"],"angle":4.2,"extra":1,"ei":19}},{"type":"Feature","geometry":{"type":"Point","coordinates":[23.824929,46.811611]},"properties":{"lines":"M44","color":"#0059a9","mode":"bus","arr":["M44"],"angle":-7,"extra":1,"ei":20}},{"type":"Feature","geometry":{"type":"Point","coordinates":[23.827654,46.811636]},"properties":{"lines":"M44","color":"#0059a9","mode":"bus","arr":["M44"],"angle":15.3,"extra":1,"ei":21}},{"type":"Feature","geometry":{"type":"Point","coordinates":[23.830293,46.811091]},"properties":{"lines":"M44","color":"#0059a9","mode":"bus","arr":["M44"],"angle":17,"extra":1,"ei":22}},{"type":"Feature","geometry":{"type":"Point","coordinates":[23.832996,46.810897]},"properties":{"lines":"M44","color":"#0059a9","mode":"bus","arr":["M44"],"angle":-7.2,"extra":1,"ei":23}},{"type":"Feature","geometry":{"type":"Point","coordinates":[23.835623,46.810711]},"properties":{"lines":"M44","color":"#0059a9","mode":"bus","arr":["M44"],"angle":36.3,"extra":1,"ei":24}},{"type":"Feature","geometry":{"type":"Point","coordinates":[23.837799,46.809553]},"properties":{"lines":"M44","color":"#0059a9","mode":"bus","arr":["M44"],"angle":38.2,"extra":1,"ei":25}},{"type":"Feature","geometry":{"type":"Point","coordinates":[23.839861,46.808304]},"properties":{"lines":"M44","color":"#0059a9","mode":"bus","arr":["M44"],"angle":47.7,"extra":1,"ei":26}},{"type":"Feature","geometry":{"type":"Point","coordinates":[23.840572,46.80654]},"properties":{"lines":"M44","color":"#0059a9","mode":"bus","arr":["M44"],"angle":-88.6,"extra":1,"ei":27}},{"type":"Feature","geometry":{"type":"Point","coordinates":[23.832847,46.796437]},"properties":{"lines":"M44","color":"#0059a9","mode":"bus","arr":["M44"],"angle":-68.5}},{"type":"Feature","geometry":{"type":"Point","coordinates":[23.840502,46.804341]},"properties":{"lines":"M44","color":"#0059a9","mode":"bus","arr":["M44"],"angle":-52,"extra":1,"ei":0}},{"type":"Feature","geometry":{"type":"Point","coordinates":[23.838794,46.802859]},"properties":{"lines":"M44","color":"#0059a9","mode":"bus","arr":["M44"],"angle":-51.4,"extra":1,"ei":1}},{"type":"Feature","geometry":{"type":"Point","coordinates":[23.837081,46.80138]},"properties":{"lines":"M44","color":"#0059a9","mode":"bus","arr":["M44"],"angle":-51.8,"extra":1,"ei":2}},{"type":"Feature","geometry":{"type":"Point","coordinates":[23.835364,46.799902]},"properties":{"lines":"M44","color":"#0059a9","mode":"bus","arr":["M44"],"angle":-51.3,"extra":1,"ei":3}},{"type":"Feature","geometry":{"type":"Point","coordinates":[23.833942,46.798305]},"properties":{"lines":"M44","color":"#0059a9","mode":"bus","arr":["M44"],"angle":-69.9,"extra":1,"ei":4}},{"type":"Feature","geometry":{"type":"Point","coordinates":[23.832004,46.794776]},"properties":{"lines":"M44","color":"#0059a9","mode":"bus","arr":["M44"],"angle":-58.4,"extra":1,"ei":5}},{"type":"Feature","geometry":{"type":"Point","coordinates":[23.829853,46.793631]},"properties":{"lines":"M44","color":"#0059a9","mode":"bus","arr":["M44"],"angle":-23.8,"extra":1,"ei":6}},{"type":"Feature","geometry":{"type":"Point","coordinates":[23.827732,46.792495]},"properties":{"lines":"M44","color":"#0059a9","mode":"bus","arr":["M44"],"angle":-54.7,"extra":1,"ei":7}},{"type":"Feature","geometry":{"type":"Point","coordinates":[23.826056,46.790998]},"properties":{"lines":"M44","color":"#0059a9","mode":"bus","arr":["M44"],"angle":-47.7,"extra":1,"ei":8}},{"type":"Feature","geometry":{"type":"Point","coordinates":[23.824918,46.78936]},"properties":{"lines":"M44","color":"#0059a9","mode":"bus","arr":["M44"],"angle":-62.4,"extra":1,"ei":9}},{"type":"Feature","geometry":{"type":"Point","coordinates":[23.691556,46.762147]},"properties":{"lines":"M45","color":"#0059a9","mode":"bus","arr":["M45"],"angle":53.7,"mi":2}},{"type":"Feature","geometry":{"type":"Point","coordinates":[23.702686,46.77774]},"properties":{"lines":"M45","color":"#0059a9","mode":"bus","arr":["M45"],"angle":-79.7,"extra":1,"ei":0}},{"type":"Feature","geometry":{"type":"Point","coordinates":[23.702269,46.775875]},"properties":{"lines":"M45","color":"#0059a9","mode":"bus","arr":["M45"],"angle":-80.5,"extra":1,"ei":1}},{"type":"Feature","geometry":{"type":"Point","coordinates":[23.701814,46.774012]},"properties":{"lines":"M45","color":"#0059a9","mode":"bus","arr":["M45"],"angle":-79.9,"extra":1,"ei":2}},{"type":"Feature","geometry":{"type":"Point","coordinates":[23.700936,46.772239]},"properties":{"lines":"M45","color":"#0059a9","mode":"bus","arr":["M45"],"angle":-55.8,"extra":1,"ei":3}},{"type":"Feature","geometry":{"type":"Point","coordinates":[23.698811,46.771083]},"properties":{"lines":"M45","color":"#0059a9","mode":"bus","arr":["M45"],"angle":-20.8,"extra":1,"ei":4}},{"type":"Feature","geometry":{"type":"Point","coordinates":[23.696103,46.770819]},"properties":{"lines":"M45","color":"#0059a9","mode":"bus","arr":["M45"],"angle":-0.7,"extra":1,"ei":5}},{"type":"Feature","geometry":{"type":"Point","coordinates":[23.69336,46.770668]},"properties":{"lines":"M45","color":"#0059a9","mode":"bus","arr":["M45"],"angle":-16.6,"extra":1,"ei":6}},{"type":"Feature","geometry":{"type":"Point","coordinates":[23.691261,46.769503]},"properties":{"lines":"M45","color":"#0059a9","mode":"bus","arr":["M45"],"angle":-58.6,"extra":1,"ei":7}},{"type":"Feature","geometry":{"type":"Point","coordinates":[23.690445,46.767716]},"properties":{"lines":"M45","color":"#0059a9","mode":"bus","arr":["M45"],"angle":-79.9,"extra":1,"ei":8,"side":-1}},{"type":"Feature","geometry":{"type":"Point","coordinates":[23.690265,46.765834]},"properties":{"lines":"M45","color":"#0059a9","mode":"bus","arr":["M45"],"angle":-88.4,"extra":1,"ei":9}},{"type":"Feature","geometry":{"type":"Point","coordinates":[23.690261,46.763946]},"properties":{"lines":"M45","color":"#0059a9","mode":"bus","arr":["M45"],"angle":85,"extra":1,"ei":10}},{"type":"Feature","geometry":{"type":"Point","coordinates":[23.693275,46.760867]},"properties":{"lines":"M45","color":"#0059a9","mode":"bus","arr":["M45"],"angle":46.4,"extra":1,"ei":11}},{"type":"Feature","geometry":{"type":"Point","coordinates":[23.695099,46.759452]},"properties":{"lines":"M45","color":"#0059a9","mode":"bus","arr":["M45"],"angle":49.6,"extra":1,"ei":12}},{"type":"Feature","geometry":{"type":"Point","coordinates":[23.696885,46.758014]},"properties":{"lines":"M45","color":"#0059a9","mode":"bus","arr":["M45"],"angle":49.6,"extra":1,"ei":13}},{"type":"Feature","geometry":{"type":"Point","coordinates":[23.698597,46.756535]},"properties":{"lines":"M45","color":"#0059a9","mode":"bus","arr":["M45"],"angle":52.8,"extra":1,"ei":14}},{"type":"Feature","geometry":{"type":"Point","coordinates":[23.70025,46.755023]},"properties":{"lines":"M45","color":"#0059a9","mode":"bus","arr":["M45"],"angle":53.4,"extra":1,"ei":15}},{"type":"Feature","geometry":{"type":"Point","coordinates":[23.701893,46.753507]},"properties":{"lines":"M45","color":"#0059a9","mode":"bus","arr":["M45"],"angle":53.4,"extra":1,"ei":16}},{"type":"Feature","geometry":{"type":"Point","coordinates":[23.703536,46.75199]},"properties":{"lines":"M45","color":"#0059a9","mode":"bus","arr":["M45"],"angle":53.4,"extra":1,"ei":17}},{"type":"Feature","geometry":{"type":"Point","coordinates":[23.70518,46.750475]},"properties":{"lines":"M45","color":"#0059a9","mode":"bus","arr":["M45"],"angle":53,"extra":1,"ei":18}},{"type":"Feature","geometry":{"type":"Point","coordinates":[23.706857,46.748976]},"properties":{"lines":"M45","color":"#0059a9","mode":"bus","arr":["M45"],"angle":53,"extra":1,"ei":19}},{"type":"Feature","geometry":{"type":"Point","coordinates":[23.708699,46.747576]},"properties":{"lines":"M45","color":"#0059a9","mode":"bus","arr":["M45"],"angle":39.2,"extra":1,"ei":20}},{"type":"Feature","geometry":{"type":"Point","coordinates":[23.710997,46.746549]},"properties":{"lines":"M45","color":"#0059a9","mode":"bus","arr":["M45"],"angle":45.7,"extra":1,"ei":21}},{"type":"Feature","geometry":{"type":"Point","coordinates":[23.729249,46.736301]},"properties":{"lines":"M45","color":"#0059a9","mode":"bus","arr":["M45"],"angle":74.6}},{"type":"Feature","geometry":{"type":"Point","coordinates":[23.688603,46.768383]},"properties":{"lines":"M45","color":"#0059a9","mode":"bus","arr":["M45"],"angle":29.6}},{"type":"Feature","geometry":{"type":"Point","coordinates":[23.713032,46.745088]},"properties":{"lines":"M45","color":"#0059a9","mode":"bus","arr":["M45"],"angle":37.4,"extra":1,"ei":0}},{"type":"Feature","geometry":{"type":"Point","coordinates":[23.715032,46.743805]},"properties":{"lines":"M45","color":"#0059a9","mode":"bus","arr":["M45"],"angle":30.4,"extra":1,"ei":1}},{"type":"Feature","geometry":{"type":"Point","coordinates":[23.717655,46.743244]},"properties":{"lines":"M45","color":"#0059a9","mode":"bus","arr":["M45"],"angle":18.8,"extra":1,"ei":2}},{"type":"Feature","geometry":{"type":"Point","coordinates":[23.720104,46.742383]},"properties":{"lines":"M45","color":"#0059a9","mode":"bus","arr":["M45"],"angle":27.5,"extra":1,"ei":3}},{"type":"Feature","geometry":{"type":"Point","coordinates":[23.722601,46.741592]},"properties":{"lines":"M45","color":"#0059a9","mode":"bus","arr":["M45"],"angle":20.9,"extra":1,"ei":4}},{"type":"Feature","geometry":{"type":"Point","coordinates":[23.725081,46.740774]},"properties":{"lines":"M45","color":"#0059a9","mode":"bus","arr":["M45"],"angle":25.1,"extra":1,"ei":5}},{"type":"Feature","geometry":{"type":"Point","coordinates":[23.727156,46.739573]},"properties":{"lines":"M45","color":"#0059a9","mode":"bus","arr":["M45"],"angle":44.7,"extra":1,"ei":6}},{"type":"Feature","geometry":{"type":"Point","coordinates":[23.728857,46.738137]},"properties":{"lines":"M45","color":"#0059a9","mode":"bus","arr":["M45"],"angle":73.1,"extra":1,"ei":7}},{"type":"Feature","geometry":{"type":"Point","coordinates":[23.731181,46.735117]},"properties":{"lines":"M45","color":"#0059a9","mode":"bus","arr":["M45"],"angle":29.7,"extra":1,"ei":8}},{"type":"Feature","geometry":{"type":"Point","coordinates":[23.733782,46.734527]},"properties":{"lines":"M45","color":"#0059a9","mode":"bus","arr":["M45"],"angle":20.7,"extra":1,"ei":9}},{"type":"Feature","geometry":{"type":"Point","coordinates":[23.73634,46.733829]},"properties":{"lines":"M45","color":"#0059a9","mode":"bus","arr":["M45"],"angle":18.3,"extra":1,"ei":10}},{"type":"Feature","geometry":{"type":"Point","coordinates":[23.73899,46.73332]},"properties":{"lines":"M45","color":"#0059a9","mode":"bus","arr":["M45"],"angle":10.3,"extra":1,"ei":11}},{"type":"Feature","geometry":{"type":"Point","coordinates":[23.741656,46.732855]},"properties":{"lines":"M45","color":"#0059a9","mode":"bus","arr":["M45"],"angle":12.5,"extra":1,"ei":12}},{"type":"Feature","geometry":{"type":"Point","coordinates":[23.744226,46.732207]},"properties":{"lines":"M45","color":"#0059a9","mode":"bus","arr":["M45"],"angle":13.5,"extra":1,"ei":13}},{"type":"Feature","geometry":{"type":"Point","coordinates":[23.745425,46.730713]},"properties":{"lines":"M45","color":"#0059a9","mode":"bus","arr":["M45"],"angle":71.3,"extra":1,"ei":14}},{"type":"Feature","geometry":{"type":"Point","coordinates":[23.745269,46.728855]},"properties":{"lines":"M45","color":"#0059a9","mode":"bus","arr":["M45"],"angle":-78.4,"extra":1,"ei":15}},{"type":"Feature","geometry":{"type":"Point","coordinates":[23.686911,46.768948]},"properties":{"lines":"M45","color":"#0059a9","mode":"bus","arr":["M45"],"angle":28.5,"extra":1,"ei":0}},{"type":"Feature","geometry":{"type":"Point","coordinates":[23.747168,46.726776]},"properties":{"lines":"M45","color":"#0059a9","mode":"bus","arr":["M45"],"angle":46.9}},{"type":"Feature","geometry":{"type":"Point","coordinates":[23.684742,46.773443]},"properties":{"lines":"M45","color":"#0059a9","mode":"bus","arr":["M45"],"angle":80,"mi":1}},{"type":"Feature","geometry":{"type":"Point","coordinates":[23.686018,46.769927]},"properties":{"lines":"M45","color":"#0059a9","mode":"bus","arr":["M45"],"angle":69.3,"extra":1,"ei":0}},{"type":"Feature","geometry":{"type":"Point","coordinates":[23.685184,46.771721]},"properties":{"lines":"M45","color":"#0059a9","mode":"bus","arr":["M45"],"angle":80,"extra":1,"ei":1}},{"type":"Feature","geometry":{"type":"Point","coordinates":[23.683724,46.77533]},"properties":{"lines":"M45","color":"#0059a9","mode":"bus","arr":["M45"],"angle":62.4,"extra":1,"ei":2}},{"type":"Feature","geometry":{"type":"Point","coordinates":[23.682619,46.777059]},"properties":{"lines":"M45","color":"#0059a9","mode":"bus","arr":["M45"],"angle":62.3,"extra":1,"ei":3}},{"type":"Feature","geometry":{"type":"Point","coordinates":[23.429147,46.750886]},"properties":{"lines":"M51","color":"#0059a9","mode":"bus","arr":["M51"],"angle":-23.7,"mi":13}},{"type":"Feature","geometry":{"type":"Point","coordinates":[23.429147,46.750886]},"properties":{"lines":"M52","color":"#0059a9","mode":"bus","arr":["M52"],"angle":-23.7,"mi":3}},{"type":"Feature","geometry":{"type":"Point","coordinates":[23.429147,46.750886]},"properties":{"lines":"M51U","color":"#0059a9","mode":"bus","arr":["M51U"],"angle":-23.7,"mi":6}},{"type":"Feature","geometry":{"type":"Point","coordinates":[23.416903,46.749799]},"properties":{"lines":"M51","color":"#0059a9","mode":"bus","arr":["M51"],"angle":22.9,"mi":7}},{"type":"Feature","geometry":{"type":"Point","coordinates":[23.419774,46.748843]},"properties":{"lines":"M51","color":"#0059a9","mode":"bus","arr":["M51"],"angle":30.3,"extra":1,"ei":0}},{"type":"Feature","geometry":{"type":"Point","coordinates":[23.414778,46.750435]},"properties":{"lines":"M51","color":"#0059a9","mode":"bus","arr":["M51"],"angle":24,"extra":1,"ei":1}},{"type":"Feature","geometry":{"type":"Point","coordinates":[23.416903,46.749799]},"properties":{"lines":"M52","color":"#0059a9","mode":"bus","arr":["M52"],"angle":22.9}},{"type":"Feature","geometry":{"type":"Point","coordinates":[23.419774,46.748843]},"properties":{"lines":"M52","color":"#0059a9","mode":"bus","arr":["M52"],"angle":30.3,"extra":1,"ei":0}},{"type":"Feature","geometry":{"type":"Point","coordinates":[23.414778,46.750435]},"properties":{"lines":"M52","color":"#0059a9","mode":"bus","arr":["M52"],"angle":24,"extra":1,"ei":1}},{"type":"Feature","geometry":{"type":"Point","coordinates":[23.362658,46.764094]},"properties":{"lines":"M51","color":"#0059a9","mode":"bus","arr":["M51"],"angle":57.5,"mi":12}},{"type":"Feature","geometry":{"type":"Point","coordinates":[23.448126,46.74708]},"properties":{"lines":"M51U","color":"#0059a9","mode":"bus","arr":["M51U"],"angle":38.5,"side":-1,"mi":12}},{"type":"Feature","geometry":{"type":"Point","coordinates":[23.449118,46.746606]},"properties":{"lines":"M51U","color":"#0059a9","mode":"bus","arr":["M51U"],"angle":22.9,"side":-1,"mi":13}},{"type":"Feature","geometry":{"type":"Point","coordinates":[23.360958,46.764588]},"properties":{"lines":"M51U","color":"#0059a9","mode":"bus","arr":["M51U"],"angle":64.9,"mi":18}},{"type":"Feature","geometry":{"type":"Point","coordinates":[23.37536,46.744701]},"properties":{"lines":"M52","color":"#0059a9","mode":"bus","arr":["M52"],"angle":-41.8}},{"type":"Feature","geometry":{"type":"Point","coordinates":[23.3958,46.750626]},"properties":{"lines":"M52","color":"#0059a9","mode":"bus","arr":["M52"],"angle":-64.4,"extra":1,"ei":0}},{"type":"Feature","geometry":{"type":"Point","coordinates":[23.393506,46.749701]},"properties":{"lines":"M52","color":"#0059a9","mode":"bus","arr":["M52"],"angle":-13.3,"extra":1,"ei":1}},{"type":"Feature","geometry":{"type":"Point","coordinates":[23.391432,46.74866]},"properties":{"lines":"M52","color":"#0059a9","mode":"bus","arr":["M52"],"angle":-59.7,"extra":1,"ei":2}},{"type":"Feature","geometry":{"type":"Point","coordinates":[23.389695,46.747199]},"properties":{"lines":"M52","color":"#0059a9","mode":"bus","arr":["M52"],"angle":-48.1,"extra":1,"ei":3}},{"type":"Feature","geometry":{"type":"Point","coordinates":[23.387435,46.746203]},"properties":{"lines":"M52","color":"#0059a9","mode":"bus","arr":["M52"],"angle":-8.5,"extra":1,"ei":4}},{"type":"Feature","geometry":{"type":"Point","coordinates":[23.384734,46.746094]},"properties":{"lines":"M52","color":"#0059a9","mode":"bus","arr":["M52"],"angle":-23.4,"extra":1,"ei":5}},{"type":"Feature","geometry":{"type":"Point","coordinates":[23.382089,46.745637]},"properties":{"lines":"M52","color":"#0059a9","mode":"bus","arr":["M52"],"angle":-6,"extra":1,"ei":6}},{"type":"Feature","geometry":{"type":"Point","coordinates":[23.379487,46.745087]},"properties":{"lines":"M52","color":"#0059a9","mode":"bus","arr":["M52"],"angle":-24.3,"extra":1,"ei":7}},{"type":"Feature","geometry":{"type":"Point","coordinates":[23.371697,46.744235]},"properties":{"lines":"M52","color":"#0059a9","mode":"bus","arr":["M52"],"angle":-29.5,"extra":1,"ei":8}},{"type":"Feature","geometry":{"type":"Point","coordinates":[23.370697,46.742534]},"properties":{"lines":"M52","color":"#0059a9","mode":"bus","arr":["M52"],"angle":-58.5,"extra":1,"ei":9}},{"type":"Feature","geometry":{"type":"Point","coordinates":[23.369009,46.741052]},"properties":{"lines":"M52","color":"#0059a9","mode":"bus","arr":["M52"],"angle":-60.3,"extra":1,"ei":10}},{"type":"Feature","geometry":{"type":"Point","coordinates":[23.367468,46.739502]},"properties":{"lines":"M52","color":"#0059a9","mode":"bus","arr":["M52"],"angle":-45.6,"extra":1,"ei":11}},{"type":"Feature","geometry":{"type":"Point","coordinates":[23.365393,46.738345]},"properties":{"lines":"M52","color":"#0059a9","mode":"bus","arr":["M52"],"angle":-5.9,"extra":1,"ei":12}},{"type":"Feature","geometry":{"type":"Point","coordinates":[23.363407,46.737329]},"properties":{"lines":"M52","color":"#0059a9","mode":"bus","arr":["M52"],"angle":-58.8,"extra":1,"ei":13}},{"type":"Feature","geometry":{"type":"Point","coordinates":[23.361579,46.735945]},"properties":{"lines":"M52","color":"#0059a9","mode":"bus","arr":["M52"],"angle":-74.1,"extra":1,"ei":14}},{"type":"Feature","geometry":{"type":"Point","coordinates":[23.361595,46.734065]},"properties":{"lines":"M52","color":"#0059a9","mode":"bus","arr":["M52"],"angle":-77.3,"extra":1,"ei":15}},{"type":"Feature","geometry":{"type":"Point","coordinates":[23.339108,46.710788]},"properties":{"lines":"M52","color":"#0059a9","mode":"bus","arr":["M52"],"angle":-38.7}},{"type":"Feature","geometry":{"type":"Point","coordinates":[23.361767,46.732004]},"properties":{"lines":"M52","color":"#0059a9","mode":"bus","arr":["M52"],"angle":70.2,"extra":1,"ei":0}},{"type":"Feature","geometry":{"type":"Point","coordinates":[23.362645,46.730219]},"properties":{"lines":"M52","color":"#0059a9","mode":"bus","arr":["M52"],"angle":62,"extra":1,"ei":1}},{"type":"Feature","geometry":{"type":"Point","coordinates":[23.363471,46.728436]},"properties":{"lines":"M52","color":"#0059a9","mode":"bus","arr":["M52"],"angle":82,"extra":1,"ei":2}},{"type":"Feature","geometry":{"type":"Point","coordinates":[23.36365,46.726562]},"properties":{"lines":"M52","color":"#0059a9","mode":"bus","arr":["M52"],"angle":-76.5,"extra":1,"ei":3}},{"type":"Feature","geometry":{"type":"Point","coordinates":[23.362257,46.724954]},"properties":{"lines":"M52","color":"#0059a9","mode":"bus","arr":["M52"],"angle":-39.6,"extra":1,"ei":4}},{"type":"Feature","geometry":{"type":"Point","coordinates":[23.360343,46.723659]},"properties":{"lines":"M52","color":"#0059a9","mode":"bus","arr":["M52"],"angle":-58.4,"extra":1,"ei":5}},{"type":"Feature","geometry":{"type":"Point","coordinates":[23.358678,46.722163]},"properties":{"lines":"M52","color":"#0059a9","mode":"bus","arr":["M52"],"angle":-52.3,"extra":1,"ei":6}},{"type":"Feature","geometry":{"type":"Point","coordinates":[23.356997,46.72068]},"properties":{"lines":"M52","color":"#0059a9","mode":"bus","arr":["M52"],"angle":-41.4,"extra":1,"ei":7}},{"type":"Feature","geometry":{"type":"Point","coordinates":[23.355357,46.719254]},"properties":{"lines":"M52","color":"#0059a9","mode":"bus","arr":["M52"],"angle":-33.9,"extra":1,"ei":8}},{"type":"Feature","geometry":{"type":"Point","coordinates":[23.353697,46.717896]},"properties":{"lines":"M52","color":"#0059a9","mode":"bus","arr":["M52"],"angle":-32.5,"extra":1,"ei":9}},{"type":"Feature","geometry":{"type":"Point","coordinates":[23.351372,46.716882]},"properties":{"lines":"M52","color":"#0059a9","mode":"bus","arr":["M52"],"angle":-37.6,"extra":1,"ei":10}},{"type":"Feature","geometry":{"type":"Point","coordinates":[23.349607,46.715443]},"properties":{"lines":"M52","color":"#0059a9","mode":"bus","arr":["M52"],"angle":-61.4,"extra":1,"ei":11}},{"type":"Feature","geometry":{"type":"Point","coordinates":[23.348243,46.713826]},"properties":{"lines":"M52","color":"#0059a9","mode":"bus","arr":["M52"],"angle":-36.5,"extra":1,"ei":12}},{"type":"Feature","geometry":{"type":"Point","coordinates":[23.345733,46.713069]},"properties":{"lines":"M52","color":"#0059a9","mode":"bus","arr":["M52"],"angle":-12.2,"extra":1,"ei":13}},{"type":"Feature","geometry":{"type":"Point","coordinates":[23.34332,46.712273]},"properties":{"lines":"M52","color":"#0059a9","mode":"bus","arr":["M52"],"angle":-51.8,"extra":1,"ei":14}},{"type":"Feature","geometry":{"type":"Point","coordinates":[23.341026,46.711469]},"properties":{"lines":"M52","color":"#0059a9","mode":"bus","arr":["M52"],"angle":-10.3,"extra":1,"ei":15}},{"type":"Feature","geometry":{"type":"Point","coordinates":[23.337199,46.70893]},"properties":{"lines":"M52","color":"#0059a9","mode":"bus","arr":["M52"],"angle":-53.8,"extra":1,"ei":16}},{"type":"Feature","geometry":{"type":"Point","coordinates":[23.33569,46.707362]},"properties":{"lines":"M52","color":"#0059a9","mode":"bus","arr":["M52"],"angle":-63.2,"extra":1,"ei":17}},{"type":"Feature","geometry":{"type":"Point","coordinates":[23.333948,46.705919]},"properties":{"lines":"M52","color":"#0059a9","mode":"bus","arr":["M52"],"angle":-49.4,"extra":1,"ei":18}},{"type":"Feature","geometry":{"type":"Point","coordinates":[23.332159,46.704482]},"properties":{"lines":"M52","color":"#0059a9","mode":"bus","arr":["M52"],"angle":-49.9,"extra":1,"ei":19}},{"type":"Feature","geometry":{"type":"Point","coordinates":[23.330039,46.703289]},"properties":{"lines":"M52","color":"#0059a9","mode":"bus","arr":["M52"],"angle":-35.7,"extra":1,"ei":20}},{"type":"Feature","geometry":{"type":"Point","coordinates":[23.327853,46.70215]},"properties":{"lines":"M52","color":"#0059a9","mode":"bus","arr":["M52"],"angle":-51,"extra":1,"ei":21}},{"type":"Feature","geometry":{"type":"Point","coordinates":[23.326149,46.700689]},"properties":{"lines":"M52","color":"#0059a9","mode":"bus","arr":["M52"],"angle":-39.8,"extra":1,"ei":22}},{"type":"Feature","geometry":{"type":"Point","coordinates":[23.323791,46.699784]},"properties":{"lines":"M52","color":"#0059a9","mode":"bus","arr":["M52"],"angle":-1.6,"extra":1,"ei":23}},{"type":"Feature","geometry":{"type":"Point","coordinates":[23.321612,46.698984]},"properties":{"lines":"M52","color":"#0059a9","mode":"bus","arr":["M52"],"angle":-31.5,"extra":1,"ei":24}},{"type":"Feature","geometry":{"type":"Point","coordinates":[23.319348,46.698591]},"properties":{"lines":"M52","color":"#0059a9","mode":"bus","arr":["M52"],"angle":-74.7,"extra":1,"ei":25}},{"type":"Feature","geometry":{"type":"Point","coordinates":[23.318617,46.696824]},"properties":{"lines":"M52","color":"#0059a9","mode":"bus","arr":["M52"],"angle":-51.6,"extra":1,"ei":26}},{"type":"Feature","geometry":{"type":"Point","coordinates":[23.316567,46.69557]},"properties":{"lines":"M52","color":"#0059a9","mode":"bus","arr":["M52"],"angle":-39.8,"extra":1,"ei":27}},{"type":"Feature","geometry":{"type":"Point","coordinates":[23.314132,46.69479]},"properties":{"lines":"M52","color":"#0059a9","mode":"bus","arr":["M52"],"angle":-4.2,"extra":1,"ei":28}},{"type":"Feature","geometry":{"type":"Point","coordinates":[23.311647,46.694035]},"properties":{"lines":"M52","color":"#0059a9","mode":"bus","arr":["M52"],"angle":-33,"extra":1,"ei":29}},{"type":"Feature","geometry":{"type":"Point","coordinates":[23.309352,46.692989]},"properties":{"lines":"M52","color":"#0059a9","mode":"bus","arr":["M52"],"angle":-34.2,"extra":1,"ei":30}},{"type":"Feature","geometry":{"type":"Point","coordinates":[23.307834,46.691659]},"properties":{"lines":"M52","color":"#0059a9","mode":"bus","arr":["M52"],"angle":-26.9,"extra":1,"ei":31}},{"type":"Feature","geometry":{"type":"Point","coordinates":[23.297528,46.690481]},"properties":{"lines":"M52","color":"#0059a9","mode":"bus","arr":["M52"],"angle":-24.4}},{"type":"Feature","geometry":{"type":"Point","coordinates":[23.289716,46.686362]},"properties":{"lines":"M52","color":"#0059a9","mode":"bus","arr":["M52"],"angle":-38.8,"extra":1,"ei":0}},{"type":"Feature","geometry":{"type":"Point","coordinates":[23.292068,46.687186]},"properties":{"lines":"M52","color":"#0059a9","mode":"bus","arr":["M52"],"angle":-43.9,"extra":1,"ei":1}},{"type":"Feature","geometry":{"type":"Point","coordinates":[23.294124,46.688434]},"properties":{"lines":"M52","color":"#0059a9","mode":"bus","arr":["M52"],"angle":-34.4,"extra":1,"ei":2}},{"type":"Feature","geometry":{"type":"Point","coordinates":[23.295893,46.68985]},"properties":{"lines":"M52","color":"#0059a9","mode":"bus","arr":["M52"],"angle":-49.1,"extra":1,"ei":3}},{"type":"Feature","geometry":{"type":"Point","coordinates":[23.300871,46.691342]},"properties":{"lines":"M52","color":"#0059a9","mode":"bus","arr":["M52"],"angle":6.5,"extra":1,"ei":4}},{"type":"Feature","geometry":{"type":"Point","coordinates":[23.302929,46.690178]},"properties":{"lines":"M52","color":"#0059a9","mode":"bus","arr":["M52"],"angle":8.6,"extra":1,"ei":5}},{"type":"Feature","geometry":{"type":"Point","coordinates":[23.30551,46.690797]},"properties":{"lines":"M52","color":"#0059a9","mode":"bus","arr":["M52"],"angle":-28.6,"extra":1,"ei":6}},{"type":"Feature","geometry":{"type":"Point","coordinates":[23.73857,46.686987]},"properties":{"lines":"M61","color":"#0059a9","mode":"bus","arr":["M61"],"angle":60.7,"mi":1}},{"type":"Feature","geometry":{"type":"Point","coordinates":[23.700538,46.682625]},"properties":{"lines":"M61","color":"#0059a9","mode":"bus","arr":["M61"],"angle":-15.6,"mi":1}},{"type":"Feature","geometry":{"type":"Point","coordinates":[23.742938,46.694008]},"properties":{"lines":"M61","color":"#0059a9","mode":"bus","arr":["M61"],"angle":-63.4,"extra":1,"ei":0}},{"type":"Feature","geometry":{"type":"Point","coordinates":[23.741929,46.692305]},"properties":{"lines":"M61","color":"#0059a9","mode":"bus","arr":["M61"],"angle":-88.6,"extra":1,"ei":1}},{"type":"Feature","geometry":{"type":"Point","coordinates":[23.741588,46.690432]},"properties":{"lines":"M61","color":"#0059a9","mode":"bus","arr":["M61"],"angle":-85.4,"extra":1,"ei":2}},{"type":"Feature","geometry":{"type":"Point","coordinates":[23.740365,46.688856]},"properties":{"lines":"M61","color":"#0059a9","mode":"bus","arr":["M61"],"angle":-50.2,"extra":1,"ei":3}},{"type":"Feature","geometry":{"type":"Point","coordinates":[23.740109,46.686172]},"properties":{"lines":"M61","color":"#0059a9","mode":"bus","arr":["M61"],"angle":18.2,"extra":1,"ei":4}},{"type":"Feature","geometry":{"type":"Point","coordinates":[23.73978,46.683318]},"properties":{"lines":"M61","color":"#0059a9","mode":"bus","arr":["M61"],"angle":-50.9,"extra":1,"ei":5}},{"type":"Feature","geometry":{"type":"Point","coordinates":[23.737354,46.682518]},"properties":{"lines":"M61","color":"#0059a9","mode":"bus","arr":["M61"],"angle":-49.6,"extra":1,"ei":6}},{"type":"Feature","geometry":{"type":"Point","coordinates":[23.73511,46.681494]},"properties":{"lines":"M61","color":"#0059a9","mode":"bus","arr":["M61"],"angle":-33.4,"extra":1,"ei":7}},{"type":"Feature","geometry":{"type":"Point","coordinates":[23.692046,46.681291]},"properties":{"lines":"M61","color":"#0059a9","mode":"bus","arr":["M61"],"angle":-21.8,"extra":1,"ei":0}},{"type":"Feature","geometry":{"type":"Point","coordinates":[23.694754,46.68151]},"properties":{"lines":"M61","color":"#0059a9","mode":"bus","arr":["M61"],"angle":-11,"extra":1,"ei":1}},{"type":"Feature","geometry":{"type":"Point","coordinates":[23.697309,46.682182]},"properties":{"lines":"M61","color":"#0059a9","mode":"bus","arr":["M61"],"angle":-18.8,"extra":1,"ei":2}},{"type":"Feature","geometry":{"type":"Point","coordinates":[23.702569,46.683169]},"properties":{"lines":"M61","color":"#0059a9","mode":"bus","arr":["M61"],"angle":-22.3,"extra":1,"ei":3}},{"type":"Feature","geometry":{"type":"Point","coordinates":[23.705171,46.68378]},"properties":{"lines":"M61","color":"#0059a9","mode":"bus","arr":["M61"],"angle":-12.4,"extra":1,"ei":4}},{"type":"Feature","geometry":{"type":"Point","coordinates":[23.707861,46.684193]},"properties":{"lines":"M61","color":"#0059a9","mode":"bus","arr":["M61"],"angle":-15.6,"extra":1,"ei":5}},{"type":"Feature","geometry":{"type":"Point","coordinates":[23.732683,46.682438]},"properties":{"lines":"M61","color":"#0059a9","mode":"bus","arr":["M61"],"angle":39.9}},{"type":"Feature","geometry":{"type":"Point","coordinates":[23.720584,46.683753]},"properties":{"lines":"M61","color":"#0059a9","mode":"bus","arr":["M61"],"angle":8.3,"mi":2}},{"type":"Feature","geometry":{"type":"Point","coordinates":[23.69075,46.680913]},"properties":{"lines":"M61","color":"#0059a9","mode":"bus","arr":["M61"],"angle":-81.4,"side":-1}},{"type":"Feature","geometry":{"type":"Point","coordinates":[23.729677,46.683313]},"properties":{"lines":"M61","color":"#0059a9","mode":"bus","arr":["M61"],"angle":-5.1,"extra":1,"ei":0}},{"type":"Feature","geometry":{"type":"Point","coordinates":[23.726938,46.68334]},"properties":{"lines":"M61","color":"#0059a9","mode":"bus","arr":["M61"],"angle":-8.2,"extra":1,"ei":1}},{"type":"Feature","geometry":{"type":"Point","coordinates":[23.724199,46.683369]},"properties":{"lines":"M61","color":"#0059a9","mode":"bus","arr":["M61"],"angle":7.3,"extra":1,"ei":2}},{"type":"Feature","geometry":{"type":"Point","coordinates":[23.718748,46.683934]},"properties":{"lines":"M61","color":"#0059a9","mode":"bus","arr":["M61"],"angle":9,"extra":1,"ei":3}},{"type":"Feature","geometry":{"type":"Point","coordinates":[23.716027,46.684237]},"properties":{"lines":"M61","color":"#0059a9","mode":"bus","arr":["M61"],"angle":9.2,"extra":1,"ei":4}},{"type":"Feature","geometry":{"type":"Point","coordinates":[23.713306,46.684537]},"properties":{"lines":"M61","color":"#0059a9","mode":"bus","arr":["M61"],"angle":9,"extra":1,"ei":5}},{"type":"Feature","geometry":{"type":"Point","coordinates":[23.710583,46.684833]},"properties":{"lines":"M61","color":"#0059a9","mode":"bus","arr":["M61"],"angle":8.3,"extra":1,"ei":6}},{"type":"Feature","geometry":{"type":"Point","coordinates":[23.609077,46.603002]},"properties":{"lines":"M71","color":"#0059a9","mode":"bus","arr":["M71"],"angle":35.2}},{"type":"Feature","geometry":{"type":"Point","coordinates":[23.550361,46.628835]},"properties":{"lines":"M71","color":"#0059a9","mode":"bus","arr":["M71"],"angle":22.2,"extra":1,"ei":0}},{"type":"Feature","geometry":{"type":"Point","coordinates":[23.552947,46.628183]},"properties":{"lines":"M71","color":"#0059a9","mode":"bus","arr":["M71"],"angle":17.6,"extra":1,"ei":1}},{"type":"Feature","geometry":{"type":"Point","coordinates":[23.555593,46.627654]},"properties":{"lines":"M71","color":"#0059a9","mode":"bus","arr":["M71"],"angle":15.7,"extra":1,"ei":2}},{"type":"Feature","geometry":{"type":"Point","coordinates":[23.55825,46.627149]},"properties":{"lines":"M71","color":"#0059a9","mode":"bus","arr":["M71"],"angle":15.5,"extra":1,"ei":3}},{"type":"Feature","geometry":{"type":"Point","coordinates":[23.560907,46.626647]},"properties":{"lines":"M71","color":"#0059a9","mode":"bus","arr":["M71"],"angle":15.4,"extra":1,"ei":4}},{"type":"Feature","geometry":{"type":"Point","coordinates":[23.563548,46.626108]},"properties":{"lines":"M71","color":"#0059a9","mode":"bus","arr":["M71"],"angle":18.3,"extra":1,"ei":5}},{"type":"Feature","geometry":{"type":"Point","coordinates":[23.566097,46.625391]},"properties":{"lines":"M71","color":"#0059a9","mode":"bus","arr":["M71"],"angle":24.7,"extra":1,"ei":6}},{"type":"Feature","geometry":{"type":"Point","coordinates":[23.568557,46.624539]},"properties":{"lines":"M71","color":"#0059a9","mode":"bus","arr":["M71"],"angle":27.2,"extra":1,"ei":7}},{"type":"Feature","geometry":{"type":"Point","coordinates":[23.571035,46.623715]},"properties":{"lines":"M71","color":"#0059a9","mode":"bus","arr":["M71"],"angle":32.5,"extra":1,"ei":8}},{"type":"Feature","geometry":{"type":"Point","coordinates":[23.573235,46.622579]},"properties":{"lines":"M71","color":"#0059a9","mode":"bus","arr":["M71"],"angle":40.1,"extra":1,"ei":9}},{"type":"Feature","geometry":{"type":"Point","coordinates":[23.575344,46.621363]},"properties":{"lines":"M71","color":"#0059a9","mode":"bus","arr":["M71"],"angle":40.6,"extra":1,"ei":10}},{"type":"Feature","geometry":{"type":"Point","coordinates":[23.577412,46.620114]},"properties":{"lines":"M71","color":"#0059a9","mode":"bus","arr":["M71"],"angle":41.9,"extra":1,"ei":11}},{"type":"Feature","geometry":{"type":"Point","coordinates":[23.579554,46.618935]},"properties":{"lines":"M71","color":"#0059a9","mode":"bus","arr":["M71"],"angle":27.4,"extra":1,"ei":12}},{"type":"Feature","geometry":{"type":"Point","coordinates":[23.582245,46.618658]},"properties":{"lines":"M71","color":"#0059a9","mode":"bus","arr":["M71"],"angle":2.4,"extra":1,"ei":13}},{"type":"Feature","geometry":{"type":"Point","coordinates":[23.58393,46.617436]},"properties":{"lines":"M71","color":"#0059a9","mode":"bus","arr":["M71"],"angle":-78.8,"extra":1,"ei":14}},{"type":"Feature","geometry":{"type":"Point","coordinates":[23.585073,46.616074]},"properties":{"lines":"M71","color":"#0059a9","mode":"bus","arr":["M71"],"angle":32.4,"extra":1,"ei":15}},{"type":"Feature","geometry":{"type":"Point","coordinates":[23.586991,46.614734]},"properties":{"lines":"M71","color":"#0059a9","mode":"bus","arr":["M71"],"angle":51.9,"extra":1,"ei":16}},{"type":"Feature","geometry":{"type":"Point","coordinates":[23.589086,46.613529]},"properties":{"lines":"M71","color":"#0059a9","mode":"bus","arr":["M71"],"angle":39.3,"extra":1,"ei":17}},{"type":"Feature","geometry":{"type":"Point","coordinates":[23.591135,46.612268]},"properties":{"lines":"M71","color":"#0059a9","mode":"bus","arr":["M71"],"angle":46.5,"extra":1,"ei":18}},{"type":"Feature","geometry":{"type":"Point","coordinates":[23.593141,46.611009]},"properties":{"lines":"M71","color":"#0059a9","mode":"bus","arr":["M71"],"angle":53.4,"extra":1,"ei":19}},{"type":"Feature","geometry":{"type":"Point","coordinates":[23.595404,46.609952]},"properties":{"lines":"M71","color":"#0059a9","mode":"bus","arr":["M71"],"angle":30.4,"extra":1,"ei":20}},{"type":"Feature","geometry":{"type":"Point","coordinates":[23.597806,46.609043]},"properties":{"lines":"M71","color":"#0059a9","mode":"bus","arr":["M71"],"angle":34.5,"extra":1,"ei":21}},{"type":"Feature","geometry":{"type":"Point","coordinates":[23.599757,46.607719]},"properties":{"lines":"M71","color":"#0059a9","mode":"bus","arr":["M71"],"angle":48.4,"extra":1,"ei":22}},{"type":"Feature","geometry":{"type":"Point","coordinates":[23.601858,46.606508]},"properties":{"lines":"M71","color":"#0059a9","mode":"bus","arr":["M71"],"angle":36.6,"extra":1,"ei":23}},{"type":"Feature","geometry":{"type":"Point","coordinates":[23.604085,46.605395]},"properties":{"lines":"M71","color":"#0059a9","mode":"bus","arr":["M71"],"angle":35.8,"extra":1,"ei":24}},{"type":"Feature","geometry":{"type":"Point","coordinates":[23.606329,46.604299]},"properties":{"lines":"M71","color":"#0059a9","mode":"bus","arr":["M71"],"angle":34.4,"extra":1,"ei":25}},{"type":"Feature","geometry":{"type":"Point","coordinates":[23.610865,46.602152]},"properties":{"lines":"M71","color":"#0059a9","mode":"bus","arr":["M71"],"angle":34,"extra":1,"ei":26}},{"type":"Feature","geometry":{"type":"Point","coordinates":[23.613009,46.600983]},"properties":{"lines":"M71","color":"#0059a9","mode":"bus","arr":["M71"],"angle":52.8,"extra":1,"ei":27}},{"type":"Feature","geometry":{"type":"Point","coordinates":[23.614209,46.599289]},"properties":{"lines":"M71","color":"#0059a9","mode":"bus","arr":["M71"],"angle":64.2,"extra":1,"ei":28}},{"type":"Feature","geometry":{"type":"Point","coordinates":[23.616135,46.598009]},"properties":{"lines":"M71","color":"#0059a9","mode":"bus","arr":["M71"],"angle":24,"extra":1,"ei":29}},{"type":"Feature","geometry":{"type":"Point","coordinates":[23.618699,46.597319]},"properties":{"lines":"M71","color":"#0059a9","mode":"bus","arr":["M71"],"angle":17.1,"extra":1,"ei":30}},{"type":"Feature","geometry":{"type":"Point","coordinates":[23.621001,46.596322]},"properties":{"lines":"M71","color":"#0059a9","mode":"bus","arr":["M71"],"angle":46.6,"extra":1,"ei":31}},{"type":"Feature","geometry":{"type":"Point","coordinates":[23.622446,46.594748]},"properties":{"lines":"M71","color":"#0059a9","mode":"bus","arr":["M71"],"angle":43.7,"extra":1,"ei":32}},{"type":"Feature","geometry":{"type":"Point","coordinates":[23.623841,46.593197]},"properties":{"lines":"M71","color":"#0059a9","mode":"bus","arr":["M71"],"angle":-86.4,"extra":1,"ei":33}},{"type":"Feature","geometry":{"type":"Point","coordinates":[23.623051,46.5914]},"properties":{"lines":"M71","color":"#0059a9","mode":"bus","arr":["M71"],"angle":-64.2,"extra":1,"ei":34}},{"type":"Feature","geometry":{"type":"Point","coordinates":[23.623708,46.589826]},"properties":{"lines":"M71","color":"#0059a9","mode":"bus","arr":["M71"],"angle":41.9,"extra":1,"ei":35}},{"type":"Feature","geometry":{"type":"Point","coordinates":[23.625768,46.588571]},"properties":{"lines":"M71","color":"#0059a9","mode":"bus","arr":["M71"],"angle":41.3,"extra":1,"ei":36}},{"type":"Feature","geometry":{"type":"Point","coordinates":[23.627738,46.587256]},"properties":{"lines":"M71","color":"#0059a9","mode":"bus","arr":["M71"],"angle":49.9,"extra":1,"ei":37}},{"type":"Feature","geometry":{"type":"Point","coordinates":[23.629604,46.585873]},"properties":{"lines":"M71","color":"#0059a9","mode":"bus","arr":["M71"],"angle":34.8,"extra":1,"ei":38}},{"type":"Feature","geometry":{"type":"Point","coordinates":[23.632065,46.585027]},"properties":{"lines":"M71","color":"#0059a9","mode":"bus","arr":["M71"],"angle":21.4,"extra":1,"ei":39}},{"type":"Feature","geometry":{"type":"Point","coordinates":[23.634367,46.584025]},"properties":{"lines":"M71","color":"#0059a9","mode":"bus","arr":["M71"],"angle":40.2,"extra":1,"ei":40}},{"type":"Feature","geometry":{"type":"Point","coordinates":[23.636973,46.583774]},"properties":{"lines":"M71","color":"#0059a9","mode":"bus","arr":["M71"],"angle":-6.5,"extra":1,"ei":41}},{"type":"Feature","geometry":{"type":"Point","coordinates":[23.63963,46.584232]},"properties":{"lines":"M71","color":"#0059a9","mode":"bus","arr":["M71"],"angle":-23.6,"extra":1,"ei":42}},{"type":"Feature","geometry":{"type":"Point","coordinates":[23.642109,46.583813]},"properties":{"lines":"M71","color":"#0059a9","mode":"bus","arr":["M71"],"angle":24,"extra":1,"ei":43}},{"type":"Feature","geometry":{"type":"Point","coordinates":[23.644643,46.583136]},"properties":{"lines":"M71","color":"#0059a9","mode":"bus","arr":["M71"],"angle":50.4,"extra":1,"ei":44}},{"type":"Feature","geometry":{"type":"Point","coordinates":[23.64609,46.58153]},"properties":{"lines":"M71","color":"#0059a9","mode":"bus","arr":["M71"],"angle":52.6,"extra":1,"ei":45}},{"type":"Feature","geometry":{"type":"Point","coordinates":[23.6484,46.580688]},"properties":{"lines":"M71","color":"#0059a9","mode":"bus","arr":["M71"],"angle":17.7,"extra":1,"ei":46}},{"type":"Feature","geometry":{"type":"Point","coordinates":[23.650893,46.579893]},"properties":{"lines":"M71","color":"#0059a9","mode":"bus","arr":["M71"],"angle":26.5,"extra":1,"ei":47}},{"type":"Feature","geometry":{"type":"Point","coordinates":[23.653498,46.580165]},"properties":{"lines":"M71","color":"#0059a9","mode":"bus","arr":["M71"],"angle":-5.6,"extra":1,"ei":48}},{"type":"Feature","geometry":{"type":"Point","coordinates":[23.656174,46.579777]},"properties":{"lines":"M71","color":"#0059a9","mode":"bus","arr":["M71"],"angle":25.6,"extra":1,"ei":49}},{"type":"Feature","geometry":{"type":"Point","coordinates":[23.658676,46.579017]},"properties":{"lines":"M71","color":"#0059a9","mode":"bus","arr":["M71"],"angle":16.7,"extra":1,"ei":50}},{"type":"Feature","geometry":{"type":"Point","coordinates":[23.661322,46.578488]},"properties":{"lines":"M71","color":"#0059a9","mode":"bus","arr":["M71"],"angle":16.3,"extra":1,"ei":51}},{"type":"Feature","geometry":{"type":"Point","coordinates":[23.419619,46.72625]},"properties":{"lines":"M81","color":"#0059a9","mode":"bus","arr":["M81"],"angle":84.7}},{"type":"Feature","geometry":{"type":"Point","coordinates":[23.45608,46.685703]},"properties":{"lines":"M81","color":"#0059a9","mode":"bus","arr":["M81"],"angle":89.2}},{"type":"Feature","geometry":{"type":"Point","coordinates":[23.420455,46.732835]},"properties":{"lines":"M81","color":"#0059a9","mode":"bus","arr":["M81"],"angle":-72.1,"extra":1,"ei":0}},{"type":"Feature","geometry":{"type":"Point","coordinates":[23.419664,46.73103]},"properties":{"lines":"M81","color":"#0059a9","mode":"bus","arr":["M81"],"angle":-84.4,"extra":1,"ei":1}},{"type":"Feature","geometry":{"type":"Point","coordinates":[23.419595,46.729143]},"properties":{"lines":"M81","color":"#0059a9","mode":"bus","arr":["M81"],"angle":-88.4,"extra":1,"ei":2}},{"type":"Feature","geometry":{"type":"Point","coordinates":[23.420566,46.723575]},"properties":{"lines":"M81","color":"#0059a9","mode":"bus","arr":["M81"],"angle":65.7,"extra":1,"ei":3}},{"type":"Feature","geometry":{"type":"Point","coordinates":[23.422076,46.722008]},"properties":{"lines":"M81","color":"#0059a9","mode":"bus","arr":["M81"],"angle":51,"extra":1,"ei":4}},{"type":"Feature","geometry":{"type":"Point","coordinates":[23.423727,46.720503]},"properties":{"lines":"M81","color":"#0059a9","mode":"bus","arr":["M81"],"angle":68.9,"extra":1,"ei":5}},{"type":"Feature","geometry":{"type":"Point","coordinates":[23.456178,46.689236]},"properties":{"lines":"M81","color":"#0059a9","mode":"bus","arr":["M81"],"angle":-85.8,"extra":1,"ei":0}},{"type":"Feature","geometry":{"type":"Point","coordinates":[23.456055,46.687352]},"properties":{"lines":"M81","color":"#0059a9","mode":"bus","arr":["M81"],"angle":89.6,"extra":1,"ei":1}},{"type":"Feature","geometry":{"type":"Point","coordinates":[23.45609,46.683575]},"properties":{"lines":"M81","color":"#0059a9","mode":"bus","arr":["M81"],"angle":-89.4,"extra":1,"ei":2}},{"type":"Feature","geometry":{"type":"Point","coordinates":[23.45644,46.681726]},"properties":{"lines":"M81","color":"#0059a9","mode":"bus","arr":["M81"],"angle":84.3,"extra":1,"ei":3}},{"type":"Feature","geometry":{"type":"Point","coordinates":[23.429885,46.70923]},"properties":{"lines":"M81","color":"#0059a9","mode":"bus","arr":["M81"],"angle":64.6}},{"type":"Feature","geometry":{"type":"Point","coordinates":[23.456335,46.692784]},"properties":{"lines":"M81","color":"#0059a9","mode":"bus","arr":["M81"],"angle":-70.4,"mi":1}},{"type":"Feature","geometry":{"type":"Point","coordinates":[23.424568,46.718576]},"properties":{"lines":"M81","color":"#0059a9","mode":"bus","arr":["M81"],"angle":69.6,"extra":1,"ei":0}},{"type":"Feature","geometry":{"type":"Point","coordinates":[23.425528,46.716805]},"properties":{"lines":"M81","color":"#0059a9","mode":"bus","arr":["M81"],"angle":69.6,"extra":1,"ei":1}},{"type":"Feature","geometry":{"type":"Point","coordinates":[23.426487,46.715035]},"properties":{"lines":"M81","color":"#0059a9","mode":"bus","arr":["M81"],"angle":69.5,"extra":1,"ei":2}},{"type":"Feature","geometry":{"type":"Point","coordinates":[23.427435,46.713262]},"properties":{"lines":"M81","color":"#0059a9","mode":"bus","arr":["M81"],"angle":70,"extra":1,"ei":3}},{"type":"Feature","geometry":{"type":"Point","coordinates":[23.428334,46.711476]},"properties":{"lines":"M81","color":"#0059a9","mode":"bus","arr":["M81"],"angle":70.3,"extra":1,"ei":4}},{"type":"Feature","geometry":{"type":"Point","coordinates":[23.430786,46.7081]},"properties":{"lines":"M81","color":"#0059a9","mode":"bus","arr":["M81"],"angle":52.3,"extra":1,"ei":5}},{"type":"Feature","geometry":{"type":"Point","coordinates":[23.432604,46.706681]},"properties":{"lines":"M81","color":"#0059a9","mode":"bus","arr":["M81"],"angle":48.4,"extra":1,"ei":6}},{"type":"Feature","geometry":{"type":"Point","coordinates":[23.434433,46.705269]},"properties":{"lines":"M81","color":"#0059a9","mode":"bus","arr":["M81"],"angle":48.4,"extra":1,"ei":7}},{"type":"Feature","geometry":{"type":"Point","coordinates":[23.436263,46.703856]},"properties":{"lines":"M81","color":"#0059a9","mode":"bus","arr":["M81"],"angle":46.5,"extra":1,"ei":8}},{"type":"Feature","geometry":{"type":"Point","coordinates":[23.438316,46.702599]},"properties":{"lines":"M81","color":"#0059a9","mode":"bus","arr":["M81"],"angle":42.2,"extra":1,"ei":9}},{"type":"Feature","geometry":{"type":"Point","coordinates":[23.4404,46.701366]},"properties":{"lines":"M81","color":"#0059a9","mode":"bus","arr":["M81"],"angle":38.5,"extra":1,"ei":10}},{"type":"Feature","geometry":{"type":"Point","coordinates":[23.456265,46.694452]},"properties":{"lines":"M81","color":"#0059a9","mode":"bus","arr":["M81"],"angle":66.5,"extra":1,"ei":0}},{"type":"Feature","geometry":{"type":"Point","coordinates":[23.456176,46.690792]},"properties":{"lines":"M81","color":"#0059a9","mode":"bus","arr":["M81"],"angle":89.7,"extra":1,"ei":1}},{"type":"Feature","geometry":{"type":"Point","coordinates":[23.622146,46.766474]},"properties":{"lines":"34","color":"#0059a9","mode":"bus","arr":["34"],"angle":82.8}},{"type":"Feature","geometry":{"type":"Point","coordinates":[23.582318,46.772327]},"properties":{"lines":"44","color":"#0059a9","mode":"bus","arr":["44"],"angle":52,"mi":3}},{"type":"Feature","geometry":{"type":"Point","coordinates":[23.588049,46.771658]},"properties":{"lines":"52, 52L","color":"#0059a9","mode":"bus","arr":["52","52L"],"angle":54}},{"type":"Feature","geometry":{"type":"Point","coordinates":[23.588555,46.77059]},"properties":{"lines":"52, 52L","color":"#0059a9","mode":"bus","arr":["52","52L"],"angle":-71.7,"mi":2}},{"type":"Feature","geometry":{"type":"Point","coordinates":[23.529378,46.644809]},"properties":{"lines":"M18","color":"#0059a9","mode":"bus","arr":["M18"],"angle":78.9}},{"type":"Feature","geometry":{"type":"Point","coordinates":[23.530711,46.648438]},"properties":{"lines":"M18","color":"#0059a9","mode":"bus","arr":["M18"],"angle":80,"extra":1,"ei":0}},{"type":"Feature","geometry":{"type":"Point","coordinates":[23.528433,46.648343]},"properties":{"lines":"M18","color":"#0059a9","mode":"bus","arr":["M18"],"angle":33.6,"extra":1,"ei":1}},{"type":"Feature","geometry":{"type":"Point","coordinates":[23.529631,46.643652]},"properties":{"lines":"M18","color":"#0059a9","mode":"bus","arr":["M18"],"angle":87.9,"extra":1,"ei":2}},{"type":"Feature","geometry":{"type":"Point","coordinates":[23.528731,46.641976]},"properties":{"lines":"M18","color":"#0059a9","mode":"bus","arr":["M18"],"angle":-43.7,"extra":1,"ei":3}},{"type":"Feature","geometry":{"type":"Point","coordinates":[23.526767,46.640751]},"properties":{"lines":"M18","color":"#0059a9","mode":"bus","arr":["M18"],"angle":-63.8,"extra":1,"ei":4}},{"type":"Feature","geometry":{"type":"Point","coordinates":[23.527163,46.639261]},"properties":{"lines":"M18","color":"#0059a9","mode":"bus","arr":["M18"],"angle":-54.5,"extra":1,"ei":5}},{"type":"Feature","geometry":{"type":"Point","coordinates":[23.524795,46.63755]},"properties":{"lines":"M18","color":"#0059a9","mode":"bus","arr":["M18"],"angle":-30.6,"mi":1}},{"type":"Feature","geometry":{"type":"Point","coordinates":[23.526378,46.74794]},"properties":{"lines":"M27","color":"#0059a9","mode":"bus","arr":["M27"],"angle":59.2,"mi":1}},{"type":"Feature","geometry":{"type":"Point","coordinates":[23.703388,46.781478]},"properties":{"lines":"M42","color":"#0059a9","mode":"bus","arr":["M42"],"angle":56.5,"mi":2}},{"type":"Feature","geometry":{"type":"Point","coordinates":[23.703388,46.781478]},"properties":{"lines":"M43","color":"#0059a9","mode":"bus","arr":["M43"],"angle":56.5,"mi":2}},{"type":"Feature","geometry":{"type":"Point","coordinates":[23.703303,46.781396]},"properties":{"lines":"M43","color":"#0059a9","mode":"bus","arr":["M43"],"angle":60.6,"mi":1}},{"type":"Feature","geometry":{"type":"Point","coordinates":[23.422686,46.749611]},"properties":{"lines":"M51","color":"#0059a9","mode":"bus","arr":["M51"],"angle":-47.2,"mi":10}},{"type":"Feature","geometry":{"type":"Point","coordinates":[23.422686,46.749611]},"properties":{"lines":"M52","color":"#0059a9","mode":"bus","arr":["M52"],"angle":-47.2,"mi":1}},{"type":"Feature","geometry":{"type":"Point","coordinates":[23.587932,46.784264]},"properties":{"lines":"100, 102","color":"#d6212b","mode":"tram","arr":["100","102","34","56","M32","M33","M34","M35","M39"],"busLines":"34, 56, M32, M33, M34, M35, M39","angle":-15.5}},{"type":"Feature","geometry":{"type":"Point","coordinates":[23.591665,46.784923]},"properties":{"lines":"100, 102","color":"#d6212b","mode":"tram","arr":["100","102","34","M32","M33","M34","M37","M38","M39","M39L"],"busLines":"34, M32, M33, M34, M37, M38, M39, M39L","angle":-13.6}},{"type":"Feature","geometry":{"type":"Point","coordinates":[23.595187,46.78539]},"properties":{"lines":"100, 102","color":"#d6212b","mode":"tram","arr":["100","102","26","26L","34","M32","M33","M34","M37","M38","M39","M39L"],"busLines":"26, 26L, 34, M32, M33, M34, M37, M38, M39, M39L","angle":7.2}},{"type":"Feature","geometry":{"type":"Point","coordinates":[23.596578,46.786744]},"properties":{"lines":"100, 102","color":"#d6212b","mode":"tram","arr":["100","102","26","26L","M32","M33","M34","M37","M38","M39","M39L"],"busLines":"26, 26L, M32, M33, M34, M37, M38, M39, M39L","angle":-86.3}},{"type":"Feature","geometry":{"type":"Point","coordinates":[23.598948,46.791133]},"properties":{"lines":"100, 102","color":"#d6212b","mode":"tram","arr":["100","102","26","26L","M37","M38","M39","M39L"],"busLines":"26, 26L, M37, M38, M39, M39L","angle":-62.1}},{"type":"Feature","geometry":{"type":"Point","coordinates":[23.596855,46.788905]},"properties":{"lines":"100, 102","color":"#d6212b","mode":"tram","arr":["100","102","26","26L","M37","M38","M39","M39L"],"busLines":"26, 26L, M37, M38, M39, M39L","angle":-68.8,"extra":1,"ei":0}},{"type":"Feature","geometry":{"type":"Point","coordinates":[23.600366,46.793981]},"properties":{"lines":"100, 102","color":"#d6212b","mode":"tram","arr":["100","102","26","26L","M37","M38","M39","M39L"],"busLines":"26, 26L, M37, M38, M39, M39L","angle":-71.1,"extra":1,"ei":1}},{"type":"Feature","geometry":{"type":"Point","coordinates":[23.60424,46.796801]},"properties":{"lines":"100, 102","color":"#d6212b","mode":"tram","arr":["100","102","26","26L","39","39L","M37","M38","M39","M39L"],"busLines":"26, 26L, 39, 39L, M37, M38, M39, M39L","angle":-46.5}},{"type":"Feature","geometry":{"type":"Point","coordinates":[23.601747,46.795101]},"properties":{"lines":"100, 102","color":"#d6212b","mode":"tram","arr":["100","102","26","26L","39","39L","M37","M38","M39","M39L"],"busLines":"26, 26L, 39, 39L, M37, M38, M39, M39L","angle":-34.6,"extra":1,"ei":0}},{"type":"Feature","geometry":{"type":"Point","coordinates":[23.605594,46.79778]},"properties":{"lines":"100, 102","color":"#d6212b","mode":"tram","arr":["100","102","26","26L","39","39L","M37","M38","M39","M39L"],"busLines":"26, 26L, 39, 39L, M37, M38, M39, M39L","angle":-46.7,"extra":1,"ei":1}},{"type":"Feature","geometry":{"type":"Point","coordinates":[23.607608,46.799037]},"properties":{"lines":"100, 102","color":"#d6212b","mode":"tram","arr":["100","102","26","26L","39","39L","M37","M38","M39","M39L"],"busLines":"26, 26L, 39, 39L, M37, M38, M39, M39L","angle":-16.7,"extra":1,"ei":2}},{"type":"Feature","geometry":{"type":"Point","coordinates":[23.610078,46.798474]},"properties":{"lines":"100, 102","color":"#d6212b","mode":"tram","arr":["100","102","26","26L"],"busLines":"26, 26L","angle":28.6}},{"type":"Feature","geometry":{"type":"Point","coordinates":[23.624038,46.795702]},"properties":{"lines":"100, 102","color":"#d6212b","mode":"tram","arr":["100","102","10","12","14","23","26","26L","48","48L","50","50D","50L"],"busLines":"10, 12, 14, 23, 26, 26L, 48, 48L, 50, 50D, 50L","tLines":"10, 12, 14, 23","ntLines":"26, 26L, 48, 48L, 50, 50D, 50L","angle":3.9}},{"type":"Feature","geometry":{"type":"Point","coordinates":[23.613951,46.797455]},"properties":{"lines":"100, 102","color":"#d6212b","mode":"tram","arr":["100","102","10","12","14","23","26","26L","48","48L","50","50D","50L"],"busLines":"10, 12, 14, 23, 26, 26L, 48, 48L, 50, 50D, 50L","tLines":"10, 12, 14, 23","ntLines":"26, 26L, 48, 48L, 50, 50D, 50L","angle":16.2,"extra":1,"ei":0}},{"type":"Feature","geometry":{"type":"Point","coordinates":[23.616599,46.79693]},"properties":{"lines":"100, 102","color":"#d6212b","mode":"tram","arr":["100","102","10","12","14","23","26","26L","48","48L","50","50D","50L"],"busLines":"10, 12, 14, 23, 26, 26L, 48, 48L, 50, 50D, 50L","tLines":"10, 12, 14, 23","ntLines":"26, 26L, 48, 48L, 50, 50D, 50L","angle":16.1,"extra":1,"ei":1}},{"type":"Feature","geometry":{"type":"Point","coordinates":[23.619251,46.796415]},"properties":{"lines":"100, 102","color":"#d6212b","mode":"tram","arr":["100","102","10","12","14","23","26","26L","48","48L","50","50D","50L"],"busLines":"10, 12, 14, 23, 26, 26L, 48, 48L, 50, 50D, 50L","tLines":"10, 12, 14, 23","ntLines":"26, 26L, 48, 48L, 50, 50D, 50L","angle":16.1,"extra":1,"ei":2}},{"type":"Feature","geometry":{"type":"Point","coordinates":[23.621889,46.795868]},"properties":{"lines":"100, 102","color":"#d6212b","mode":"tram","arr":["100","102","10","12","14","23","26","26L","48","48L","50","50D","50L"],"busLines":"10, 12, 14, 23, 26, 26L, 48, 48L, 50, 50D, 50L","tLines":"10, 12, 14, 23","ntLines":"26, 26L, 48, 48L, 50, 50D, 50L","angle":14.3,"extra":1,"ei":3}},{"type":"Feature","geometry":{"type":"Point","coordinates":[23.627379,46.795554]},"properties":{"lines":"100, 102","color":"#d6212b","mode":"tram","arr":["100","102","10","12","14","23","26","26L","48","48L","50","50D","50L"],"busLines":"10, 12, 14, 23, 26, 26L, 48, 48L, 50, 50D, 50L","tLines":"10, 12, 14, 23","ntLines":"26, 26L, 48, 48L, 50, 50D, 50L","angle":2.2,"extra":1,"ei":4}},{"type":"Feature","geometry":{"type":"Point","coordinates":[23.630051,46.795959]},"properties":{"lines":"100, 102","color":"#d6212b","mode":"tram","arr":["100","102","10","12","14","23","26","26L","48","48L","50","50D","50L"],"busLines":"10, 12, 14, 23, 26, 26L, 48, 48L, 50, 50D, 50L","tLines":"10, 12, 14, 23","ntLines":"26, 26L, 48, 48L, 50, 50D, 50L","angle":-7.5,"extra":1,"ei":5}},{"type":"Feature","geometry":{"type":"Point","coordinates":[23.632805,46.796029]},"properties":{"lines":"100, 102","color":"#d6212b","mode":"tram","arr":["100","102","10","12","14","23","26","26L","48","48L","50","50D","50L"],"busLines":"10, 12, 14, 23, 26, 26L, 48, 48L, 50, 50D, 50L","tLines":"10, 12, 14, 23","ntLines":"26, 26L, 48, 48L, 50, 50D, 50L","angle":-1.4,"extra":1,"ei":6}},{"type":"Feature","geometry":{"type":"Point","coordinates":[23.63556,46.7961]},"properties":{"lines":"100, 102","color":"#d6212b","mode":"tram","arr":["100","102","10","12","14","23","26","26L","48","48L","50","50D","50L"],"busLines":"10, 12, 14, 23, 26, 26L, 48, 48L, 50, 50D, 50L","tLines":"10, 12, 14, 23","ntLines":"26, 26L, 48, 48L, 50, 50D, 50L","angle":-1.7,"extra":1,"ei":7}},{"type":"Feature","geometry":{"type":"Point","coordinates":[23.640996,46.796312]},"properties":{"lines":"100, 102","color":"#d6212b","mode":"tram","arr":["100","102","26L","48L","50D","50L"],"busLines":"26L, 48L, 50D, 50L","angle":-2.3}},{"type":"Feature","geometry":{"type":"Point","coordinates":[23.637462,46.796131]},"properties":{"lines":"100, 102","color":"#d6212b","mode":"tram","arr":["100","102","26L","48L","50D","50L"],"busLines":"26L, 48L, 50D, 50L","angle":-3.5,"extra":1,"ei":0}},{"type":"Feature","geometry":{"type":"Point","coordinates":[23.642963,46.796364]},"properties":{"lines":"100, 102","color":"#d6212b","mode":"tram","arr":["100","102","26L","48L","50D","50L"],"busLines":"26L, 48L, 50D, 50L","angle":-1.9,"extra":1,"ei":1}},{"type":"Feature","geometry":{"type":"Point","coordinates":[23.645718,46.796429]},"properties":{"lines":"100, 102","color":"#d6212b","mode":"tram","arr":["100","102","26L","48L","50D","50L"],"busLines":"26L, 48L, 50D, 50L","angle":-2.3,"extra":1,"ei":2}},{"type":"Feature","geometry":{"type":"Point","coordinates":[23.646457,46.79645]},"properties":{"lines":"100, 102","color":"#d6212b","mode":"tram","arr":["100","102"],"angle":-2.2}},{"type":"Feature","geometry":{"type":"Point","coordinates":[23.652974,46.796759]},"properties":{"lines":"102L","color":"#d6212b","mode":"tram","arr":["102L","26L","48L","50L"],"busLines":"26L, 48L, 50L","angle":-6.3}},{"type":"Feature","geometry":{"type":"Point","coordinates":[23.648375,46.796519]},"properties":{"lines":"102L","color":"#d6212b","mode":"tram","arr":["102L","26L","48L","50L"],"busLines":"26L, 48L, 50L","angle":-3.9,"extra":1,"ei":0}},{"type":"Feature","geometry":{"type":"Point","coordinates":[23.651124,46.79666]},"properties":{"lines":"102L","color":"#d6212b","mode":"tram","arr":["102L","26L","48L","50L"],"busLines":"26L, 48L, 50L","angle":-3.8,"extra":1,"ei":1}},{"type":"Feature","geometry":{"type":"Point","coordinates":[23.65662,46.796948]},"properties":{"lines":"102L","color":"#d6212b","mode":"tram","arr":["102L","26L","48L","50L"],"busLines":"26L, 48L, 50L","angle":-4.7,"extra":1,"ei":2}},{"type":"Feature","geometry":{"type":"Point","coordinates":[23.659072,46.796192]},"properties":{"lines":"102L","color":"#d6212b","mode":"tram","arr":["102L"],"angle":-89.4}},{"type":"Feature","geometry":{"type":"Point","coordinates":[23.653057,46.796713]},"properties":{"lines":"102L","color":"#d6212b","mode":"tram","arr":["102L","26L","48L","50L"],"busLines":"26L, 48L, 50L","angle":-4.5,"side":-1,"mi":1}},{"type":"Feature","geometry":{"type":"Point","coordinates":[23.657915,46.796972]},"properties":{"lines":"102L","color":"#d6212b","mode":"tram","arr":["102L","26L","48L","50L"],"busLines":"26L, 48L, 50L","angle":-4.4,"extra":1,"ei":0,"side":-1}},{"type":"Feature","geometry":{"type":"Point","coordinates":[23.655167,46.796826]},"properties":{"lines":"102L","color":"#d6212b","mode":"tram","arr":["102L","26L","48L","50L"],"busLines":"26L, 48L, 50L","angle":-4.5,"extra":1,"ei":1,"side":-1}},{"type":"Feature","geometry":{"type":"Point","coordinates":[23.64967,46.796543]},"properties":{"lines":"102L","color":"#d6212b","mode":"tram","arr":["102L","26L","48L","50L"],"busLines":"26L, 48L, 50L","angle":-4.2,"extra":1,"ei":2,"side":-1}},{"type":"Feature","geometry":{"type":"Point","coordinates":[23.646919,46.796418]},"properties":{"lines":"102L","color":"#d6212b","mode":"tram","arr":["102L","26L","48L","50L"],"busLines":"26L, 48L, 50L","angle":-2.5,"extra":1,"ei":3,"side":-1}},{"type":"Feature","geometry":{"type":"Point","coordinates":[23.646752,46.796412]},"properties":{"lines":"100, 102L","color":"#d6212b","mode":"tram","arr":["100","102L"],"angle":-9.9,"side":-1}},{"type":"Feature","geometry":{"type":"Point","coordinates":[23.543381,46.751344]},"properties":{"lines":"101, 102L","color":"#d6212b","mode":"tram","arr":["101","102L"],"angle":-0.5,"side":-1}},{"type":"Feature","geometry":{"type":"Point","coordinates":[23.54404,46.751482]},"properties":{"lines":"101, 102, 102L","color":"#d6212b","mode":"tram","arr":["101","102","102L","1","6","14","24","25","29","29S","M25","M81"],"busLines":"1, 6, 14, 24, 25, 29, 29S, M25, M81","tLines":"1, 6, 14, 25","ntLines":"24, 29, 29S, M25, M81","angle":-19.7,"side":-1}},{"type":"Feature","geometry":{"type":"Point","coordinates":[23.550746,46.753701]},"properties":{"lines":"101, 102, 102L","color":"#d6212b","mode":"tram","arr":["101","102","102L","1","6","14","25","43","43B","43P","25N"],"busLines":"1, 6, 14, 25, 43, 43B, 43P, 25N","tLines":"1, 6, 14, 25, 25N","ntLines":"43, 43B, 43P","angle":-28.6,"side":-1,"l0":"101, 102, 102L","c0":"#d6212b","l1":"\n","c1":"#000000","l2":"1, 6, 14, 25","c2":"#149a3f","l3":"\n","c3":"#000000","l4":"43, 43B, 43P","c4":"#0059a9","l5":"\n","c5":"#000000","l6":"25N","c6":"#000000","bl0":"1, 6, 14, 25","bc0":"#149a3f","bl1":"\n","bc1":"#000000","bl2":"43, 43B, 43P","bc2":"#0059a9","bl3":"\n","bc3":"#000000","bl4":"25N","bc4":"#000000","tl0":"101, 102, 102L","tc0":"#d6212b"}},{"type":"Feature","geometry":{"type":"Point","coordinates":[23.546331,46.752065]},"properties":{"lines":"101, 102, 102L","color":"#d6212b","mode":"tram","arr":["101","102","102L","1","6","14","25","43","43B","43P","25N"],"busLines":"1, 6, 14, 25, 43, 43B, 43P, 25N","tLines":"1, 6, 14, 25, 25N","ntLines":"43, 43B, 43P","angle":-24.1,"extra":1,"ei":0,"l0":"101, 102, 102L","c0":"#d6212b","l1":"\n","c1":"#000000","l2":"1, 6, 14, 25","c2":"#149a3f","l3":"\n","c3":"#000000","l4":"43, 43B, 43P","c4":"#0059a9","l5":"\n","c5":"#000000","l6":"25N","c6":"#000000","bl0":"1, 6, 14, 25","bc0":"#149a3f","bl1":"\n","bc1":"#000000","bl2":"43, 43B, 43P","bc2":"#0059a9","bl3":"\n","bc3":"#000000","bl4":"25N","bc4":"#000000","tl0":"101, 102, 102L","tc0":"#d6212b"}},{"type":"Feature","geometry":{"type":"Point","coordinates":[23.548764,46.752951]},"properties":{"lines":"101, 102, 102L","color":"#d6212b","mode":"tram","arr":["101","102","102L","1","6","14","25","43","43B","43P","25N"],"busLines":"1, 6, 14, 25, 43, 43B, 43P, 25N","tLines":"1, 6, 14, 25, 25N","ntLines":"43, 43B, 43P","angle":-28.4,"extra":1,"ei":1,"l0":"101, 102, 102L","c0":"#d6212b","l1":"\n","c1":"#000000","l2":"1, 6, 14, 25","c2":"#149a3f","l3":"\n","c3":"#000000","l4":"43, 43B, 43P","c4":"#0059a9","l5":"\n","c5":"#000000","l6":"25N","c6":"#000000","bl0":"1, 6, 14, 25","bc0":"#149a3f","bl1":"\n","bc1":"#000000","bl2":"43, 43B, 43P","bc2":"#0059a9","bl3":"\n","bc3":"#000000","bl4":"25N","bc4":"#000000","tl0":"101, 102, 102L","tc0":"#d6212b"}},{"type":"Feature","geometry":{"type":"Point","coordinates":[23.553844,46.754337]},"properties":{"lines":"101, 102, 102L","color":"#d6212b","mode":"tram","arr":["101","102","102L","1","6","14","25","43","43B","43P","25N"],"busLines":"1, 6, 14, 25, 43, 43B, 43P, 25N","tLines":"1, 6, 14, 25, 25N","ntLines":"43, 43B, 43P","angle":-13.4,"extra":1,"ei":2,"l0":"101, 102, 102L","c0":"#d6212b","l1":"\n","c1":"#000000","l2":"1, 6, 14, 25","c2":"#149a3f","l3":"\n","c3":"#000000","l4":"43, 43B, 43P","c4":"#0059a9","l5":"\n","c5":"#000000","l6":"25N","c6":"#000000","bl0":"1, 6, 14, 25","bc0":"#149a3f","bl1":"\n","bc1":"#000000","bl2":"43, 43B, 43P","bc2":"#0059a9","bl3":"\n","bc3":"#000000","bl4":"25N","bc4":"#000000","tl0":"101, 102, 102L","tc0":"#d6212b"}},{"type":"Feature","geometry":{"type":"Point","coordinates":[23.556307,46.755158]},"properties":{"lines":"101, 102, 102L","color":"#d6212b","mode":"tram","arr":["101","102","102L","1","6","14","25","43","43B","43P","25N"],"busLines":"1, 6, 14, 25, 43, 43B, 43P, 25N","tLines":"1, 6, 14, 25, 25N","ntLines":"43, 43B, 43P","angle":-37.7,"extra":1,"ei":3,"l0":"101, 102, 102L","c0":"#d6212b","l1":"\n","c1":"#000000","l2":"1, 6, 14, 25","c2":"#149a3f","l3":"\n","c3":"#000000","l4":"43, 43B, 43P","c4":"#0059a9","l5":"\n","c5":"#000000","l6":"25N","c6":"#000000","bl0":"1, 6, 14, 25","bc0":"#149a3f","bl1":"\n","bc1":"#000000","bl2":"43, 43B, 43P","bc2":"#0059a9","bl3":"\n","bc3":"#000000","bl4":"25N","bc4":"#000000","tl0":"101, 102, 102L","tc0":"#d6212b"}},{"type":"Feature","geometry":{"type":"Point","coordinates":[23.556631,46.755627]},"properties":{"lines":"101, 102, 102L","color":"#d6212b","mode":"tram","arr":["101","102","102L","7","14"],"busLines":"7, 14","angle":82.6,"side":-1}},{"type":"Feature","geometry":{"type":"Point","coordinates":[23.55664,46.757753]},"properties":{"lines":"101, 102, 102L","color":"#d6212b","mode":"tram","arr":["101","102","102L","1","6","7","14","25","25N"],"busLines":"1, 6, 7, 14, 25, 25N","angle":-77.2,"mi":1,"l0":"101, 102, 102L","c0":"#d6212b","l1":"\n","c1":"#000000","l2":"1, 6, 7, 14, 25","c2":"#0059a9","l3":"\n","c3":"#000000","l4":"25N","c4":"#000000","bl0":"1, 6, 7, 14, 25","bc0":"#0059a9","bl1":"\n","bc1":"#000000","bl2":"25N","bc2":"#000000","tl0":"101, 102, 102L","tc0":"#d6212b"}},{"type":"Feature","geometry":{"type":"Point","coordinates":[23.55715,46.758904]},"properties":{"lines":"101, 102, 102L","color":"#d6212b","mode":"tram","arr":["101","102","102L","1","6","7","14","25","25N"],"busLines":"1, 6, 7, 14, 25, 25N","angle":-73.3,"extra":1,"ei":0,"side":-1,"l0":"101, 102, 102L","c0":"#d6212b","l1":"\n","c1":"#000000","l2":"1, 6, 7, 14, 25","c2":"#0059a9","l3":"\n","c3":"#000000","l4":"25N","c4":"#000000","bl0":"1, 6, 7, 14, 25","bc0":"#0059a9","bl1":"\n","bc1":"#000000","bl2":"25N","bc2":"#000000","tl0":"101, 102, 102L","tc0":"#d6212b"}},{"type":"Feature","geometry":{"type":"Point","coordinates":[23.557477,46.760079]},"properties":{"lines":"101, 102, 102L","color":"#d6212b","mode":"tram","arr":["101","102","102L"],"angle":78}},{"type":"Feature","geometry":{"type":"Point","coordinates":[23.562553,46.763219]},"properties":{"lines":"101, 102, 102L","color":"#d6212b","mode":"tram","arr":["101","102","102L","M26"],"busLines":"M26","angle":-32.6}},{"type":"Feature","geometry":{"type":"Point","coordinates":[23.556345,46.761361]},"properties":{"lines":"101, 102, 102L","color":"#d6212b","mode":"tram","arr":["101","102","102L","M26"],"busLines":"M26","angle":64.1,"extra":1,"ei":0}},{"type":"Feature","geometry":{"type":"Point","coordinates":[23.557785,46.762618]},"properties":{"lines":"101, 102, 102L","color":"#d6212b","mode":"tram","arr":["101","102","102L","M26"],"busLines":"M26","angle":-11,"extra":1,"ei":1}},{"type":"Feature","geometry":{"type":"Point","coordinates":[23.560523,46.762834]},"properties":{"lines":"101, 102, 102L","color":"#d6212b","mode":"tram","arr":["101","102","102L","M26"],"busLines":"M26","angle":-5.3,"extra":1,"ei":2}},{"type":"Feature","geometry":{"type":"Point","coordinates":[23.564762,46.764954]},"properties":{"lines":"101, 102, 102L","color":"#d6212b","mode":"tram","arr":["101","102","102L","M26"],"busLines":"M26","angle":-54.6,"extra":1,"ei":3}},{"type":"Feature","geometry":{"type":"Point","coordinates":[23.566326,46.766509]},"properties":{"lines":"101, 102, 102L","color":"#d6212b","mode":"tram","arr":["101","102","102L","M26"],"busLines":"M26","angle":-50.7,"extra":1,"ei":4,"side":-1}},{"type":"Feature","geometry":{"type":"Point","coordinates":[23.568755,46.767324]},"properties":{"lines":"101, 102, 102L","color":"#d6212b","mode":"tram","arr":["101","102","102L","M26"],"busLines":"M26","angle":-17.5,"extra":1,"ei":5,"side":-1}},{"type":"Feature","geometry":{"type":"Point","coordinates":[23.571224,46.769009]},"properties":{"lines":"101, 102, 102L","color":"#d6212b","mode":"tram","arr":["101","102","102L","26","26L","27","28","28B","30","41","44","M26","54N"],"busLines":"26, 26L, 27, 28, 28B, 30, 41, 44, M26, 54N","angle":-53.8,"side":-1,"l0":"101, 102, 102L","c0":"#d6212b","l1":"\n","c1":"#000000","l2":"26, 26L, 27, 28, 28B, 30, 41, 44, M26","c2":"#0059a9","l3":"\n","c3":"#000000","l4":"54N","c4":"#000000","bl0":"26, 26L, 27, 28, 28B, 30, 41, 44, M26","bc0":"#0059a9","bl1":"\n","bc1":"#000000","bl2":"54N","bc2":"#000000","tl0":"101, 102, 102L","tc0":"#d6212b"}},{"type":"Feature","geometry":{"type":"Point","coordinates":[23.570029,46.767853]},"properties":{"lines":"101, 102, 102L","color":"#d6212b","mode":"tram","arr":["101","102","102L","26","26L","27","28","28B","30","41","44","M26","54N"],"busLines":"26, 26L, 27, 28, 28B, 30, 41, 44, M26, 54N","angle":-48.8,"extra":1,"ei":0,"side":-1,"l0":"101, 102, 102L","c0":"#d6212b","l1":"\n","c1":"#000000","l2":"26, 26L, 27, 28, 28B, 30, 41, 44, M26","c2":"#0059a9","l3":"\n","c3":"#000000","l4":"54N","c4":"#000000","bl0":"26, 26L, 27, 28, 28B, 30, 41, 44, M26","bc0":"#0059a9","bl1":"\n","bc1":"#000000","bl2":"54N","bc2":"#000000","tl0":"101, 102, 102L","tc0":"#d6212b"}},{"type":"Feature","geometry":{"type":"Point","coordinates":[23.574255,46.769959]},"properties":{"lines":"101, 102, 102L","color":"#d6212b","mode":"tram","arr":["101","102","102L","26","26L","27","28","28B","30","41","44","M26","54N"],"busLines":"26, 26L, 27, 28, 28B, 30, 41, 44, M26, 54N","angle":-12.4,"extra":1,"ei":1,"l0":"101, 102, 102L","c0":"#d6212b","l1":"\n","c1":"#000000","l2":"26, 26L, 27, 28, 28B, 30, 41, 44, M26","c2":"#0059a9","l3":"\n","c3":"#000000","l4":"54N","c4":"#000000","bl0":"26, 26L, 27, 28, 28B, 30, 41, 44, M26","bc0":"#0059a9","bl1":"\n","bc1":"#000000","bl2":"54N","bc2":"#000000","tl0":"101, 102, 102L","tc0":"#d6212b"}},{"type":"Feature","geometry":{"type":"Point","coordinates":[23.576471,46.770368]},"properties":{"lines":"101, 102, 102L","color":"#d6212b","mode":"tram","arr":["101","102","102L","26","26L","27","28","28B","41","44","M26"],"busLines":"26, 26L, 27, 28, 28B, 41, 44, M26","angle":-19.4,"side":-1,"mi":1}},{"type":"Feature","geometry":{"type":"Point","coordinates":[23.583395,46.772105]},"properties":{"lines":"101, 102, 102L","color":"#d6212b","mode":"tram","arr":["101","102","102L","26","26L","28","28B","41","44","M26"],"busLines":"26, 26L, 28, 28B, 41, 44, M26","angle":27.3,"side":-1}},{"type":"Feature","geometry":{"type":"Point","coordinates":[23.579632,46.771123]},"properties":{"lines":"101, 102, 102L","color":"#d6212b","mode":"tram","arr":["101","102","102L","26","26L","28","28B","41","44","M26"],"busLines":"26, 26L, 28, 28B, 41, 44, M26","angle":-18.9,"extra":1,"ei":0,"side":-1}},{"type":"Feature","geometry":{"type":"Point","coordinates":[23.586812,46.772916]},"properties":{"lines":"101, 102, 102L","color":"#d6212b","mode":"tram","arr":["101","102","102L","26","26L","28","28B","41","44","M26"],"busLines":"26, 26L, 28, 28B, 41, 44, M26","angle":-41.1,"extra":1,"ei":1}},{"type":"Feature","geometry":{"type":"Point","coordinates":[23.587624,46.774328]},"properties":{"lines":"101, 102, 102L","color":"#d6212b","mode":"tram","arr":["101","102","102L","3","4","5","9","22","28","31","32B","35","37","38","39","39L","56","M31","5N"],"busLines":"3, 4, 5, 9, 22, 28, 31, 32B, 35, 37, 38, 39, 39L, 56, M31, 5N","tLines":"3, 4, 5, 5N","ntLines":"9, 22, 28, 31, 32B, 35, 37, 38, 39, 39L, 56, M31","angle":63.5,"mi":1,"l0":"101, 102, 102L","c0":"#d6212b","l1":"\n","c1":"#000000","l2":"3, 4, 5","c2":"#149a3f","l3":"\n","c3":"#000000","l4":"9, 22, 28, 31, 32B, 35, 37, 38, 39, 39L, 56, M31","c4":"#0059a9","l5":"\n","c5":"#000000","l6":"5N","c6":"#000000","bl0":"3, 4, 5","bc0":"#149a3f","bl1":"\n","bc1":"#000000","bl2":"9, 22, 28, 31, 32B, 35, 37, 38, 39, 39L, 56, M31","bc2":"#0059a9","bl3":"\n","bc3":"#000000","bl4":"5N","bc4":"#000000","tl0":"101, 102, 102L","tc0":"#d6212b"}},{"type":"Feature","geometry":{"type":"Point","coordinates":[23.587202,46.776194]},"properties":{"lines":"101, 102, 102L","color":"#d6212b","mode":"tram","arr":["101","102","102L","3","4","5","9","22","27","31","32B","35","37","38","39","39L","56","M31","5N"],"busLines":"3, 4, 5, 9, 22, 27, 31, 32B, 35, 37, 38, 39, 39L, 56, M31, 5N","tLines":"3, 4, 5, 5N","ntLines":"9, 22, 27, 31, 32B, 35, 37, 38, 39, 39L, 56, M31","angle":86.3,"l0":"101, 102, 102L","c0":"#d6212b","l1":"\n","c1":"#000000","l2":"3, 4, 5","c2":"#149a3f","l3":"\n","c3":"#000000","l4":"9, 22, 27, 31, 32B, 35, 37, 38, 39, 39L, 56, M31","c4":"#0059a9","l5":"\n","c5":"#000000","l6":"5N","c6":"#000000","bl0":"3, 4, 5","bc0":"#149a3f","bl1":"\n","bc1":"#000000","bl2":"9, 22, 27, 31, 32B, 35, 37, 38, 39, 39L, 56, M31","bc2":"#0059a9","bl3":"\n","bc3":"#000000","bl4":"5N","bc4":"#000000","tl0":"101, 102, 102L","tc0":"#d6212b"}},{"type":"Feature","geometry":{"type":"Point","coordinates":[23.587292,46.780013]},"properties":{"lines":"101, 102, 102L","color":"#d6212b","mode":"tram","arr":["101","102","102L","3","4","5","9","22","27","31","32B","35","39","39L","56","M31","5N"],"busLines":"3, 4, 5, 9, 22, 27, 31, 32B, 35, 39, 39L, 56, M31, 5N","tLines":"3, 4, 5, 5N","ntLines":"9, 22, 27, 31, 32B, 35, 39, 39L, 56, M31","angle":-86,"mi":1,"l0":"101, 102, 102L","c0":"#d6212b","l1":"\n","c1":"#000000","l2":"3, 4, 5","c2":"#149a3f","l3":"\n","c3":"#000000","l4":"9, 22, 27, 31, 32B, 35, 39, 39L, 56, M31","c4":"#0059a9","l5":"\n","c5":"#000000","l6":"5N","c6":"#000000","bl0":"3, 4, 5","bc0":"#149a3f","bl1":"\n","bc1":"#000000","bl2":"9, 22, 27, 31, 32B, 35, 39, 39L, 56, M31","bc2":"#0059a9","bl3":"\n","bc3":"#000000","bl4":"5N","bc4":"#000000","tl0":"101, 102, 102L","tc0":"#d6212b"}},{"type":"Feature","geometry":{"type":"Point","coordinates":[23.587221,46.778486]},"properties":{"lines":"101, 102, 102L","color":"#d6212b","mode":"tram","arr":["101","102","102L","3","4","5","9","22","27","31","32B","35","39","39L","56","M31","5N"],"busLines":"3, 4, 5, 9, 22, 27, 31, 32B, 35, 39, 39L, 56, M31, 5N","tLines":"3, 4, 5, 5N","ntLines":"9, 22, 27, 31, 32B, 35, 39, 39L, 56, M31","angle":-89.9,"extra":1,"ei":0,"l0":"101, 102, 102L","c0":"#d6212b","l1":"\n","c1":"#000000","l2":"3, 4, 5","c2":"#149a3f","l3":"\n","c3":"#000000","l4":"9, 22, 27, 31, 32B, 35, 39, 39L, 56, M31","c4":"#0059a9","l5":"\n","c5":"#000000","l6":"5N","c6":"#000000","bl0":"3, 4, 5","bc0":"#149a3f","bl1":"\n","bc1":"#000000","bl2":"9, 22, 27, 31, 32B, 35, 39, 39L, 56, M31","bc2":"#0059a9","bl3":"\n","bc3":"#000000","bl4":"5N","bc4":"#000000","tl0":"101, 102, 102L","tc0":"#d6212b"}},{"type":"Feature","geometry":{"type":"Point","coordinates":[23.587471,46.782258]},"properties":{"lines":"101, 102, 102L","color":"#d6212b","mode":"tram","arr":["101","102","102L","3","4","5","9","22","27","31","32B","35","39","39L","56","M31","5N"],"busLines":"3, 4, 5, 9, 22, 27, 31, 32B, 35, 39, 39L, 56, M31, 5N","tLines":"3, 4, 5, 5N","ntLines":"9, 22, 27, 31, 32B, 35, 39, 39L, 56, M31","angle":-87.3,"extra":1,"ei":1,"l0":"101, 102, 102L","c0":"#d6212b","l1":"\n","c1":"#000000","l2":"3, 4, 5","c2":"#149a3f","l3":"\n","c3":"#000000","l4":"9, 22, 27, 31, 32B, 35, 39, 39L, 56, M31","c4":"#0059a9","l5":"\n","c5":"#000000","l6":"5N","c6":"#000000","bl0":"3, 4, 5","bc0":"#149a3f","bl1":"\n","bc1":"#000000","bl2":"9, 22, 27, 31, 32B, 35, 39, 39L, 56, M31","bc2":"#0059a9","bl3":"\n","bc3":"#000000","bl4":"5N","bc4":"#000000","tl0":"101, 102, 102L","tc0":"#d6212b"}},{"type":"Feature","geometry":{"type":"Point","coordinates":[23.587504,46.782707]},"properties":{"lines":"101, 102, 102L","color":"#d6212b","mode":"tram","arr":["101","102","102L","3","4","5","9","22","27","31","32B","35","39","39L","56","M31","M35","5N"],"busLines":"3, 4, 5, 9, 22, 27, 31, 32B, 35, 39, 39L, 56, M31, M35, 5N","tLines":"3, 4, 5, 5N","ntLines":"9, 22, 27, 31, 32B, 35, 39, 39L, 56, M31, M35","angle":-87.7,"side":-1,"l0":"101, 102, 102L","c0":"#d6212b","l1":"\n","c1":"#000000","l2":"3, 4, 5","c2":"#149a3f","l3":"\n","c3":"#000000","l4":"9, 22, 27, 31, 32B, 35, 39, 39L, 56, M31, M35","c4":"#0059a9","l5":"\n","c5":"#000000","l6":"5N","c6":"#000000","bl0":"3, 4, 5","bc0":"#149a3f","bl1":"\n","bc1":"#000000","bl2":"9, 22, 27, 31, 32B, 35, 39, 39L, 56, M31, M35","bc2":"#0059a9","bl3":"\n","bc3":"#000000","bl4":"5N","bc4":"#000000","tl0":"101, 102, 102L","tc0":"#d6212b"}},{"type":"Feature","geometry":{"type":"Point","coordinates":[23.587532,46.783443]},"properties":{"lines":"101, 102, 102L","color":"#d6212b","mode":"tram","arr":["101","102","102L","3","4","5","9","22","27","31","32B","35","56","M35","5N"],"busLines":"3, 4, 5, 9, 22, 27, 31, 32B, 35, 56, M35, 5N","tLines":"3, 4, 5, 5N","ntLines":"9, 22, 27, 31, 32B, 35, 56, M35","angle":-88.5,"l0":"101, 102, 102L","c0":"#d6212b","l1":"\n","c1":"#000000","l2":"3, 4, 5","c2":"#149a3f","l3":"\n","c3":"#000000","l4":"9, 22, 27, 31, 32B, 35, 56, M35","c4":"#0059a9","l5":"\n","c5":"#000000","l6":"5N","c6":"#000000","bl0":"3, 4, 5","bc0":"#149a3f","bl1":"\n","bc1":"#000000","bl2":"9, 22, 27, 31, 32B, 35, 56, M35","bc2":"#0059a9","bl3":"\n","bc3":"#000000","bl4":"5N","bc4":"#000000","tl0":"101, 102, 102L","tc0":"#d6212b"}},{"type":"Feature","geometry":{"type":"Point","coordinates":[23.5865,46.784019]},"properties":{"lines":"101, 102, 102L","color":"#d6212b","mode":"tram","arr":["101","102","102L","31","34","56","M32","M33","M34","M35"],"busLines":"31, 34, 56, M32, M33, M34, M35","angle":-12.9,"side":-1}},{"type":"Feature","geometry":{"type":"Point","coordinates":[23.586229,46.783161]},"properties":{"lines":"101, 102, 102L","color":"#d6212b","mode":"tram","arr":["101","102","102L","31","39","39L","56","M31","M35"],"busLines":"31, 39, 39L, 56, M31, M35","angle":54.7}},{"type":"Feature","geometry":{"type":"Point","coordinates":[23.587258,46.780175]},"properties":{"lines":"101, 102, 102L","color":"#d6212b","mode":"tram","arr":["101","102","102L","3","4","5","9","22","27","31","32B","35","39","39L","56","M31","5N"],"busLines":"3, 4, 5, 9, 22, 27, 31, 32B, 35, 39, 39L, 56, M31, 5N","tLines":"3, 4, 5, 5N","ntLines":"9, 22, 27, 31, 32B, 35, 39, 39L, 56, M31","angle":-86.5,"l0":"101, 102, 102L","c0":"#d6212b","l1":"\n","c1":"#000000","l2":"3, 4, 5","c2":"#149a3f","l3":"\n","c3":"#000000","l4":"9, 22, 27, 31, 32B, 35, 39, 39L, 56, M31","c4":"#0059a9","l5":"\n","c5":"#000000","l6":"5N","c6":"#000000","bl0":"3, 4, 5","bc0":"#149a3f","bl1":"\n","bc1":"#000000","bl2":"9, 22, 27, 31, 32B, 35, 39, 39L, 56, M31","bc2":"#0059a9","bl3":"\n","bc3":"#000000","bl4":"5N","bc4":"#000000","tl0":"101, 102, 102L","tc0":"#d6212b"}},{"type":"Feature","geometry":{"type":"Point","coordinates":[23.587395,46.781701]},"properties":{"lines":"101, 102, 102L","color":"#d6212b","mode":"tram","arr":["101","102","102L","3","4","5","9","22","27","31","32B","35","39","39L","56","M31","5N"],"busLines":"3, 4, 5, 9, 22, 27, 31, 32B, 35, 39, 39L, 56, M31, 5N","tLines":"3, 4, 5, 5N","ntLines":"9, 22, 27, 31, 32B, 35, 39, 39L, 56, M31","angle":-86.8,"extra":1,"ei":0,"l0":"101, 102, 102L","c0":"#d6212b","l1":"\n","c1":"#000000","l2":"3, 4, 5","c2":"#149a3f","l3":"\n","c3":"#000000","l4":"9, 22, 27, 31, 32B, 35, 39, 39L, 56, M31","c4":"#0059a9","l5":"\n","c5":"#000000","l6":"5N","c6":"#000000","bl0":"3, 4, 5","bc0":"#149a3f","bl1":"\n","bc1":"#000000","bl2":"9, 22, 27, 31, 32B, 35, 39, 39L, 56, M31","bc2":"#0059a9","bl3":"\n","bc3":"#000000","bl4":"5N","bc4":"#000000","tl0":"101, 102, 102L","tc0":"#d6212b"}},{"type":"Feature","geometry":{"type":"Point","coordinates":[23.587155,46.777928]},"properties":{"lines":"101, 102, 102L","color":"#d6212b","mode":"tram","arr":["101","102","102L","3","4","5","9","22","27","31","32B","35","39","39L","56","M31","5N"],"busLines":"3, 4, 5, 9, 22, 27, 31, 32B, 35, 39, 39L, 56, M31, 5N","tLines":"3, 4, 5, 5N","ntLines":"9, 22, 27, 31, 32B, 35, 39, 39L, 56, M31","angle":-87.9,"extra":1,"ei":1,"l0":"101, 102, 102L","c0":"#d6212b","l1":"\n","c1":"#000000","l2":"3, 4, 5","c2":"#149a3f","l3":"\n","c3":"#000000","l4":"9, 22, 27, 31, 32B, 35, 39, 39L, 56, M31","c4":"#0059a9","l5":"\n","c5":"#000000","l6":"5N","c6":"#000000","bl0":"3, 4, 5","bc0":"#149a3f","bl1":"\n","bc1":"#000000","bl2":"9, 22, 27, 31, 32B, 35, 39, 39L, 56, M31","bc2":"#0059a9","bl3":"\n","bc3":"#000000","bl4":"5N","bc4":"#000000","tl0":"101, 102, 102L","tc0":"#d6212b"}},{"type":"Feature","geometry":{"type":"Point","coordinates":[23.587133,46.776356]},"properties":{"lines":"101, 102, 102L","color":"#d6212b","mode":"tram","arr":["101","102","102L","3","4","5","9","22","27","31","32B","35","37","38","39","39L","56","M31","5N"],"busLines":"3, 4, 5, 9, 22, 27, 31, 32B, 35, 37, 38, 39, 39L, 56, M31, 5N","tLines":"3, 4, 5, 5N","ntLines":"9, 22, 27, 31, 32B, 35, 37, 38, 39, 39L, 56, M31","angle":86,"side":-1,"mi":1,"l0":"101, 102, 102L","c0":"#d6212b","l1":"\n","c1":"#000000","l2":"3, 4, 5","c2":"#149a3f","l3":"\n","c3":"#000000","l4":"9, 22, 27, 31, 32B, 35, 37, 38, 39, 39L, 56, M31","c4":"#0059a9","l5":"\n","c5":"#000000","l6":"5N","c6":"#000000","bl0":"3, 4, 5","bc0":"#149a3f","bl1":"\n","bc1":"#000000","bl2":"9, 22, 27, 31, 32B, 35, 37, 38, 39, 39L, 56, M31","bc2":"#0059a9","bl3":"\n","bc3":"#000000","bl4":"5N","bc4":"#000000","tl0":"101, 102, 102L","tc0":"#d6212b"}},{"type":"Feature","geometry":{"type":"Point","coordinates":[23.587285,46.774786]},"properties":{"lines":"101, 102, 102L","color":"#d6212b","mode":"tram","arr":["101","102","102L","3","4","5","9","22","27","28","31","32B","35","37","38","39","39L","56","M31","5N"],"busLines":"3, 4, 5, 9, 22, 27, 28, 31, 32B, 35, 37, 38, 39, 39L, 56, M31, 5N","tLines":"3, 4, 5, 5N","ntLines":"9, 22, 27, 28, 31, 32B, 35, 37, 38, 39, 39L, 56, M31","angle":78.1,"l0":"101, 102, 102L","c0":"#d6212b","l1":"\n","c1":"#000000","l2":"3, 4, 5","c2":"#149a3f","l3":"\n","c3":"#000000","l4":"9, 22, 27, 28, 31, 32B, 35, 37, 38, 39, 39L, 56, M31","c4":"#0059a9","l5":"\n","c5":"#000000","l6":"5N","c6":"#000000","bl0":"3, 4, 5","bc0":"#149a3f","bl1":"\n","bc1":"#000000","bl2":"9, 22, 27, 28, 31, 32B, 35, 37, 38, 39, 39L, 56, M31","bc2":"#0059a9","bl3":"\n","bc3":"#000000","bl4":"5N","bc4":"#000000","tl0":"101, 102, 102L","tc0":"#d6212b"}},{"type":"Feature","geometry":{"type":"Point","coordinates":[23.587759,46.774069]},"properties":{"lines":"101, 102, 102L","color":"#d6212b","mode":"tram","arr":["101","102","102L","3","4","5","9","22","28","31","32B","35","37","38","39","39L","56","M31","5N"],"busLines":"3, 4, 5, 9, 22, 28, 31, 32B, 35, 37, 38, 39, 39L, 56, M31, 5N","tLines":"3, 4, 5, 5N","ntLines":"9, 22, 28, 31, 32B, 35, 37, 38, 39, 39L, 56, M31","angle":64.8,"l0":"101, 102, 102L","c0":"#d6212b","l1":"\n","c1":"#000000","l2":"3, 4, 5","c2":"#149a3f","l3":"\n","c3":"#000000","l4":"9, 22, 28, 31, 32B, 35, 37, 38, 39, 39L, 56, M31","c4":"#0059a9","l5":"\n","c5":"#000000","l6":"5N","c6":"#000000","bl0":"3, 4, 5","bc0":"#149a3f","bl1":"\n","bc1":"#000000","bl2":"9, 22, 28, 31, 32B, 35, 37, 38, 39, 39L, 56, M31","bc2":"#0059a9","bl3":"\n","bc3":"#000000","bl4":"5N","bc4":"#000000","tl0":"101, 102, 102L","tc0":"#d6212b"}},{"type":"Feature","geometry":{"type":"Point","coordinates":[23.583184,46.772229]},"properties":{"lines":"101, 102, 102L","color":"#d6212b","mode":"tram","arr":["101","102","102L","26","26L","28","28B","41","44","M26"],"busLines":"26, 26L, 28, 28B, 41, 44, M26","angle":15.5,"mi":1}},{"type":"Feature","geometry":{"type":"Point","coordinates":[23.586654,46.772861]},"properties":{"lines":"101, 102, 102L","color":"#d6212b","mode":"tram","arr":["101","102","102L","26","26L","28","28B","41","44","M26"],"busLines":"26, 26L, 28, 28B, 41, 44, M26","angle":-40.1,"extra":1,"ei":0}},{"type":"Feature","geometry":{"type":"Point","coordinates":[23.57944,46.771123]},"properties":{"lines":"101, 102, 102L","color":"#d6212b","mode":"tram","arr":["101","102","102L","26","26L","28","28B","41","44","M26"],"busLines":"26, 26L, 28, 28B, 41, 44, M26","angle":-19.2,"extra":1,"ei":1}},{"type":"Feature","geometry":{"type":"Point","coordinates":[23.576155,46.770339]},"properties":{"lines":"101, 102, 102L","color":"#d6212b","mode":"tram","arr":["101","102","102L","26","26L","27","28","28B","41","44","M26"],"busLines":"26, 26L, 27, 28, 28B, 41, 44, M26","angle":-18.6}},{"type":"Feature","geometry":{"type":"Point","coordinates":[23.574218,46.769996]},"properties":{"lines":"101, 102, 102L","color":"#d6212b","mode":"tram","arr":["101","102","102L","26","26L","27","28","28B","41","44","M26"],"busLines":"26, 26L, 27, 28, 28B, 41, 44, M26","angle":-12.8,"extra":1,"ei":0}},{"type":"Feature","geometry":{"type":"Point","coordinates":[23.572631,46.769736]},"properties":{"lines":"101, 102, 102L","color":"#d6212b","mode":"tram","arr":["101","102","102L","26","26L","27","28","28B","30","41","44","M26","54N"],"busLines":"26, 26L, 27, 28, 28B, 30, 41, 44, M26, 54N","angle":-17.1,"mi":2,"l0":"101, 102, 102L","c0":"#d6212b","l1":"\n","c1":"#000000","l2":"26, 26L, 27, 28, 28B, 30, 41, 44, M26","c2":"#0059a9","l3":"\n","c3":"#000000","l4":"54N","c4":"#000000","bl0":"26, 26L, 27, 28, 28B, 30, 41, 44, M26","bc0":"#0059a9","bl1":"\n","bc1":"#000000","bl2":"54N","bc2":"#000000","tl0":"101, 102, 102L","tc0":"#d6212b"}},{"type":"Feature","geometry":{"type":"Point","coordinates":[23.570681,46.768545]},"properties":{"lines":"101, 102, 102L","color":"#d6212b","mode":"tram","arr":["101","102","102L","26","26L","27","28","28B","30","41","44","M26","54N"],"busLines":"26, 26L, 27, 28, 28B, 30, 41, 44, M26, 54N","angle":-55,"mi":1,"l0":"101, 102, 102L","c0":"#d6212b","l1":"\n","c1":"#000000","l2":"26, 26L, 27, 28, 28B, 30, 41, 44, M26","c2":"#0059a9","l3":"\n","c3":"#000000","l4":"54N","c4":"#000000","bl0":"26, 26L, 27, 28, 28B, 30, 41, 44, M26","bc0":"#0059a9","bl1":"\n","bc1":"#000000","bl2":"54N","bc2":"#000000","tl0":"101, 102, 102L","tc0":"#d6212b"}},{"type":"Feature","geometry":{"type":"Point","coordinates":[23.569632,46.767662]},"properties":{"lines":"101, 102, 102L","color":"#d6212b","mode":"tram","arr":["101","102","102L"],"angle":-35.5}},{"type":"Feature","geometry":{"type":"Point","coordinates":[23.56266,46.763301]},"properties":{"lines":"101, 102, 102L","color":"#d6212b","mode":"tram","arr":["101","102","102L","M26"],"busLines":"M26","angle":-35.3,"mi":1}},{"type":"Feature","geometry":{"type":"Point","coordinates":[23.567836,46.767153]},"properties":{"lines":"101, 102, 102L","color":"#d6212b","mode":"tram","arr":["101","102","102L","M26"],"busLines":"M26","angle":-18.4,"extra":1,"ei":0}},{"type":"Feature","geometry":{"type":"Point","coordinates":[23.565759,46.766018]},"properties":{"lines":"101, 102, 102L","color":"#d6212b","mode":"tram","arr":["101","102","102L","M26"],"busLines":"M26","angle":-55.7,"extra":1,"ei":1}},{"type":"Feature","geometry":{"type":"Point","coordinates":[23.564178,46.764471]},"properties":{"lines":"101, 102, 102L","color":"#d6212b","mode":"tram","arr":["101","102","102L","M26"],"busLines":"M26","angle":-52.9,"extra":1,"ei":2}},{"type":"Feature","geometry":{"type":"Point","coordinates":[23.559576,46.762794]},"properties":{"lines":"101, 102, 102L","color":"#d6212b","mode":"tram","arr":["101","102","102L","M26"],"busLines":"M26","angle":-5.8,"extra":1,"ei":3}},{"type":"Feature","geometry":{"type":"Point","coordinates":[23.556898,46.76242]},"properties":{"lines":"101, 102, 102L","color":"#d6212b","mode":"tram","arr":["101","102","102L","M26"],"busLines":"M26","angle":-30.2,"extra":1,"ei":4}},{"type":"Feature","geometry":{"type":"Point","coordinates":[23.556784,46.760859]},"properties":{"lines":"101, 102, 102L","color":"#d6212b","mode":"tram","arr":["101","102","102L","M26"],"busLines":"M26","angle":55.4,"extra":1,"ei":5}},{"type":"Feature","geometry":{"type":"Point","coordinates":[23.557373,46.760213]},"properties":{"lines":"101, 102, 102L","color":"#d6212b","mode":"tram","arr":["101","102","102L"],"angle":69.9,"mi":1}},{"type":"Feature","geometry":{"type":"Point","coordinates":[23.556586,46.757725]},"properties":{"lines":"101, 102, 102L","color":"#d6212b","mode":"tram","arr":["101","102","102L","1","6","7","14","25","25N"],"busLines":"1, 6, 7, 14, 25, 25N","angle":-77.6,"l0":"101, 102, 102L","c0":"#d6212b","l1":"\n","c1":"#000000","l2":"1, 6, 7, 14, 25","c2":"#0059a9","l3":"\n","c3":"#000000","l4":"25N","c4":"#000000","bl0":"1, 6, 7, 14, 25","bc0":"#0059a9","bl1":"\n","bc1":"#000000","bl2":"25N","bc2":"#000000","tl0":"101, 102, 102L","tc0":"#d6212b"}},{"type":"Feature","geometry":{"type":"Point","coordinates":[23.557091,46.758865]},"properties":{"lines":"101, 102, 102L","color":"#d6212b","mode":"tram","arr":["101","102","102L","1","6","7","14","25","25N"],"busLines":"1, 6, 7, 14, 25, 25N","angle":-72.7,"extra":1,"ei":0,"side":-1,"l0":"101, 102, 102L","c0":"#d6212b","l1":"\n","c1":"#000000","l2":"1, 6, 7, 14, 25","c2":"#0059a9","l3":"\n","c3":"#000000","l4":"25N","c4":"#000000","bl0":"1, 6, 7, 14, 25","bc0":"#0059a9","bl1":"\n","bc1":"#000000","bl2":"25N","bc2":"#000000","tl0":"101, 102, 102L","tc0":"#d6212b"}},{"type":"Feature","geometry":{"type":"Point","coordinates":[23.550764,46.753747]},"properties":{"lines":"101, 102, 102L","color":"#d6212b","mode":"tram","arr":["101","102","102L","1","6","14","25","43","43B","43P","25N"],"busLines":"1, 6, 14, 25, 43, 43B, 43P, 25N","tLines":"1, 6, 14, 25, 25N","ntLines":"43, 43B, 43P","angle":-28.3,"side":-1,"mi":1,"l0":"101, 102, 102L","c0":"#d6212b","l1":"\n","c1":"#000000","l2":"1, 6, 14, 25","c2":"#149a3f","l3":"\n","c3":"#000000","l4":"43, 43B, 43P","c4":"#0059a9","l5":"\n","c5":"#000000","l6":"25N","c6":"#000000","bl0":"1, 6, 14, 25","bc0":"#149a3f","bl1":"\n","bc1":"#000000","bl2":"43, 43B, 43P","bc2":"#0059a9","bl3":"\n","bc3":"#000000","bl4":"25N","bc4":"#000000","tl0":"101, 102, 102L","tc0":"#d6212b"}},{"type":"Feature","geometry":{"type":"Point","coordinates":[23.55548,46.754857]},"properties":{"lines":"101, 102, 102L","color":"#d6212b","mode":"tram","arr":["101","102","102L","1","6","14","25","43","43B","43P","25N"],"busLines":"1, 6, 14, 25, 43, 43B, 43P, 25N","tLines":"1, 6, 14, 25, 25N","ntLines":"43, 43B, 43P","angle":-29.3,"extra":1,"ei":0,"l0":"101, 102, 102L","c0":"#d6212b","l1":"\n","c1":"#000000","l2":"1, 6, 14, 25","c2":"#149a3f","l3":"\n","c3":"#000000","l4":"43, 43B, 43P","c4":"#0059a9","l5":"\n","c5":"#000000","l6":"25N","c6":"#000000","bl0":"1, 6, 14, 25","bc0":"#149a3f","bl1":"\n","bc1":"#000000","bl2":"43, 43B, 43P","bc2":"#0059a9","bl3":"\n","bc3":"#000000","bl4":"25N","bc4":"#000000","tl0":"101, 102, 102L","tc0":"#d6212b"}},{"type":"Feature","geometry":{"type":"Point","coordinates":[23.552911,46.754213]},"properties":{"lines":"101, 102, 102L","color":"#d6212b","mode":"tram","arr":["101","102","102L","1","6","14","25","43","43B","43P","25N"],"busLines":"1, 6, 14, 25, 43, 43B, 43P, 25N","tLines":"1, 6, 14, 25, 25N","ntLines":"43, 43B, 43P","angle":-12,"extra":1,"ei":1,"l0":"101, 102, 102L","c0":"#d6212b","l1":"\n","c1":"#000000","l2":"1, 6, 14, 25","c2":"#149a3f","l3":"\n","c3":"#000000","l4":"43, 43B, 43P","c4":"#0059a9","l5":"\n","c5":"#000000","l6":"25N","c6":"#000000","bl0":"1, 6, 14, 25","bc0":"#149a3f","bl1":"\n","bc1":"#000000","bl2":"43, 43B, 43P","bc2":"#0059a9","bl3":"\n","bc3":"#000000","bl4":"25N","bc4":"#000000","tl0":"101, 102, 102L","tc0":"#d6212b"}},{"type":"Feature","geometry":{"type":"Point","coordinates":[23.547919,46.752673]},"properties":{"lines":"101, 102, 102L","color":"#d6212b","mode":"tram","arr":["101","102","102L","1","6","14","25","43","43B","43P","25N"],"busLines":"1, 6, 14, 25, 43, 43B, 43P, 25N","tLines":"1, 6, 14, 25, 25N","ntLines":"43, 43B, 43P","angle":-28.6,"extra":1,"ei":2,"l0":"101, 102, 102L","c0":"#d6212b","l1":"\n","c1":"#000000","l2":"1, 6, 14, 25","c2":"#149a3f","l3":"\n","c3":"#000000","l4":"43, 43B, 43P","c4":"#0059a9","l5":"\n","c5":"#000000","l6":"25N","c6":"#000000","bl0":"1, 6, 14, 25","bc0":"#149a3f","bl1":"\n","bc1":"#000000","bl2":"43, 43B, 43P","bc2":"#0059a9","bl3":"\n","bc3":"#000000","bl4":"25N","bc4":"#000000","tl0":"101, 102, 102L","tc0":"#d6212b"}},{"type":"Feature","geometry":{"type":"Point","coordinates":[23.545439,46.751856]},"properties":{"lines":"101, 102, 102L","color":"#d6212b","mode":"tram","arr":["101","102","102L","1","6","14","25","43","43B","43P","25N"],"busLines":"1, 6, 14, 25, 43, 43B, 43P, 25N","tLines":"1, 6, 14, 25, 25N","ntLines":"43, 43B, 43P","angle":-19.6,"extra":1,"ei":3,"l0":"101, 102, 102L","c0":"#d6212b","l1":"\n","c1":"#000000","l2":"1, 6, 14, 25","c2":"#149a3f","l3":"\n","c3":"#000000","l4":"43, 43B, 43P","c4":"#0059a9","l5":"\n","c5":"#000000","l6":"25N","c6":"#000000","bl0":"1, 6, 14, 25","bc0":"#149a3f","bl1":"\n","bc1":"#000000","bl2":"43, 43B, 43P","bc2":"#0059a9","bl3":"\n","bc3":"#000000","bl4":"25N","bc4":"#000000","tl0":"101, 102, 102L","tc0":"#d6212b"}},{"type":"Feature","geometry":{"type":"Point","coordinates":[23.544053,46.751532]},"properties":{"lines":"101, 102, 102L","color":"#d6212b","mode":"tram","arr":["101","102","102L","1","6","14","24","25","29","29S","M25","M51U","M81"],"busLines":"1, 6, 14, 24, 25, 29, 29S, M25, M51U, M81","tLines":"1, 6, 14, 25","ntLines":"24, 29, 29S, M25, M51U, M81","angle":-18.6,"side":-1}},{"type":"Feature","geometry":{"type":"Point","coordinates":[23.587384,46.782839]},"properties":{"lines":"101","color":"#d6212b","mode":"tram","arr":["101"],"angle":-46.3}},{"type":"Feature","geometry":{"type":"Point","coordinates":[23.587745,46.784186]},"properties":{"lines":"102, 102L","color":"#d6212b","mode":"tram","arr":["102","102L","3","4","5","9","22","27","32B","34","35","56","M32","M33","M34","M35","5N"],"busLines":"3, 4, 5, 9, 22, 27, 32B, 34, 35, 56, M32, M33, M34, M35, 5N","tLines":"3, 4, 5, 5N","ntLines":"9, 22, 27, 32B, 34, 35, 56, M32, M33, M34, M35","angle":-38.9,"l0":"102, 102L","c0":"#d6212b","l1":"\n","c1":"#000000","l2":"3, 4, 5","c2":"#149a3f","l3":"\n","c3":"#000000","l4":"9, 22, 27, 32B, 34, 35, 56, M32, M33, M34, M35","c4":"#0059a9","l5":"\n","c5":"#000000","l6":"5N","c6":"#000000","bl0":"3, 4, 5","bc0":"#149a3f","bl1":"\n","bc1":"#000000","bl2":"9, 22, 27, 32B, 34, 35, 56, M32, M33, M34, M35","bc2":"#0059a9","bl3":"\n","bc3":"#000000","bl4":"5N","bc4":"#000000","tl0":"102, 102L","tc0":"#d6212b"}},{"type":"Feature","geometry":{"type":"Point","coordinates":[23.588605,46.78437]},"properties":{"lines":"102, 102L","color":"#d6212b","mode":"tram","arr":["102","102L","3","4","5","9","22","27","32B","34","35","56","M32","M33","M34","M35","M38","M39","M39L","5N"],"busLines":"3, 4, 5, 9, 22, 27, 32B, 34, 35, 56, M32, M33, M34, M35, M38, M39, M39L, 5N","tLines":"3, 4, 5, 5N","ntLines":"9, 22, 27, 32B, 34, 35, 56, M32, M33, M34, M35, M38, M39, M39L","angle":-16.1,"l0":"102, 102L","c0":"#d6212b","l1":"\n","c1":"#000000","l2":"3, 4, 5","c2":"#149a3f","l3":"\n","c3":"#000000","l4":"9, 22, 27, 32B, 34, 35, 56, M32, M33, M34, M35, M38, M39, M39L","c4":"#0059a9","l5":"\n","c5":"#000000","l6":"5N","c6":"#000000","bl0":"3, 4, 5","bc0":"#149a3f","bl1":"\n","bc1":"#000000","bl2":"9, 22, 27, 32B, 34, 35, 56, M32, M33, M34, M35, M38, M39, M39L","bc2":"#0059a9","bl3":"\n","bc3":"#000000","bl4":"5N","bc4":"#000000","tl0":"102, 102L","tc0":"#d6212b"}},{"type":"Feature","geometry":{"type":"Point","coordinates":[23.591788,46.784916]},"properties":{"lines":"102, 102L","color":"#d6212b","mode":"tram","arr":["102","102L","34","M32","M33","M34","M37","M38","M39","M39L"],"busLines":"34, M32, M33, M34, M37, M38, M39, M39L","angle":-13.7}},{"type":"Feature","geometry":{"type":"Point","coordinates":[23.594988,46.785384]},"properties":{"lines":"102, 102L","color":"#d6212b","mode":"tram","arr":["102","102L","26","26L","34","M32","M33","M34","M37","M38","M39","M39L"],"busLines":"26, 26L, 34, M32, M33, M34, M37, M38, M39, M39L","angle":3.2}},{"type":"Feature","geometry":{"type":"Point","coordinates":[23.596111,46.785379]},"properties":{"lines":"102, 102L","color":"#d6212b","mode":"tram","arr":["102","102L","26","26L","34","M33","M37","M38","M39","M39L"],"busLines":"26, 26L, 34, M33, M37, M38, M39, M39L","angle":-28.3}},{"type":"Feature","geometry":{"type":"Point","coordinates":[23.596647,46.78683]},"properties":{"lines":"102, 102L","color":"#d6212b","mode":"tram","arr":["102","102L","26","26L","M32","M33","M34","M37","M38","M39","M39L"],"busLines":"26, 26L, M32, M33, M34, M37, M38, M39, M39L","angle":-85.9,"side":-1}},{"type":"Feature","geometry":{"type":"Point","coordinates":[23.599059,46.791206]},"properties":{"lines":"102, 102L","color":"#d6212b","mode":"tram","arr":["102","102L","26","26L","M37","M38","M39","M39L"],"busLines":"26, 26L, M37, M38, M39, M39L","angle":-64.1,"side":-1}},{"type":"Feature","geometry":{"type":"Point","coordinates":[23.597026,46.789084]},"properties":{"lines":"102, 102L","color":"#d6212b","mode":"tram","arr":["102","102L","26","26L","M37","M38","M39","M39L"],"busLines":"26, 26L, M37, M38, M39, M39L","angle":-61.6,"extra":1,"ei":0}},{"type":"Feature","geometry":{"type":"Point","coordinates":[23.599651,46.792373]},"properties":{"lines":"102, 102L","color":"#d6212b","mode":"tram","arr":["102","102L","26","26L","M37","M38","M39","M39L"],"busLines":"26, 26L, M37, M38, M39, M39L","angle":-72.2,"extra":1,"ei":1,"side":-1}},{"type":"Feature","geometry":{"type":"Point","coordinates":[23.600515,46.794167]},"properties":{"lines":"102, 102L","color":"#d6212b","mode":"tram","arr":["102","102L","26","26L","M37","M38","M39","M39L"],"busLines":"26, 26L, M37, M38, M39, M39L","angle":-71.1,"extra":1,"ei":2}},{"type":"Feature","geometry":{"type":"Point","coordinates":[23.604261,46.796776]},"properties":{"lines":"102, 102L","color":"#d6212b","mode":"tram","arr":["102","102L","26","26L","39","39L","M37","M38","M39","M39L"],"busLines":"26, 26L, 39, 39L, M37, M38, M39, M39L","angle":-45.6}},{"type":"Feature","geometry":{"type":"Point","coordinates":[23.601768,46.795079]},"properties":{"lines":"102, 102L","color":"#d6212b","mode":"tram","arr":["102","102L","26","26L","39","39L","M37","M38","M39","M39L"],"busLines":"26, 26L, 39, 39L, M37, M38, M39, M39L","angle":-33.7,"extra":1,"ei":0}},{"type":"Feature","geometry":{"type":"Point","coordinates":[23.605625,46.797748]},"properties":{"lines":"102, 102L","color":"#d6212b","mode":"tram","arr":["102","102L","26","26L","39","39L","M37","M38","M39","M39L"],"busLines":"26, 26L, 39, 39L, M37, M38, M39, M39L","angle":-46.7,"extra":1,"ei":1,"side":-1}},{"type":"Feature","geometry":{"type":"Point","coordinates":[23.607626,46.799007]},"properties":{"lines":"102, 102L","color":"#d6212b","mode":"tram","arr":["102","102L","26","26L","39","39L","M37","M38","M39","M39L"],"busLines":"26, 26L, 39, 39L, M37, M38, M39, M39L","angle":-15.6,"extra":1,"ei":2,"side":-1}},{"type":"Feature","geometry":{"type":"Point","coordinates":[23.610091,46.798432]},"properties":{"lines":"102, 102L","color":"#d6212b","mode":"tram","arr":["102","102L","26","26L"],"busLines":"26, 26L","angle":27.7}},{"type":"Feature","geometry":{"type":"Point","coordinates":[23.62373,46.79568]},"properties":{"lines":"102, 102L","color":"#d6212b","mode":"tram","arr":["102","102L","10","12","14","23","26","26L","48","48L","50","50D","50L"],"busLines":"10, 12, 14, 23, 26, 26L, 48, 48L, 50, 50D, 50L","tLines":"10, 12, 14, 23","ntLines":"26, 26L, 48, 48L, 50, 50D, 50L","angle":4.2,"side":-1}},{"type":"Feature","geometry":{"type":"Point","coordinates":[23.613653,46.797476]},"properties":{"lines":"102, 102L","color":"#d6212b","mode":"tram","arr":["102","102L","10","12","14","23","26","26L","48","48L","50","50D","50L"],"busLines":"10, 12, 14, 23, 26, 26L, 48, 48L, 50, 50D, 50L","tLines":"10, 12, 14, 23","ntLines":"26, 26L, 48, 48L, 50, 50D, 50L","angle":16.9,"extra":1,"ei":0,"side":-1}},{"type":"Feature","geometry":{"type":"Point","coordinates":[23.616295,46.796937]},"properties":{"lines":"102, 102L","color":"#d6212b","mode":"tram","arr":["102","102L","10","12","14","23","26","26L","48","48L","50","50D","50L"],"busLines":"10, 12, 14, 23, 26, 26L, 48, 48L, 50, 50D, 50L","tLines":"10, 12, 14, 23","ntLines":"26, 26L, 48, 48L, 50, 50D, 50L","angle":16.6,"extra":1,"ei":1,"side":-1}},{"type":"Feature","geometry":{"type":"Point","coordinates":[23.618942,46.796408]},"properties":{"lines":"102, 102L","color":"#d6212b","mode":"tram","arr":["102","102L","10","12","14","23","26","26L","48","48L","50","50D","50L"],"busLines":"10, 12, 14, 23, 26, 26L, 48, 48L, 50, 50D, 50L","tLines":"10, 12, 14, 23","ntLines":"26, 26L, 48, 48L, 50, 50D, 50L","angle":16.1,"extra":1,"ei":2,"side":-1}},{"type":"Feature","geometry":{"type":"Point","coordinates":[23.621591,46.795888]},"properties":{"lines":"102, 102L","color":"#d6212b","mode":"tram","arr":["102","102L","10","12","14","23","26","26L","48","48L","50","50D","50L"],"busLines":"10, 12, 14, 23, 26, 26L, 48, 48L, 50, 50D, 50L","tLines":"10, 12, 14, 23","ntLines":"26, 26L, 48, 48L, 50, 50D, 50L","angle":14.8,"extra":1,"ei":3,"side":-1}},{"type":"Feature","geometry":{"type":"Point","coordinates":[23.62707,46.795526]},"properties":{"lines":"102, 102L","color":"#d6212b","mode":"tram","arr":["102","102L","10","12","14","23","26","26L","48","48L","50","50D","50L"],"busLines":"10, 12, 14, 23, 26, 26L, 48, 48L, 50, 50D, 50L","tLines":"10, 12, 14, 23","ntLines":"26, 26L, 48, 48L, 50, 50D, 50L","angle":3.9,"extra":1,"ei":4,"side":-1}},{"type":"Feature","geometry":{"type":"Point","coordinates":[23.629744,46.79588]},"properties":{"lines":"102, 102L","color":"#d6212b","mode":"tram","arr":["102","102L","10","12","14","23","26","26L","48","48L","50","50D","50L"],"busLines":"10, 12, 14, 23, 26, 26L, 48, 48L, 50, 50D, 50L","tLines":"10, 12, 14, 23","ntLines":"26, 26L, 48, 48L, 50, 50D, 50L","angle":-11.5,"extra":1,"ei":5,"side":-1}},{"type":"Feature","geometry":{"type":"Point","coordinates":[23.632493,46.795984]},"properties":{"lines":"102, 102L","color":"#d6212b","mode":"tram","arr":["102","102L","10","12","14","23","26","26L","48","48L","50","50D","50L"],"busLines":"10, 12, 14, 23, 26, 26L, 48, 48L, 50, 50D, 50L","tLines":"10, 12, 14, 23","ntLines":"26, 26L, 48, 48L, 50, 50D, 50L","angle":-1.3,"extra":1,"ei":6,"side":-1}},{"type":"Feature","geometry":{"type":"Point","coordinates":[23.635248,46.796054]},"properties":{"lines":"102, 102L","color":"#d6212b","mode":"tram","arr":["102","102L","10","12","14","23","26","26L","48","48L","50","50D","50L"],"busLines":"10, 12, 14, 23, 26, 26L, 48, 48L, 50, 50D, 50L","tLines":"10, 12, 14, 23","ntLines":"26, 26L, 48, 48L, 50, 50D, 50L","angle":-1.4,"extra":1,"ei":7,"side":-1}},{"type":"Feature","geometry":{"type":"Point","coordinates":[23.635772,46.796063]},"properties":{"lines":"102, 102L","color":"#d6212b","mode":"tram","arr":["102","102L","12","14","23","26L","48L","50D","50L"],"busLines":"12, 14, 23, 26L, 48L, 50D, 50L","tLines":"12, 14, 23","ntLines":"26L, 48L, 50D, 50L","angle":-1.1,"side":-1}},{"type":"Feature","geometry":{"type":"Point","coordinates":[23.641292,46.796266]},"properties":{"lines":"102, 102L","color":"#d6212b","mode":"tram","arr":["102","102L","26L","48L","50D","50L"],"busLines":"26L, 48L, 50D, 50L","angle":-2.2,"side":-1}},{"type":"Feature","geometry":{"type":"Point","coordinates":[23.637479,46.796089]},"properties":{"lines":"102, 102L","color":"#d6212b","mode":"tram","arr":["102","102L","26L","48L","50D","50L"],"busLines":"26L, 48L, 50D, 50L","angle":-4,"extra":1,"ei":0,"side":-1}},{"type":"Feature","geometry":{"type":"Point","coordinates":[23.645735,46.796385]},"properties":{"lines":"102, 102L","color":"#d6212b","mode":"tram","arr":["102","102L","26L","48L","50D","50L"],"busLines":"26L, 48L, 50D, 50L","angle":-2.1,"extra":1,"ei":1,"side":-1}}]}