{"type":"FeatureCollection","features":[{"type":"Feature","geometry":{"type":"Point","coordinates":[23.5432,46.75125]},"properties":{"name":"Disp. Clăbucet","lines":"1, 6, 14, 25, M81","arr":["1","6","14","25","M81"],"terminus":1,"mode":"bus","color":"#0059a9","colorDark":"#00294f","angle":-40,"snapDist":30,"label":1}},{"type":"Feature","geometry":{"type":"Point","coordinates":[23.545504,46.751858]},"properties":{"name":"Primăverii","lines":"1, 6, 14, 25, 25N, 43, 43B, 43P","arr":["1","6","14","25","25N","43","43B","43P"],"terminus":0,"mode":"bus","color":"#0059a9","colorDark":"#00294f","angle":159.5,"snapDist":6,"label":1}},{"type":"Feature","geometry":{"type":"Point","coordinates":[23.554101,46.754297]},"properties":{"name":"Minerva","lines":"1, 6, 14, 25, 25N, 43, 43B, 43P","arr":["1","6","14","25","25N","43","43B","43P"],"terminus":0,"mode":"bus","color":"#0059a9","colorDark":"#00294f","angle":164.8,"snapDist":0,"label":1}},{"type":"Feature","geometry":{"type":"Point","coordinates":[23.561942,46.75549]},"properties":{"name":"Izlazului","lines":"1, 6, 7, 14, 19, 25, 25N, 43, 43B, 43P","arr":["1","6","7","14","19","25","25N","43","43B","43P"],"terminus":1,"mode":"bus","color":"#0059a9","colorDark":"#00294f","angle":176.5,"snapDist":11,"label":1}},{"type":"Feature","geometry":{"type":"Point","coordinates":[23.564378,46.760858]},"properties":{"name":"Calea Mănăștur","lines":"1, 6, 7, 9, 14, 19, 24, 24B, 25, 25N, 29, 29S, 42, 52, 52L","arr":["1","6","7","9","14","19","24","24B","25","25N","29","29S","42","52","52L"],"terminus":0,"mode":"bus","color":"#0059a9","colorDark":"#00294f","angle":160.6,"snapDist":13,"label":1}},{"type":"Feature","geometry":{"type":"Point","coordinates":[23.571323,46.762637]},"properties":{"name":"Agronomia","lines":"1, 6, 7, 9, 14, 19, 24, 24B, 25, 25N, 29, 29S, 42, 52, 52L","arr":["1","6","7","9","14","19","24","24B","25","25N","29","29S","42","52","52L"],"terminus":0,"mode":"bus","color":"#0059a9","colorDark":"#00294f","angle":153.5,"snapDist":7,"label":1}},{"type":"Feature","geometry":{"type":"Point","coordinates":[23.579559,46.766173]},"properties":{"name":"Calea Moților","lines":"1, 6, 7, 9, 14, 19, 24, 24B, 25, 25N, 29, 29S, 30, 42, 52, 52L, 54N","arr":["1","6","7","9","14","19","24","24B","25","25N","29","29S","30","42","52","52L","54N"],"terminus":0,"mode":"bus","color":"#0059a9","colorDark":"#00294f","angle":151.9,"snapDist":7,"label":1}},{"type":"Feature","geometry":{"type":"Point","coordinates":[23.587087,46.769663]},"properties":{"name":"Memorandumului Sud","lines":"1, 6, 7, 9, 14, 19, 22, 24, 24B, 25, 25N, 29, 29S, 30, 42, 52, 52L, 54N","arr":["1","6","7","9","14","19","22","24","24B","25","25N","29","29S","30","42","52","52L","54N"],"terminus":0,"mode":"bus","color":"#0059a9","colorDark":"#00294f","angle":149.1,"snapDist":5,"label":1}},{"type":"Feature","geometry":{"type":"Point","coordinates":[23.592696,46.771804]},"properties":{"name":"Victoria","lines":"1, 6, 7, 14, 24, 24B, 25, 30, 52, 52L, 54N","arr":["1","6","7","14","24","24B","25","30","52","52L","54N"],"terminus":0,"mode":"bus","color":"#0059a9","colorDark":"#00294f","angle":158.2,"snapDist":17,"label":1}},{"type":"Feature","geometry":{"type":"Point","coordinates":[23.596873,46.773056]},"properties":{"name":"Regionala CFR","lines":"1, 4, 5, 5N, 6, 7, 8, 10, 14, 23, 24, 24B, 25, 30, 47, 52, 52L, A1","arr":["1","4","5","5N","6","7","8","10","14","23","24","24B","25","30","47","52","52L","A1"],"terminus":0,"mode":"bus","color":"#0059a9","colorDark":"#00294f","angle":150,"snapDist":11,"label":1}},{"type":"Feature","geometry":{"type":"Point","coordinates":[23.597847,46.776679]},"properties":{"name":"Ploiești","lines":"1, 10, 23, 52, 52L","arr":["1","10","23","52","52L"],"terminus":0,"mode":"bus","color":"#0059a9","colorDark":"#00294f","angle":80.3,"snapDist":2,"label":1}},{"type":"Feature","geometry":{"type":"Point","coordinates":[23.600028,46.782642]},"properties":{"name":"Paris","lines":"1, 10, 23, 41, 50, 50D, 50L, 52, 52L","arr":["1","10","23","41","50","50D","50L","52","52L"],"terminus":0,"mode":"bus","color":"#0059a9","colorDark":"#00294f","angle":124.4,"snapDist":4,"label":1}},{"type":"Feature","geometry":{"type":"Point","coordinates":[23.605711,46.786262]},"properties":{"name":"P-ța 1 Mai Sosire","lines":"1, 41","arr":["1","41"],"terminus":1,"mode":"bus","color":"#0059a9","colorDark":"#00294f","angle":350.9,"snapDist":2,"label":1}},{"type":"Feature","geometry":{"type":"Point","coordinates":[23.605348,46.78619]},"properties":{"name":"P-ța 1 Mai","lines":"1, 23, 34, 41, 50, 50L, 52, 52L","arr":["1","23","34","41","50","50L","52","52L"],"terminus":1,"mode":"bus","color":"#0059a9","colorDark":"#00294f","angle":345.1,"snapDist":1,"label":1}},{"type":"Feature","geometry":{"type":"Point","coordinates":[23.601588,46.783796]},"properties":{"name":"Barbu Patriciu","lines":"1, 23, 41, 50, 50L, 52, 52L","arr":["1","23","41","50","50L","52","52L"],"terminus":0,"mode":"bus","color":"#0059a9","colorDark":"#00294f","angle":316.6,"snapDist":3,"label":1}},{"type":"Feature","geometry":{"type":"Point","coordinates":[23.595092,46.779926]},"properties":{"name":"Anton Pann","lines":"1, 23, 29, 36B, 36L, 41, 50, 50L, 52, 52L, 53","arr":["1","23","29","36B","36L","41","50","50L","52","52L","53"],"terminus":0,"mode":"bus","color":"#0059a9","colorDark":"#00294f","angle":348.6,"snapDist":7,"label":1}},{"type":"Feature","geometry":{"type":"Point","coordinates":[23.590358,46.775445]},"properties":{"name":"Pod Traian","lines":"1, 9, 19, 29, 42, 52, 52L, 56","arr":["1","9","19","29","42","52","52L","56"],"terminus":1,"mode":"bus","color":"#0059a9","colorDark":"#00294f","angle":302.5,"snapDist":5,"label":1}},{"type":"Feature","geometry":{"type":"Point","coordinates":[23.587066,46.769654]},"properties":{"name":"Memorandumului Nord","lines":"1, 6, 7, 9, 14, 19, 22, 24, 24B, 25, 29, 30, 42, 52, 52L, 54N","arr":["1","6","7","9","14","19","22","24","24B","25","29","30","42","52","52L","54N"],"terminus":0,"mode":"bus","color":"#0059a9","colorDark":"#00294f","angle":329.1,"snapDist":14,"label":1}},{"type":"Feature","geometry":{"type":"Point","coordinates":[23.580244,46.766431]},"properties":{"name":"Spitalul de Copii","lines":"1, 6, 7, 9, 14, 19, 24, 24B, 25, 29, 30, 42, 52, 52L, 54N","arr":["1","6","7","9","14","19","24","24B","25","29","30","42","52","52L","54N"],"terminus":0,"mode":"bus","color":"#0059a9","colorDark":"#00294f","angle":329.4,"snapDist":10,"label":1}},{"type":"Feature","geometry":{"type":"Point","coordinates":[23.573478,46.763692]},"properties":{"name":"Fabrica de Bere","lines":"1, 6, 7, 9, 14, 19, 24, 24B, 25, 29, 42, 52","arr":["1","6","7","9","14","19","24","24B","25","29","42","52"],"terminus":0,"mode":"bus","color":"#0059a9","colorDark":"#00294f","angle":307.8,"snapDist":13,"label":1}},{"type":"Feature","geometry":{"type":"Point","coordinates":[23.564149,46.760803]},"properties":{"name":"Grădini Mănăștur","lines":"1, 6, 7, 9, 14, 19, 24, 24B, 25, 29, 42, 52, 52L","arr":["1","6","7","9","14","19","24","24B","25","29","42","52","52L"],"terminus":0,"mode":"bus","color":"#0059a9","colorDark":"#00294f","angle":341.3,"snapDist":11,"label":1}},{"type":"Feature","geometry":{"type":"Point","coordinates":[23.556528,46.757138]},"properties":{"name":"Ion Meșter","lines":"1, 6, 7, 14, 25","arr":["1","6","7","14","25"],"terminus":0,"mode":"bus","color":"#149a3f","colorDark":"#0a5121","angle":269.8,"snapDist":9,"label":1}},{"type":"Feature","geometry":{"type":"Point","coordinates":[23.554749,46.754565]},"properties":{"name":"Peana","lines":"1, 6, 14, 25, 43, 43B, 43P","arr":["1","6","14","25","43","43B","43P"],"terminus":0,"mode":"bus","color":"#0059a9","colorDark":"#00294f","angle":332.2,"snapDist":5,"label":1}},{"type":"Feature","geometry":{"type":"Point","coordinates":[23.546975,46.7523]},"properties":{"name":"Gârbău","lines":"1, 6, 14, 25, 43, 43B, 43P","arr":["1","6","14","25","43","43B","43P"],"terminus":0,"mode":"bus","color":"#0059a9","colorDark":"#00294f","angle":331,"snapDist":6,"label":1}},{"type":"Feature","geometry":{"type":"Point","coordinates":[23.6302,46.768141]},"properties":{"name":"Disp. Unirii","lines":"3, 10, 24, 24B, 25N, 45","arr":["3","10","24","24B","25N","45"],"terminus":1,"mode":"bus","color":"#0059a9","colorDark":"#00294f","angle":337.7,"snapDist":0,"label":1}},{"type":"Feature","geometry":{"type":"Point","coordinates":[23.628432,46.76791]},"properties":{"name":"Snagov Nord","lines":"3, 10, 25, 34, 48, 48L, 57, 57L","arr":["3","10","25","34","48","48L","57","57L"],"terminus":1,"mode":"bus","color":"#0059a9","colorDark":"#00294f","angle":357.7,"snapDist":5,"label":1}},{"type":"Feature","geometry":{"type":"Point","coordinates":[23.6224,46.768327]},"properties":{"name":"Borsec Nord","lines":"3, 10, 25, 34, 48, 48L, 57, 57L","arr":["3","10","25","34","48","48L","57","57L"],"terminus":0,"mode":"bus","color":"#0059a9","colorDark":"#00294f","angle":359.4,"snapDist":6,"label":1}},{"type":"Feature","geometry":{"type":"Point","coordinates":[23.616726,46.769053]},"properties":{"name":"Bistriței","lines":"3, 10, 25, 33, 44, 45, 57, 57L","arr":["3","10","25","33","44","45","57","57L"],"terminus":0,"mode":"bus","color":"#0059a9","colorDark":"#00294f","angle":9.7,"snapDist":8,"label":1}},{"type":"Feature","geometry":{"type":"Point","coordinates":[23.608123,46.769172]},"properties":{"name":"Septimiu Albini Nord","lines":"3, 10, 25, 33, 44, 45, 57, 57L","arr":["3","10","25","33","44","45","57","57L"],"terminus":0,"mode":"bus","color":"#0059a9","colorDark":"#00294f","angle":354.8,"snapDist":9,"label":1}},{"type":"Feature","geometry":{"type":"Point","coordinates":[23.599306,46.768344]},"properties":{"name":"P-ța Cipariu Nord","lines":"3, 10, 21, 25, 32, 32B, 33, 35, 44, 45, 46, 46B, 46L, 50, 50D, 50L, 54N","arr":["3","10","21","25","32","32B","33","35","44","45","46","46B","46L","50","50D","50L","54N"],"terminus":0,"mode":"bus","color":"#0059a9","colorDark":"#00294f","angle":65.5,"snapDist":6,"label":1}},{"type":"Feature","geometry":{"type":"Point","coordinates":[23.597261,46.771338]},"properties":{"name":"P-ța Avram Iancu","lines":"3, 10, 21, 25, 32, 32B, 33, 35, 44, 46, 46L, 50, 50D, 50L, 54N","arr":["3","10","21","25","32","32B","33","35","44","46","46L","50","50D","50L","54N"],"terminus":1,"mode":"bus","color":"#0059a9","colorDark":"#00294f","angle":67,"snapDist":7,"label":1}},{"type":"Feature","geometry":{"type":"Point","coordinates":[23.592058,46.771626]},"properties":{"name":"Sora","lines":"3, 4, 5, 6, 7, 8, 14, 24, 24B, 25, 30, 32B, 35, 44, 47, 54N, A1","arr":["3","4","5","6","7","8","14","24","24B","25","30","32B","35","44","47","54N","A1"],"terminus":0,"mode":"bus","color":"#0059a9","colorDark":"#00294f","angle":337.8,"snapDist":2,"label":1}},{"type":"Feature","geometry":{"type":"Point","coordinates":[23.58882,46.772857]},"properties":{"name":"Central","lines":"3, 4, 5, 8, 9, 19, 25N, 29, 29S, 32B, 35, 42, 44, 47, A1","arr":["3","4","5","8","9","19","25N","29","29S","32B","35","42","44","47","A1"],"terminus":0,"mode":"bus","color":"#0059a9","colorDark":"#00294f","angle":57.4,"snapDist":5,"label":1}},{"type":"Feature","geometry":{"type":"Point","coordinates":[23.587211,46.777275]},"properties":{"name":"Cloșca","lines":"3, 4, 5, 9, 22, 27, 31, 32B, 35, 39, 39L, 56, M31","arr":["3","4","5","9","22","27","31","32B","35","39","39L","56","M31"],"terminus":0,"mode":"bus","color":"#0059a9","colorDark":"#00294f","angle":93.3,"snapDist":7,"label":1}},{"type":"Feature","geometry":{"type":"Point","coordinates":[23.588059,46.78417]},"properties":{"name":"P-ța Gării Sosire","lines":"3, 4, 5, 9, 22, 27, 32B, 34, 35","arr":["3","4","5","9","22","27","32B","34","35"],"terminus":1,"mode":"bus","color":"#0059a9","colorDark":"#00294f","angle":162.1,"snapDist":2,"label":1}},{"type":"Feature","geometry":{"type":"Point","coordinates":[23.588289,46.784223]},"properties":{"name":"P-ța Gării Sud","lines":"3, 4, 5, 5N, 9, 22, 27, 32B, 35, M35","arr":["3","4","5","5N","9","22","27","32B","35","M35"],"terminus":1,"mode":"bus","color":"#0059a9","colorDark":"#00294f","angle":161.2,"snapDist":7,"label":1}},{"type":"Feature","geometry":{"type":"Point","coordinates":[23.591735,46.780754]},"properties":{"name":"Traian","lines":"3, 4, 5, 5N, 9, 22, 26, 26L, 27, 32B, 35, 56","arr":["3","4","5","5N","9","22","26","26L","27","32B","35","56"],"terminus":0,"mode":"bus","color":"#0059a9","colorDark":"#00294f","angle":272.9,"snapDist":6,"label":1}},{"type":"Feature","geometry":{"type":"Point","coordinates":[23.591539,46.774915]},"properties":{"name":"I.P. Voitești","lines":"3, 4, 5, 5N, 23, 35, 50, 50L","arr":["3","4","5","5N","23","35","50","50L"],"terminus":1,"mode":"bus","color":"#0059a9","colorDark":"#00294f","angle":227.7,"snapDist":9,"label":1}},{"type":"Feature","geometry":{"type":"Point","coordinates":[23.59685,46.770171]},"properties":{"name":"Teatru","lines":"3, 21, 25N, 32, 32B, 33, 35, 46, 46B, 46L, 50, 50L, 54N","arr":["3","21","25N","32","32B","33","35","46","46B","46L","50","50L","54N"],"terminus":1,"mode":"bus","color":"#0059a9","colorDark":"#00294f","angle":248.6,"snapDist":7,"label":1}},{"type":"Feature","geometry":{"type":"Point","coordinates":[23.601958,46.767913]},"properties":{"name":"P-ța Cipariu Est","lines":"3, 25N, 33, 57, 57L","arr":["3","25N","33","57","57L"],"terminus":0,"mode":"bus","color":"#0059a9","colorDark":"#00294f","angle":157.7,"snapDist":6,"label":1}},{"type":"Feature","geometry":{"type":"Point","coordinates":[23.610143,46.769317]},"properties":{"name":"Septimiu Albini Sud","lines":"3, 25N, 33, 57, 57L","arr":["3","25N","33","57","57L"],"terminus":0,"mode":"bus","color":"#0059a9","colorDark":"#00294f","angle":174.2,"snapDist":13,"label":1}},{"type":"Feature","geometry":{"type":"Point","coordinates":[23.615791,46.769165]},"properties":{"name":"N. Titulescu","lines":"3, 25N, 33, 57, 57L","arr":["3","25N","33","57","57L"],"terminus":0,"mode":"bus","color":"#0059a9","colorDark":"#00294f","angle":189.8,"snapDist":9,"label":1}},{"type":"Feature","geometry":{"type":"Point","coordinates":[23.619755,46.768529]},"properties":{"name":"Herculane","lines":"3, 25N, 34, 48, 48L, 57, 57L","arr":["3","25N","34","48","48L","57","57L"],"terminus":0,"mode":"bus","color":"#0059a9","colorDark":"#00294f","angle":207.4,"snapDist":9,"label":1}},{"type":"Feature","geometry":{"type":"Point","coordinates":[23.623748,46.768158]},"properties":{"name":"Borsec Sud","lines":"3, 25N, 34, 48, 48L, 57, 57L","arr":["3","25N","34","48","48L","57","57L"],"terminus":0,"mode":"bus","color":"#0059a9","colorDark":"#00294f","angle":201,"snapDist":8,"label":1}},{"type":"Feature","geometry":{"type":"Point","coordinates":[23.627972,46.767898]},"properties":{"name":"Snagov Sud","lines":"3, 25N, 34, 48, 48L, 57, 57L","arr":["3","25N","34","48","48L","57","57L"],"terminus":0,"mode":"bus","color":"#0059a9","colorDark":"#00294f","angle":177.7,"snapDist":9,"label":1}},{"type":"Feature","geometry":{"type":"Point","coordinates":[23.637554,46.782309]},"properties":{"name":"Disp. IRA","lines":"4, 6, 7, 12, 30, 46B, 47","arr":["4","6","7","12","30","46B","47"],"terminus":1,"mode":"bus","color":"#0059a9","colorDark":"#00294f","angle":306.3,"snapDist":3,"label":1}},{"type":"Feature","geometry":{"type":"Point","coordinates":[23.636378,46.78175]},"properties":{"name":"EXPO Transilvania","lines":"4, 5, 6, 7, 8, 8L, 12, 30, 46B, A1, M41, M42, M42L, M43, M44, M45","arr":["4","5","6","7","8","8L","12","30","46B","A1","M41","M42","M42L","M43","M44","M45"],"terminus":1,"mode":"bus","color":"#0059a9","colorDark":"#00294f","angle":349.3,"snapDist":9,"label":1}},{"type":"Feature","geometry":{"type":"Point","coordinates":[23.627842,46.780711]},"properties":{"name":"A. Vlaicu","lines":"4, 5, 6, 7, 8, 8L, 12, 30, 46B, A1, M41, M42, M42L, M43, M44","arr":["4","5","6","7","8","8L","12","30","46B","A1","M41","M42","M42L","M43","M44"],"terminus":0,"mode":"bus","color":"#0059a9","colorDark":"#00294f","angle":350,"snapDist":7,"label":1}},{"type":"Feature","geometry":{"type":"Point","coordinates":[23.617334,46.778868]},"properties":{"name":"Arte Plastice","lines":"4, 5, 6, 7, 8, 8L, 12, 24, 24B, 30, 34, 46B, 47, 48, 48L, 53, A1, M41, M42, M42L, M43, M44, M45","arr":["4","5","6","7","8","8L","12","24","24B","30","34","46B","47","48","48L","53","A1","M41","M42","M42L","M43","M44","M45"],"terminus":1,"mode":"bus","color":"#0059a9","colorDark":"#00294f","angle":345.8,"snapDist":5,"label":1}},{"type":"Feature","geometry":{"type":"Point","coordinates":[23.611718,46.777823]},"properties":{"name":"Crinului","lines":"4, 5, 6, 7, 8, 14, 24, 24B, 30, 46B, 47, A1","arr":["4","5","6","7","8","14","24","24B","30","46B","47","A1"],"terminus":0,"mode":"bus","color":"#0059a9","colorDark":"#00294f","angle":345.9,"snapDist":8,"label":1}},{"type":"Feature","geometry":{"type":"Point","coordinates":[23.60525,46.776081]},"properties":{"name":"Someș","lines":"4, 5, 6, 7, 8, 14, 24, 24B, 30, 46B, 47, A1","arr":["4","5","6","7","8","14","24","24B","30","46B","47","A1"],"terminus":0,"mode":"bus","color":"#0059a9","colorDark":"#00294f","angle":328.2,"snapDist":1,"label":1}},{"type":"Feature","geometry":{"type":"Point","coordinates":[23.597445,46.773271]},"properties":{"name":"Constanța","lines":"4, 5, 6, 7, 8, 14, 24, 24B, 30, 46B, 47, A1","arr":["4","5","6","7","8","14","24","24B","30","46B","47","A1"],"terminus":0,"mode":"bus","color":"#0059a9","colorDark":"#00294f","angle":330.7,"snapDist":2,"label":1}},{"type":"Feature","geometry":{"type":"Point","coordinates":[23.606268,46.776274]},"properties":{"name":"Biserica Sf. Petru","lines":"4, 5, 5N, 6, 7, 8, 14, 24, 24B, 25, 30, 47, A1","arr":["4","5","5N","6","7","8","14","24","24B","25","30","47","A1"],"terminus":0,"mode":"bus","color":"#0059a9","colorDark":"#00294f","angle":160.5,"snapDist":4,"label":1}},{"type":"Feature","geometry":{"type":"Point","coordinates":[23.611257,46.777621]},"properties":{"name":"P-ța Mărăști","lines":"4, 5, 5N, 6, 7, 8, 14, 24, 24B, 25, 30, 47, A1","arr":["4","5","5N","6","7","8","14","24","24B","25","30","47","A1"],"terminus":0,"mode":"bus","color":"#0059a9","colorDark":"#00294f","angle":164.5,"snapDist":6,"label":1}},{"type":"Feature","geometry":{"type":"Point","coordinates":[23.615766,46.778454]},"properties":{"name":"Mareșal C-tin Prezan","lines":"4, 5, 5N, 6, 7, 8, 8L, 24, 24B, 25, 30, 34, 46B, 47, 48, 48L, 53, A1, M41, M41L, M42, M42L, M43, M44, M45","arr":["4","5","5N","6","7","8","8L","24","24B","25","30","34","46B","47","48","48L","53","A1","M41","M41L","M42","M42L","M43","M44","M45"],"terminus":1,"mode":"bus","color":"#0059a9","colorDark":"#00294f","angle":164.6,"snapDist":7,"label":1}},{"type":"Feature","geometry":{"type":"Point","coordinates":[23.627067,46.780615]},"properties":{"name":"Siretului","lines":"4, 5, 5N, 6, 7, 8, 8L, 30, 46B, A1, M41, M41L, M42, M42L, M43, M44","arr":["4","5","5N","6","7","8","8L","30","46B","A1","M41","M41L","M42","M42L","M43","M44"],"terminus":0,"mode":"bus","color":"#0059a9","colorDark":"#00294f","angle":170.4,"snapDist":10,"label":1}},{"type":"Feature","geometry":{"type":"Point","coordinates":[23.636404,46.781733]},"properties":{"name":"Pod Someșeni","lines":"4, 5, 5N, 6, 7, 8, 8L, 30, 46B, A1, M41, M41L, M42, M42L, M43, M44, M45","arr":["4","5","5N","6","7","8","8L","30","46B","A1","M41","M41L","M42","M42L","M43","M44","M45"],"terminus":0,"mode":"bus","color":"#0059a9","colorDark":"#00294f","angle":177.6,"snapDist":11,"label":1}},{"type":"Feature","geometry":{"type":"Point","coordinates":[23.647863,46.784176]},"properties":{"name":"Aiudului","lines":"5, 5N, 8, 57L, M41, M41L, M42, M42L, M43","arr":["5","5N","8","57L","M41","M41L","M42","M42L","M43"],"terminus":0,"mode":"bus","color":"#0059a9","colorDark":"#00294f","angle":177.9,"snapDist":15,"label":1}},{"type":"Feature","geometry":{"type":"Point","coordinates":[23.654263,46.784193]},"properties":{"name":"Școala Someșeni","lines":"5, 5N, 8, 57L, M41, M41L, M42, M42L, M43, M44","arr":["5","5N","8","57L","M41","M41L","M42","M42L","M43","M44"],"terminus":0,"mode":"bus","color":"#0059a9","colorDark":"#00294f","angle":171.2,"snapDist":8,"label":1}},{"type":"Feature","geometry":{"type":"Point","coordinates":[23.661952,46.782965]},"properties":{"name":"Orăștie","lines":"5, 5N, 8, M41, M41L, M42, M42L, M43, M44","arr":["5","5N","8","M41","M41L","M42","M42L","M43","M44"],"terminus":0,"mode":"bus","color":"#0059a9","colorDark":"#00294f","angle":221.5,"snapDist":11,"label":1}},{"type":"Feature","geometry":{"type":"Point","coordinates":[23.665686,46.780727]},"properties":{"name":"Ambient","lines":"5, 5N, 8","arr":["5","5N","8"],"terminus":0,"mode":"bus","color":"#149a3f","colorDark":"#0a5121","angle":221.2,"snapDist":11,"label":1}},{"type":"Feature","geometry":{"type":"Point","coordinates":[23.670267,46.780419]},"properties":{"name":"Moș Ion Roată","lines":"5, 5N, 8, M41, M41L, M42, M42L","arr":["5","5N","8","M41","M41L","M42","M42L"],"terminus":0,"mode":"bus","color":"#0059a9","colorDark":"#00294f","angle":175.5,"snapDist":8,"label":1}},{"type":"Feature","geometry":{"type":"Point","coordinates":[23.676725,46.780783]},"properties":{"name":"Traian Vuia Sud","lines":"5, 5N, 8, M41, M41L, M42, M42L, M43","arr":["5","5N","8","M41","M41L","M42","M42L","M43"],"terminus":0,"mode":"bus","color":"#0059a9","colorDark":"#00294f","angle":175.9,"snapDist":9,"label":1}},{"type":"Feature","geometry":{"type":"Point","coordinates":[23.685331,46.781266]},"properties":{"name":"Aeroport Sud","lines":"5, 5N, 8, M41, M41L, M42, M42L, M43, M44","arr":["5","5N","8","M41","M41L","M42","M42L","M43","M44"],"terminus":0,"mode":"bus","color":"#0059a9","colorDark":"#00294f","angle":175.4,"snapDist":10,"label":1}},{"type":"Feature","geometry":{"type":"Point","coordinates":[23.691739,46.781623]},"properties":{"name":"Cantonului","lines":"5, 5N, 8, M42, M42L","arr":["5","5N","8","M42","M42L"],"terminus":0,"mode":"bus","color":"#0059a9","colorDark":"#00294f","angle":175.6,"snapDist":9,"label":1}},{"type":"Feature","geometry":{"type":"Point","coordinates":[23.697166,46.781919]},"properties":{"name":"Electromontaj Sud","lines":"5, 5N, 8, M41, M41L, M42, M42L, M43, M44","arr":["5","5N","8","M41","M41L","M42","M42L","M43","M44"],"terminus":1,"mode":"bus","color":"#0059a9","colorDark":"#00294f","angle":175,"snapDist":12,"label":1}},{"type":"Feature","geometry":{"type":"Point","coordinates":[23.697122,46.781916]},"properties":{"name":"Electromontaj Nord","lines":"5, 8, M41, M42, M42L, M43, M44","arr":["5","8","M41","M42","M42L","M43","M44"],"terminus":1,"mode":"bus","color":"#0059a9","colorDark":"#00294f","angle":355,"snapDist":10,"label":1}},{"type":"Feature","geometry":{"type":"Point","coordinates":[23.692381,46.781658]},"properties":{"name":"Aviația Utilitară","lines":"5, 8, M42, M42L","arr":["5","8","M42","M42L"],"terminus":0,"mode":"bus","color":"#0059a9","colorDark":"#00294f","angle":356.1,"snapDist":6,"label":1}},{"type":"Feature","geometry":{"type":"Point","coordinates":[23.686331,46.781319]},"properties":{"name":"Aeroport Nord","lines":"5, 8, M41, M42, M42L, M43, M44","arr":["5","8","M41","M42","M42L","M43","M44"],"terminus":0,"mode":"bus","color":"#0059a9","colorDark":"#00294f","angle":356.1,"snapDist":8,"label":1}},{"type":"Feature","geometry":{"type":"Point","coordinates":[23.680238,46.780982]},"properties":{"name":"Traian Vuia Nord","lines":"5, 8, M41, M42, M42L, M43","arr":["5","8","M41","M42","M42L","M43"],"terminus":0,"mode":"bus","color":"#0059a9","colorDark":"#00294f","angle":354.4,"snapDist":8,"label":1}},{"type":"Feature","geometry":{"type":"Point","coordinates":[23.669271,46.780366]},"properties":{"name":"Planoarelor","lines":"5, 8, M42, M42L","arr":["5","8","M42","M42L"],"terminus":0,"mode":"bus","color":"#0059a9","colorDark":"#00294f","angle":355.2,"snapDist":8,"label":1}},{"type":"Feature","geometry":{"type":"Point","coordinates":[23.661714,46.783109]},"properties":{"name":"Vlad Țepeș","lines":"5, 8, M41, M42, M42L, M43, M44","arr":["5","8","M41","M42","M42L","M43","M44"],"terminus":0,"mode":"bus","color":"#0059a9","colorDark":"#00294f","angle":41.5,"snapDist":6,"label":1}},{"type":"Feature","geometry":{"type":"Point","coordinates":[23.653697,46.784176]},"properties":{"name":"Cămin Someșeni","lines":"5, 8, 57L, M41, M42, M42L, M43, M44","arr":["5","8","57L","M41","M42","M42L","M43","M44"],"terminus":0,"mode":"bus","color":"#0059a9","colorDark":"#00294f","angle":2.2,"snapDist":5,"label":1}},{"type":"Feature","geometry":{"type":"Point","coordinates":[23.645724,46.784098]},"properties":{"name":"Branului","lines":"5, 8, 57L, M41, M42, M42L, M43","arr":["5","8","57L","M41","M42","M42L","M43"],"terminus":0,"mode":"bus","color":"#0059a9","colorDark":"#00294f","angle":355.4,"snapDist":8,"label":1}},{"type":"Feature","geometry":{"type":"Point","coordinates":[23.589397,46.774033]},"properties":{"name":"P-ța M. Viteazul Sud","lines":"8, 19, 25N, 26, 26L, 28, 28B, 29, 41, 44, 47, A1, M26","arr":["8","19","25N","26","26L","28","28B","29","41","44","47","A1","M26"],"terminus":1,"mode":"bus","color":"#0059a9","colorDark":"#00294f","angle":169,"snapDist":10,"label":1}},{"type":"Feature","geometry":{"type":"Point","coordinates":[23.648392,46.779065]},"properties":{"name":"Selgros","lines":"8L, M45","arr":["8L","M45"],"terminus":0,"mode":"bus","color":"#0059a9","colorDark":"#00294f","angle":210.1,"snapDist":11,"label":1}},{"type":"Feature","geometry":{"type":"Point","coordinates":[23.658571,46.778081]},"properties":{"name":"U.M. Someșeni","lines":"8L","arr":["8L"],"terminus":0,"mode":"bus","color":"#0059a9","colorDark":"#00294f","angle":175.7,"snapDist":8,"label":1}},{"type":"Feature","geometry":{"type":"Point","coordinates":[23.671055,46.778694]},"properties":{"name":"Dealul Borzaș","lines":"8L","arr":["8L"],"terminus":0,"mode":"bus","color":"#0059a9","colorDark":"#00294f","angle":166.6,"snapDist":9,"label":1}},{"type":"Feature","geometry":{"type":"Point","coordinates":[23.683187,46.777822]},"properties":{"name":"Platanilor","lines":"8L, M45","arr":["8L","M45"],"terminus":0,"mode":"bus","color":"#0059a9","colorDark":"#00294f","angle":159.7,"snapDist":4,"label":1}},{"type":"Feature","geometry":{"type":"Point","coordinates":[23.693857,46.77937]},"properties":{"name":"Henri Coandă","lines":"8L","arr":["8L"],"terminus":0,"mode":"bus","color":"#0059a9","colorDark":"#00294f","angle":176.3,"snapDist":7,"label":1}},{"type":"Feature","geometry":{"type":"Point","coordinates":[23.704595,46.780436]},"properties":{"name":"Halta Dezmir","lines":"8L","arr":["8L"],"terminus":0,"mode":"bus","color":"#0059a9","colorDark":"#00294f","angle":158.3,"snapDist":6,"label":1}},{"type":"Feature","geometry":{"type":"Point","coordinates":[23.710537,46.78135]},"properties":{"name":"Piața AGRO Sosire","lines":"8L","arr":["8L"],"terminus":1,"mode":"bus","color":"#0059a9","colorDark":"#00294f","angle":83.6,"snapDist":5,"label":1}},{"type":"Feature","geometry":{"type":"Point","coordinates":[23.710505,46.781548]},"properties":{"name":"AGRO Transilvania","lines":"8L","arr":["8L"],"terminus":1,"mode":"bus","color":"#0059a9","colorDark":"#00294f","angle":263.6,"snapDist":6,"label":1}},{"type":"Feature","geometry":{"type":"Point","coordinates":[23.704443,46.780447]},"properties":{"name":"Halta AGRO","lines":"8L","arr":["8L"],"terminus":0,"mode":"bus","color":"#0059a9","colorDark":"#00294f","angle":334.2,"snapDist":2,"label":1}},{"type":"Feature","geometry":{"type":"Point","coordinates":[23.693591,46.77936]},"properties":{"name":"R.A.D.P.","lines":"8L","arr":["8L"],"terminus":0,"mode":"bus","color":"#0059a9","colorDark":"#00294f","angle":357.8,"snapDist":0,"label":1}},{"type":"Feature","geometry":{"type":"Point","coordinates":[23.683009,46.777777]},"properties":{"name":"Poșta Română","lines":"8L, M45","arr":["8L","M45"],"terminus":0,"mode":"bus","color":"#0059a9","colorDark":"#00294f","angle":339.7,"snapDist":4,"label":1}},{"type":"Feature","geometry":{"type":"Point","coordinates":[23.670578,46.778642]},"properties":{"name":"Gara Someșeni","lines":"8L","arr":["8L"],"terminus":0,"mode":"bus","color":"#0059a9","colorDark":"#00294f","angle":353.3,"snapDist":1,"label":1}},{"type":"Feature","geometry":{"type":"Point","coordinates":[23.658455,46.778075]},"properties":{"name":"Mentenanței","lines":"8L","arr":["8L"],"terminus":0,"mode":"bus","color":"#0059a9","colorDark":"#00294f","angle":355.7,"snapDist":4,"label":1}},{"type":"Feature","geometry":{"type":"Point","coordinates":[23.648102,46.779199]},"properties":{"name":"Băi Someșeni","lines":"8L, M45","arr":["8L","M45"],"terminus":0,"mode":"bus","color":"#0059a9","colorDark":"#00294f","angle":47,"snapDist":5,"label":1}},{"type":"Feature","geometry":{"type":"Point","coordinates":[23.543179,46.751567]},"properties":{"name":"Disp. Bucium","lines":"9, 24, 25N, 52, 52L, M21, M22, M24, M25, M27, M51, M52","arr":["9","24","25N","52","52L","M21","M22","M24","M25","M27","M51","M52"],"terminus":1,"mode":"bus","color":"#0059a9","colorDark":"#00294f","angle":58.8,"snapDist":24,"label":1}},{"type":"Feature","geometry":{"type":"Point","coordinates":[23.543521,46.752741]},"properties":{"name":"Bucium","lines":"9, 24, 29, 29S, 43, 43B, 43P, 52, 52L, M21, M22, M24, M25, M27, M51, M52, M81","arr":["9","24","29","29S","43","43B","43P","52","52L","M21","M22","M24","M25","M27","M51","M52","M81"],"terminus":0,"mode":"bus","color":"#0059a9","colorDark":"#00294f","angle":71.7,"snapDist":13,"label":1}},{"type":"Feature","geometry":{"type":"Point","coordinates":[23.546486,46.757796]},"properties":{"name":"Ciobanului","lines":"9, 24, 24B, 29, 29S, 52, 52L, M23, M26","arr":["9","24","24B","29","29S","52","52L","M23","M26"],"terminus":0,"mode":"bus","color":"#0059a9","colorDark":"#00294f","angle":165.8,"snapDist":14,"label":1}},{"type":"Feature","geometry":{"type":"Point","coordinates":[23.550846,46.758747]},"properties":{"name":"P-ța Flora","lines":"9, 24, 24B, 29, 29S, 52, 52L, M23, M26","arr":["9","24","24B","29","29S","52","52L","M23","M26"],"terminus":0,"mode":"bus","color":"#0059a9","colorDark":"#00294f","angle":161,"snapDist":15,"label":1}},{"type":"Feature","geometry":{"type":"Point","coordinates":[23.551014,46.758786]},"properties":{"name":"Taberei","lines":"9, 24, 24B, 29, 52, 52L","arr":["9","24","24B","29","52","52L"],"terminus":0,"mode":"bus","color":"#0059a9","colorDark":"#00294f","angle":341.9,"snapDist":10,"label":1}},{"type":"Feature","geometry":{"type":"Point","coordinates":[23.545832,46.757673]},"properties":{"name":"Calea Florești","lines":"9, 24, 24B, 29, 52, 52L","arr":["9","24","24B","29","52","52L"],"terminus":0,"mode":"bus","color":"#0059a9","colorDark":"#00294f","angle":344.2,"snapDist":5,"label":1}},{"type":"Feature","geometry":{"type":"Point","coordinates":[23.543482,46.752826]},"properties":{"name":"Academia de Muzica","lines":"9, 24, 29, 43, 43B, 43P, 52, 52L, M21, M24, M27, M51, M81","arr":["9","24","29","43","43B","43P","52","52L","M21","M24","M27","M51","M81"],"terminus":1,"mode":"bus","color":"#0059a9","colorDark":"#00294f","angle":251.3,"snapDist":8,"label":1}},{"type":"Feature","geometry":{"type":"Point","coordinates":[23.605622,46.785698]},"properties":{"name":"Răsăritului","lines":"10, 23, 34, 50, 50D, 50L, 52, 52L","arr":["10","23","34","50","50D","50L","52","52L"],"terminus":0,"mode":"bus","color":"#0059a9","colorDark":"#00294f","angle":187.2,"snapDist":8,"label":1}},{"type":"Feature","geometry":{"type":"Point","coordinates":[23.611825,46.785368]},"properties":{"name":"Haltă Mărăști","lines":"10, 23, 34, 50, 50D, 50L, 52, 52L","arr":["10","23","34","50","50D","50L","52","52L"],"terminus":0,"mode":"bus","color":"#0059a9","colorDark":"#00294f","angle":184.3,"snapDist":5,"label":1}},{"type":"Feature","geometry":{"type":"Point","coordinates":[23.615162,46.788001]},"properties":{"name":"Bobâlnei Est","lines":"10, 12, 14, 23, 36B, 36L, 48, 48L, 50, 50D, 50L, 52, 52L","arr":["10","12","14","23","36B","36L","48","48L","50","50D","50L","52","52L"],"terminus":0,"mode":"bus","color":"#0059a9","colorDark":"#00294f","angle":105.6,"snapDist":12,"label":1}},{"type":"Feature","geometry":{"type":"Point","coordinates":[23.613334,46.79607]},"properties":{"name":"Terapia Est","lines":"10, 12, 14, 23, 48, 48L, 50, 50D, 50L","arr":["10","12","14","23","48","48L","50","50D","50L"],"terminus":0,"mode":"bus","color":"#0059a9","colorDark":"#00294f","angle":64.1,"snapDist":9,"label":1}},{"type":"Feature","geometry":{"type":"Point","coordinates":[23.612861,46.797628]},"properties":{"name":"TERAPIA Sud","lines":"10, 12, 14, 26, 26L, 48, 48L, 50, 50D, 50L","arr":["10","12","14","26","26L","48","48L","50","50D","50L"],"terminus":0,"mode":"bus","color":"#0059a9","colorDark":"#00294f","angle":173.5,"snapDist":12,"label":1}},{"type":"Feature","geometry":{"type":"Point","coordinates":[23.621481,46.795928]},"properties":{"name":"SINTEROM Sud","lines":"10, 12, 14, 23, 26, 26L, 48, 48L, 50, 50D, 50L","arr":["10","12","14","23","26","26L","48","48L","50","50D","50L"],"terminus":0,"mode":"bus","color":"#0059a9","colorDark":"#00294f","angle":195.4,"snapDist":3,"label":1}},{"type":"Feature","geometry":{"type":"Point","coordinates":[23.627701,46.795523]},"properties":{"name":"SIETA","lines":"10, 12, 14, 23, 26, 26L, 48, 48L, 50, 50D, 50L","arr":["10","12","14","23","26","26L","48","48L","50","50D","50L"],"terminus":0,"mode":"bus","color":"#0059a9","colorDark":"#00294f","angle":179,"snapDist":14,"label":1}},{"type":"Feature","geometry":{"type":"Point","coordinates":[23.630941,46.795975]},"properties":{"name":"TERMOROM Sud","lines":"10, 12, 14, 23, 26, 26L, 48, 48L, 50, 50D, 50L","arr":["10","12","14","23","26","26L","48","48L","50","50D","50L"],"terminus":0,"mode":"bus","color":"#0059a9","colorDark":"#00294f","angle":177.7,"snapDist":8,"label":1}},{"type":"Feature","geometry":{"type":"Point","coordinates":[23.635347,46.795926]},"properties":{"name":"Disp. ERS CUG","lines":"10, 26, 48, 50","arr":["10","26","48","50"],"terminus":1,"mode":"bus","color":"#0059a9","colorDark":"#00294f","angle":133.4,"snapDist":14,"label":1}},{"type":"Feature","geometry":{"type":"Point","coordinates":[23.613165,46.782121]},"properties":{"name":"Mareșal Al. Averescu","lines":"12, 14, 34, 36B, 36L, 48, 48L","arr":["12","14","34","36B","36L","48","48L"],"terminus":0,"mode":"bus","color":"#0059a9","colorDark":"#00294f","angle":72.2,"snapDist":7,"label":1}},{"type":"Feature","geometry":{"type":"Point","coordinates":[23.635879,46.796083]},"properties":{"name":"ERS CUG Sud","lines":"12, 14, 23, 26L, 48L, 50L","arr":["12","14","23","26L","48L","50L"],"terminus":1,"mode":"bus","color":"#0059a9","colorDark":"#00294f","angle":178.4,"snapDist":4,"label":1}},{"type":"Feature","geometry":{"type":"Point","coordinates":[23.634525,46.796051]},"properties":{"name":"ERS CUG Nord","lines":"14, 23, 26, 48, 48L, 50, 50L","arr":["14","23","26","48","48L","50","50L"],"terminus":1,"mode":"bus","color":"#0059a9","colorDark":"#00294f","angle":356.1,"snapDist":5,"label":1}},{"type":"Feature","geometry":{"type":"Point","coordinates":[23.620061,46.796218]},"properties":{"name":"SINTEROM Nord","lines":"14, 23, 26, 26L, 48, 48L, 50, 50L","arr":["14","23","26","26L","48","48L","50","50L"],"terminus":0,"mode":"bus","color":"#0059a9","colorDark":"#00294f","angle":16.7,"snapDist":4,"label":1}},{"type":"Feature","geometry":{"type":"Point","coordinates":[23.614081,46.797404]},"properties":{"name":"TERAPIA Nord","lines":"14, 26, 26L, 48, 48L, 50, 50L","arr":["14","26","26L","48","48L","50","50L"],"terminus":0,"mode":"bus","color":"#0059a9","colorDark":"#00294f","angle":16.2,"snapDist":4,"label":1}},{"type":"Feature","geometry":{"type":"Point","coordinates":[23.612952,46.796613]},"properties":{"name":"Terapia Vest","lines":"14, 23, 48, 48L, 50, 50L","arr":["14","23","48","48L","50","50L"],"terminus":0,"mode":"bus","color":"#0059a9","colorDark":"#00294f","angle":244.7,"snapDist":13,"label":1}},{"type":"Feature","geometry":{"type":"Point","coordinates":[23.61479,46.787277]},"properties":{"name":"Bobâlnei Vest","lines":"14, 23, 36B, 36L, 48, 48L, 50, 50L, 52, 52L","arr":["14","23","36B","36L","48","48L","50","50L","52","52L"],"terminus":0,"mode":"bus","color":"#0059a9","colorDark":"#00294f","angle":292.1,"snapDist":7,"label":1}},{"type":"Feature","geometry":{"type":"Point","coordinates":[23.613909,46.780421]},"properties":{"name":"Fabricii","lines":"14, 34, 48, 48L, 53","arr":["14","34","48","48L","53"],"terminus":0,"mode":"bus","color":"#0059a9","colorDark":"#00294f","angle":253.7,"snapDist":13,"label":1}},{"type":"Feature","geometry":{"type":"Point","coordinates":[23.598488,46.768488]},"properties":{"name":"Posada","lines":"18, 20, 40, M11, M12, M13, M16, M17, M18, M61, M71","arr":["18","20","40","M11","M12","M13","M16","M17","M18","M61","M71"],"terminus":1,"mode":"bus","color":"#0059a9","colorDark":"#00294f","angle":334.4,"snapDist":1,"label":1}},{"type":"Feature","geometry":{"type":"Point","coordinates":[23.601513,46.767493]},"properties":{"name":"P-ța Cipariu Sud","lines":"18, 20, 21, 32, 32B, 45, 57, 57L","arr":["18","20","21","32","32B","45","57","57L"],"terminus":0,"mode":"bus","color":"#0059a9","colorDark":"#00294f","angle":220.9,"snapDist":12,"label":1}},{"type":"Feature","geometry":{"type":"Point","coordinates":[23.608585,46.763453]},"properties":{"name":"C-tin Brâncoveanu Vest","lines":"18, 20, 32, 32B, 45, 57, 57L, M13","arr":["18","20","32","32B","45","57","57L","M13"],"terminus":0,"mode":"bus","color":"#0059a9","colorDark":"#00294f","angle":220.4,"snapDist":8,"label":1}},{"type":"Feature","geometry":{"type":"Point","coordinates":[23.614003,46.760269]},"properties":{"name":"Mălinului Vest","lines":"18, 20, 32, 32B, 45, 57, 57L, M13","arr":["18","20","32","32B","45","57","57L","M13"],"terminus":0,"mode":"bus","color":"#0059a9","colorDark":"#00294f","angle":221.1,"snapDist":12,"label":1}},{"type":"Feature","geometry":{"type":"Point","coordinates":[23.617588,46.758166]},"properties":{"name":"Alverna Vest","lines":"18, 20, 32, 32B, 45, 57, 57L, M13, M61","arr":["18","20","32","32B","45","57","57L","M13","M61"],"terminus":0,"mode":"bus","color":"#0059a9","colorDark":"#00294f","angle":223,"snapDist":8,"label":1}},{"type":"Feature","geometry":{"type":"Point","coordinates":[23.620688,46.755431]},"properties":{"name":"Antonio Gaudi Nord","lines":"18","arr":["18"],"terminus":0,"mode":"bus","color":"#0059a9","colorDark":"#00294f","angle":237.6,"snapDist":6,"label":1}},{"type":"Feature","geometry":{"type":"Point","coordinates":[23.623185,46.752469]},"properties":{"name":"Nordului Vest","lines":"18","arr":["18"],"terminus":0,"mode":"bus","color":"#0059a9","colorDark":"#00294f","angle":224.2,"snapDist":3,"label":1}},{"type":"Feature","geometry":{"type":"Point","coordinates":[23.629662,46.748677]},"properties":{"name":"Uranus Vest","lines":"18","arr":["18"],"terminus":0,"mode":"bus","color":"#0059a9","colorDark":"#00294f","angle":211.3,"snapDist":5,"label":1}},{"type":"Feature","geometry":{"type":"Point","coordinates":[23.635892,46.745662]},"properties":{"name":"Romul Ladea Vest","lines":"18","arr":["18"],"terminus":0,"mode":"bus","color":"#0059a9","colorDark":"#00294f","angle":225.9,"snapDist":4,"label":1}},{"type":"Feature","geometry":{"type":"Point","coordinates":[23.635959,46.741971]},"properties":{"name":"Dimitrie Onciul Vest","lines":"18","arr":["18"],"terminus":0,"mode":"bus","color":"#0059a9","colorDark":"#00294f","angle":274.5,"snapDist":8,"label":1}},{"type":"Feature","geometry":{"type":"Point","coordinates":[23.636541,46.73852]},"properties":{"name":"Veseliei","lines":"18","arr":["18"],"terminus":1,"mode":"bus","color":"#0059a9","colorDark":"#00294f","angle":246.2,"snapDist":5,"label":1}},{"type":"Feature","geometry":{"type":"Point","coordinates":[23.635944,46.74184]},"properties":{"name":"Dimitrie Onciul Est","lines":"18","arr":["18"],"terminus":0,"mode":"bus","color":"#0059a9","colorDark":"#00294f","angle":94.5,"snapDist":2,"label":1}},{"type":"Feature","geometry":{"type":"Point","coordinates":[23.636178,46.745457]},"properties":{"name":"Romul Ladea Est","lines":"18","arr":["18"],"terminus":0,"mode":"bus","color":"#0059a9","colorDark":"#00294f","angle":48.5,"snapDist":4,"label":1}},{"type":"Feature","geometry":{"type":"Point","coordinates":[23.629698,46.748662]},"properties":{"name":"Uranus Est","lines":"18","arr":["18"],"terminus":0,"mode":"bus","color":"#0059a9","colorDark":"#00294f","angle":31.3,"snapDist":4,"label":1}},{"type":"Feature","geometry":{"type":"Point","coordinates":[23.623265,46.752416]},"properties":{"name":"Nordului Est","lines":"18","arr":["18"],"terminus":0,"mode":"bus","color":"#0059a9","colorDark":"#00294f","angle":44.2,"snapDist":1,"label":1}},{"type":"Feature","geometry":{"type":"Point","coordinates":[23.621447,46.754757]},"properties":{"name":"Antonio Gaudi Sud","lines":"18","arr":["18"],"terminus":0,"mode":"bus","color":"#0059a9","colorDark":"#00294f","angle":51.3,"snapDist":4,"label":1}},{"type":"Feature","geometry":{"type":"Point","coordinates":[23.617092,46.758476]},"properties":{"name":"Alverna Est","lines":"18, 20, 32, 32B, 45, 57, 57L, M13, M61","arr":["18","20","32","32B","45","57","57L","M13","M61"],"terminus":0,"mode":"bus","color":"#0059a9","colorDark":"#00294f","angle":40.8,"snapDist":3,"label":1}},{"type":"Feature","geometry":{"type":"Point","coordinates":[23.614254,46.760123]},"properties":{"name":"Mălinului Est","lines":"18, 20, 32, 32B, 45, 57, 57L, M13","arr":["18","20","32","32B","45","57","57L","M13"],"terminus":0,"mode":"bus","color":"#0059a9","colorDark":"#00294f","angle":39.3,"snapDist":8,"label":1}},{"type":"Feature","geometry":{"type":"Point","coordinates":[23.608741,46.763361]},"properties":{"name":"C-tin Brâncoveanu Est","lines":"18, 20, 32, 32B, 45, 57, 57L, M13","arr":["18","20","32","32B","45","57","57L","M13"],"terminus":0,"mode":"bus","color":"#0059a9","colorDark":"#00294f","angle":40.4,"snapDist":7,"label":1}},{"type":"Feature","geometry":{"type":"Point","coordinates":[23.564899,46.752374]},"properties":{"name":"Bâlea Vest","lines":"19, 42","arr":["19","42"],"terminus":0,"mode":"bus","color":"#0059a9","colorDark":"#00294f","angle":247.3,"snapDist":2,"label":1}},{"type":"Feature","geometry":{"type":"Point","coordinates":[23.562788,46.748761]},"properties":{"name":"Dimitrie Gusti","lines":"19","arr":["19"],"terminus":0,"mode":"bus","color":"#0059a9","colorDark":"#00294f","angle":327.2,"snapDist":1,"label":1}},{"type":"Feature","geometry":{"type":"Point","coordinates":[23.564272,46.747365]},"properties":{"name":"E.Quinet Vest","lines":"19","arr":["19"],"terminus":0,"mode":"bus","color":"#0059a9","colorDark":"#00294f","angle":210.1,"snapDist":2,"label":1}},{"type":"Feature","geometry":{"type":"Point","coordinates":[23.565335,46.742728]},"properties":{"name":"E.Quinet Sud","lines":"19","arr":["19"],"terminus":1,"mode":"bus","color":"#0059a9","colorDark":"#00294f","angle":119.6,"snapDist":1,"label":1}},{"type":"Feature","geometry":{"type":"Point","coordinates":[23.563353,46.74794]},"properties":{"name":"E. Quinet Nord","lines":"19","arr":["19"],"terminus":0,"mode":"bus","color":"#0059a9","colorDark":"#00294f","angle":114.7,"snapDist":5,"label":1}},{"type":"Feature","geometry":{"type":"Point","coordinates":[23.557927,46.750135]},"properties":{"name":"A.N.L.","lines":"19","arr":["19"],"terminus":0,"mode":"bus","color":"#0059a9","colorDark":"#00294f","angle":356.7,"snapDist":3,"label":1}},{"type":"Feature","geometry":{"type":"Point","coordinates":[23.558465,46.753372]},"properties":{"name":"Grădinița Mehedinți","lines":"19","arr":["19"],"terminus":0,"mode":"bus","color":"#0059a9","colorDark":"#00294f","angle":182,"snapDist":3,"label":1}},{"type":"Feature","geometry":{"type":"Point","coordinates":[23.651095,46.743993]},"properties":{"name":"Biserica Borhanci Est","lines":"20, M13","arr":["20","M13"],"terminus":1,"mode":"bus","color":"#0059a9","colorDark":"#00294f","angle":75.9,"snapDist":2,"label":1}},{"type":"Feature","geometry":{"type":"Point","coordinates":[23.647436,46.74705]},"properties":{"name":"Voievodul Menumorut Est","lines":"20, M13","arr":["20","M13"],"terminus":0,"mode":"bus","color":"#0059a9","colorDark":"#00294f","angle":48.3,"snapDist":3,"label":1}},{"type":"Feature","geometry":{"type":"Point","coordinates":[23.639034,46.75051]},"properties":{"name":"Voievodul Gelu Est","lines":"20, M13","arr":["20","M13"],"terminus":0,"mode":"bus","color":"#0059a9","colorDark":"#00294f","angle":36.3,"snapDist":2,"label":1}},{"type":"Feature","geometry":{"type":"Point","coordinates":[23.634119,46.752632]},"properties":{"name":"Theodor Pallady","lines":"20, M13","arr":["20","M13"],"terminus":0,"mode":"bus","color":"#0059a9","colorDark":"#00294f","angle":10.1,"snapDist":4,"label":1}},{"type":"Feature","geometry":{"type":"Point","coordinates":[23.627938,46.754812]},"properties":{"name":"Borhanciului","lines":"20, M13","arr":["20","M13"],"terminus":0,"mode":"bus","color":"#0059a9","colorDark":"#00294f","angle":32,"snapDist":6,"label":1}},{"type":"Feature","geometry":{"type":"Point","coordinates":[23.62465,46.756668]},"properties":{"name":"Sere USAMV Nord","lines":"20, M13","arr":["20","M13"],"terminus":0,"mode":"bus","color":"#0059a9","colorDark":"#00294f","angle":32.8,"snapDist":4,"label":1}},{"type":"Feature","geometry":{"type":"Point","coordinates":[23.62484,46.756584]},"properties":{"name":"Sere USAMV Sud","lines":"20, M13","arr":["20","M13"],"terminus":0,"mode":"bus","color":"#0059a9","colorDark":"#00294f","angle":211.9,"snapDist":20,"label":1}},{"type":"Feature","geometry":{"type":"Point","coordinates":[23.628128,46.754731]},"properties":{"name":"Antim Ivireanul","lines":"20, M13","arr":["20","M13"],"terminus":0,"mode":"bus","color":"#0059a9","colorDark":"#00294f","angle":211.9,"snapDist":14,"label":1}},{"type":"Feature","geometry":{"type":"Point","coordinates":[23.634533,46.752587]},"properties":{"name":"Violetelor","lines":"20, M13","arr":["20","M13"],"terminus":0,"mode":"bus","color":"#0059a9","colorDark":"#00294f","angle":188.2,"snapDist":7,"label":1}},{"type":"Feature","geometry":{"type":"Point","coordinates":[23.639335,46.750358]},"properties":{"name":"Voievodul Gelu Vest","lines":"20, M13","arr":["20","M13"],"terminus":0,"mode":"bus","color":"#0059a9","colorDark":"#00294f","angle":216.8,"snapDist":7,"label":1}},{"type":"Feature","geometry":{"type":"Point","coordinates":[23.647221,46.747218]},"properties":{"name":"Voievodul Menumorut Vest","lines":"20, M13","arr":["20","M13"],"terminus":0,"mode":"bus","color":"#0059a9","colorDark":"#00294f","angle":231.4,"snapDist":5,"label":1}},{"type":"Feature","geometry":{"type":"Point","coordinates":[23.651166,46.7438]},"properties":{"name":"Biserica Borhanci Vest","lines":"20, M13","arr":["20","M13"],"terminus":1,"mode":"bus","color":"#0059a9","colorDark":"#00294f","angle":255.9,"snapDist":5,"label":1}},{"type":"Feature","geometry":{"type":"Point","coordinates":[23.590323,46.774124]},"properties":{"name":"P-ța M. Viteazul Vest","lines":"21, 32, 32B, 33, 36B, 36L, 53, A1","arr":["21","32","32B","33","36B","36L","53","A1"],"terminus":1,"mode":"bus","color":"#0059a9","colorDark":"#00294f","angle":175.7,"snapDist":3,"label":1}},{"type":"Feature","geometry":{"type":"Point","coordinates":[23.605902,46.761734]},"properties":{"name":"P-ța I Agârbiceanu Vest","lines":"21","arr":["21"],"terminus":0,"mode":"bus","color":"#0059a9","colorDark":"#00294f","angle":271.9,"snapDist":15,"label":1}},{"type":"Feature","geometry":{"type":"Point","coordinates":[23.608394,46.757338]},"properties":{"name":"Drapelului Vest","lines":"21","arr":["21"],"terminus":0,"mode":"bus","color":"#0059a9","colorDark":"#00294f","angle":237.1,"snapDist":12,"label":1}},{"type":"Feature","geometry":{"type":"Point","coordinates":[23.611409,46.754453]},"properties":{"name":"Becas Vest","lines":"21","arr":["21"],"terminus":0,"mode":"bus","color":"#0059a9","colorDark":"#00294f","angle":231,"snapDist":14,"label":1}},{"type":"Feature","geometry":{"type":"Point","coordinates":[23.610839,46.752832]},"properties":{"name":"Fagului","lines":"21, 45","arr":["21","45"],"terminus":0,"mode":"bus","color":"#0059a9","colorDark":"#00294f","angle":299.5,"snapDist":3,"label":1}},{"type":"Feature","geometry":{"type":"Point","coordinates":[23.604516,46.749759]},"properties":{"name":"Trifoiului Nord","lines":"21, 45","arr":["21","45"],"terminus":0,"mode":"bus","color":"#0059a9","colorDark":"#00294f","angle":340.9,"snapDist":1,"label":1}},{"type":"Feature","geometry":{"type":"Point","coordinates":[23.601014,46.748942]},"properties":{"name":"Vitacom Nord","lines":"21, 45","arr":["21","45"],"terminus":0,"mode":"bus","color":"#0059a9","colorDark":"#00294f","angle":341.6,"snapDist":1,"label":1}},{"type":"Feature","geometry":{"type":"Point","coordinates":[23.596533,46.747885]},"properties":{"name":"Compl. Tempus Nord","lines":"21, 45","arr":["21","45"],"terminus":0,"mode":"bus","color":"#0059a9","colorDark":"#00294f","angle":341.8,"snapDist":1,"label":1}},{"type":"Feature","geometry":{"type":"Point","coordinates":[23.592492,46.745512]},"properties":{"name":"Hexagon","lines":"21, 40, 43B, M11, M12","arr":["21","40","43B","M11","M12"],"terminus":0,"mode":"bus","color":"#0059a9","colorDark":"#00294f","angle":276.5,"snapDist":2,"label":1}},{"type":"Feature","geometry":{"type":"Point","coordinates":[23.591405,46.739993]},"properties":{"name":"Drum Făget","lines":"21, 40, 43B, M11, M12, M16","arr":["21","40","43B","M11","M12","M16"],"terminus":0,"mode":"bus","color":"#0059a9","colorDark":"#00294f","angle":279.3,"snapDist":8,"label":1}},{"type":"Feature","geometry":{"type":"Point","coordinates":[23.591744,46.741106]},"properties":{"name":"Dacia Service Sosire","lines":"21, 43B","arr":["21","43B"],"terminus":1,"mode":"bus","color":"#0059a9","colorDark":"#00294f","angle":97.9,"snapDist":6,"label":1}},{"type":"Feature","geometry":{"type":"Point","coordinates":[23.591756,46.741168]},"properties":{"name":"Dacia Service","lines":"21, 40, 43B, M11, M12, M16","arr":["21","40","43B","M11","M12","M16"],"terminus":1,"mode":"bus","color":"#0059a9","colorDark":"#00294f","angle":97.9,"snapDist":8,"label":1}},{"type":"Feature","geometry":{"type":"Point","coordinates":[23.592743,46.746272]},"properties":{"name":"Compexit","lines":"21, 40, 43B, M11, M12","arr":["21","40","43B","M11","M12"],"terminus":0,"mode":"bus","color":"#0059a9","colorDark":"#00294f","angle":97.6,"snapDist":1,"label":1}},{"type":"Feature","geometry":{"type":"Point","coordinates":[23.597058,46.748004]},"properties":{"name":"Compl. Tempus Sud","lines":"21, 45","arr":["21","45"],"terminus":0,"mode":"bus","color":"#0059a9","colorDark":"#00294f","angle":161.3,"snapDist":8,"label":1}},{"type":"Feature","geometry":{"type":"Point","coordinates":[23.601392,46.749028]},"properties":{"name":"Vitacom Sud","lines":"21, 45","arr":["21","45"],"terminus":0,"mode":"bus","color":"#0059a9","colorDark":"#00294f","angle":161.6,"snapDist":9,"label":1}},{"type":"Feature","geometry":{"type":"Point","coordinates":[23.606374,46.750176]},"properties":{"name":"Trifoiului Sud","lines":"21, 45","arr":["21","45"],"terminus":0,"mode":"bus","color":"#0059a9","colorDark":"#00294f","angle":161.5,"snapDist":6,"label":1}},{"type":"Feature","geometry":{"type":"Point","coordinates":[23.611195,46.754634]},"properties":{"name":"Becas Est","lines":"21","arr":["21"],"terminus":0,"mode":"bus","color":"#0059a9","colorDark":"#00294f","angle":51,"snapDist":7,"label":1}},{"type":"Feature","geometry":{"type":"Point","coordinates":[23.608567,46.75715]},"properties":{"name":"Drapelului Est","lines":"21","arr":["21"],"terminus":0,"mode":"bus","color":"#0059a9","colorDark":"#00294f","angle":58.9,"snapDist":7,"label":1}},{"type":"Feature","geometry":{"type":"Point","coordinates":[23.606543,46.760538]},"properties":{"name":"P-ța I Agârbiceanu Est","lines":"21","arr":["21"],"terminus":0,"mode":"bus","color":"#0059a9","colorDark":"#00294f","angle":67.6,"snapDist":5,"label":1}},{"type":"Feature","geometry":{"type":"Point","coordinates":[23.602103,46.764195]},"properties":{"name":"Andrei Mureșanu","lines":"21","arr":["21"],"terminus":0,"mode":"bus","color":"#0059a9","colorDark":"#00294f","angle":36,"snapDist":1,"label":1}},{"type":"Feature","geometry":{"type":"Point","coordinates":[23.589133,46.77557]},"properties":{"name":"Dacia","lines":"22, 26, 26L, 27, 28, 28B, 41","arr":["22","26","26L","27","28","28B","41"],"terminus":0,"mode":"bus","color":"#0059a9","colorDark":"#00294f","angle":317.1,"snapDist":2,"label":1}},{"type":"Feature","geometry":{"type":"Point","coordinates":[23.587566,46.763789]},"properties":{"name":"Ion Creangă","lines":"22","arr":["22"],"terminus":0,"mode":"bus","color":"#0059a9","colorDark":"#00294f","angle":347.7,"snapDist":4,"label":1}},{"type":"Feature","geometry":{"type":"Point","coordinates":[23.583748,46.76307]},"properties":{"name":"Hașdeu","lines":"22","arr":["22"],"terminus":0,"mode":"bus","color":"#0059a9","colorDark":"#00294f","angle":326.8,"snapDist":10,"label":1}},{"type":"Feature","geometry":{"type":"Point","coordinates":[23.581175,46.761144]},"properties":{"name":"C. Porumbescu","lines":"22","arr":["22"],"terminus":0,"mode":"bus","color":"#0059a9","colorDark":"#00294f","angle":292.6,"snapDist":7,"label":1}},{"type":"Feature","geometry":{"type":"Point","coordinates":[23.583215,46.760124]},"properties":{"name":"Boli Infecțioase Sosire","lines":"22","arr":["22"],"terminus":1,"mode":"bus","color":"#0059a9","colorDark":"#00294f","angle":170.6,"snapDist":5,"label":1}},{"type":"Feature","geometry":{"type":"Point","coordinates":[23.583583,46.760169]},"properties":{"name":"Sp. de Boli Infecțioase","lines":"22","arr":["22"],"terminus":1,"mode":"bus","color":"#0059a9","colorDark":"#00294f","angle":-11.2,"snapDist":13,"label":1}},{"type":"Feature","geometry":{"type":"Point","coordinates":[23.584814,46.763794]},"properties":{"name":"V. Babeș","lines":"22","arr":["22"],"terminus":0,"mode":"bus","color":"#0059a9","colorDark":"#00294f","angle":101.6,"snapDist":5,"label":1}},{"type":"Feature","geometry":{"type":"Point","coordinates":[23.630388,46.795962]},"properties":{"name":"TERMOROM Nord","lines":"23, 26, 26L, 48, 48L, 50L","arr":["23","26","26L","48","48L","50L"],"terminus":0,"mode":"bus","color":"#0059a9","colorDark":"#00294f","angle":358.1,"snapDist":7,"label":1}},{"type":"Feature","geometry":{"type":"Point","coordinates":[23.611812,46.785369]},"properties":{"name":"Câmpul Pâinii","lines":"23, 34, 50, 50L, 52, 52L","arr":["23","34","50","50L","52","52L"],"terminus":0,"mode":"bus","color":"#0059a9","colorDark":"#00294f","angle":4.2,"snapDist":4,"label":1}},{"type":"Feature","geometry":{"type":"Point","coordinates":[23.629651,46.76894]},"properties":{"name":"Unirii","lines":"24, 24B","arr":["24","24B"],"terminus":0,"mode":"bus","color":"#0059a9","colorDark":"#00294f","angle":44.4,"snapDist":3,"label":1}},{"type":"Feature","geometry":{"type":"Point","coordinates":[23.62811,46.769948]},"properties":{"name":"Colegiul Pedagogic","lines":"24, 24B, 34, 44, 45, 48, 48L, 57, 57L","arr":["24","24B","34","44","45","48","48L","57","57L"],"terminus":0,"mode":"bus","color":"#0059a9","colorDark":"#00294f","angle":43.1,"snapDist":6,"label":1}},{"type":"Feature","geometry":{"type":"Point","coordinates":[23.626135,46.771117]},"properties":{"name":"Iulius Mall Est","lines":"24, 24B, 34, 44, 45, 48, 48L, 57, 57L","arr":["24","24B","34","44","45","48","48L","57","57L"],"terminus":0,"mode":"bus","color":"#0059a9","colorDark":"#00294f","angle":35.7,"snapDist":9,"label":1}},{"type":"Feature","geometry":{"type":"Point","coordinates":[23.621781,46.774011]},"properties":{"name":"Campus Universitar Est","lines":"24, 24B, 34, 48, 48L, 57, 57L","arr":["24","24B","34","48","48L","57","57L"],"terminus":0,"mode":"bus","color":"#0059a9","colorDark":"#00294f","angle":74,"snapDist":12,"label":1}},{"type":"Feature","geometry":{"type":"Point","coordinates":[23.620035,46.777897]},"properties":{"name":"Dorobanților","lines":"24, 24B, 25, 34, 48, 48L","arr":["24","24B","25","34","48","48L"],"terminus":0,"mode":"bus","color":"#0059a9","colorDark":"#00294f","angle":253.9,"snapDist":7,"label":1}},{"type":"Feature","geometry":{"type":"Point","coordinates":[23.621735,46.774123]},"properties":{"name":"Campus Universitar Vest","lines":"24, 24B, 25, 34, 44, 45, 48, 48L, 57, 57L","arr":["24","24B","25","34","44","45","48","48L","57","57L"],"terminus":0,"mode":"bus","color":"#0059a9","colorDark":"#00294f","angle":254,"snapDist":6,"label":1}},{"type":"Feature","geometry":{"type":"Point","coordinates":[23.625302,46.771532]},"properties":{"name":"Iulius Mall Vest","lines":"24, 24B, 25, 34, 44, 45, 48, 48L, 57, 57L","arr":["24","24B","25","34","44","45","48","48L","57","57L"],"terminus":0,"mode":"bus","color":"#0059a9","colorDark":"#00294f","angle":219.7,"snapDist":11,"label":1}},{"type":"Feature","geometry":{"type":"Point","coordinates":[23.628255,46.76986]},"properties":{"name":"Valeriu Bologa","lines":"24, 24B, 25, 34, 44, 45, 48, 48L, 57, 57L","arr":["24","24B","25","34","44","45","48","48L","57","57L"],"terminus":0,"mode":"bus","color":"#0059a9","colorDark":"#00294f","angle":220.3,"snapDist":6,"label":1}},{"type":"Feature","geometry":{"type":"Point","coordinates":[23.539969,46.75637]},"properties":{"name":"Nodul N Nord","lines":"24B, 28B, 43P, M21, M22, M24, M25, M27, M51, M52, M81","arr":["24B","28B","43P","M21","M22","M24","M25","M27","M51","M52","M81"],"terminus":0,"mode":"bus","color":"#0059a9","colorDark":"#00294f","angle":341.2,"snapDist":7,"label":1}},{"type":"Feature","geometry":{"type":"Point","coordinates":[23.532992,46.752664]},"properties":{"name":"VIVO Sosire","lines":"24B, 28B, 43P","arr":["24B","28B","43P"],"terminus":1,"mode":"bus","color":"#0059a9","colorDark":"#00294f","angle":81,"snapDist":7,"label":1}},{"type":"Feature","geometry":{"type":"Point","coordinates":[23.532928,46.753073]},"properties":{"name":"VIVO","lines":"24B, 28B, 43P","arr":["24B","28B","43P"],"terminus":1,"mode":"bus","color":"#0059a9","colorDark":"#00294f","angle":84.7,"snapDist":8,"label":1}},{"type":"Feature","geometry":{"type":"Point","coordinates":[23.548292,46.764984]},"properties":{"name":"Disp. Grigorescu","lines":"26, 26L, 27, 28, 30, 41, 43, 43B, 44, 54N","arr":["26","26L","27","28","30","41","43","43B","44","54N"],"terminus":1,"mode":"bus","color":"#0059a9","colorDark":"#00294f","angle":131.5,"snapDist":38,"label":1}},{"type":"Feature","geometry":{"type":"Point","coordinates":[23.54908,46.765602]},"properties":{"name":"Radio România Cluj","lines":"26, 26L, 27, 28, 30, 41, 43, 43B, 44, 54N","arr":["26","26L","27","28","30","41","43","43B","44","54N"],"terminus":1,"mode":"bus","color":"#0059a9","colorDark":"#00294f","angle":334.5,"snapDist":6,"label":1}},{"type":"Feature","geometry":{"type":"Point","coordinates":[23.555562,46.769696]},"properties":{"name":"Petuniei","lines":"26, 26L, 27, 28, 28B, 30, 41, 44, 54N","arr":["26","26L","27","28","28B","30","41","44","54N"],"terminus":0,"mode":"bus","color":"#0059a9","colorDark":"#00294f","angle":170.5,"snapDist":8,"label":1}},{"type":"Feature","geometry":{"type":"Point","coordinates":[23.562285,46.77037]},"properties":{"name":"Iancu de Hunedoara","lines":"26, 26L, 27, 28, 28B, 30, 41, 44, 54N","arr":["26","26L","27","28","28B","30","41","44","54N"],"terminus":0,"mode":"bus","color":"#0059a9","colorDark":"#00294f","angle":171.8,"snapDist":6,"label":1}},{"type":"Feature","geometry":{"type":"Point","coordinates":[23.566344,46.770796]},"properties":{"name":"P-ța 14 Iulie Sud","lines":"26, 26L, 27, 28, 28B, 30, 41, 44, 54N","arr":["26","26L","27","28","28B","30","41","44","54N"],"terminus":0,"mode":"bus","color":"#0059a9","colorDark":"#00294f","angle":171.9,"snapDist":6,"label":1}},{"type":"Feature","geometry":{"type":"Point","coordinates":[23.575797,46.771783]},"properties":{"name":"Hotel Napoca","lines":"26, 26L, 27, 28, 28B, 30, 41, 44, 54N","arr":["26","26L","27","28","28B","30","41","44","54N"],"terminus":0,"mode":"bus","color":"#0059a9","colorDark":"#00294f","angle":171.8,"snapDist":8,"label":1}},{"type":"Feature","geometry":{"type":"Point","coordinates":[23.583571,46.772051]},"properties":{"name":"Parcul Central","lines":"26, 26L, 28B, 41, 44, M26","arr":["26","26L","28B","41","44","M26"],"terminus":0,"mode":"bus","color":"#0059a9","colorDark":"#00294f","angle":212.9,"snapDist":5,"label":1}},{"type":"Feature","geometry":{"type":"Point","coordinates":[23.589897,46.77997]},"properties":{"name":"Poliția Est","lines":"26, 26L","arr":["26","26L"],"terminus":0,"mode":"bus","color":"#0059a9","colorDark":"#00294f","angle":111.7,"snapDist":9,"label":1}},{"type":"Feature","geometry":{"type":"Point","coordinates":[23.591256,46.783564]},"properties":{"name":"Grupul Școlar CFR Est","lines":"26, 26L","arr":["26","26L"],"terminus":0,"mode":"bus","color":"#0059a9","colorDark":"#00294f","angle":128.6,"snapDist":4,"label":1}},{"type":"Feature","geometry":{"type":"Point","coordinates":[23.59665,46.787334]},"properties":{"name":"Libertatea Est","lines":"26, 26L","arr":["26","26L"],"terminus":0,"mode":"bus","color":"#0059a9","colorDark":"#00294f","angle":90.2,"snapDist":12,"label":1}},{"type":"Feature","geometry":{"type":"Point","coordinates":[23.599197,46.791432]},"properties":{"name":"Gh. Asachi","lines":"26, 26L, M37, M39, M39L","arr":["26","26L","M37","M39","M39L"],"terminus":0,"mode":"bus","color":"#0059a9","colorDark":"#00294f","angle":152.4,"snapDist":7,"label":1}},{"type":"Feature","geometry":{"type":"Point","coordinates":[23.602797,46.795658]},"properties":{"name":"IRIS Sud","lines":"26, 26L, 39, 39L","arr":["26","26L","39","39L"],"terminus":0,"mode":"bus","color":"#0059a9","colorDark":"#00294f","angle":123.2,"snapDist":12,"label":1}},{"type":"Feature","geometry":{"type":"Point","coordinates":[23.606391,46.798317]},"properties":{"name":"Oașului Sud","lines":"26, 26L","arr":["26","26L"],"terminus":0,"mode":"bus","color":"#0059a9","colorDark":"#00294f","angle":133.5,"snapDist":9,"label":1}},{"type":"Feature","geometry":{"type":"Point","coordinates":[23.635326,46.79591]},"properties":{"name":"ERS CUG S.","lines":"26, 48, 50, 50D","arr":["26","48","50","50D"],"terminus":1,"mode":"bus","color":"#0059a9","colorDark":"#00294f","angle":133.4,"snapDist":8,"label":1}},{"type":"Feature","geometry":{"type":"Point","coordinates":[23.606429,46.798345]},"properties":{"name":"Oașului Nord","lines":"26, 26L, 39, 39L, M38, M39, M39L","arr":["26","26L","39","39L","M38","M39","M39L"],"terminus":0,"mode":"bus","color":"#0059a9","colorDark":"#00294f","angle":313.5,"snapDist":7,"label":1}},{"type":"Feature","geometry":{"type":"Point","coordinates":[23.602842,46.795705]},"properties":{"name":"IRIS Nord","lines":"26, 26L, 39, 39L","arr":["26","26L","39","39L"],"terminus":0,"mode":"bus","color":"#0059a9","colorDark":"#00294f","angle":303.2,"snapDist":4,"label":1}},{"type":"Feature","geometry":{"type":"Point","coordinates":[23.59943,46.792053]},"properties":{"name":"Puieților","lines":"26, 26L, M38, M39, M39L","arr":["26","26L","M38","M39","M39L"],"terminus":0,"mode":"bus","color":"#0059a9","colorDark":"#00294f","angle":287.7,"snapDist":3,"label":1}},{"type":"Feature","geometry":{"type":"Point","coordinates":[23.596667,46.788339]},"properties":{"name":"Libertatea Vest","lines":"26, 26L","arr":["26","26L"],"terminus":0,"mode":"bus","color":"#0059a9","colorDark":"#00294f","angle":273.9,"snapDist":6,"label":1}},{"type":"Feature","geometry":{"type":"Point","coordinates":[23.582414,46.772678]},"properties":{"name":"Dragalina Nord","lines":"26, 26L, 27, 28, 28B, 41, 44","arr":["26","26L","27","28","28B","41","44"],"terminus":0,"mode":"bus","color":"#0059a9","colorDark":"#00294f","angle":330.2,"snapDist":4,"label":1}},{"type":"Feature","geometry":{"type":"Point","coordinates":[23.574957,46.771702]},"properties":{"name":"Octavian Goga","lines":"26, 26L, 27, 28, 28B, 30, 41, 44, 54N","arr":["26","26L","27","28","28B","30","41","44","54N"],"terminus":0,"mode":"bus","color":"#0059a9","colorDark":"#00294f","angle":352.1,"snapDist":5,"label":1}},{"type":"Feature","geometry":{"type":"Point","coordinates":[23.567789,46.770956]},"properties":{"name":"P-ța 14 Iulie Nord","lines":"26, 26L, 27, 28, 28B, 30, 41, 44, 54N","arr":["26","26L","27","28","28B","30","41","44","54N"],"terminus":0,"mode":"bus","color":"#0059a9","colorDark":"#00294f","angle":350.1,"snapDist":8,"label":1}},{"type":"Feature","geometry":{"type":"Point","coordinates":[23.559813,46.770125]},"properties":{"name":"Al. Vlahuță","lines":"26, 26L, 27, 28, 28B, 30, 41, 44, 54N","arr":["26","26L","27","28","28B","30","41","44","54N"],"terminus":0,"mode":"bus","color":"#0059a9","colorDark":"#00294f","angle":352.9,"snapDist":6,"label":1}},{"type":"Feature","geometry":{"type":"Point","coordinates":[23.55461,46.769323]},"properties":{"name":"Buzău","lines":"26, 26L, 27, 28, 28B, 30, 41, 44, 54N","arr":["26","26L","27","28","28B","30","41","44","54N"],"terminus":0,"mode":"bus","color":"#0059a9","colorDark":"#00294f","angle":323.6,"snapDist":3,"label":1}},{"type":"Feature","geometry":{"type":"Point","coordinates":[23.55051,46.76726]},"properties":{"name":"Miraslău","lines":"26, 26L, 27, 28, 28B, 30, 41, 44, 54N","arr":["26","26L","27","28","28B","30","41","44","54N"],"terminus":0,"mode":"bus","color":"#0059a9","colorDark":"#00294f","angle":323.9,"snapDist":5,"label":1}},{"type":"Feature","geometry":{"type":"Point","coordinates":[23.549654,46.765792]},"properties":{"name":"Fântanele","lines":"26, 26L, 27, 28, 30, 41, 44, 54N","arr":["26","26L","27","28","30","41","44","54N"],"terminus":0,"mode":"bus","color":"#0059a9","colorDark":"#00294f","angle":334,"snapDist":3,"label":1}},{"type":"Feature","geometry":{"type":"Point","coordinates":[23.644398,46.796373]},"properties":{"name":"UNIMET Sud","lines":"26L, 48L, 50L","arr":["26L","48L","50L"],"terminus":0,"mode":"bus","color":"#0059a9","colorDark":"#00294f","angle":178.2,"snapDist":8,"label":1}},{"type":"Feature","geometry":{"type":"Point","coordinates":[23.655537,46.796867]},"properties":{"name":"Amberger Sud","lines":"26L, 48L, 50L","arr":["26L","48L","50L"],"terminus":0,"mode":"bus","color":"#0059a9","colorDark":"#00294f","angle":175.7,"snapDist":7,"label":1}},{"type":"Feature","geometry":{"type":"Point","coordinates":[23.661774,46.797286]},"properties":{"name":"DEPOU Tram Sud","lines":"26L, 36L, 48L, 50L, 52L, 57L","arr":["26L","36L","48L","50L","52L","57L"],"terminus":0,"mode":"bus","color":"#0059a9","colorDark":"#00294f","angle":170.9,"snapDist":18,"label":1}},{"type":"Feature","geometry":{"type":"Point","coordinates":[23.664781,46.79554]},"properties":{"name":"Emerson Sosire","lines":"26L, 36L, 48L, 50L, 52L","arr":["26L","36L","48L","50L","52L"],"terminus":1,"mode":"bus","color":"#0059a9","colorDark":"#00294f","angle":269.6,"snapDist":1,"label":1}},{"type":"Feature","geometry":{"type":"Point","coordinates":[23.664806,46.79447]},"properties":{"name":"EMERSON","lines":"26L, 36L, 48L, 50L, 52L, 57L","arr":["26L","36L","48L","50L","52L","57L"],"terminus":1,"mode":"bus","color":"#0059a9","colorDark":"#00294f","angle":88.5,"snapDist":0,"label":1}},{"type":"Feature","geometry":{"type":"Point","coordinates":[23.660457,46.797109]},"properties":{"name":"DEPOU Tram Nord","lines":"26L, 36L, 48L, 50L, 52L","arr":["26L","36L","48L","50L","52L"],"terminus":0,"mode":"bus","color":"#0059a9","colorDark":"#00294f","angle":355.2,"snapDist":5,"label":1}},{"type":"Feature","geometry":{"type":"Point","coordinates":[23.65516,46.796847]},"properties":{"name":"Amberger Nord","lines":"26L, 48L, 50L","arr":["26L","48L","50L"],"terminus":0,"mode":"bus","color":"#0059a9","colorDark":"#00294f","angle":355.7,"snapDist":5,"label":1}},{"type":"Feature","geometry":{"type":"Point","coordinates":[23.642902,46.79634]},"properties":{"name":"UNIMET Nord","lines":"26L, 48L, 50L","arr":["26L","48L","50L"],"terminus":0,"mode":"bus","color":"#0059a9","colorDark":"#00294f","angle":358.2,"snapDist":9,"label":1}},{"type":"Feature","geometry":{"type":"Point","coordinates":[23.63724,46.796099]},"properties":{"name":"ERS CUG Nord Tram","lines":"26L","arr":["26L"],"terminus":0,"mode":"bus","color":"#0059a9","colorDark":"#00294f","angle":357.3,"snapDist":3,"label":1}},{"type":"Feature","geometry":{"type":"Point","coordinates":[23.582279,46.772625]},"properties":{"name":"Dragalina Sud","lines":"27, 28","arr":["27","28"],"terminus":0,"mode":"bus","color":"#0059a9","colorDark":"#00294f","angle":149.7,"snapDist":9,"label":1}},{"type":"Feature","geometry":{"type":"Point","coordinates":[23.589278,46.774013]},"properties":{"name":"P-ța M.Viteazu Sosire","lines":"28, 28B, 29S, 42","arr":["28","28B","29S","42"],"terminus":1,"mode":"bus","color":"#0059a9","colorDark":"#00294f","angle":164,"snapDist":9,"label":1}},{"type":"Feature","geometry":{"type":"Point","coordinates":[23.545084,46.761955]},"properties":{"name":"CORA Sud","lines":"28B, 43, 43B","arr":["28B","43","43B"],"terminus":0,"mode":"bus","color":"#0059a9","colorDark":"#00294f","angle":126,"snapDist":12,"label":1}},{"type":"Feature","geometry":{"type":"Point","coordinates":[23.549464,46.765482]},"properties":{"name":"Bdul 1 Decembrie 1918","lines":"28B, 43, 43B","arr":["28B","43","43B"],"terminus":0,"mode":"bus","color":"#0059a9","colorDark":"#00294f","angle":164.8,"snapDist":8,"label":1}},{"type":"Feature","geometry":{"type":"Point","coordinates":[23.545002,46.761878]},"properties":{"name":"CORA Nord","lines":"28B, 43, 43B","arr":["28B","43","43B"],"terminus":0,"mode":"bus","color":"#0059a9","colorDark":"#00294f","angle":305.6,"snapDist":6,"label":1}},{"type":"Feature","geometry":{"type":"Point","coordinates":[23.53576,46.741893]},"properties":{"name":"Roata Faget Plecare","lines":"29, 29S","arr":["29","29S"],"terminus":1,"mode":"bus","color":"#0059a9","colorDark":"#00294f","angle":-135.1,"snapDist":11,"label":1}},{"type":"Feature","geometry":{"type":"Point","coordinates":[23.594934,46.779904]},"properties":{"name":"P-ța Abator","lines":"29, 36B, 36L, 41, 50, 50D, 50L, 53","arr":["29","36B","36L","41","50","50D","50L","53"],"terminus":0,"mode":"bus","color":"#0059a9","colorDark":"#00294f","angle":168.6,"snapDist":10,"label":1}},{"type":"Feature","geometry":{"type":"Point","coordinates":[23.607685,46.78296]},"properties":{"name":"Henri Barbusse Sosire","lines":"29","arr":["29"],"terminus":1,"mode":"bus","color":"#0059a9","colorDark":"#00294f","angle":141.6,"snapDist":6,"label":1}},{"type":"Feature","geometry":{"type":"Point","coordinates":[23.607821,46.783034]},"properties":{"name":"Henri Barbusse Plecare","lines":"29","arr":["29"],"terminus":1,"mode":"bus","color":"#0059a9","colorDark":"#00294f","angle":141.6,"snapDist":8,"label":1}},{"type":"Feature","geometry":{"type":"Point","coordinates":[23.611779,46.781694]},"properties":{"name":"București","lines":"29, 36B, 36L, 53","arr":["29","36B","36L","53"],"terminus":0,"mode":"bus","color":"#0059a9","colorDark":"#00294f","angle":347.5,"snapDist":9,"label":1}},{"type":"Feature","geometry":{"type":"Point","coordinates":[23.607416,46.781078]},"properties":{"name":"Farmec","lines":"29, 36B, 36L, 53","arr":["29","36B","36L","53"],"terminus":0,"mode":"bus","color":"#0059a9","colorDark":"#00294f","angle":348.4,"snapDist":8,"label":1}},{"type":"Feature","geometry":{"type":"Point","coordinates":[23.53552,46.742064]},"properties":{"name":"Roata Faget Sosire","lines":"29","arr":["29"],"terminus":1,"mode":"bus","color":"#0059a9","colorDark":"#00294f","angle":227.2,"snapDist":6,"label":1}},{"type":"Feature","geometry":{"type":"Point","coordinates":[23.574523,46.769272]},"properties":{"name":"Hotel Sport","lines":"30, 54N","arr":["30","54N"],"terminus":0,"mode":"bus","color":"#0059a9","colorDark":"#00294f","angle":258.1,"snapDist":6,"label":1}},{"type":"Feature","geometry":{"type":"Point","coordinates":[23.574651,46.768937]},"properties":{"name":"Chios","lines":"30, 54N","arr":["30","54N"],"terminus":0,"mode":"bus","color":"#0059a9","colorDark":"#00294f","angle":75,"snapDist":5,"label":1}},{"type":"Feature","geometry":{"type":"Point","coordinates":[23.590733,46.775562]},"properties":{"name":"P-ța M. Viteazul Est","lines":"31, 37, 38, 39, 39L, 50, 50D, 50L, M31","arr":["31","37","38","39","39L","50","50D","50L","M31"],"terminus":1,"mode":"bus","color":"#0059a9","colorDark":"#00294f","angle":45,"snapDist":0,"label":1}},{"type":"Feature","geometry":{"type":"Point","coordinates":[23.586034,46.784051]},"properties":{"name":"P-ța Gării Nord","lines":"31, 34, 39, 39L, 56, M31","arr":["31","34","39","39L","56","M31"],"terminus":1,"mode":"bus","color":"#0059a9","colorDark":"#00294f","angle":346.3,"snapDist":3,"label":1}},{"type":"Feature","geometry":{"type":"Point","coordinates":[23.581191,46.786624]},"properties":{"name":"Giordano Bruno","lines":"31, 39, 39L, 56, M31, M32, M33, M34, M35","arr":["31","39","39L","56","M31","M32","M33","M34","M35"],"terminus":0,"mode":"bus","color":"#0059a9","colorDark":"#00294f","angle":68.2,"snapDist":7,"label":1}},{"type":"Feature","geometry":{"type":"Point","coordinates":[23.571985,46.786312]},"properties":{"name":"Făgăraș","lines":"31, M31","arr":["31","M31"],"terminus":0,"mode":"bus","color":"#0059a9","colorDark":"#00294f","angle":345.2,"snapDist":11,"label":1}},{"type":"Feature","geometry":{"type":"Point","coordinates":[23.565294,46.785081]},"properties":{"name":"Livezeni","lines":"31, M31","arr":["31","M31"],"terminus":0,"mode":"bus","color":"#0059a9","colorDark":"#00294f","angle":345.3,"snapDist":15,"label":1}},{"type":"Feature","geometry":{"type":"Point","coordinates":[23.555788,46.784382]},"properties":{"name":"T.Vladimirescu Nord","lines":"31, M31, M32, M33, M34","arr":["31","M31","M32","M33","M34"],"terminus":0,"mode":"bus","color":"#0059a9","colorDark":"#00294f","angle":30.2,"snapDist":14,"label":1}},{"type":"Feature","geometry":{"type":"Point","coordinates":[23.548485,46.785583]},"properties":{"name":"Valea Seacă","lines":"31, M31, M32, M34","arr":["31","M31","M32","M34"],"terminus":0,"mode":"bus","color":"#0059a9","colorDark":"#00294f","angle":351.4,"snapDist":5,"label":1}},{"type":"Feature","geometry":{"type":"Point","coordinates":[23.544693,46.785085]},"properties":{"name":"Cartier Baciu","lines":"31, M31","arr":["31","M31"],"terminus":0,"mode":"bus","color":"#0059a9","colorDark":"#00294f","angle":336.9,"snapDist":8,"label":1}},{"type":"Feature","geometry":{"type":"Point","coordinates":[23.540351,46.784002]},"properties":{"name":"Fabrica de Pâine Nord","lines":"31, M31","arr":["31","M31"],"terminus":0,"mode":"bus","color":"#0059a9","colorDark":"#00294f","angle":27.2,"snapDist":7,"label":1}},{"type":"Feature","geometry":{"type":"Point","coordinates":[23.535895,46.78557]},"properties":{"name":"Napolact Sosire","lines":"31","arr":["31"],"terminus":1,"mode":"bus","color":"#0059a9","colorDark":"#00294f","angle":-152.9,"snapDist":10,"label":1}},{"type":"Feature","geometry":{"type":"Point","coordinates":[23.536023,46.785523]},"properties":{"name":"Napolact","lines":"31, M31, M32","arr":["31","M31","M32"],"terminus":1,"mode":"bus","color":"#0059a9","colorDark":"#00294f","angle":203.2,"snapDist":8,"label":1}},{"type":"Feature","geometry":{"type":"Point","coordinates":[23.540601,46.783914]},"properties":{"name":"Fabrica de Pâine Sud","lines":"31, M31","arr":["31","M31"],"terminus":0,"mode":"bus","color":"#0059a9","colorDark":"#00294f","angle":207.2,"snapDist":7,"label":1}},{"type":"Feature","geometry":{"type":"Point","coordinates":[23.547223,46.785441]},"properties":{"name":"Calea Baciului","lines":"31, M31, M32","arr":["31","M31","M32"],"terminus":0,"mode":"bus","color":"#0059a9","colorDark":"#00294f","angle":169.5,"snapDist":10,"label":1}},{"type":"Feature","geometry":{"type":"Point","coordinates":[23.556554,46.784051]},"properties":{"name":"T.Vladimirescu Sud","lines":"31, M31, M32","arr":["31","M31","M32"],"terminus":0,"mode":"bus","color":"#0059a9","colorDark":"#00294f","angle":212.7,"snapDist":9,"label":1}},{"type":"Feature","geometry":{"type":"Point","coordinates":[23.565569,46.785131]},"properties":{"name":"Soarelui","lines":"31, M31","arr":["31","M31"],"terminus":0,"mode":"bus","color":"#0059a9","colorDark":"#00294f","angle":165.1,"snapDist":8,"label":1}},{"type":"Feature","geometry":{"type":"Point","coordinates":[23.573445,46.786589]},"properties":{"name":"Trandafirilor","lines":"31, M31","arr":["31","M31"],"terminus":0,"mode":"bus","color":"#0059a9","colorDark":"#00294f","angle":163.7,"snapDist":17,"label":1}},{"type":"Feature","geometry":{"type":"Point","coordinates":[23.581048,46.786859]},"properties":{"name":"Autogară","lines":"31, 39, 39L, 56, M31, M32, M35","arr":["31","39","39L","56","M31","M32","M35"],"terminus":0,"mode":"bus","color":"#0059a9","colorDark":"#00294f","angle":247.1,"snapDist":6,"label":1}},{"type":"Feature","geometry":{"type":"Point","coordinates":[23.587466,46.782486]},"properties":{"name":"P-ța Gării Vest","lines":"31, 39, 39L, M31","arr":["31","39","39L","M31"],"terminus":0,"mode":"bus","color":"#0059a9","colorDark":"#00294f","angle":272.7,"snapDist":4,"label":1}},{"type":"Feature","geometry":{"type":"Point","coordinates":[23.587126,46.776687]},"properties":{"name":"Școala Horea","lines":"31, 37, 38, 39, 39L, M31","arr":["31","37","38","39","39L","M31"],"terminus":0,"mode":"bus","color":"#0059a9","colorDark":"#00294f","angle":267.7,"snapDist":11,"label":1}},{"type":"Feature","geometry":{"type":"Point","coordinates":[23.592243,46.774337]},"properties":{"name":"Piața Mihai Viteazul Est Sosire","lines":"31, 37, 38, 39, 39L, M31","arr":["31","37","38","39","39L","M31"],"terminus":1,"mode":"bus","color":"#0059a9","colorDark":"#00294f","angle":77.1,"snapDist":3,"label":1}},{"type":"Feature","geometry":{"type":"Point","coordinates":[23.619069,46.757058]},"properties":{"name":"Disp. Alverna","lines":"32, 32B, 57, 57L","arr":["32","32B","57","57L"],"terminus":1,"mode":"bus","color":"#0059a9","colorDark":"#00294f","angle":229.2,"snapDist":20,"label":1}},{"type":"Feature","geometry":{"type":"Point","coordinates":[23.58987,46.774784]},"properties":{"name":"Piața Mihai Viteazul Vest Sosire","lines":"32","arr":["32"],"terminus":1,"mode":"bus","color":"#0059a9","colorDark":"#00294f","angle":234.6,"snapDist":7,"label":1}},{"type":"Feature","geometry":{"type":"Point","coordinates":[23.622394,46.762527]},"properties":{"name":"Băișoara","lines":"33, 34, 48, 48L","arr":["33","34","48","48L"],"terminus":1,"mode":"bus","color":"#0059a9","colorDark":"#00294f","angle":325.8,"snapDist":6,"label":1}},{"type":"Feature","geometry":{"type":"Point","coordinates":[23.620362,46.76479]},"properties":{"name":"Băița","lines":"33, 34, 48, 48L","arr":["33","34","48","48L"],"terminus":0,"mode":"bus","color":"#0059a9","colorDark":"#00294f","angle":77.2,"snapDist":2,"label":1}},{"type":"Feature","geometry":{"type":"Point","coordinates":[23.620668,46.763843]},"properties":{"name":"Albac","lines":"33, 34, 48, 48L","arr":["33","34","48","48L"],"terminus":0,"mode":"bus","color":"#0059a9","colorDark":"#00294f","angle":257.1,"snapDist":6,"label":1}},{"type":"Feature","geometry":{"type":"Point","coordinates":[23.622486,46.762548]},"properties":{"name":"Băișoara Sosire","lines":"33, 34, 48, 48L","arr":["33","34","48","48L"],"terminus":1,"mode":"bus","color":"#0059a9","colorDark":"#00294f","angle":343.3,"snapDist":6,"label":1}},{"type":"Feature","geometry":{"type":"Point","coordinates":[23.597436,46.785467]},"properties":{"name":"Parcul Feroviarilor","lines":"34","arr":["34"],"terminus":0,"mode":"bus","color":"#0059a9","colorDark":"#00294f","angle":302.1,"snapDist":1,"label":1}},{"type":"Feature","geometry":{"type":"Point","coordinates":[23.598278,46.785647]},"properties":{"name":"Blanarilor","lines":"34","arr":["34"],"terminus":0,"mode":"bus","color":"#0059a9","colorDark":"#00294f","angle":184.5,"snapDist":7,"label":1}},{"type":"Feature","geometry":{"type":"Point","coordinates":[23.577512,46.75262]},"properties":{"name":"Disp. Zorilor","lines":"35, 45, 46B, 50, 50L, 54N","arr":["35","45","46B","50","50L","54N"],"terminus":1,"mode":"bus","color":"#0059a9","colorDark":"#00294f","angle":147.2,"snapDist":5,"label":1}},{"type":"Feature","geometry":{"type":"Point","coordinates":[23.578691,46.752965]},"properties":{"name":"Zorilor","lines":"35, 43, 43B, 43P, 45, 46, 46B, 46L, 50, 50D, 50L, 54N","arr":["35","43","43B","43P","45","46","46B","46L","50","50D","50L","54N"],"terminus":1,"mode":"bus","color":"#0059a9","colorDark":"#00294f","angle":160.4,"snapDist":7,"label":1}},{"type":"Feature","geometry":{"type":"Point","coordinates":[23.584487,46.754423]},"properties":{"name":"Spitalul Recuperare Sud","lines":"35, 43, 43B, 43P, 45, 46, 46B, 46L, 50, 50D, 50L, 54N","arr":["35","43","43B","43P","45","46","46B","46L","50","50D","50L","54N"],"terminus":0,"mode":"bus","color":"#0059a9","colorDark":"#00294f","angle":163.7,"snapDist":5,"label":1}},{"type":"Feature","geometry":{"type":"Point","coordinates":[23.592961,46.75571]},"properties":{"name":"Observatorului Sud","lines":"35, 43, 43B, 43P, 45, 46, 46B, 46L, 50, 50D, 50L","arr":["35","43","43B","43P","45","46","46B","46L","50","50D","50L"],"terminus":1,"mode":"bus","color":"#0059a9","colorDark":"#00294f","angle":171.6,"snapDist":10,"label":1}},{"type":"Feature","geometry":{"type":"Point","coordinates":[23.59803,46.760268]},"properties":{"name":"Gheorghe Doja","lines":"35, 40, 46, 46B, 46L, 50, 50D, 50L, 54N, M11, M12, M16","arr":["35","40","46","46B","46L","50","50D","50L","54N","M11","M12","M16"],"terminus":0,"mode":"bus","color":"#0059a9","colorDark":"#00294f","angle":74.2,"snapDist":6,"label":1}},{"type":"Feature","geometry":{"type":"Point","coordinates":[23.597489,46.761786]},"properties":{"name":"Silviu Dragomir","lines":"35, 40, 46, 46B, 46L, 50, 50L, 54N, M11, M12, M16","arr":["35","40","46","46B","46L","50","50L","54N","M11","M12","M16"],"terminus":0,"mode":"bus","color":"#0059a9","colorDark":"#00294f","angle":273.2,"snapDist":3,"label":1}},{"type":"Feature","geometry":{"type":"Point","coordinates":[23.593571,46.755772]},"properties":{"name":"Observatorului Nord","lines":"35, 43, 43B, 43P, 45, 46, 46B, 46L, 50, 50L, 54N","arr":["35","43","43B","43P","45","46","46B","46L","50","50L","54N"],"terminus":1,"mode":"bus","color":"#0059a9","colorDark":"#00294f","angle":351.3,"snapDist":7,"label":1}},{"type":"Feature","geometry":{"type":"Point","coordinates":[23.583659,46.754358]},"properties":{"name":"Spitalul Recuperare Nord","lines":"35, 43, 43B, 43P, 45, 46, 46B, 46L, 50, 50L, 54N","arr":["35","43","43B","43P","45","46","46B","46L","50","50L","54N"],"terminus":0,"mode":"bus","color":"#0059a9","colorDark":"#00294f","angle":331.1,"snapDist":3,"label":1}},{"type":"Feature","geometry":{"type":"Point","coordinates":[23.578086,46.752843]},"properties":{"name":"Ghe. Dima","lines":"35, 43, 43B, 43P, 45, 46, 46B, 46L, 50, 50L, 54N","arr":["35","43","43B","43P","45","46","46B","46L","50","50L","54N"],"terminus":1,"mode":"bus","color":"#0059a9","colorDark":"#00294f","angle":342,"snapDist":9,"label":1}},{"type":"Feature","geometry":{"type":"Point","coordinates":[23.605949,46.780875]},"properties":{"name":"Parcul Farmec","lines":"36B, 36L, 53","arr":["36B","36L","53"],"terminus":0,"mode":"bus","color":"#0059a9","colorDark":"#00294f","angle":167.7,"snapDist":9,"label":1}},{"type":"Feature","geometry":{"type":"Point","coordinates":[23.620492,46.788206]},"properties":{"name":"Teilor","lines":"36B, 36L, 52, 52L","arr":["36B","36L","52","52L"],"terminus":0,"mode":"bus","color":"#0059a9","colorDark":"#00294f","angle":186,"snapDist":9,"label":1}},{"type":"Feature","geometry":{"type":"Point","coordinates":[23.623898,46.78798]},"properties":{"name":"Câmpina Sud","lines":"36B, 36L, 52, 52L","arr":["36B","36L","52","52L"],"terminus":0,"mode":"bus","color":"#0059a9","colorDark":"#00294f","angle":185.9,"snapDist":11,"label":1}},{"type":"Feature","geometry":{"type":"Point","coordinates":[23.628764,46.787672]},"properties":{"name":"Plevnei Sud","lines":"36B, 36L, 52, 52L","arr":["36B","36L","52","52L"],"terminus":0,"mode":"bus","color":"#0059a9","colorDark":"#00294f","angle":186.1,"snapDist":7,"label":1}},{"type":"Feature","geometry":{"type":"Point","coordinates":[23.633637,46.78733]},"properties":{"name":"CET","lines":"36B, 36L, 52, 52L","arr":["36B","36L","52","52L"],"terminus":0,"mode":"bus","color":"#0059a9","colorDark":"#00294f","angle":185.8,"snapDist":6,"label":1}},{"type":"Feature","geometry":{"type":"Point","coordinates":[23.640128,46.78686]},"properties":{"name":"Timișului","lines":"36B, 36L, 52, 52L","arr":["36B","36L","52","52L"],"terminus":0,"mode":"bus","color":"#0059a9","colorDark":"#00294f","angle":185.7,"snapDist":7,"label":1}},{"type":"Feature","geometry":{"type":"Point","coordinates":[23.644822,46.786536]},"properties":{"name":"Branului Sud","lines":"36B, 36L, 52L","arr":["36B","36L","52L"],"terminus":0,"mode":"bus","color":"#0059a9","colorDark":"#00294f","angle":185.1,"snapDist":8,"label":1}},{"type":"Feature","geometry":{"type":"Point","coordinates":[23.646234,46.788788]},"properties":{"name":"Înfrățirii Sud","lines":"36B, 36L, 52L","arr":["36B","36L","52L"],"terminus":0,"mode":"bus","color":"#0059a9","colorDark":"#00294f","angle":146.1,"snapDist":11,"label":1}},{"type":"Feature","geometry":{"type":"Point","coordinates":[23.649345,46.790894]},"properties":{"name":"Pintea Viteazul Sud","lines":"36B, 36L, 52L","arr":["36B","36L","52L"],"terminus":0,"mode":"bus","color":"#0059a9","colorDark":"#00294f","angle":174.9,"snapDist":5,"label":1}},{"type":"Feature","geometry":{"type":"Point","coordinates":[23.655649,46.791434]},"properties":{"name":"Barc I","lines":"36B, 36L, 52L","arr":["36B","36L","52L"],"terminus":0,"mode":"bus","color":"#0059a9","colorDark":"#00294f","angle":172.8,"snapDist":6,"label":1}},{"type":"Feature","geometry":{"type":"Point","coordinates":[23.655881,46.790592]},"properties":{"name":"I. Ionescu Sosire","lines":"36B","arr":["36B"],"terminus":1,"mode":"bus","color":"#0059a9","colorDark":"#00294f","angle":301.5,"snapDist":4,"label":1}},{"type":"Feature","geometry":{"type":"Point","coordinates":[23.655789,46.79049]},"properties":{"name":"I. Ionescu","lines":"36B, 36L, 52L","arr":["36B","36L","52L"],"terminus":1,"mode":"bus","color":"#0059a9","colorDark":"#00294f","angle":301.5,"snapDist":4,"label":1}},{"type":"Feature","geometry":{"type":"Point","coordinates":[23.652608,46.78777]},"properties":{"name":"Frumoasa","lines":"36B, 36L, 52L","arr":["36B","36L","52L"],"terminus":0,"mode":"bus","color":"#0059a9","colorDark":"#00294f","angle":337.6,"snapDist":2,"label":1}},{"type":"Feature","geometry":{"type":"Point","coordinates":[23.64819,46.786459]},"properties":{"name":"Morii","lines":"36B, 36L, 52L","arr":["36B","36L","52L"],"terminus":0,"mode":"bus","color":"#0059a9","colorDark":"#00294f","angle":34.4,"snapDist":5,"label":1}},{"type":"Feature","geometry":{"type":"Point","coordinates":[23.646261,46.788801]},"properties":{"name":"Înfrățirii Nord","lines":"36B, 36L, 52L","arr":["36B","36L","52L"],"terminus":0,"mode":"bus","color":"#0059a9","colorDark":"#00294f","angle":326.1,"snapDist":12,"label":1}},{"type":"Feature","geometry":{"type":"Point","coordinates":[23.645234,46.786511]},"properties":{"name":"Rodnei","lines":"36B, 36L, 52L","arr":["36B","36L","52L"],"terminus":0,"mode":"bus","color":"#0059a9","colorDark":"#00294f","angle":5.1,"snapDist":18,"label":1}},{"type":"Feature","geometry":{"type":"Point","coordinates":[23.641786,46.786753]},"properties":{"name":"Blajului","lines":"36B, 36L, 52, 52L","arr":["36B","36L","52","52L"],"terminus":1,"mode":"bus","color":"#0059a9","colorDark":"#00294f","angle":6.1,"snapDist":4,"label":1}},{"type":"Feature","geometry":{"type":"Point","coordinates":[23.633641,46.787329]},"properties":{"name":"Broda","lines":"36B, 36L, 52, 52L","arr":["36B","36L","52","52L"],"terminus":0,"mode":"bus","color":"#0059a9","colorDark":"#00294f","angle":5.8,"snapDist":4,"label":1}},{"type":"Feature","geometry":{"type":"Point","coordinates":[23.6285,46.787693]},"properties":{"name":"Plevnei Nord","lines":"36B, 36L, 52, 52L","arr":["36B","36L","52","52L"],"terminus":0,"mode":"bus","color":"#0059a9","colorDark":"#00294f","angle":6.2,"snapDist":5,"label":1}},{"type":"Feature","geometry":{"type":"Point","coordinates":[23.623702,46.787994]},"properties":{"name":"Câmpina Nord","lines":"36B, 36L, 52, 52L","arr":["36B","36L","52","52L"],"terminus":0,"mode":"bus","color":"#0059a9","colorDark":"#00294f","angle":5.9,"snapDist":9,"label":1}},{"type":"Feature","geometry":{"type":"Point","coordinates":[23.62085,46.78818]},"properties":{"name":"Piața Oser","lines":"36B, 36L, 52, 52L","arr":["36B","36L","52","52L"],"terminus":0,"mode":"bus","color":"#0059a9","colorDark":"#00294f","angle":6,"snapDist":5,"label":1}},{"type":"Feature","geometry":{"type":"Point","coordinates":[23.659096,46.796123]},"properties":{"name":"DEPOU Est","lines":"36L, 52L, 57L","arr":["36L","52L","57L"],"terminus":0,"mode":"bus","color":"#0059a9","colorDark":"#00294f","angle":90.1,"snapDist":7,"label":1}},{"type":"Feature","geometry":{"type":"Point","coordinates":[23.659096,46.796204]},"properties":{"name":"DEPOU Vest","lines":"36L, 52L, 57L","arr":["36L","52L","57L"],"terminus":0,"mode":"bus","color":"#0059a9","colorDark":"#00294f","angle":270.1,"snapDist":8,"label":1}},{"type":"Feature","geometry":{"type":"Point","coordinates":[23.581766,46.779943]},"properties":{"name":"Emil Racoviță Nord","lines":"37","arr":["37"],"terminus":0,"mode":"bus","color":"#0059a9","colorDark":"#00294f","angle":14.9,"snapDist":4,"label":1}},{"type":"Feature","geometry":{"type":"Point","coordinates":[23.576185,46.78035]},"properties":{"name":"Arena CFR Nord","lines":"37","arr":["37"],"terminus":0,"mode":"bus","color":"#0059a9","colorDark":"#00294f","angle":359,"snapDist":2,"label":1}},{"type":"Feature","geometry":{"type":"Point","coordinates":[23.571927,46.780256]},"properties":{"name":"Rădăuți Nord","lines":"37","arr":["37"],"terminus":0,"mode":"bus","color":"#0059a9","colorDark":"#00294f","angle":358.9,"snapDist":3,"label":1}},{"type":"Feature","geometry":{"type":"Point","coordinates":[23.566112,46.78013]},"properties":{"name":"Tiberiu Brediceanu","lines":"37","arr":["37"],"terminus":0,"mode":"bus","color":"#0059a9","colorDark":"#00294f","angle":6.6,"snapDist":2,"label":1}},{"type":"Feature","geometry":{"type":"Point","coordinates":[23.562744,46.78042]},"properties":{"name":"Bariera CFR Nord","lines":"37","arr":["37"],"terminus":0,"mode":"bus","color":"#0059a9","colorDark":"#00294f","angle":19.3,"snapDist":2,"label":1}},{"type":"Feature","geometry":{"type":"Point","coordinates":[23.557431,46.78011]},"properties":{"name":"Energobit","lines":"37","arr":["37"],"terminus":0,"mode":"bus","color":"#0059a9","colorDark":"#00294f","angle":90.2,"snapDist":0,"label":1}},{"type":"Feature","geometry":{"type":"Point","coordinates":[23.547751,46.78034]},"properties":{"name":"Tetarom Vest","lines":"37","arr":["37"],"terminus":1,"mode":"bus","color":"#0059a9","colorDark":"#00294f","angle":88.8,"snapDist":2,"label":1}},{"type":"Feature","geometry":{"type":"Point","coordinates":[23.56254,46.780476]},"properties":{"name":"Barieră CFR Sud","lines":"37","arr":["37"],"terminus":0,"mode":"bus","color":"#0059a9","colorDark":"#00294f","angle":206.1,"snapDist":7,"label":1}},{"type":"Feature","geometry":{"type":"Point","coordinates":[23.565621,46.780169]},"properties":{"name":"Vasile Carlova","lines":"37","arr":["37"],"terminus":0,"mode":"bus","color":"#0059a9","colorDark":"#00294f","angle":186.3,"snapDist":4,"label":1}},{"type":"Feature","geometry":{"type":"Point","coordinates":[23.572712,46.780267]},"properties":{"name":"Rădăuți Sud","lines":"37","arr":["37"],"terminus":0,"mode":"bus","color":"#0059a9","colorDark":"#00294f","angle":178.2,"snapDist":4,"label":1}},{"type":"Feature","geometry":{"type":"Point","coordinates":[23.576685,46.780346]},"properties":{"name":"Stadionul CFR","lines":"37","arr":["37"],"terminus":0,"mode":"bus","color":"#0059a9","colorDark":"#00294f","angle":183.3,"snapDist":3,"label":1}},{"type":"Feature","geometry":{"type":"Point","coordinates":[23.58279,46.779731]},"properties":{"name":"Crișan","lines":"37, 38","arr":["37","38"],"terminus":0,"mode":"bus","color":"#0059a9","colorDark":"#00294f","angle":207.1,"snapDist":7,"label":1}},{"type":"Feature","geometry":{"type":"Point","coordinates":[23.58138,46.779593]},"properties":{"name":"Emil Racoviță Sud","lines":"38","arr":["38"],"terminus":0,"mode":"bus","color":"#0059a9","colorDark":"#00294f","angle":0,"snapDist":3,"label":1}},{"type":"Feature","geometry":{"type":"Point","coordinates":[23.57734,46.777834]},"properties":{"name":"Trâmbițașului","lines":"38","arr":["38"],"terminus":0,"mode":"bus","color":"#0059a9","colorDark":"#00294f","angle":327.5,"snapDist":3,"label":1}},{"type":"Feature","geometry":{"type":"Point","coordinates":[23.57284,46.777536]},"properties":{"name":"Vânătorului Sosire","lines":"38","arr":["38"],"terminus":1,"mode":"bus","color":"#0059a9","colorDark":"#00294f","angle":-178.5,"snapDist":8,"label":1}},{"type":"Feature","geometry":{"type":"Point","coordinates":[23.573442,46.776721]},"properties":{"name":"Vânătorului","lines":"38","arr":["38"],"terminus":1,"mode":"bus","color":"#0059a9","colorDark":"#00294f","angle":236,"snapDist":82,"label":1}},{"type":"Feature","geometry":{"type":"Point","coordinates":[23.5743,46.776267]},"properties":{"name":"Gruia","lines":"38","arr":["38"],"terminus":0,"mode":"bus","color":"#0059a9","colorDark":"#00294f","angle":135.6,"snapDist":8,"label":1}},{"type":"Feature","geometry":{"type":"Point","coordinates":[23.576314,46.77738]},"properties":{"name":"Baia Mare","lines":"38","arr":["38"],"terminus":0,"mode":"bus","color":"#0059a9","colorDark":"#00294f","angle":148.2,"snapDist":8,"label":1}},{"type":"Feature","geometry":{"type":"Point","coordinates":[23.582228,46.789596]},"properties":{"name":"Senina Sud","lines":"39, 39L","arr":["39","39L"],"terminus":0,"mode":"bus","color":"#0059a9","colorDark":"#00294f","angle":155.7,"snapDist":5,"label":1}},{"type":"Feature","geometry":{"type":"Point","coordinates":[23.586345,46.790829]},"properties":{"name":"Dragoș Vodă Sud","lines":"39, 39L","arr":["39","39L"],"terminus":0,"mode":"bus","color":"#0059a9","colorDark":"#00294f","angle":155.7,"snapDist":8,"label":1}},{"type":"Feature","geometry":{"type":"Point","coordinates":[23.590394,46.791584]},"properties":{"name":"Vrancea","lines":"39, 39L","arr":["39","39L"],"terminus":0,"mode":"bus","color":"#0059a9","colorDark":"#00294f","angle":159.3,"snapDist":8,"label":1}},{"type":"Feature","geometry":{"type":"Point","coordinates":[23.596488,46.793015]},"properties":{"name":"Călugăreni Sud","lines":"39, 39L","arr":["39","39L"],"terminus":0,"mode":"bus","color":"#0059a9","colorDark":"#00294f","angle":154.2,"snapDist":12,"label":1}},{"type":"Feature","geometry":{"type":"Point","coordinates":[23.607727,46.799567]},"properties":{"name":"Vama Chinteni","lines":"39, 39 CREIC, 39L, M37, M39, M39L","arr":["39","39 CREIC","39L","M37","M39","M39L"],"terminus":1,"mode":"bus","color":"#0059a9","colorDark":"#00294f","angle":89.8,"snapDist":1,"label":1}},{"type":"Feature","geometry":{"type":"Point","coordinates":[23.607472,46.802771]},"properties":{"name":"Intermediara Est","lines":"39, 39L","arr":["39","39L"],"terminus":0,"mode":"bus","color":"#0059a9","colorDark":"#00294f","angle":94.2,"snapDist":5,"label":1}},{"type":"Feature","geometry":{"type":"Point","coordinates":[23.606136,46.807301]},"properties":{"name":"Pometului Est","lines":"39, 39L","arr":["39","39L"],"terminus":0,"mode":"bus","color":"#0059a9","colorDark":"#00294f","angle":87.1,"snapDist":7,"label":1}},{"type":"Feature","geometry":{"type":"Point","coordinates":[23.604713,46.810874]},"properties":{"name":"Școala Est","lines":"39, 39L","arr":["39","39L"],"terminus":0,"mode":"bus","color":"#0059a9","colorDark":"#00294f","angle":64.4,"snapDist":5,"label":1}},{"type":"Feature","geometry":{"type":"Point","coordinates":[23.602623,46.814026]},"properties":{"name":"IAS Est","lines":"39, 39L","arr":["39","39L"],"terminus":0,"mode":"bus","color":"#0059a9","colorDark":"#00294f","angle":70.2,"snapDist":5,"label":1}},{"type":"Feature","geometry":{"type":"Point","coordinates":[23.60012,46.817758]},"properties":{"name":"POD Est","lines":"39, 39L","arr":["39","39L"],"terminus":0,"mode":"bus","color":"#0059a9","colorDark":"#00294f","angle":43.7,"snapDist":1,"label":1}},{"type":"Feature","geometry":{"type":"Point","coordinates":[23.595411,46.820819]},"properties":{"name":"Drum Feiurd Est","lines":"39, 39L, M37","arr":["39","39L","M37"],"terminus":0,"mode":"bus","color":"#0059a9","colorDark":"#00294f","angle":28.6,"snapDist":6,"label":1}},{"type":"Feature","geometry":{"type":"Point","coordinates":[23.579656,46.820982]},"properties":{"name":"CREIC Dus","lines":"39, 39 CREIC, 39L","arr":["39","39 CREIC","39L"],"terminus":1,"mode":"bus","color":"#0059a9","colorDark":"#00294f","angle":125.6,"snapDist":2,"label":1}},{"type":"Feature","geometry":{"type":"Point","coordinates":[23.590734,46.823404]},"properties":{"name":"Podul Fetei Est","lines":"39, 39L","arr":["39","39L"],"terminus":0,"mode":"bus","color":"#0059a9","colorDark":"#00294f","angle":40,"snapDist":5,"label":1}},{"type":"Feature","geometry":{"type":"Point","coordinates":[23.583336,46.827969]},"properties":{"name":"Valea Chintăului","lines":"39, 39L","arr":["39","39L"],"terminus":1,"mode":"bus","color":"#0059a9","colorDark":"#00294f","angle":-138.7,"snapDist":9,"label":1}},{"type":"Feature","geometry":{"type":"Point","coordinates":[23.590774,46.823382]},"properties":{"name":"Podul Fetei Vest","lines":"39, 39L","arr":["39","39L"],"terminus":0,"mode":"bus","color":"#0059a9","colorDark":"#00294f","angle":220,"snapDist":6,"label":1}},{"type":"Feature","geometry":{"type":"Point","coordinates":[23.579656,46.820982]},"properties":{"name":"CREIC Intors","lines":"39, 39 CREIC, 39L","arr":["39","39 CREIC","39L"],"terminus":1,"mode":"bus","color":"#0059a9","colorDark":"#00294f","angle":305.6,"snapDist":2,"label":1}},{"type":"Feature","geometry":{"type":"Point","coordinates":[23.59541,46.820819]},"properties":{"name":"Drum Feiurd Vest","lines":"39, 39L","arr":["39","39L"],"terminus":0,"mode":"bus","color":"#0059a9","colorDark":"#00294f","angle":208.6,"snapDist":7,"label":1}},{"type":"Feature","geometry":{"type":"Point","coordinates":[23.600133,46.81775]},"properties":{"name":"POD Vest","lines":"39, 39L","arr":["39","39L"],"terminus":0,"mode":"bus","color":"#0059a9","colorDark":"#00294f","angle":223.7,"snapDist":14,"label":1}},{"type":"Feature","geometry":{"type":"Point","coordinates":[23.60259,46.81409]},"properties":{"name":"IAS Vest","lines":"39, 39L","arr":["39","39L"],"terminus":0,"mode":"bus","color":"#0059a9","colorDark":"#00294f","angle":250.2,"snapDist":10,"label":1}},{"type":"Feature","geometry":{"type":"Point","coordinates":[23.60463,46.810994]},"properties":{"name":"Școala Vest","lines":"39, 39L","arr":["39","39L"],"terminus":0,"mode":"bus","color":"#0059a9","colorDark":"#00294f","angle":246.8,"snapDist":10,"label":1}},{"type":"Feature","geometry":{"type":"Point","coordinates":[23.606134,46.807319]},"properties":{"name":"Pometului Vest","lines":"39, 39L","arr":["39","39L"],"terminus":0,"mode":"bus","color":"#0059a9","colorDark":"#00294f","angle":267.1,"snapDist":10,"label":1}},{"type":"Feature","geometry":{"type":"Point","coordinates":[23.607497,46.803003]},"properties":{"name":"Intermediara Vest","lines":"39, 39L","arr":["39","39L"],"terminus":0,"mode":"bus","color":"#0059a9","colorDark":"#00294f","angle":274.2,"snapDist":5,"label":1}},{"type":"Feature","geometry":{"type":"Point","coordinates":[23.596816,46.79312]},"properties":{"name":"Călugareni Nord","lines":"39, 39L","arr":["39","39L"],"terminus":0,"mode":"bus","color":"#0059a9","colorDark":"#00294f","angle":335.2,"snapDist":4,"label":1}},{"type":"Feature","geometry":{"type":"Point","coordinates":[23.59046,46.791601]},"properties":{"name":"Spătaru Milescu","lines":"39, 39L","arr":["39","39L"],"terminus":0,"mode":"bus","color":"#0059a9","colorDark":"#00294f","angle":339.3,"snapDist":4,"label":1}},{"type":"Feature","geometry":{"type":"Point","coordinates":[23.586847,46.790962]},"properties":{"name":"Dragoș Vodă Nord","lines":"39, 39L","arr":["39","39L"],"terminus":0,"mode":"bus","color":"#0059a9","colorDark":"#00294f","angle":347.9,"snapDist":1,"label":1}},{"type":"Feature","geometry":{"type":"Point","coordinates":[23.582171,46.789578]},"properties":{"name":"Senina Nord","lines":"39, 39L","arr":["39","39L"],"terminus":0,"mode":"bus","color":"#0059a9","colorDark":"#00294f","angle":335.7,"snapDist":6,"label":1}},{"type":"Feature","geometry":{"type":"Point","coordinates":[23.585511,46.826166]},"properties":{"name":"Biserica Greco Catolica Est","lines":"39L","arr":["39L"],"terminus":0,"mode":"bus","color":"#0059a9","colorDark":"#00294f","angle":50.1,"snapDist":3,"label":1}},{"type":"Feature","geometry":{"type":"Point","coordinates":[23.5765,46.833069]},"properties":{"name":"Terra","lines":"39L, M39, M39L","arr":["39L","M39","M39L"],"terminus":0,"mode":"bus","color":"#0059a9","colorDark":"#00294f","angle":35.5,"snapDist":4,"label":1}},{"type":"Feature","geometry":{"type":"Point","coordinates":[23.563346,46.840757]},"properties":{"name":"Lombul Mic Vest","lines":"39L, M38, M39, M39L","arr":["39L","M38","M39","M39L"],"terminus":0,"mode":"bus","color":"#0059a9","colorDark":"#00294f","angle":217.2,"snapDist":7,"label":1}},{"type":"Feature","geometry":{"type":"Point","coordinates":[23.557889,46.843612]},"properties":{"name":"Cătun Vest","lines":"39L, M38, M39, M39L","arr":["39L","M38","M39","M39L"],"terminus":1,"mode":"bus","color":"#0059a9","colorDark":"#00294f","angle":222.2,"snapDist":9,"label":1}},{"type":"Feature","geometry":{"type":"Point","coordinates":[23.576863,46.832888]},"properties":{"name":"Terra Vest","lines":"39L, M38, M39, M39L","arr":["39L","M38","M39","M39L"],"terminus":0,"mode":"bus","color":"#0059a9","colorDark":"#00294f","angle":217.1,"snapDist":13,"label":1}},{"type":"Feature","geometry":{"type":"Point","coordinates":[23.585392,46.826264]},"properties":{"name":"Biserica Greco Catolica Vest","lines":"39L","arr":["39L"],"terminus":0,"mode":"bus","color":"#0059a9","colorDark":"#00294f","angle":230.1,"snapDist":6,"label":1}},{"type":"Feature","geometry":{"type":"Point","coordinates":[23.596055,46.754689]},"properties":{"name":"Meteor","lines":"40, 43B, 45, M11, M12, M16","arr":["40","43B","45","M11","M12","M16"],"terminus":0,"mode":"bus","color":"#0059a9","colorDark":"#00294f","angle":278.5,"snapDist":5,"label":1}},{"type":"Feature","geometry":{"type":"Point","coordinates":[23.594538,46.750913]},"properties":{"name":"Constantin Noica","lines":"40, 43B, 45, M11, M12, M16","arr":["40","43B","45","M11","M12","M16"],"terminus":0,"mode":"bus","color":"#0059a9","colorDark":"#00294f","angle":287.7,"snapDist":3,"label":1}},{"type":"Feature","geometry":{"type":"Point","coordinates":[23.587669,46.733779]},"properties":{"name":"Hotel Stil Vest","lines":"40, 46L","arr":["40","46L"],"terminus":0,"mode":"bus","color":"#0059a9","colorDark":"#00294f","angle":288.9,"snapDist":5,"label":1}},{"type":"Feature","geometry":{"type":"Point","coordinates":[23.58519,46.727831]},"properties":{"name":"Dianei Vest","lines":"40, 46L, M16","arr":["40","46L","M16"],"terminus":0,"mode":"bus","color":"#0059a9","colorDark":"#00294f","angle":339.1,"snapDist":2,"label":1}},{"type":"Feature","geometry":{"type":"Point","coordinates":[23.57926,46.72388]},"properties":{"name":"D.D. Roșca Vest","lines":"40, 46L","arr":["40","46L"],"terminus":0,"mode":"bus","color":"#0059a9","colorDark":"#00294f","angle":292.5,"snapDist":4,"label":1}},{"type":"Feature","geometry":{"type":"Point","coordinates":[23.575191,46.717036]},"properties":{"name":"Vila Tusa Sosire","lines":"40, 46L, M16","arr":["40","46L","M16"],"terminus":1,"mode":"bus","color":"#0059a9","colorDark":"#00294f","angle":170.7,"snapDist":5,"label":1}},{"type":"Feature","geometry":{"type":"Point","coordinates":[23.575441,46.717064]},"properties":{"name":"Vila Tusa","lines":"40, 46L, M16","arr":["40","46L","M16"],"terminus":1,"mode":"bus","color":"#0059a9","colorDark":"#00294f","angle":350.7,"snapDist":29,"label":1}},{"type":"Feature","geometry":{"type":"Point","coordinates":[23.579365,46.724052]},"properties":{"name":"D.D. Roșca Est","lines":"40, 46L","arr":["40","46L"],"terminus":0,"mode":"bus","color":"#0059a9","colorDark":"#00294f","angle":112.5,"snapDist":8,"label":1}},{"type":"Feature","geometry":{"type":"Point","coordinates":[23.585545,46.727918]},"properties":{"name":"Dianei Est","lines":"40, 46L, M16","arr":["40","46L","M16"],"terminus":0,"mode":"bus","color":"#0059a9","colorDark":"#00294f","angle":163.4,"snapDist":9,"label":1}},{"type":"Feature","geometry":{"type":"Point","coordinates":[23.587712,46.733865]},"properties":{"name":"Hotel Stil Est","lines":"40, 46L","arr":["40","46L"],"terminus":0,"mode":"bus","color":"#0059a9","colorDark":"#00294f","angle":108.9,"snapDist":5,"label":1}},{"type":"Feature","geometry":{"type":"Point","coordinates":[23.593687,46.748927]},"properties":{"name":"Electrogroup","lines":"40, 43B, 45, M11, M12","arr":["40","43B","45","M11","M12"],"terminus":0,"mode":"bus","color":"#0059a9","colorDark":"#00294f","angle":107.6,"snapDist":4,"label":1}},{"type":"Feature","geometry":{"type":"Point","coordinates":[23.595302,46.752205]},"properties":{"name":"W.A. Mozart","lines":"40, 43B, 45, M11, M12","arr":["40","43B","45","M11","M12"],"terminus":0,"mode":"bus","color":"#0059a9","colorDark":"#00294f","angle":109.7,"snapDist":5,"label":1}},{"type":"Feature","geometry":{"type":"Point","coordinates":[23.596348,46.755315]},"properties":{"name":"Calea Turzii","lines":"40, M11, M12, M16","arr":["40","M11","M12","M16"],"terminus":0,"mode":"bus","color":"#0059a9","colorDark":"#00294f","angle":104.8,"snapDist":1,"label":1}},{"type":"Feature","geometry":{"type":"Point","coordinates":[23.568197,46.747806]},"properties":{"name":"Eugen Lovinescu Vest","lines":"42","arr":["42"],"terminus":0,"mode":"bus","color":"#0059a9","colorDark":"#00294f","angle":234.2,"snapDist":8,"label":1}},{"type":"Feature","geometry":{"type":"Point","coordinates":[23.57042,46.744203]},"properties":{"name":"Grigore Antipa Vest","lines":"42","arr":["42"],"terminus":0,"mode":"bus","color":"#0059a9","colorDark":"#00294f","angle":228.7,"snapDist":4,"label":1}},{"type":"Feature","geometry":{"type":"Point","coordinates":[23.57131,46.738866]},"properties":{"name":"Biserica Câmpului","lines":"42","arr":["42"],"terminus":1,"mode":"bus","color":"#0059a9","colorDark":"#00294f","angle":-107.3,"snapDist":10,"label":1}},{"type":"Feature","geometry":{"type":"Point","coordinates":[23.570351,46.744257]},"properties":{"name":"Grigore Antipa Est","lines":"42","arr":["42"],"terminus":0,"mode":"bus","color":"#0059a9","colorDark":"#00294f","angle":48.7,"snapDist":3,"label":1}},{"type":"Feature","geometry":{"type":"Point","coordinates":[23.568409,46.747589]},"properties":{"name":"Eugen Lovinescu Est","lines":"42","arr":["42"],"terminus":0,"mode":"bus","color":"#0059a9","colorDark":"#00294f","angle":56.3,"snapDist":3,"label":1}},{"type":"Feature","geometry":{"type":"Point","coordinates":[23.565456,46.751745]},"properties":{"name":"Bâlea Est","lines":"42","arr":["42"],"terminus":0,"mode":"bus","color":"#0059a9","colorDark":"#00294f","angle":57.7,"snapDist":1,"label":1}},{"type":"Feature","geometry":{"type":"Point","coordinates":[23.567612,46.753882]},"properties":{"name":"Frunzișului Vest","lines":"43, 43B, 43P","arr":["43","43B","43P"],"terminus":0,"mode":"bus","color":"#0059a9","colorDark":"#00294f","angle":250.9,"snapDist":7,"label":1}},{"type":"Feature","geometry":{"type":"Point","coordinates":[23.572888,46.74915]},"properties":{"name":"Varianta Zorilor SUD","lines":"43, 43B, 43P","arr":["43","43B","43P"],"terminus":0,"mode":"bus","color":"#0059a9","colorDark":"#00294f","angle":204.1,"snapDist":18,"label":1}},{"type":"Feature","geometry":{"type":"Point","coordinates":[23.574469,46.748505]},"properties":{"name":"Varianta Zorilor NORD","lines":"43, 43B, 43P","arr":["43","43B","43P"],"terminus":0,"mode":"bus","color":"#0059a9","colorDark":"#00294f","angle":57.9,"snapDist":14,"label":1}},{"type":"Feature","geometry":{"type":"Point","coordinates":[23.567862,46.753427]},"properties":{"name":"Frunzișului","lines":"43, 43B, 43P","arr":["43","43B","43P"],"terminus":0,"mode":"bus","color":"#0059a9","colorDark":"#00294f","angle":68.8,"snapDist":7,"label":1}},{"type":"Feature","geometry":{"type":"Point","coordinates":[23.561974,46.755491]},"properties":{"name":"Cocoșul de Aur","lines":"43, 43B, 43P","arr":["43","43B","43P"],"terminus":0,"mode":"bus","color":"#0059a9","colorDark":"#00294f","angle":356.5,"snapDist":9,"label":1}},{"type":"Feature","geometry":{"type":"Point","coordinates":[23.598594,46.771144]},"properties":{"name":"Tribunal","lines":"44, 45, 46B","arr":["44","45","46B"],"terminus":0,"mode":"bus","color":"#0059a9","colorDark":"#00294f","angle":162.8,"snapDist":8,"label":1}},{"type":"Feature","geometry":{"type":"Point","coordinates":[23.603999,46.772399]},"properties":{"name":"Rubin Patitia","lines":"44, 45, 46B","arr":["44","45","46B"],"terminus":0,"mode":"bus","color":"#0059a9","colorDark":"#00294f","angle":157.6,"snapDist":8,"label":1}},{"type":"Feature","geometry":{"type":"Point","coordinates":[23.607165,46.773484]},"properties":{"name":"Simion Bărnuțiu","lines":"44, 45, 46B","arr":["44","45","46B"],"terminus":0,"mode":"bus","color":"#0059a9","colorDark":"#00294f","angle":152.6,"snapDist":9,"label":1}},{"type":"Feature","geometry":{"type":"Point","coordinates":[23.613817,46.776647]},"properties":{"name":"Biblioteca Județeană","lines":"44, 45, 46B","arr":["44","45","46B"],"terminus":0,"mode":"bus","color":"#0059a9","colorDark":"#00294f","angle":166.5,"snapDist":9,"label":1}},{"type":"Feature","geometry":{"type":"Point","coordinates":[23.637138,46.767993]},"properties":{"name":"Soporului Sud","lines":"44","arr":["44"],"terminus":0,"mode":"bus","color":"#0059a9","colorDark":"#00294f","angle":153.4,"snapDist":6,"label":1}},{"type":"Feature","geometry":{"type":"Point","coordinates":[23.6405,46.768362]},"properties":{"name":"Soporului","lines":"44","arr":["44"],"terminus":1,"mode":"bus","color":"#0059a9","colorDark":"#00294f","angle":355.4,"snapDist":1,"label":1}},{"type":"Feature","geometry":{"type":"Point","coordinates":[23.637054,46.767965]},"properties":{"name":"Soporului Nord","lines":"44","arr":["44"],"terminus":0,"mode":"bus","color":"#0059a9","colorDark":"#00294f","angle":333.4,"snapDist":1,"label":1}},{"type":"Feature","geometry":{"type":"Point","coordinates":[23.620767,46.771157]},"properties":{"name":"Slanic","lines":"44, 45","arr":["44","45"],"terminus":0,"mode":"bus","color":"#0059a9","colorDark":"#00294f","angle":332.8,"snapDist":8,"label":1}},{"type":"Feature","geometry":{"type":"Point","coordinates":[23.614961,46.755167]},"properties":{"name":"Pinului","lines":"45","arr":["45"],"terminus":0,"mode":"bus","color":"#0059a9","colorDark":"#00294f","angle":157.1,"snapDist":4,"label":1}},{"type":"Feature","geometry":{"type":"Point","coordinates":[23.614286,46.75496]},"properties":{"name":"Artarului","lines":"45","arr":["45"],"terminus":0,"mode":"bus","color":"#0059a9","colorDark":"#00294f","angle":155.4,"snapDist":6,"label":1}},{"type":"Feature","geometry":{"type":"Point","coordinates":[23.590336,46.738268]},"properties":{"name":"Girație Drum Făget","lines":"46, 46L","arr":["46","46L"],"terminus":1,"mode":"bus","color":"#0059a9","colorDark":"#00294f","angle":25.2,"snapDist":5,"label":1}},{"type":"Feature","geometry":{"type":"Point","coordinates":[23.586466,46.740202]},"properties":{"name":"E. Ionesco","lines":"46, 46L","arr":["46","46L"],"terminus":0,"mode":"bus","color":"#0059a9","colorDark":"#00294f","angle":93.1,"snapDist":7,"label":1}},{"type":"Feature","geometry":{"type":"Point","coordinates":[23.584768,46.744424]},"properties":{"name":"N. Steinhardt","lines":"46, 46L","arr":["46","46L"],"terminus":0,"mode":"bus","color":"#0059a9","colorDark":"#00294f","angle":66.1,"snapDist":7,"label":1}},{"type":"Feature","geometry":{"type":"Point","coordinates":[23.58189,46.748334]},"properties":{"name":"V. Stoica","lines":"46, 46L","arr":["46","46L"],"terminus":0,"mode":"bus","color":"#0059a9","colorDark":"#00294f","angle":60.2,"snapDist":5,"label":1}},{"type":"Feature","geometry":{"type":"Point","coordinates":[23.581332,46.749022]},"properties":{"name":"Picasso","lines":"46, 46L","arr":["46","46L"],"terminus":0,"mode":"bus","color":"#0059a9","colorDark":"#00294f","angle":241.5,"snapDist":4,"label":1}},{"type":"Feature","geometry":{"type":"Point","coordinates":[23.585068,46.743908]},"properties":{"name":"L. Matis","lines":"46, 46L","arr":["46","46L"],"terminus":0,"mode":"bus","color":"#0059a9","colorDark":"#00294f","angle":246.7,"snapDist":4,"label":1}},{"type":"Feature","geometry":{"type":"Point","coordinates":[23.586433,46.739802]},"properties":{"name":"Luminii","lines":"46, 46L","arr":["46","46L"],"terminus":1,"mode":"bus","color":"#0059a9","colorDark":"#00294f","angle":273.7,"snapDist":4,"label":1}},{"type":"Feature","geometry":{"type":"Point","coordinates":[23.623239,46.777305]},"properties":{"name":"Între Lacuri","lines":"47, 57, 57L","arr":["47","57","57L"],"terminus":0,"mode":"bus","color":"#0059a9","colorDark":"#00294f","angle":235.8,"snapDist":5,"label":1}},{"type":"Feature","geometry":{"type":"Point","coordinates":[23.62911,46.776414]},"properties":{"name":"Complex Dunării Sud","lines":"47, 57, 57L","arr":["47","57","57L"],"terminus":0,"mode":"bus","color":"#0059a9","colorDark":"#00294f","angle":167.9,"snapDist":6,"label":1}},{"type":"Feature","geometry":{"type":"Point","coordinates":[23.63162,46.776812]},"properties":{"name":"Tulcea","lines":"47, 57, 57L","arr":["47","57","57L"],"terminus":0,"mode":"bus","color":"#0059a9","colorDark":"#00294f","angle":166.9,"snapDist":5,"label":1}},{"type":"Feature","geometry":{"type":"Point","coordinates":[23.638395,46.777846]},"properties":{"name":"Harghita","lines":"47, 57, 57L","arr":["47","57","57L"],"terminus":0,"mode":"bus","color":"#0059a9","colorDark":"#00294f","angle":168.7,"snapDist":4,"label":1}},{"type":"Feature","geometry":{"type":"Point","coordinates":[23.636409,46.777548]},"properties":{"name":"Dunării Sud","lines":"47, 57, 57L","arr":["47","57","57L"],"terminus":0,"mode":"bus","color":"#0059a9","colorDark":"#00294f","angle":167.6,"snapDist":3,"label":1}},{"type":"Feature","geometry":{"type":"Point","coordinates":[23.639324,46.779]},"properties":{"name":"Jiului","lines":"47, 57, 57L","arr":["47","57","57L"],"terminus":1,"mode":"bus","color":"#0059a9","colorDark":"#00294f","angle":166.3,"snapDist":5,"label":1}},{"type":"Feature","geometry":{"type":"Point","coordinates":[23.636184,46.777516]},"properties":{"name":"Dunării Nord","lines":"47, 57, 57L","arr":["47","57","57L"],"terminus":0,"mode":"bus","color":"#0059a9","colorDark":"#00294f","angle":348.6,"snapDist":6,"label":1}},{"type":"Feature","geometry":{"type":"Point","coordinates":[23.633797,46.777135]},"properties":{"name":"Streiului","lines":"47, 57, 57L","arr":["47","57","57L"],"terminus":0,"mode":"bus","color":"#0059a9","colorDark":"#00294f","angle":346.9,"snapDist":11,"label":1}},{"type":"Feature","geometry":{"type":"Point","coordinates":[23.628646,46.776341]},"properties":{"name":"Complex Dunării Nord","lines":"47, 57, 57L","arr":["47","57","57L"],"terminus":0,"mode":"bus","color":"#0059a9","colorDark":"#00294f","angle":347.1,"snapDist":5,"label":1}},{"type":"Feature","geometry":{"type":"Point","coordinates":[23.623577,46.776962]},"properties":{"name":"Mureșului","lines":"47","arr":["47"],"terminus":0,"mode":"bus","color":"#0059a9","colorDark":"#00294f","angle":59.4,"snapDist":5,"label":1}},{"type":"Feature","geometry":{"type":"Point","coordinates":[23.64612,46.800014]},"properties":{"name":"Voronet 40","lines":"50D","arr":["50D"],"terminus":0,"mode":"bus","color":"#0059a9","colorDark":"#00294f","angle":143.9,"snapDist":6,"label":1}},{"type":"Feature","geometry":{"type":"Point","coordinates":[23.641535,46.805169]},"properties":{"name":"Oleandrului 32","lines":"50D","arr":["50D"],"terminus":0,"mode":"bus","color":"#0059a9","colorDark":"#00294f","angle":1.9,"snapDist":1,"label":1}},{"type":"Feature","geometry":{"type":"Point","coordinates":[23.640929,46.807687]},"properties":{"name":"Panselutelor 9","lines":"50D","arr":["50D"],"terminus":1,"mode":"bus","color":"#0059a9","colorDark":"#00294f","angle":187.7,"snapDist":12,"label":1}},{"type":"Feature","geometry":{"type":"Point","coordinates":[23.642263,46.786718]},"properties":{"name":"Timișului Sosire","lines":"52","arr":["52"],"terminus":1,"mode":"bus","color":"#0059a9","colorDark":"#00294f","angle":186.1,"snapDist":17,"label":1}},{"type":"Feature","geometry":{"type":"Point","coordinates":[23.636926,46.783295]},"properties":{"name":"P-ța Agroalimentară IRA","lines":"53","arr":["53"],"terminus":1,"mode":"bus","color":"#0059a9","colorDark":"#00294f","angle":316.8,"snapDist":1,"label":1}},{"type":"Feature","geometry":{"type":"Point","coordinates":[23.629005,46.782123]},"properties":{"name":"Expo Transilvania Nord","lines":"53","arr":["53"],"terminus":0,"mode":"bus","color":"#0059a9","colorDark":"#00294f","angle":348.7,"snapDist":2,"label":1}},{"type":"Feature","geometry":{"type":"Point","coordinates":[23.623008,46.780995]},"properties":{"name":"Campus UTCN Nord","lines":"53","arr":["53"],"terminus":0,"mode":"bus","color":"#0059a9","colorDark":"#00294f","angle":341.1,"snapDist":3,"label":1}},{"type":"Feature","geometry":{"type":"Point","coordinates":[23.621766,46.780711]},"properties":{"name":"Campus UTCN Sud","lines":"53","arr":["53"],"terminus":0,"mode":"bus","color":"#0059a9","colorDark":"#00294f","angle":161.7,"snapDist":5,"label":1}},{"type":"Feature","geometry":{"type":"Point","coordinates":[23.628946,46.782115]},"properties":{"name":"Expo Transilvania Sud","lines":"53","arr":["53"],"terminus":0,"mode":"bus","color":"#0059a9","colorDark":"#00294f","angle":168.7,"snapDist":4,"label":1}},{"type":"Feature","geometry":{"type":"Point","coordinates":[23.578587,46.788819]},"properties":{"name":"Giordano Bruno Est","lines":"56","arr":["56"],"terminus":0,"mode":"bus","color":"#0059a9","colorDark":"#00294f","angle":21,"snapDist":5,"label":1}},{"type":"Feature","geometry":{"type":"Point","coordinates":[23.573452,46.789386]},"properties":{"name":"Partizanilor Est","lines":"56","arr":["56"],"terminus":0,"mode":"bus","color":"#0059a9","colorDark":"#00294f","angle":343,"snapDist":0,"label":1}},{"type":"Feature","geometry":{"type":"Point","coordinates":[23.566107,46.787517]},"properties":{"name":"Partizanilor","lines":"56","arr":["56"],"terminus":0,"mode":"bus","color":"#0059a9","colorDark":"#00294f","angle":339.6,"snapDist":2,"label":1}},{"type":"Feature","geometry":{"type":"Point","coordinates":[23.561838,46.786508]},"properties":{"name":"Partizanilor Vest","lines":"56","arr":["56"],"terminus":0,"mode":"bus","color":"#0059a9","colorDark":"#00294f","angle":349.2,"snapDist":1,"label":1}},{"type":"Feature","geometry":{"type":"Point","coordinates":[23.556599,46.789798]},"properties":{"name":"Lombului","lines":"56","arr":["56"],"terminus":0,"mode":"bus","color":"#0059a9","colorDark":"#00294f","angle":86.8,"snapDist":3,"label":1}},{"type":"Feature","geometry":{"type":"Point","coordinates":[23.559909,46.791852]},"properties":{"name":"Gheorghe Sion Vest","lines":"56","arr":["56"],"terminus":1,"mode":"bus","color":"#0059a9","colorDark":"#00294f","angle":153.5,"snapDist":0,"label":1}},{"type":"Feature","geometry":{"type":"Point","coordinates":[23.563821,46.792924]},"properties":{"name":"Gheorghe Sion Est","lines":"56","arr":["56"],"terminus":0,"mode":"bus","color":"#0059a9","colorDark":"#00294f","angle":158.8,"snapDist":2,"label":1}},{"type":"Feature","geometry":{"type":"Point","coordinates":[23.567788,46.792961]},"properties":{"name":"Spicului Nord","lines":"56","arr":["56"],"terminus":0,"mode":"bus","color":"#0059a9","colorDark":"#00294f","angle":227.7,"snapDist":5,"label":1}},{"type":"Feature","geometry":{"type":"Point","coordinates":[23.573163,46.790196]},"properties":{"name":"Spicului Sud","lines":"56","arr":["56"],"terminus":0,"mode":"bus","color":"#0059a9","colorDark":"#00294f","angle":229.6,"snapDist":1,"label":1}},{"type":"Feature","geometry":{"type":"Point","coordinates":[23.57842,46.788862]},"properties":{"name":"Giordano Bruno Vest","lines":"56","arr":["56"],"terminus":0,"mode":"bus","color":"#0059a9","colorDark":"#00294f","angle":200.9,"snapDist":5,"label":1}},{"type":"Feature","geometry":{"type":"Point","coordinates":[23.588332,46.784233]},"properties":{"name":"P-ța Gării Vechi","lines":"56, M39, M39L","arr":["56","M39","M39L"],"terminus":1,"mode":"bus","color":"#0059a9","colorDark":"#00294f","angle":341.2,"snapDist":4,"label":1}},{"type":"Feature","geometry":{"type":"Point","coordinates":[23.688499,46.781925]},"properties":{"name":"Aeroport Terminal","lines":"A1","arr":["A1"],"terminus":1,"mode":"bus","color":"#0059a9","colorDark":"#00294f","angle":87.5,"snapDist":4,"label":1}},{"type":"Feature","geometry":{"type":"Point","coordinates":[23.59425,46.735781]},"properties":{"name":"M-Aroma","lines":"M11, M12","arr":["M11","M12"],"terminus":0,"mode":"bus","color":"#0059a9","colorDark":"#00294f","angle":227,"snapDist":13,"label":1}},{"type":"Feature","geometry":{"type":"Point","coordinates":[23.616196,46.720682]},"properties":{"name":"M-DJ 71","lines":"M11, M12","arr":["M11","M12"],"terminus":0,"mode":"bus","color":"#0059a9","colorDark":"#00294f","angle":204.6,"snapDist":5,"label":1}},{"type":"Feature","geometry":{"type":"Point","coordinates":[23.624696,46.71801]},"properties":{"name":"M-Școala Feleacu V","lines":"M11","arr":["M11"],"terminus":0,"mode":"bus","color":"#0059a9","colorDark":"#00294f","angle":242.7,"snapDist":4,"label":1}},{"type":"Feature","geometry":{"type":"Point","coordinates":[23.629974,46.71613]},"properties":{"name":"M-Releu Sosire","lines":"M11","arr":["M11"],"terminus":1,"mode":"bus","color":"#0059a9","colorDark":"#00294f","angle":272.1,"snapDist":4,"label":1}},{"type":"Feature","geometry":{"type":"Point","coordinates":[23.630129,46.716166]},"properties":{"name":"M-Releu Plecare","lines":"M11","arr":["M11"],"terminus":1,"mode":"bus","color":"#0059a9","colorDark":"#00294f","angle":6.8,"snapDist":2,"label":1}},{"type":"Feature","geometry":{"type":"Point","coordinates":[23.6251,46.7178]},"properties":{"name":"M-Școala Feleacu E","lines":"M11","arr":["M11"],"terminus":0,"mode":"bus","color":"#0059a9","colorDark":"#00294f","angle":33.2,"snapDist":2,"label":1}},{"type":"Feature","geometry":{"type":"Point","coordinates":[23.616517,46.720767]},"properties":{"name":"M-Post Control","lines":"M11, M12","arr":["M11","M12"],"terminus":0,"mode":"bus","color":"#0059a9","colorDark":"#00294f","angle":45.8,"snapDist":1,"label":1}},{"type":"Feature","geometry":{"type":"Point","coordinates":[23.597008,46.731269]},"properties":{"name":"M-Dinu Lipatti","lines":"M11, M12","arr":["M11","M12"],"terminus":0,"mode":"bus","color":"#0059a9","colorDark":"#00294f","angle":36.2,"snapDist":3,"label":1}},{"type":"Feature","geometry":{"type":"Point","coordinates":[23.615443,46.715022]},"properties":{"name":"M-Gradiniță","lines":"M12","arr":["M12"],"terminus":0,"mode":"bus","color":"#0059a9","colorDark":"#00294f","angle":292.6,"snapDist":2,"label":1}},{"type":"Feature","geometry":{"type":"Point","coordinates":[23.614481,46.710563]},"properties":{"name":"M-Feleacu","lines":"M12","arr":["M12"],"terminus":0,"mode":"bus","color":"#0059a9","colorDark":"#00294f","angle":96,"snapDist":2,"label":1}},{"type":"Feature","geometry":{"type":"Point","coordinates":[23.614711,46.707588]},"properties":{"name":"M-Feleacu Depozit V","lines":"M12","arr":["M12"],"terminus":0,"mode":"bus","color":"#0059a9","colorDark":"#00294f","angle":262,"snapDist":3,"label":1}},{"type":"Feature","geometry":{"type":"Point","coordinates":[23.615388,46.704054]},"properties":{"name":"M-Valea Căpriorii","lines":"M12","arr":["M12"],"terminus":0,"mode":"bus","color":"#0059a9","colorDark":"#00294f","angle":273.7,"snapDist":3,"label":1}},{"type":"Feature","geometry":{"type":"Point","coordinates":[23.627314,46.691851]},"properties":{"name":"M-Lukoil Vâlcele S","lines":"M12","arr":["M12"],"terminus":0,"mode":"bus","color":"#0059a9","colorDark":"#00294f","angle":245.5,"snapDist":7,"label":1}},{"type":"Feature","geometry":{"type":"Point","coordinates":[23.63896,46.680103]},"properties":{"name":"M-Vâlcele DN1 S","lines":"M12","arr":["M12"],"terminus":0,"mode":"bus","color":"#0059a9","colorDark":"#00294f","angle":253.7,"snapDist":1,"label":1}},{"type":"Feature","geometry":{"type":"Point","coordinates":[23.646936,46.67479]},"properties":{"name":"M-Ramificație Vâlcele S","lines":"M12","arr":["M12"],"terminus":0,"mode":"bus","color":"#0059a9","colorDark":"#00294f","angle":220.6,"snapDist":3,"label":1}},{"type":"Feature","geometry":{"type":"Point","coordinates":[23.650169,46.677188]},"properties":{"name":"M-Ramificație Rediu E","lines":"M12","arr":["M12"],"terminus":0,"mode":"bus","color":"#0059a9","colorDark":"#00294f","angle":142.1,"snapDist":7,"label":1}},{"type":"Feature","geometry":{"type":"Point","coordinates":[23.650031,46.682395]},"properties":{"name":"M-Pogaceanu E","lines":"M12","arr":["M12"],"terminus":0,"mode":"bus","color":"#0059a9","colorDark":"#00294f","angle":112.3,"snapDist":7,"label":1}},{"type":"Feature","geometry":{"type":"Point","coordinates":[23.651447,46.685857]},"properties":{"name":"M-Monument E","lines":"M12","arr":["M12"],"terminus":0,"mode":"bus","color":"#0059a9","colorDark":"#00294f","angle":77.8,"snapDist":12,"label":1}},{"type":"Feature","geometry":{"type":"Point","coordinates":[23.654208,46.68751]},"properties":{"name":"M-Biserica Vâlcele Sos","lines":"M12","arr":["M12"],"terminus":1,"mode":"bus","color":"#0059a9","colorDark":"#00294f","angle":47.3,"snapDist":7,"label":1}},{"type":"Feature","geometry":{"type":"Point","coordinates":[23.65401,46.687657]},"properties":{"name":"M-Biserica Vâlcele Plecare","lines":"M12","arr":["M12"],"terminus":1,"mode":"bus","color":"#0059a9","colorDark":"#00294f","angle":56.9,"snapDist":4,"label":1}},{"type":"Feature","geometry":{"type":"Point","coordinates":[23.651456,46.685836]},"properties":{"name":"M-Monument","lines":"M12","arr":["M12"],"terminus":0,"mode":"bus","color":"#0059a9","colorDark":"#00294f","angle":245.8,"snapDist":0,"label":1}},{"type":"Feature","geometry":{"type":"Point","coordinates":[23.650181,46.682633]},"properties":{"name":"M-Pogaceanu","lines":"M12","arr":["M12"],"terminus":0,"mode":"bus","color":"#0059a9","colorDark":"#00294f","angle":293.9,"snapDist":3,"label":1}},{"type":"Feature","geometry":{"type":"Point","coordinates":[23.65016,46.677419]},"properties":{"name":"M-Ramificație Rediu","lines":"M12","arr":["M12"],"terminus":0,"mode":"bus","color":"#0059a9","colorDark":"#00294f","angle":266.9,"snapDist":0,"label":1}},{"type":"Feature","geometry":{"type":"Point","coordinates":[23.64693,46.674794]},"properties":{"name":"M-Ramificație Vâlcele","lines":"M12","arr":["M12"],"terminus":0,"mode":"bus","color":"#0059a9","colorDark":"#00294f","angle":40.6,"snapDist":15,"label":1}},{"type":"Feature","geometry":{"type":"Point","coordinates":[23.639013,46.680239]},"properties":{"name":"M-Vâlcele DN 1","lines":"M12","arr":["M12"],"terminus":0,"mode":"bus","color":"#0059a9","colorDark":"#00294f","angle":73.3,"snapDist":8,"label":1}},{"type":"Feature","geometry":{"type":"Point","coordinates":[23.627994,46.691068]},"properties":{"name":"M-Lukoil Vâlcele","lines":"M12","arr":["M12"],"terminus":0,"mode":"bus","color":"#0059a9","colorDark":"#00294f","angle":58.3,"snapDist":11,"label":1}},{"type":"Feature","geometry":{"type":"Point","coordinates":[23.616077,46.701661]},"properties":{"name":"M-Restaurant Cortez","lines":"M12","arr":["M12"],"terminus":0,"mode":"bus","color":"#0059a9","colorDark":"#00294f","angle":79.7,"snapDist":3,"label":1}},{"type":"Feature","geometry":{"type":"Point","coordinates":[23.614744,46.70778]},"properties":{"name":"M-Feleacu Depozit E","lines":"M12","arr":["M12"],"terminus":0,"mode":"bus","color":"#0059a9","colorDark":"#00294f","angle":80.7,"snapDist":6,"label":1}},{"type":"Feature","geometry":{"type":"Point","coordinates":[23.614463,46.710926]},"properties":{"name":"M-Feleacu V","lines":"M12","arr":["M12"],"terminus":0,"mode":"bus","color":"#0059a9","colorDark":"#00294f","angle":276.2,"snapDist":4,"label":1}},{"type":"Feature","geometry":{"type":"Point","coordinates":[23.616151,46.716025]},"properties":{"name":"M-Primăria Feleacu","lines":"M12","arr":["M12"],"terminus":0,"mode":"bus","color":"#0059a9","colorDark":"#00294f","angle":113.1,"snapDist":5,"label":1}},{"type":"Feature","geometry":{"type":"Point","coordinates":[23.650327,46.738919]},"properties":{"name":"M-Borhanci V","lines":"M13","arr":["M13"],"terminus":0,"mode":"bus","color":"#0059a9","colorDark":"#00294f","angle":265.6,"snapDist":4,"label":1}},{"type":"Feature","geometry":{"type":"Point","coordinates":[23.666317,46.721117]},"properties":{"name":"M-Popas V","lines":"M13","arr":["M13"],"terminus":0,"mode":"bus","color":"#0059a9","colorDark":"#00294f","angle":190.9,"snapDist":5,"label":1}},{"type":"Feature","geometry":{"type":"Point","coordinates":[23.67139,46.719606]},"properties":{"name":"M-Gheorgheni S","lines":"M13","arr":["M13"],"terminus":0,"mode":"bus","color":"#0059a9","colorDark":"#00294f","angle":196.2,"snapDist":3,"label":1}},{"type":"Feature","geometry":{"type":"Point","coordinates":[23.679285,46.717917]},"properties":{"name":"M-Dispensar S","lines":"M13","arr":["M13"],"terminus":0,"mode":"bus","color":"#0059a9","colorDark":"#00294f","angle":198.5,"snapDist":2,"label":1}},{"type":"Feature","geometry":{"type":"Point","coordinates":[23.684931,46.715061]},"properties":{"name":"M-Școala Gheorgheni S","lines":"M13","arr":["M13"],"terminus":1,"mode":"bus","color":"#0059a9","colorDark":"#00294f","angle":223.1,"snapDist":0,"label":1}},{"type":"Feature","geometry":{"type":"Point","coordinates":[23.691599,46.712219]},"properties":{"name":"M-Capăt Gheorgheni","lines":"M13","arr":["M13"],"terminus":1,"mode":"bus","color":"#0059a9","colorDark":"#00294f","angle":15.2,"snapDist":2,"label":1}},{"type":"Feature","geometry":{"type":"Point","coordinates":[23.684868,46.715101]},"properties":{"name":"M-Școala Gheorgheni N","lines":"M13","arr":["M13"],"terminus":0,"mode":"bus","color":"#0059a9","colorDark":"#00294f","angle":43.1,"snapDist":9,"label":1}},{"type":"Feature","geometry":{"type":"Point","coordinates":[23.679765,46.717793]},"properties":{"name":"M-Dispensar N","lines":"M13","arr":["M13"],"terminus":0,"mode":"bus","color":"#0059a9","colorDark":"#00294f","angle":27,"snapDist":6,"label":1}},{"type":"Feature","geometry":{"type":"Point","coordinates":[23.671751,46.719533]},"properties":{"name":"M-Gheorgheni","lines":"M13","arr":["M13"],"terminus":0,"mode":"bus","color":"#0059a9","colorDark":"#00294f","angle":18.3,"snapDist":6,"label":1}},{"type":"Feature","geometry":{"type":"Point","coordinates":[23.666653,46.721055]},"properties":{"name":"M-Popas","lines":"M13","arr":["M13"],"terminus":0,"mode":"bus","color":"#0059a9","colorDark":"#00294f","angle":21.8,"snapDist":2,"label":1}},{"type":"Feature","geometry":{"type":"Point","coordinates":[23.650201,46.739356]},"properties":{"name":"M-Borhanci E","lines":"M13","arr":["M13"],"terminus":0,"mode":"bus","color":"#0059a9","colorDark":"#00294f","angle":78.2,"snapDist":3,"label":1}},{"type":"Feature","geometry":{"type":"Point","coordinates":[23.532803,46.679723]},"properties":{"name":"M-Centru Vârstnici N","lines":"M16","arr":["M16"],"terminus":0,"mode":"bus","color":"#0059a9","colorDark":"#00294f","angle":341.9,"snapDist":2,"label":1}},{"type":"Feature","geometry":{"type":"Point","coordinates":[23.524885,46.67377]},"properties":{"name":"M-Salicea V","lines":"M16","arr":["M16"],"terminus":0,"mode":"bus","color":"#0059a9","colorDark":"#00294f","angle":266,"snapDist":0,"label":1}},{"type":"Feature","geometry":{"type":"Point","coordinates":[23.532221,46.656137]},"properties":{"name":"M-Ciurila V","lines":"M16","arr":["M16"],"terminus":0,"mode":"bus","color":"#0059a9","colorDark":"#00294f","angle":263.7,"snapDist":3,"label":1}},{"type":"Feature","geometry":{"type":"Point","coordinates":[23.542319,46.648737]},"properties":{"name":"M-Primăria Ciurila","lines":"M16","arr":["M16"],"terminus":1,"mode":"bus","color":"#0059a9","colorDark":"#00294f","angle":187.7,"snapDist":8,"label":1}},{"type":"Feature","geometry":{"type":"Point","coordinates":[23.542389,46.648807]},"properties":{"name":"M-Primăria Ciurila Plecare","lines":"M16","arr":["M16"],"terminus":1,"mode":"bus","color":"#0059a9","colorDark":"#00294f","angle":283.3,"snapDist":2,"label":1}},{"type":"Feature","geometry":{"type":"Point","coordinates":[23.532248,46.656036]},"properties":{"name":"M-Ciurila E","lines":"M16","arr":["M16"],"terminus":0,"mode":"bus","color":"#0059a9","colorDark":"#00294f","angle":73.1,"snapDist":11,"label":1}},{"type":"Feature","geometry":{"type":"Point","coordinates":[23.524864,46.673906]},"properties":{"name":"M-Sălicea E","lines":"M16","arr":["M16"],"terminus":0,"mode":"bus","color":"#0059a9","colorDark":"#00294f","angle":80.9,"snapDist":12,"label":1}},{"type":"Feature","geometry":{"type":"Point","coordinates":[23.532697,46.679699]},"properties":{"name":"M-Centru Vârstnici S","lines":"M16","arr":["M16"],"terminus":0,"mode":"bus","color":"#0059a9","colorDark":"#00294f","angle":161.9,"snapDist":8,"label":1}},{"type":"Feature","geometry":{"type":"Point","coordinates":[23.582558,46.650301]},"properties":{"name":"Biserica lemn Saliste","lines":"M17","arr":["M17"],"terminus":1,"mode":"bus","color":"#0059a9","colorDark":"#00294f","angle":127.6,"snapDist":8,"label":1}},{"type":"Feature","geometry":{"type":"Point","coordinates":[23.504725,46.618653]},"properties":{"name":"Filea de Jos Est","lines":"M18","arr":["M18"],"terminus":0,"mode":"bus","color":"#0059a9","colorDark":"#00294f","angle":331.1,"snapDist":4,"label":1}},{"type":"Feature","geometry":{"type":"Point","coordinates":[23.481102,46.609951]},"properties":{"name":"Filea de sus","lines":"M18","arr":["M18"],"terminus":1,"mode":"bus","color":"#0059a9","colorDark":"#00294f","angle":44.8,"snapDist":0,"label":1}},{"type":"Feature","geometry":{"type":"Point","coordinates":[23.504703,46.618635]},"properties":{"name":"Filea de Jos Vest","lines":"M18","arr":["M18"],"terminus":0,"mode":"bus","color":"#0059a9","colorDark":"#00294f","angle":124.1,"snapDist":6,"label":1}},{"type":"Feature","geometry":{"type":"Point","coordinates":[23.52376,46.75208]},"properties":{"name":"Metro Nord","lines":"M21, M22, M24, M25, M27, M51, M81","arr":["M21","M22","M24","M25","M27","M51","M81"],"terminus":0,"mode":"bus","color":"#0059a9","colorDark":"#00294f","angle":341,"snapDist":6,"label":1}},{"type":"Feature","geometry":{"type":"Point","coordinates":[23.505385,46.747701]},"properties":{"name":"M-Oncos N (Florești)","lines":"M21, M22, M24, M25, M51, M52, M81","arr":["M21","M22","M24","M25","M51","M52","M81"],"terminus":0,"mode":"bus","color":"#0059a9","colorDark":"#00294f","angle":340.5,"snapDist":7,"label":1}},{"type":"Feature","geometry":{"type":"Point","coordinates":[23.499278,46.745613]},"properties":{"name":"M-Poligonului V (Florești)","lines":"M21, M25","arr":["M21","M25"],"terminus":0,"mode":"bus","color":"#0059a9","colorDark":"#00294f","angle":247.4,"snapDist":5,"label":1}},{"type":"Feature","geometry":{"type":"Point","coordinates":[23.499619,46.742782]},"properties":{"name":"M-Tăutului N (Florești)","lines":"M21","arr":["M21"],"terminus":0,"mode":"bus","color":"#0059a9","colorDark":"#00294f","angle":354.6,"snapDist":7,"label":1}},{"type":"Feature","geometry":{"type":"Point","coordinates":[23.496071,46.739467]},"properties":{"name":"M-Sub Cetate V (Florești)","lines":"M21","arr":["M21"],"terminus":0,"mode":"bus","color":"#0059a9","colorDark":"#00294f","angle":275.6,"snapDist":5,"label":1}},{"type":"Feature","geometry":{"type":"Point","coordinates":[23.490766,46.736557]},"properties":{"name":"M-Luxor N (Florești)","lines":"M21","arr":["M21"],"terminus":0,"mode":"bus","color":"#0059a9","colorDark":"#00294f","angle":356,"snapDist":4,"label":1}},{"type":"Feature","geometry":{"type":"Point","coordinates":[23.483927,46.735664]},"properties":{"name":"M-Eroilor V (Florești)","lines":"M21","arr":["M21"],"terminus":0,"mode":"bus","color":"#0059a9","colorDark":"#00294f","angle":273.4,"snapDist":7,"label":1}},{"type":"Feature","geometry":{"type":"Point","coordinates":[23.483507,46.732536]},"properties":{"name":"M-Teilor (Florești)","lines":"M21","arr":["M21"],"terminus":0,"mode":"bus","color":"#0059a9","colorDark":"#00294f","angle":279.4,"snapDist":8,"label":1}},{"type":"Feature","geometry":{"type":"Point","coordinates":[23.485088,46.728087]},"properties":{"name":"M-Str. Retezat","lines":"M21","arr":["M21"],"terminus":1,"mode":"bus","color":"#0059a9","colorDark":"#00294f","angle":241.9,"snapDist":17,"label":1}},{"type":"Feature","geometry":{"type":"Point","coordinates":[23.484038,46.729499]},"properties":{"name":"M-Florești Cetate Plecare","lines":"M21, M26","arr":["M21","M26"],"terminus":1,"mode":"bus","color":"#0059a9","colorDark":"#00294f","angle":65.1,"snapDist":0,"label":1}},{"type":"Feature","geometry":{"type":"Point","coordinates":[23.483471,46.7324]},"properties":{"name":"M-Bld. Cetatea Fetei","lines":"M21, M26","arr":["M21","M26"],"terminus":0,"mode":"bus","color":"#0059a9","colorDark":"#00294f","angle":101,"snapDist":6,"label":1}},{"type":"Feature","geometry":{"type":"Point","coordinates":[23.483826,46.734808]},"properties":{"name":"M-Eroilor E (Florești)","lines":"M21, M26","arr":["M21","M26"],"terminus":0,"mode":"bus","color":"#0059a9","colorDark":"#00294f","angle":94.9,"snapDist":5,"label":1}},{"type":"Feature","geometry":{"type":"Point","coordinates":[23.489432,46.736486]},"properties":{"name":"M-Luxor S (Florești)","lines":"M21","arr":["M21"],"terminus":0,"mode":"bus","color":"#0059a9","colorDark":"#00294f","angle":176.1,"snapDist":4,"label":1}},{"type":"Feature","geometry":{"type":"Point","coordinates":[23.49601,46.739042]},"properties":{"name":"M-Sub Cetate E (Florești)","lines":"M21","arr":["M21"],"terminus":0,"mode":"bus","color":"#0059a9","colorDark":"#00294f","angle":95.6,"snapDist":3,"label":1}},{"type":"Feature","geometry":{"type":"Point","coordinates":[23.498505,46.743006]},"properties":{"name":"M-Muncitorilor","lines":"M21","arr":["M21"],"terminus":0,"mode":"bus","color":"#0059a9","colorDark":"#00294f","angle":69.8,"snapDist":2,"label":1}},{"type":"Feature","geometry":{"type":"Point","coordinates":[23.499412,46.746288]},"properties":{"name":"M-Poligonului E (Florești)","lines":"M21, M23, M24, M26, M51","arr":["M21","M23","M24","M26","M51"],"terminus":0,"mode":"bus","color":"#0059a9","colorDark":"#00294f","angle":160.7,"snapDist":10,"label":1}},{"type":"Feature","geometry":{"type":"Point","coordinates":[23.505437,46.747713]},"properties":{"name":"M-Oncos S (Florești)","lines":"M21, M23, M24, M26, M51, M81","arr":["M21","M23","M24","M26","M51","M81"],"terminus":0,"mode":"bus","color":"#0059a9","colorDark":"#00294f","angle":160.5,"snapDist":8,"label":1}},{"type":"Feature","geometry":{"type":"Point","coordinates":[23.51773,46.750505]},"properties":{"name":"AutoTransilvania","lines":"M21, M23, M24, M26, M27, M51","arr":["M21","M23","M24","M26","M27","M51"],"terminus":0,"mode":"bus","color":"#0059a9","colorDark":"#00294f","angle":211.9,"snapDist":1,"label":1}},{"type":"Feature","geometry":{"type":"Point","coordinates":[23.526154,46.752524]},"properties":{"name":"Metro Sud","lines":"M21, M23, M24, M26, M27, M51, M81","arr":["M21","M23","M24","M26","M27","M51","M81"],"terminus":0,"mode":"bus","color":"#0059a9","colorDark":"#00294f","angle":160.9,"snapDist":6,"label":1}},{"type":"Feature","geometry":{"type":"Point","coordinates":[23.533027,46.754319]},"properties":{"name":"Polus Center","lines":"M21, M23, M24, M26, M27, M51, M81","arr":["M21","M23","M24","M26","M27","M51","M81"],"terminus":0,"mode":"bus","color":"#0059a9","colorDark":"#00294f","angle":140,"snapDist":3,"label":1}},{"type":"Feature","geometry":{"type":"Point","coordinates":[23.499386,46.746282]},"properties":{"name":"M-Someșului (Florești)","lines":"M22, M24, M25, M51","arr":["M22","M24","M25","M51"],"terminus":0,"mode":"bus","color":"#0059a9","colorDark":"#00294f","angle":340.7,"snapDist":3,"label":1}},{"type":"Feature","geometry":{"type":"Point","coordinates":[23.492995,46.745163]},"properties":{"name":"M-Iuliu Hossu (Florești)","lines":"M22, M51","arr":["M22","M51"],"terminus":0,"mode":"bus","color":"#0059a9","colorDark":"#00294f","angle":356.2,"snapDist":5,"label":1}},{"type":"Feature","geometry":{"type":"Point","coordinates":[23.485913,46.744331]},"properties":{"name":"M-Primăria Florești N","lines":"M22, M51, M52, M81","arr":["M22","M51","M52","M81"],"terminus":0,"mode":"bus","color":"#0059a9","colorDark":"#00294f","angle":349.8,"snapDist":5,"label":1}},{"type":"Feature","geometry":{"type":"Point","coordinates":[23.474609,46.743879]},"properties":{"name":"M-Il Milanese (Florești)","lines":"M22, M24, M51","arr":["M22","M24","M51"],"terminus":0,"mode":"bus","color":"#0059a9","colorDark":"#00294f","angle":2.9,"snapDist":7,"label":1}},{"type":"Feature","geometry":{"type":"Point","coordinates":[23.472872,46.741792]},"properties":{"name":"M-Str. Sesul de Sus","lines":"M22","arr":["M22"],"terminus":0,"mode":"bus","color":"#0059a9","colorDark":"#00294f","angle":343.3,"snapDist":3,"label":1}},{"type":"Feature","geometry":{"type":"Point","coordinates":[23.469922,46.74128]},"properties":{"name":"M-Dumitru Tautan","lines":"M22","arr":["M22"],"terminus":0,"mode":"bus","color":"#0059a9","colorDark":"#00294f","angle":351.8,"snapDist":4,"label":1}},{"type":"Feature","geometry":{"type":"Point","coordinates":[23.466065,46.741365]},"properties":{"name":"M-Sesu de Sus Sosire","lines":"M22","arr":["M22"],"terminus":1,"mode":"bus","color":"#0059a9","colorDark":"#00294f","angle":102.7,"snapDist":5,"label":1}},{"type":"Feature","geometry":{"type":"Point","coordinates":[23.427721,46.739519]},"properties":{"name":"M-Pasaj Luna","lines":"M23","arr":["M23"],"terminus":1,"mode":"bus","color":"#0059a9","colorDark":"#00294f","angle":144.3,"snapDist":0,"label":1}},{"type":"Feature","geometry":{"type":"Point","coordinates":[23.429744,46.74013]},"properties":{"name":"M-Bis. Ortodoxă (Luna)","lines":"M23","arr":["M23"],"terminus":0,"mode":"bus","color":"#0059a9","colorDark":"#00294f","angle":150.2,"snapDist":3,"label":1}},{"type":"Feature","geometry":{"type":"Point","coordinates":[23.433175,46.742879]},"properties":{"name":"M-Școala Luna S","lines":"M23, M81","arr":["M23","M81"],"terminus":0,"mode":"bus","color":"#0059a9","colorDark":"#00294f","angle":152.2,"snapDist":2,"label":1}},{"type":"Feature","geometry":{"type":"Point","coordinates":[23.441073,46.744232]},"properties":{"name":"M-Luna 1 Sud","lines":"M23","arr":["M23"],"terminus":0,"mode":"bus","color":"#0059a9","colorDark":"#00294f","angle":172.3,"snapDist":4,"label":1}},{"type":"Feature","geometry":{"type":"Point","coordinates":[23.448858,46.744741]},"properties":{"name":"M-Luna 2 Sud","lines":"M23","arr":["M23"],"terminus":0,"mode":"bus","color":"#0059a9","colorDark":"#00294f","angle":174.7,"snapDist":0,"label":1}},{"type":"Feature","geometry":{"type":"Point","coordinates":[23.455595,46.744355]},"properties":{"name":"M-Ferma 9 Nord","lines":"M23, M24, M51, M52","arr":["M23","M24","M51","M52"],"terminus":1,"mode":"bus","color":"#0059a9","colorDark":"#00294f","angle":2.2,"snapDist":1,"label":1}},{"type":"Feature","geometry":{"type":"Point","coordinates":[23.467786,46.744056]},"properties":{"name":"M-Zambilelor (Florești)","lines":"M23, M24, M51","arr":["M23","M24","M51"],"terminus":0,"mode":"bus","color":"#0059a9","colorDark":"#00294f","angle":182.2,"snapDist":10,"label":1}},{"type":"Feature","geometry":{"type":"Point","coordinates":[23.476748,46.743746]},"properties":{"name":"M-Cuza Vodă (Florești)","lines":"M23, M24, M51","arr":["M23","M24","M51"],"terminus":0,"mode":"bus","color":"#0059a9","colorDark":"#00294f","angle":181.8,"snapDist":9,"label":1}},{"type":"Feature","geometry":{"type":"Point","coordinates":[23.485401,46.744268]},"properties":{"name":"M-Primăria Florești S","lines":"M23, M24, M26, M51, M81","arr":["M23","M24","M26","M51","M81"],"terminus":0,"mode":"bus","color":"#0059a9","colorDark":"#00294f","angle":170.3,"snapDist":4,"label":1}},{"type":"Feature","geometry":{"type":"Point","coordinates":[23.495767,46.745418]},"properties":{"name":"M-Complex Florești","lines":"M23, M24, M26, M51","arr":["M23","M24","M26","M51"],"terminus":0,"mode":"bus","color":"#0059a9","colorDark":"#00294f","angle":161,"snapDist":11,"label":1}},{"type":"Feature","geometry":{"type":"Point","coordinates":[23.557137,46.759746]},"properties":{"name":"Calvaria Auto Sosire","lines":"M23","arr":["M23"],"terminus":1,"mode":"bus","color":"#0059a9","colorDark":"#00294f","angle":52.5,"snapDist":11,"label":1}},{"type":"Feature","geometry":{"type":"Point","coordinates":[23.494985,46.747094]},"properties":{"name":"M-Horea (Florești)","lines":"M24","arr":["M24"],"terminus":0,"mode":"bus","color":"#0059a9","colorDark":"#00294f","angle":357.6,"snapDist":5,"label":1}},{"type":"Feature","geometry":{"type":"Point","coordinates":[23.488198,46.746253]},"properties":{"name":"M-Gh. Doja (Florești)","lines":"M24","arr":["M24"],"terminus":0,"mode":"bus","color":"#0059a9","colorDark":"#00294f","angle":348.4,"snapDist":6,"label":1}},{"type":"Feature","geometry":{"type":"Point","coordinates":[23.484884,46.744899]},"properties":{"name":"M-Simion Bărnuțiu","lines":"M24","arr":["M24"],"terminus":0,"mode":"bus","color":"#0059a9","colorDark":"#00294f","angle":257.9,"snapDist":5,"label":1}},{"type":"Feature","geometry":{"type":"Point","coordinates":[23.467736,46.744057]},"properties":{"name":"M-Iazului (Florești)","lines":"M24, M51, M52","arr":["M24","M51","M52"],"terminus":0,"mode":"bus","color":"#0059a9","colorDark":"#00294f","angle":2.2,"snapDist":4,"label":1}},{"type":"Feature","geometry":{"type":"Point","coordinates":[23.455261,46.744365]},"properties":{"name":"M-Ferma 9 Sos (Florești)","lines":"M24","arr":["M24"],"terminus":1,"mode":"bus","color":"#0059a9","colorDark":"#00294f","angle":3.5,"snapDist":3,"label":1}},{"type":"Feature","geometry":{"type":"Point","coordinates":[23.544645,46.751734]},"properties":{"name":"Baza Unirea","lines":"M24","arr":["M24"],"terminus":0,"mode":"bus","color":"#0059a9","colorDark":"#00294f","angle":176.2,"snapDist":13,"label":1}},{"type":"Feature","geometry":{"type":"Point","coordinates":[23.506037,46.74068]},"properties":{"name":"M-Tăuțiului Vest","lines":"M25","arr":["M25"],"terminus":0,"mode":"bus","color":"#0059a9","colorDark":"#00294f","angle":217.6,"snapDist":8,"label":1}},{"type":"Feature","geometry":{"type":"Point","coordinates":[23.507318,46.726393]},"properties":{"name":"M-Mănăstirea Florești V","lines":"M25","arr":["M25"],"terminus":0,"mode":"bus","color":"#0059a9","colorDark":"#00294f","angle":292.5,"snapDist":2,"label":1}},{"type":"Feature","geometry":{"type":"Point","coordinates":[23.505424,46.72105]},"properties":{"name":"M-Cămin Vârstnici V","lines":"M25","arr":["M25"],"terminus":0,"mode":"bus","color":"#0059a9","colorDark":"#00294f","angle":275,"snapDist":4,"label":1}},{"type":"Feature","geometry":{"type":"Point","coordinates":[23.503227,46.716237]},"properties":{"name":"M-Izvor V","lines":"M25","arr":["M25"],"terminus":0,"mode":"bus","color":"#0059a9","colorDark":"#00294f","angle":271.6,"snapDist":1,"label":1}},{"type":"Feature","geometry":{"type":"Point","coordinates":[23.51014,46.709251]},"properties":{"name":"M-Tăuți Sosire","lines":"M25","arr":["M25"],"terminus":1,"mode":"bus","color":"#0059a9","colorDark":"#00294f","angle":184.8,"snapDist":8,"label":1}},{"type":"Feature","geometry":{"type":"Point","coordinates":[23.484049,46.738769]},"properties":{"name":"M-Profi E (Florești)","lines":"M26","arr":["M26"],"terminus":0,"mode":"bus","color":"#0059a9","colorDark":"#00294f","angle":89.9,"snapDist":7,"label":1}},{"type":"Feature","geometry":{"type":"Point","coordinates":[23.560653,46.762801]},"properties":{"name":"Plopilor Sud","lines":"M26","arr":["M26"],"terminus":0,"mode":"bus","color":"#0059a9","colorDark":"#00294f","angle":174.2,"snapDist":0,"label":1}},{"type":"Feature","geometry":{"type":"Point","coordinates":[23.570216,46.768054]},"properties":{"name":"Cluj Arena","lines":"M26","arr":["M26"],"terminus":0,"mode":"bus","color":"#0059a9","colorDark":"#00294f","angle":126.5,"snapDist":5,"label":1}},{"type":"Feature","geometry":{"type":"Point","coordinates":[23.534885,46.748675]},"properties":{"name":"M-Valea Garboului","lines":"M27","arr":["M27"],"terminus":0,"mode":"bus","color":"#0059a9","colorDark":"#00294f","angle":4.5,"snapDist":2,"label":1}},{"type":"Feature","geometry":{"type":"Point","coordinates":[23.531274,46.747297]},"properties":{"name":"M-Razoare Biserica","lines":"M27","arr":["M27"],"terminus":0,"mode":"bus","color":"#0059a9","colorDark":"#00294f","angle":344.8,"snapDist":3,"label":1}},{"type":"Feature","geometry":{"type":"Point","coordinates":[23.526919,46.746458]},"properties":{"name":"M-Razoare Vest","lines":"M27","arr":["M27"],"terminus":1,"mode":"bus","color":"#0059a9","colorDark":"#00294f","angle":67.2,"snapDist":2,"label":1}},{"type":"Feature","geometry":{"type":"Point","coordinates":[23.525297,46.749612]},"properties":{"name":"M-Amethyst","lines":"M27","arr":["M27"],"terminus":0,"mode":"bus","color":"#0059a9","colorDark":"#00294f","angle":71.2,"snapDist":5,"label":1}},{"type":"Feature","geometry":{"type":"Point","coordinates":[23.535426,46.785741]},"properties":{"name":"Napolact Nord","lines":"M31, M32, M34","arr":["M31","M32","M34"],"terminus":0,"mode":"bus","color":"#0059a9","colorDark":"#00294f","angle":28.8,"snapDist":5,"label":1}},{"type":"Feature","geometry":{"type":"Point","coordinates":[23.527971,46.789547]},"properties":{"name":"M-Transilvaniei N","lines":"M31, M32, M34","arr":["M31","M32","M34"],"terminus":0,"mode":"bus","color":"#0059a9","colorDark":"#00294f","angle":45.5,"snapDist":4,"label":1}},{"type":"Feature","geometry":{"type":"Point","coordinates":[23.524024,46.793201]},"properties":{"name":"M-Regina","lines":"M31, M32, M34","arr":["M31","M32","M34"],"terminus":0,"mode":"bus","color":"#0059a9","colorDark":"#00294f","angle":50.8,"snapDist":14,"label":1}},{"type":"Feature","geometry":{"type":"Point","coordinates":[23.519904,46.795949]},"properties":{"name":"M-Poliția Baciu N","lines":"M31","arr":["M31"],"terminus":0,"mode":"bus","color":"#0059a9","colorDark":"#00294f","angle":41.7,"snapDist":7,"label":1}},{"type":"Feature","geometry":{"type":"Point","coordinates":[23.514581,46.797103]},"properties":{"name":"M-Complex Baciu Sos","lines":"M31","arr":["M31"],"terminus":1,"mode":"bus","color":"#0059a9","colorDark":"#00294f","angle":9.7,"snapDist":11,"label":1}},{"type":"Feature","geometry":{"type":"Point","coordinates":[23.514284,46.797139]},"properties":{"name":"M-Complex Baciu","lines":"M31, M32, M34","arr":["M31","M32","M34"],"terminus":1,"mode":"bus","color":"#0059a9","colorDark":"#00294f","angle":10.1,"snapDist":8,"label":1}},{"type":"Feature","geometry":{"type":"Point","coordinates":[23.51917,46.796352]},"properties":{"name":"M-Poliția Baciu S","lines":"M31, M32","arr":["M31","M32"],"terminus":0,"mode":"bus","color":"#0059a9","colorDark":"#00294f","angle":211.1,"snapDist":10,"label":1}},{"type":"Feature","geometry":{"type":"Point","coordinates":[23.520371,46.795634]},"properties":{"name":"M-Cart. Blocuri Baciu","lines":"M31","arr":["M31"],"terminus":0,"mode":"bus","color":"#0059a9","colorDark":"#00294f","angle":44.9,"snapDist":129,"label":1}},{"type":"Feature","geometry":{"type":"Point","coordinates":[23.523481,46.793599]},"properties":{"name":"M-Crinului","lines":"M31","arr":["M31"],"terminus":0,"mode":"bus","color":"#0059a9","colorDark":"#00294f","angle":42.4,"snapDist":120,"label":1}},{"type":"Feature","geometry":{"type":"Point","coordinates":[23.526508,46.790576]},"properties":{"name":"M-Regal","lines":"M31","arr":["M31"],"terminus":0,"mode":"bus","color":"#0059a9","colorDark":"#00294f","angle":50.1,"snapDist":173,"label":1}},{"type":"Feature","geometry":{"type":"Point","coordinates":[23.528359,46.789276]},"properties":{"name":"M-Transilvaniei S","lines":"M31, M32","arr":["M31","M32"],"terminus":0,"mode":"bus","color":"#0059a9","colorDark":"#00294f","angle":225.5,"snapDist":10,"label":1}},{"type":"Feature","geometry":{"type":"Point","coordinates":[23.58899,46.784473]},"properties":{"name":"Gara Mică","lines":"M32, M33, M34, M35, M37","arr":["M32","M33","M34","M35","M37"],"terminus":1,"mode":"bus","color":"#0059a9","colorDark":"#00294f","angle":176.9,"snapDist":4,"label":1}},{"type":"Feature","geometry":{"type":"Point","coordinates":[23.484184,46.797839]},"properties":{"name":"M-Pasaj Baciu N","lines":"M32, M34","arr":["M32","M34"],"terminus":0,"mode":"bus","color":"#0059a9","colorDark":"#00294f","angle":40.4,"snapDist":10,"label":1}},{"type":"Feature","geometry":{"type":"Point","coordinates":[23.47911,46.793378]},"properties":{"name":"M-Magazin Suceagu V","lines":"M32","arr":["M32"],"terminus":0,"mode":"bus","color":"#0059a9","colorDark":"#00294f","angle":291.4,"snapDist":4,"label":1}},{"type":"Feature","geometry":{"type":"Point","coordinates":[23.476379,46.78795]},"properties":{"name":"M-Suceagu V","lines":"M32","arr":["M32"],"terminus":0,"mode":"bus","color":"#0059a9","colorDark":"#00294f","angle":312,"snapDist":3,"label":1}},{"type":"Feature","geometry":{"type":"Point","coordinates":[23.469841,46.785229]},"properties":{"name":"M-Transformator N","lines":"M32","arr":["M32"],"terminus":0,"mode":"bus","color":"#0059a9","colorDark":"#00294f","angle":324,"snapDist":5,"label":1}},{"type":"Feature","geometry":{"type":"Point","coordinates":[23.464773,46.784368]},"properties":{"name":"M-Cămin Suceagu N","lines":"M32","arr":["M32"],"terminus":0,"mode":"bus","color":"#0059a9","colorDark":"#00294f","angle":12.8,"snapDist":10,"label":1}},{"type":"Feature","geometry":{"type":"Point","coordinates":[23.46135,46.784412]},"properties":{"name":"M-Școala Suceagu Sos","lines":"M32","arr":["M32"],"terminus":0,"mode":"bus","color":"#0059a9","colorDark":"#00294f","angle":354.9,"snapDist":8,"label":1}},{"type":"Feature","geometry":{"type":"Point","coordinates":[23.45155,46.785261]},"properties":{"name":"M-Suceagu","lines":"M32","arr":["M32"],"terminus":1,"mode":"bus","color":"#0059a9","colorDark":"#00294f","angle":351.1,"snapDist":2,"label":1}},{"type":"Feature","geometry":{"type":"Point","coordinates":[23.461438,46.784417]},"properties":{"name":"M-Școala Suceagu Plecare","lines":"M32","arr":["M32"],"terminus":0,"mode":"bus","color":"#0059a9","colorDark":"#00294f","angle":174.9,"snapDist":0,"label":1}},{"type":"Feature","geometry":{"type":"Point","coordinates":[23.465064,46.784323]},"properties":{"name":"M-Cămin Suceagu S","lines":"M32","arr":["M32"],"terminus":0,"mode":"bus","color":"#0059a9","colorDark":"#00294f","angle":192.8,"snapDist":2,"label":1}},{"type":"Feature","geometry":{"type":"Point","coordinates":[23.46984,46.785229]},"properties":{"name":"M-Transformator S","lines":"M32","arr":["M32"],"terminus":0,"mode":"bus","color":"#0059a9","colorDark":"#00294f","angle":144,"snapDist":3,"label":1}},{"type":"Feature","geometry":{"type":"Point","coordinates":[23.476771,46.788247]},"properties":{"name":"M-Suceagu E","lines":"M32","arr":["M32"],"terminus":0,"mode":"bus","color":"#0059a9","colorDark":"#00294f","angle":132.1,"snapDist":8,"label":1}},{"type":"Feature","geometry":{"type":"Point","coordinates":[23.479281,46.793686]},"properties":{"name":"M-Magazin Suceagu E","lines":"M32","arr":["M32"],"terminus":0,"mode":"bus","color":"#0059a9","colorDark":"#00294f","angle":110.7,"snapDist":6,"label":1}},{"type":"Feature","geometry":{"type":"Point","coordinates":[23.483758,46.798044]},"properties":{"name":"M-Pasaj Baciu S","lines":"M32","arr":["M32"],"terminus":0,"mode":"bus","color":"#0059a9","colorDark":"#00294f","angle":211,"snapDist":1,"label":1}},{"type":"Feature","geometry":{"type":"Point","coordinates":[23.524856,46.792437]},"properties":{"name":"M-Regina Sud","lines":"M32","arr":["M32"],"terminus":0,"mode":"bus","color":"#0059a9","colorDark":"#00294f","angle":236.5,"snapDist":3,"label":1}},{"type":"Feature","geometry":{"type":"Point","coordinates":[23.585595,46.785157]},"properties":{"name":"Dedeman","lines":"M32","arr":["M32"],"terminus":0,"mode":"bus","color":"#0059a9","colorDark":"#00294f","angle":161.9,"snapDist":9,"label":1}},{"type":"Feature","geometry":{"type":"Point","coordinates":[23.59268,46.78729]},"properties":{"name":"Liberty","lines":"M32","arr":["M32"],"terminus":0,"mode":"bus","color":"#0059a9","colorDark":"#00294f","angle":164.5,"snapDist":7,"label":1}},{"type":"Feature","geometry":{"type":"Point","coordinates":[23.596651,46.787476]},"properties":{"name":"Libertatea Vest Tram","lines":"M32","arr":["M32"],"terminus":0,"mode":"bus","color":"#0059a9","colorDark":"#00294f","angle":270.4,"snapDist":7,"label":1}},{"type":"Feature","geometry":{"type":"Point","coordinates":[23.589189,46.784501]},"properties":{"name":"Gara Mică Sosire","lines":"M32, M35, M38, M39, M39L","arr":["M32","M35","M38","M39","M39L"],"terminus":1,"mode":"bus","color":"#0059a9","colorDark":"#00294f","angle":166.5,"snapDist":3,"label":1}},{"type":"Feature","geometry":{"type":"Point","coordinates":[23.542988,46.790729]},"properties":{"name":"M-Măracineanu E","lines":"M33","arr":["M33"],"terminus":0,"mode":"bus","color":"#0059a9","colorDark":"#00294f","angle":55.1,"snapDist":4,"label":1}},{"type":"Feature","geometry":{"type":"Point","coordinates":[23.523731,46.816526]},"properties":{"name":"M-Terasa E","lines":"M33","arr":["M33"],"terminus":0,"mode":"bus","color":"#0059a9","colorDark":"#00294f","angle":68.6,"snapDist":9,"label":1}},{"type":"Feature","geometry":{"type":"Point","coordinates":[23.522459,46.825539]},"properties":{"name":"M-Popești Ramificație E","lines":"M33","arr":["M33"],"terminus":0,"mode":"bus","color":"#0059a9","colorDark":"#00294f","angle":93.5,"snapDist":8,"label":1}},{"type":"Feature","geometry":{"type":"Point","coordinates":[23.509539,46.842085]},"properties":{"name":"M-Comlact E","lines":"M33","arr":["M33"],"terminus":0,"mode":"bus","color":"#0059a9","colorDark":"#00294f","angle":60.2,"snapDist":8,"label":1}},{"type":"Feature","geometry":{"type":"Point","coordinates":[23.506346,46.847835]},"properties":{"name":"M-Monument Coruș","lines":"M33","arr":["M33"],"terminus":0,"mode":"bus","color":"#0059a9","colorDark":"#00294f","angle":13.5,"snapDist":8,"label":1}},{"type":"Feature","geometry":{"type":"Point","coordinates":[23.502536,46.852051]},"properties":{"name":"M-Situl Fosilier E","lines":"M33","arr":["M33"],"terminus":0,"mode":"bus","color":"#0059a9","colorDark":"#00294f","angle":68,"snapDist":7,"label":1}},{"type":"Feature","geometry":{"type":"Point","coordinates":[23.490041,46.872923]},"properties":{"name":"M-Săliștea Noua Sosire","lines":"M33","arr":["M33"],"terminus":1,"mode":"bus","color":"#0059a9","colorDark":"#00294f","angle":110.7,"snapDist":10,"label":1}},{"type":"Feature","geometry":{"type":"Point","coordinates":[23.468924,46.800305]},"properties":{"name":"M-ADRNV","lines":"M34","arr":["M34"],"terminus":0,"mode":"bus","color":"#0059a9","colorDark":"#00294f","angle":21.6,"snapDist":13,"label":1}},{"type":"Feature","geometry":{"type":"Point","coordinates":[23.463847,46.800782]},"properties":{"name":"M-Rădaia N","lines":"M34","arr":["M34"],"terminus":0,"mode":"bus","color":"#0059a9","colorDark":"#00294f","angle":1.6,"snapDist":14,"label":1}},{"type":"Feature","geometry":{"type":"Point","coordinates":[23.455758,46.806686]},"properties":{"name":"M-Mera 1 E","lines":"M34","arr":["M34"],"terminus":0,"mode":"bus","color":"#0059a9","colorDark":"#00294f","angle":130.8,"snapDist":5,"label":1}},{"type":"Feature","geometry":{"type":"Point","coordinates":[23.45747,46.809849]},"properties":{"name":"M-Mera 2 E","lines":"M34","arr":["M34"],"terminus":0,"mode":"bus","color":"#0059a9","colorDark":"#00294f","angle":60.3,"snapDist":11,"label":1}},{"type":"Feature","geometry":{"type":"Point","coordinates":[23.452871,46.815108]},"properties":{"name":"M-Biserica Mera Sosire","lines":"M34","arr":["M34"],"terminus":0,"mode":"bus","color":"#0059a9","colorDark":"#00294f","angle":83.7,"snapDist":14,"label":1}},{"type":"Feature","geometry":{"type":"Point","coordinates":[23.449319,46.82095]},"properties":{"name":"M - Teren Fotbal Mera","lines":"M34","arr":["M34"],"terminus":1,"mode":"bus","color":"#0059a9","colorDark":"#00294f","angle":79.9,"snapDist":14,"label":1}},{"type":"Feature","geometry":{"type":"Point","coordinates":[23.5553,46.801652]},"properties":{"name":"M-Spicului Est","lines":"M35","arr":["M35"],"terminus":0,"mode":"bus","color":"#0059a9","colorDark":"#00294f","angle":30.6,"snapDist":2,"label":1}},{"type":"Feature","geometry":{"type":"Point","coordinates":[23.53532,46.818881]},"properties":{"name":"M-Popești Est","lines":"M35","arr":["M35"],"terminus":0,"mode":"bus","color":"#0059a9","colorDark":"#00294f","angle":78.5,"snapDist":1,"label":1}},{"type":"Feature","geometry":{"type":"Point","coordinates":[23.534005,46.8232]},"properties":{"name":"M-Monument Popești Sos","lines":"M35","arr":["M35"],"terminus":1,"mode":"bus","color":"#0059a9","colorDark":"#00294f","angle":67.8,"snapDist":8,"label":1}},{"type":"Feature","geometry":{"type":"Point","coordinates":[23.533992,46.823339]},"properties":{"name":"M-Monument Popești Plecare","lines":"M35","arr":["M35"],"terminus":1,"mode":"bus","color":"#0059a9","colorDark":"#00294f","angle":267,"snapDist":2,"label":1}},{"type":"Feature","geometry":{"type":"Point","coordinates":[23.535336,46.818829]},"properties":{"name":"M-Popești Vest","lines":"M35","arr":["M35"],"terminus":0,"mode":"bus","color":"#0059a9","colorDark":"#00294f","angle":258.5,"snapDist":6,"label":1}},{"type":"Feature","geometry":{"type":"Point","coordinates":[23.55513,46.801721]},"properties":{"name":"M-Spicului Vest","lines":"M35","arr":["M35"],"terminus":0,"mode":"bus","color":"#0059a9","colorDark":"#00294f","angle":210.6,"snapDist":6,"label":1}},{"type":"Feature","geometry":{"type":"Point","coordinates":[23.607888,46.840659]},"properties":{"name":"M-Dealu Fânatelor E","lines":"M37","arr":["M37"],"terminus":0,"mode":"bus","color":"#0059a9","colorDark":"#00294f","angle":106.9,"snapDist":8,"label":1}},{"type":"Feature","geometry":{"type":"Point","coordinates":[23.606659,46.848668]},"properties":{"name":"M-Ferma Fânate E","lines":"M37","arr":["M37"],"terminus":0,"mode":"bus","color":"#0059a9","colorDark":"#00294f","angle":74.3,"snapDist":8,"label":1}},{"type":"Feature","geometry":{"type":"Point","coordinates":[23.593048,46.867717]},"properties":{"name":"M-Biserica Pădureni E","lines":"M37","arr":["M37"],"terminus":0,"mode":"bus","color":"#0059a9","colorDark":"#00294f","angle":116,"snapDist":6,"label":1}},{"type":"Feature","geometry":{"type":"Point","coordinates":[23.594215,46.87059]},"properties":{"name":"M-Pădureni E","lines":"M37","arr":["M37"],"terminus":0,"mode":"bus","color":"#0059a9","colorDark":"#00294f","angle":81.8,"snapDist":10,"label":1}},{"type":"Feature","geometry":{"type":"Point","coordinates":[23.626085,46.880133]},"properties":{"name":"M-Feiurdeni Sosire","lines":"M37","arr":["M37"],"terminus":1,"mode":"bus","color":"#0059a9","colorDark":"#00294f","angle":200.5,"snapDist":5,"label":1}},{"type":"Feature","geometry":{"type":"Point","coordinates":[23.566919,46.88951]},"properties":{"name":"M-Macicasu","lines":"M38","arr":["M38"],"terminus":1,"mode":"bus","color":"#0059a9","colorDark":"#00294f","angle":110.6,"snapDist":9,"label":1}},{"type":"Feature","geometry":{"type":"Point","coordinates":[23.563731,46.895804]},"properties":{"name":"M-Sânmărtin Plecare","lines":"M38","arr":["M38"],"terminus":0,"mode":"bus","color":"#0059a9","colorDark":"#00294f","angle":327.1,"snapDist":3,"label":1}},{"type":"Feature","geometry":{"type":"Point","coordinates":[23.52993,46.894991]},"properties":{"name":"M-Deusu N","lines":"M38","arr":["M38"],"terminus":0,"mode":"bus","color":"#0059a9","colorDark":"#00294f","angle":17.2,"snapDist":6,"label":1}},{"type":"Feature","geometry":{"type":"Point","coordinates":[23.520321,46.898229]},"properties":{"name":"M-Vechea S","lines":"M38, M39L","arr":["M38","M39L"],"terminus":1,"mode":"bus","color":"#0059a9","colorDark":"#00294f","angle":177.8,"snapDist":4,"label":1}},{"type":"Feature","geometry":{"type":"Point","coordinates":[23.5193,46.890174]},"properties":{"name":"M-DJ 109 Vest","lines":"M38, M39L","arr":["M38","M39L"],"terminus":0,"mode":"bus","color":"#0059a9","colorDark":"#00294f","angle":258.7,"snapDist":7,"label":1}},{"type":"Feature","geometry":{"type":"Point","coordinates":[23.518192,46.880665]},"properties":{"name":"M-Poarta Chinteni Vest","lines":"M38, M39L","arr":["M38","M39L"],"terminus":0,"mode":"bus","color":"#0059a9","colorDark":"#00294f","angle":244.9,"snapDist":5,"label":1}},{"type":"Feature","geometry":{"type":"Point","coordinates":[23.525731,46.875369]},"properties":{"name":"M-Chinteni Lac Plecare","lines":"M38, M39, M39L","arr":["M38","M39","M39L"],"terminus":1,"mode":"bus","color":"#0059a9","colorDark":"#00294f","angle":188.8,"snapDist":5,"label":1}},{"type":"Feature","geometry":{"type":"Point","coordinates":[23.529698,46.8683]},"properties":{"name":"M-Habitat V","lines":"M38, M39, M39L","arr":["M38","M39","M39L"],"terminus":0,"mode":"bus","color":"#0059a9","colorDark":"#00294f","angle":244,"snapDist":1,"label":1}},{"type":"Feature","geometry":{"type":"Point","coordinates":[23.534854,46.864355]},"properties":{"name":"Capela Chinteni Vest","lines":"M38, M39","arr":["M38","M39"],"terminus":0,"mode":"bus","color":"#0059a9","colorDark":"#00294f","angle":207.4,"snapDist":9,"label":1}},{"type":"Feature","geometry":{"type":"Point","coordinates":[23.539937,46.861151]},"properties":{"name":"M-Primăria Chinteni V","lines":"M38, M39, M39L","arr":["M38","M39","M39L"],"terminus":0,"mode":"bus","color":"#0059a9","colorDark":"#00294f","angle":252.6,"snapDist":4,"label":1}},{"type":"Feature","geometry":{"type":"Point","coordinates":[23.544047,46.856927]},"properties":{"name":"M-Chinteni V","lines":"M38, M39, M39L","arr":["M38","M39","M39L"],"terminus":0,"mode":"bus","color":"#0059a9","colorDark":"#00294f","angle":251.7,"snapDist":2,"label":1}},{"type":"Feature","geometry":{"type":"Point","coordinates":[23.548611,46.851187]},"properties":{"name":"M-Xamus V","lines":"M38, M39, M39L","arr":["M38","M39","M39L"],"terminus":0,"mode":"bus","color":"#0059a9","colorDark":"#00294f","angle":232.8,"snapDist":1,"label":1}},{"type":"Feature","geometry":{"type":"Point","coordinates":[23.554463,46.848244]},"properties":{"name":"M-Garden V","lines":"M38, M39, M39L","arr":["M38","M39","M39L"],"terminus":0,"mode":"bus","color":"#0059a9","colorDark":"#00294f","angle":209.8,"snapDist":0,"label":1}},{"type":"Feature","geometry":{"type":"Point","coordinates":[23.557979,46.845563]},"properties":{"name":"M- Pod Chinteni Vest","lines":"M38, M39, M39L","arr":["M38","M39","M39L"],"terminus":0,"mode":"bus","color":"#0059a9","colorDark":"#00294f","angle":297.2,"snapDist":4,"label":1}},{"type":"Feature","geometry":{"type":"Point","coordinates":[23.570829,46.840569]},"properties":{"name":"M-Oltului","lines":"M39, M39L","arr":["M39","M39L"],"terminus":0,"mode":"bus","color":"#0059a9","colorDark":"#00294f","angle":206,"snapDist":22,"label":1}},{"type":"Feature","geometry":{"type":"Point","coordinates":[23.557944,46.845523]},"properties":{"name":"M-Pod Chinteni Est","lines":"M39, M39L","arr":["M39","M39L"],"terminus":0,"mode":"bus","color":"#0059a9","colorDark":"#00294f","angle":124.7,"snapDist":3,"label":1}},{"type":"Feature","geometry":{"type":"Point","coordinates":[23.554335,46.848294]},"properties":{"name":"M-Garden E","lines":"M39, M39L","arr":["M39","M39L"],"terminus":0,"mode":"bus","color":"#0059a9","colorDark":"#00294f","angle":29.8,"snapDist":8,"label":1}},{"type":"Feature","geometry":{"type":"Point","coordinates":[23.548589,46.851206]},"properties":{"name":"M-Xamus E","lines":"M39, M39L","arr":["M39","M39L"],"terminus":0,"mode":"bus","color":"#0059a9","colorDark":"#00294f","angle":52.8,"snapDist":12,"label":1}},{"type":"Feature","geometry":{"type":"Point","coordinates":[23.543913,46.857322]},"properties":{"name":"M-Chinteni E","lines":"M39, M39L","arr":["M39","M39L"],"terminus":0,"mode":"bus","color":"#0059a9","colorDark":"#00294f","angle":89.7,"snapDist":9,"label":1}},{"type":"Feature","geometry":{"type":"Point","coordinates":[23.539851,46.861314]},"properties":{"name":"M-Primăria Chinteni","lines":"M39, M39L","arr":["M39","M39L"],"terminus":0,"mode":"bus","color":"#0059a9","colorDark":"#00294f","angle":68.3,"snapDist":9,"label":1}},{"type":"Feature","geometry":{"type":"Point","coordinates":[23.535451,46.864143]},"properties":{"name":"Capela Chinteni Est","lines":"M39","arr":["M39"],"terminus":0,"mode":"bus","color":"#0059a9","colorDark":"#00294f","angle":27.4,"snapDist":5,"label":1}},{"type":"Feature","geometry":{"type":"Point","coordinates":[23.529643,46.868376]},"properties":{"name":"M-Habitat E","lines":"M39, M39L","arr":["M39","M39L"],"terminus":0,"mode":"bus","color":"#0059a9","colorDark":"#00294f","angle":64,"snapDist":11,"label":1}},{"type":"Feature","geometry":{"type":"Point","coordinates":[23.525677,46.875374]},"properties":{"name":"M-Chinteni Lac Sosire","lines":"M39, M39L","arr":["M39","M39L"],"terminus":1,"mode":"bus","color":"#0059a9","colorDark":"#00294f","angle":8.8,"snapDist":6,"label":1}},{"type":"Feature","geometry":{"type":"Point","coordinates":[23.563808,46.840517]},"properties":{"name":"Lombul Mic Est","lines":"M39L","arr":["M39L"],"terminus":0,"mode":"bus","color":"#0059a9","colorDark":"#00294f","angle":37.2,"snapDist":1,"label":1}},{"type":"Feature","geometry":{"type":"Point","coordinates":[23.518107,46.88079]},"properties":{"name":"M-Poarta Chinteni Est","lines":"M39L","arr":["M39L"],"terminus":0,"mode":"bus","color":"#0059a9","colorDark":"#00294f","angle":64.9,"snapDist":3,"label":1}},{"type":"Feature","geometry":{"type":"Point","coordinates":[23.519253,46.890485]},"properties":{"name":"M-DJ 109 Est","lines":"M39L","arr":["M39L"],"terminus":0,"mode":"bus","color":"#0059a9","colorDark":"#00294f","angle":90.3,"snapDist":8,"label":1}},{"type":"Feature","geometry":{"type":"Point","coordinates":[23.520152,46.898224]},"properties":{"name":"M-Vechea N","lines":"M39L","arr":["M39L"],"terminus":1,"mode":"bus","color":"#0059a9","colorDark":"#00294f","angle":357.8,"snapDist":5,"label":1}},{"type":"Feature","geometry":{"type":"Point","coordinates":[23.707319,46.78234]},"properties":{"name":"M-Agro Transilvania","lines":"M41, M41L, M42L","arr":["M41","M41L","M42L"],"terminus":0,"mode":"bus","color":"#0059a9","colorDark":"#00294f","angle":-108.8,"snapDist":8,"label":1}},{"type":"Feature","geometry":{"type":"Point","coordinates":[23.715074,46.783802]},"properties":{"name":"M-Rondocarton","lines":"M41, M41L, M42, M42L","arr":["M41","M41L","M42","M42L"],"terminus":0,"mode":"bus","color":"#0059a9","colorDark":"#00294f","angle":165.9,"snapDist":8,"label":1}},{"type":"Feature","geometry":{"type":"Point","coordinates":[23.718932,46.784529]},"properties":{"name":"M-Halta Sânnicoară S","lines":"M41, M41L, M42, M42L, M44","arr":["M41","M41L","M42","M42L","M44"],"terminus":0,"mode":"bus","color":"#0059a9","colorDark":"#00294f","angle":159.4,"snapDist":7,"label":1}},{"type":"Feature","geometry":{"type":"Point","coordinates":[23.728366,46.787522]},"properties":{"name":"M-Triaj Sânnicoară S","lines":"M41, M41L, M42, M42L","arr":["M41","M41L","M42","M42L"],"terminus":0,"mode":"bus","color":"#0059a9","colorDark":"#00294f","angle":155.3,"snapDist":7,"label":1}},{"type":"Feature","geometry":{"type":"Point","coordinates":[23.742565,46.792068]},"properties":{"name":"M-Gara Apahida S","lines":"M41, M41L, M44","arr":["M41","M41L","M44"],"terminus":0,"mode":"bus","color":"#0059a9","colorDark":"#00294f","angle":155,"snapDist":7,"label":1}},{"type":"Feature","geometry":{"type":"Point","coordinates":[23.751749,46.797475]},"properties":{"name":"M-Ramificație Cojocna","lines":"M41, M41L, M44","arr":["M41","M41L","M44"],"terminus":0,"mode":"bus","color":"#0059a9","colorDark":"#00294f","angle":131.3,"snapDist":6,"label":1}},{"type":"Feature","geometry":{"type":"Point","coordinates":[23.754082,46.800772]},"properties":{"name":"M-Blocuri Apahida E","lines":"M41, M41L","arr":["M41","M41L"],"terminus":0,"mode":"bus","color":"#0059a9","colorDark":"#00294f","angle":71,"snapDist":2,"label":1}},{"type":"Feature","geometry":{"type":"Point","coordinates":[23.752212,46.80447]},"properties":{"name":"M-Poliția Apahida","lines":"M41, M41L","arr":["M41","M41L"],"terminus":0,"mode":"bus","color":"#0059a9","colorDark":"#00294f","angle":70.9,"snapDist":3,"label":1}},{"type":"Feature","geometry":{"type":"Point","coordinates":[23.751214,46.811494]},"properties":{"name":"M-Tudor Vladimirescu Ap.","lines":"M41, M41L","arr":["M41","M41L"],"terminus":0,"mode":"bus","color":"#0059a9","colorDark":"#00294f","angle":107.3,"snapDist":5,"label":1}},{"type":"Feature","geometry":{"type":"Point","coordinates":[23.750717,46.813761]},"properties":{"name":"M-Pod Apahida E","lines":"M41, M41L","arr":["M41","M41L"],"terminus":0,"mode":"bus","color":"#0059a9","colorDark":"#00294f","angle":71,"snapDist":3,"label":1}},{"type":"Feature","geometry":{"type":"Point","coordinates":[23.74464,46.815761]},"properties":{"name":"M-Ferma Apahida","lines":"M41, M41L","arr":["M41","M41L"],"terminus":1,"mode":"bus","color":"#0059a9","colorDark":"#00294f","angle":65.3,"snapDist":3,"label":1}},{"type":"Feature","geometry":{"type":"Point","coordinates":[23.750659,46.813877]},"properties":{"name":"M-Pod Apahida V","lines":"M41","arr":["M41"],"terminus":1,"mode":"bus","color":"#0059a9","colorDark":"#00294f","angle":251,"snapDist":7,"label":1}},{"type":"Feature","geometry":{"type":"Point","coordinates":[23.750883,46.810775]},"properties":{"name":"M-Eroii Pascu","lines":"M41","arr":["M41"],"terminus":0,"mode":"bus","color":"#0059a9","colorDark":"#00294f","angle":291.5,"snapDist":7,"label":1}},{"type":"Feature","geometry":{"type":"Point","coordinates":[23.751709,46.80556]},"properties":{"name":"M-Primăria Apahida","lines":"M41","arr":["M41"],"terminus":0,"mode":"bus","color":"#0059a9","colorDark":"#00294f","angle":258,"snapDist":9,"label":1}},{"type":"Feature","geometry":{"type":"Point","coordinates":[23.753779,46.801375]},"properties":{"name":"M-Blocuri Apahida V","lines":"M41","arr":["M41"],"terminus":0,"mode":"bus","color":"#0059a9","colorDark":"#00294f","angle":250.9,"snapDist":6,"label":1}},{"type":"Feature","geometry":{"type":"Point","coordinates":[23.750546,46.796536]},"properties":{"name":"M-Pietroasa Apahida","lines":"M41, M44","arr":["M41","M44"],"terminus":0,"mode":"bus","color":"#0059a9","colorDark":"#00294f","angle":311.3,"snapDist":5,"label":1}},{"type":"Feature","geometry":{"type":"Point","coordinates":[23.743666,46.79242]},"properties":{"name":"M-Gara Apahida N","lines":"M41, M44","arr":["M41","M44"],"terminus":0,"mode":"bus","color":"#0059a9","colorDark":"#00294f","angle":335,"snapDist":3,"label":1}},{"type":"Feature","geometry":{"type":"Point","coordinates":[23.72866,46.787615]},"properties":{"name":"M-Triaj Sânnicoară N","lines":"M41","arr":["M41"],"terminus":0,"mode":"bus","color":"#0059a9","colorDark":"#00294f","angle":335.5,"snapDist":2,"label":1}},{"type":"Feature","geometry":{"type":"Point","coordinates":[23.719179,46.784604]},"properties":{"name":"M-Halta Sânnicoară N","lines":"M41, M44","arr":["M41","M44"],"terminus":0,"mode":"bus","color":"#0059a9","colorDark":"#00294f","angle":335.2,"snapDist":7,"label":1}},{"type":"Feature","geometry":{"type":"Point","coordinates":[23.716487,46.784046]},"properties":{"name":"M-RMB Inter Auto","lines":"M41, M42, M42L","arr":["M41","M42","M42L"],"terminus":0,"mode":"bus","color":"#0059a9","colorDark":"#00294f","angle":345.8,"snapDist":5,"label":1}},{"type":"Feature","geometry":{"type":"Point","coordinates":[23.707368,46.782467]},"properties":{"name":"M-EVW Holding","lines":"M41, M42, M42L","arr":["M41","M42","M42L"],"terminus":0,"mode":"bus","color":"#0059a9","colorDark":"#00294f","angle":345.9,"snapDist":10,"label":1}},{"type":"Feature","geometry":{"type":"Point","coordinates":[23.699992,46.782106]},"properties":{"name":"Vama","lines":"M41, M43, M44","arr":["M41","M43","M44"],"terminus":0,"mode":"bus","color":"#0059a9","colorDark":"#00294f","angle":354.4,"snapDist":9,"label":1}},{"type":"Feature","geometry":{"type":"Point","coordinates":[23.738618,46.830925]},"properties":{"name":"M-Grădinița Câmpenești S","lines":"M41L","arr":["M41L"],"terminus":1,"mode":"bus","color":"#0059a9","colorDark":"#00294f","angle":-119.5,"snapDist":20,"label":1}},{"type":"Feature","geometry":{"type":"Point","coordinates":[23.707909,46.77706]},"properties":{"name":"M-Centru Varstnici","lines":"M42","arr":["M42"],"terminus":0,"mode":"bus","color":"#0059a9","colorDark":"#00294f","angle":152.1,"snapDist":3,"label":1}},{"type":"Feature","geometry":{"type":"Point","coordinates":[23.719583,46.778709]},"properties":{"name":"M-Aerodrom","lines":"M42","arr":["M42"],"terminus":0,"mode":"bus","color":"#0059a9","colorDark":"#00294f","angle":167,"snapDist":1,"label":1}},{"type":"Feature","geometry":{"type":"Point","coordinates":[23.723918,46.781264]},"properties":{"name":"M-Av. T. Darjan","lines":"M42","arr":["M42"],"terminus":0,"mode":"bus","color":"#0059a9","colorDark":"#00294f","angle":60.8,"snapDist":0,"label":1}},{"type":"Feature","geometry":{"type":"Point","coordinates":[23.738157,46.79427]},"properties":{"name":"N. Balcescu S","lines":"M42, M42L","arr":["M42","M42L"],"terminus":1,"mode":"bus","color":"#0059a9","colorDark":"#00294f","angle":130.6,"snapDist":1,"label":1}},{"type":"Feature","geometry":{"type":"Point","coordinates":[23.735567,46.798827]},"properties":{"name":"Guhring S","lines":"M42, M42L","arr":["M42","M42L"],"terminus":1,"mode":"bus","color":"#0059a9","colorDark":"#00294f","angle":61.3,"snapDist":1,"label":1}},{"type":"Feature","geometry":{"type":"Point","coordinates":[23.735568,46.798826]},"properties":{"name":"Guhring N","lines":"M42, M42L","arr":["M42","M42L"],"terminus":1,"mode":"bus","color":"#0059a9","colorDark":"#00294f","angle":241.3,"snapDist":1,"label":1}},{"type":"Feature","geometry":{"type":"Point","coordinates":[23.738157,46.79427]},"properties":{"name":"N. Balcescu N","lines":"M42, M42L","arr":["M42","M42L"],"terminus":0,"mode":"bus","color":"#0059a9","colorDark":"#00294f","angle":310.6,"snapDist":1,"label":1}},{"type":"Feature","geometry":{"type":"Point","coordinates":[23.726888,46.788275]},"properties":{"name":"M-Cămin Sânnicoară","lines":"M42, M42L","arr":["M42","M42L"],"terminus":0,"mode":"bus","color":"#0059a9","colorDark":"#00294f","angle":59.2,"snapDist":5,"label":1}},{"type":"Feature","geometry":{"type":"Point","coordinates":[23.723769,46.791879]},"properties":{"name":"M-1 Mai Plecare","lines":"M42, M42L","arr":["M42","M42L"],"terminus":0,"mode":"bus","color":"#0059a9","colorDark":"#00294f","angle":58.2,"snapDist":5,"label":1}},{"type":"Feature","geometry":{"type":"Point","coordinates":[23.718528,46.78831]},"properties":{"name":"M-Școlii Sânnicoară","lines":"M42, M42L","arr":["M42","M42L"],"terminus":0,"mode":"bus","color":"#0059a9","colorDark":"#00294f","angle":270.9,"snapDist":4,"label":1}},{"type":"Feature","geometry":{"type":"Point","coordinates":[23.706144,46.775284]},"properties":{"name":"M-Pepiniera","lines":"M43","arr":["M43"],"terminus":0,"mode":"bus","color":"#0059a9","colorDark":"#00294f","angle":262.1,"snapDist":4,"label":1}},{"type":"Feature","geometry":{"type":"Point","coordinates":[23.706731,46.771311]},"properties":{"name":"M-Trandafirilor V","lines":"M43","arr":["M43"],"terminus":0,"mode":"bus","color":"#0059a9","colorDark":"#00294f","angle":254.6,"snapDist":4,"label":1}},{"type":"Feature","geometry":{"type":"Point","coordinates":[23.709552,46.767641]},"properties":{"name":"M-Crișeni V","lines":"M43","arr":["M43"],"terminus":0,"mode":"bus","color":"#0059a9","colorDark":"#00294f","angle":242.5,"snapDist":3,"label":1}},{"type":"Feature","geometry":{"type":"Point","coordinates":[23.711102,46.764923]},"properties":{"name":"M-Tăușor V","lines":"M43","arr":["M43"],"terminus":0,"mode":"bus","color":"#0059a9","colorDark":"#00294f","angle":261,"snapDist":4,"label":1}},{"type":"Feature","geometry":{"type":"Point","coordinates":[23.714978,46.76296]},"properties":{"name":"M-Complex Dezmir S","lines":"M43","arr":["M43"],"terminus":0,"mode":"bus","color":"#0059a9","colorDark":"#00294f","angle":164.1,"snapDist":5,"label":1}},{"type":"Feature","geometry":{"type":"Point","coordinates":[23.718021,46.763961]},"properties":{"name":"M-Școala Dezmir S","lines":"M43","arr":["M43"],"terminus":0,"mode":"bus","color":"#0059a9","colorDark":"#00294f","angle":147.5,"snapDist":4,"label":1}},{"type":"Feature","geometry":{"type":"Point","coordinates":[23.722531,46.763794]},"properties":{"name":"M-Pietroasa Dezmir","lines":"M43","arr":["M43"],"terminus":0,"mode":"bus","color":"#0059a9","colorDark":"#00294f","angle":199.9,"snapDist":3,"label":1}},{"type":"Feature","geometry":{"type":"Point","coordinates":[23.726765,46.762694]},"properties":{"name":"M-Lacului","lines":"M43","arr":["M43"],"terminus":1,"mode":"bus","color":"#0059a9","colorDark":"#00294f","angle":125,"snapDist":5,"label":1}},{"type":"Feature","geometry":{"type":"Point","coordinates":[23.724566,46.767293]},"properties":{"name":"M-Plopilor Dezmir","lines":"M43","arr":["M43"],"terminus":0,"mode":"bus","color":"#0059a9","colorDark":"#00294f","angle":37.4,"snapDist":6,"label":1}},{"type":"Feature","geometry":{"type":"Point","coordinates":[23.720855,46.766358]},"properties":{"name":"M-Primăria Dezmir Plecare","lines":"M43","arr":["M43"],"terminus":0,"mode":"bus","color":"#0059a9","colorDark":"#00294f","angle":313,"snapDist":2,"label":1}},{"type":"Feature","geometry":{"type":"Point","coordinates":[23.718402,46.764334]},"properties":{"name":"M-Școala Dezmir N","lines":"M43","arr":["M43"],"terminus":0,"mode":"bus","color":"#0059a9","colorDark":"#00294f","angle":269.9,"snapDist":5,"label":1}},{"type":"Feature","geometry":{"type":"Point","coordinates":[23.71498,46.76296]},"properties":{"name":"M-Complex Dezmir N","lines":"M43","arr":["M43"],"terminus":0,"mode":"bus","color":"#0059a9","colorDark":"#00294f","angle":344.1,"snapDist":2,"label":1}},{"type":"Feature","geometry":{"type":"Point","coordinates":[23.711134,46.764774]},"properties":{"name":"M-Tăușor E","lines":"M43","arr":["M43"],"terminus":0,"mode":"bus","color":"#0059a9","colorDark":"#00294f","angle":81.8,"snapDist":3,"label":1}},{"type":"Feature","geometry":{"type":"Point","coordinates":[23.709489,46.767724]},"properties":{"name":"M-Crișeni E","lines":"M43","arr":["M43"],"terminus":0,"mode":"bus","color":"#0059a9","colorDark":"#00294f","angle":62,"snapDist":5,"label":1}},{"type":"Feature","geometry":{"type":"Point","coordinates":[23.706688,46.771419]},"properties":{"name":"M-Trandafirilor E","lines":"M43","arr":["M43"],"terminus":0,"mode":"bus","color":"#0059a9","colorDark":"#00294f","angle":74.6,"snapDist":4,"label":1}},{"type":"Feature","geometry":{"type":"Point","coordinates":[23.706079,46.775609]},"properties":{"name":"M-Bonas","lines":"M43","arr":["M43"],"terminus":0,"mode":"bus","color":"#0059a9","colorDark":"#00294f","angle":82.1,"snapDist":5,"label":1}},{"type":"Feature","geometry":{"type":"Point","coordinates":[23.765464,46.801365]},"properties":{"name":"M-Octavian Paler E","lines":"M44","arr":["M44"],"terminus":0,"mode":"bus","color":"#0059a9","colorDark":"#00294f","angle":108.2,"snapDist":4,"label":1}},{"type":"Feature","geometry":{"type":"Point","coordinates":[23.840879,46.804676]},"properties":{"name":"M-Ramificație Corpadea N","lines":"M44","arr":["M44"],"terminus":0,"mode":"bus","color":"#0059a9","colorDark":"#00294f","angle":307.2,"snapDist":1,"label":1}},{"type":"Feature","geometry":{"type":"Point","coordinates":[23.833403,46.797344]},"properties":{"name":"M-Moara V","lines":"M44","arr":["M44"],"terminus":0,"mode":"bus","color":"#0059a9","colorDark":"#00294f","angle":293.4,"snapDist":1,"label":1}},{"type":"Feature","geometry":{"type":"Point","coordinates":[23.827869,46.792626]},"properties":{"name":"M-Stadion V","lines":"M44","arr":["M44"],"terminus":0,"mode":"bus","color":"#0059a9","colorDark":"#00294f","angle":305.5,"snapDist":1,"label":1}},{"type":"Feature","geometry":{"type":"Point","coordinates":[23.823981,46.788527]},"properties":{"name":"M-Biserica Corpadea Sosire","lines":"M44","arr":["M44"],"terminus":1,"mode":"bus","color":"#0059a9","colorDark":"#00294f","angle":333.7,"snapDist":6,"label":1}},{"type":"Feature","geometry":{"type":"Point","coordinates":[23.824041,46.788547]},"properties":{"name":"M-Biserica Corpadea Plecare","lines":"M44","arr":["M44"],"terminus":1,"mode":"bus","color":"#0059a9","colorDark":"#00294f","angle":153.7,"snapDist":4,"label":1}},{"type":"Feature","geometry":{"type":"Point","coordinates":[23.828007,46.792759]},"properties":{"name":"M-Stadion E","lines":"M44","arr":["M44"],"terminus":0,"mode":"bus","color":"#0059a9","colorDark":"#00294f","angle":125.5,"snapDist":4,"label":1}},{"type":"Feature","geometry":{"type":"Point","coordinates":[23.833323,46.797218]},"properties":{"name":"M-Moara E","lines":"M44","arr":["M44"],"terminus":0,"mode":"bus","color":"#0059a9","colorDark":"#00294f","angle":113.4,"snapDist":6,"label":1}},{"type":"Feature","geometry":{"type":"Point","coordinates":[23.840806,46.80461]},"properties":{"name":"M-Ramificație Corpadea S","lines":"M44","arr":["M44"],"terminus":0,"mode":"bus","color":"#0059a9","colorDark":"#00294f","angle":127.2,"snapDist":5,"label":1}},{"type":"Feature","geometry":{"type":"Point","coordinates":[23.765436,46.801306]},"properties":{"name":"M-Octavian Paler V","lines":"M44","arr":["M44"],"terminus":0,"mode":"bus","color":"#0059a9","colorDark":"#00294f","angle":288.2,"snapDist":6,"label":1}},{"type":"Feature","geometry":{"type":"Point","coordinates":[23.738209,46.733428]},"properties":{"name":"M-Platanilor S","lines":"M45","arr":["M45"],"terminus":0,"mode":"bus","color":"#0059a9","colorDark":"#00294f","angle":194,"snapDist":5,"label":1}},{"type":"Feature","geometry":{"type":"Point","coordinates":[23.745645,46.727469]},"properties":{"name":"M-Școala Pata S","lines":"M45","arr":["M45"],"terminus":0,"mode":"bus","color":"#0059a9","colorDark":"#00294f","angle":192.7,"snapDist":1,"label":1}},{"type":"Feature","geometry":{"type":"Point","coordinates":[23.749251,46.725383]},"properties":{"name":"M-Primărie Pata Sosire","lines":"M45","arr":["M45"],"terminus":1,"mode":"bus","color":"#0059a9","colorDark":"#00294f","angle":200.5,"snapDist":4,"label":1}},{"type":"Feature","geometry":{"type":"Point","coordinates":[23.749346,46.725362]},"properties":{"name":"M-Primărie Pata Plecare","lines":"M45","arr":["M45"],"terminus":1,"mode":"bus","color":"#0059a9","colorDark":"#00294f","angle":11.3,"snapDist":5,"label":1}},{"type":"Feature","geometry":{"type":"Point","coordinates":[23.745754,46.727457]},"properties":{"name":"M-Școala Pata N","lines":"M45","arr":["M45"],"terminus":0,"mode":"bus","color":"#0059a9","colorDark":"#00294f","angle":7.1,"snapDist":9,"label":1}},{"type":"Feature","geometry":{"type":"Point","coordinates":[23.738784,46.733344]},"properties":{"name":"M-Platanilor N","lines":"M45","arr":["M45"],"terminus":0,"mode":"bus","color":"#0059a9","colorDark":"#00294f","angle":9.8,"snapDist":4,"label":1}},{"type":"Feature","geometry":{"type":"Point","coordinates":[23.428919,46.750852]},"properties":{"name":"M-Balastierei Nord","lines":"M51, M52","arr":["M51","M52"],"terminus":0,"mode":"bus","color":"#0059a9","colorDark":"#00294f","angle":348.7,"snapDist":0,"label":1}},{"type":"Feature","geometry":{"type":"Point","coordinates":[23.413454,46.751158]},"properties":{"name":"M-Muncii Nord","lines":"M51, M52","arr":["M51","M52"],"terminus":0,"mode":"bus","color":"#0059a9","colorDark":"#00294f","angle":1.3,"snapDist":5,"label":1}},{"type":"Feature","geometry":{"type":"Point","coordinates":[23.406059,46.751293]},"properties":{"name":"M-Rozelor","lines":"M51, M52","arr":["M51","M52"],"terminus":0,"mode":"bus","color":"#0059a9","colorDark":"#00294f","angle":1.1,"snapDist":5,"label":1}},{"type":"Feature","geometry":{"type":"Point","coordinates":[23.399277,46.751449]},"properties":{"name":"M-Braniste Nord","lines":"M51, M52","arr":["M51","M52"],"terminus":0,"mode":"bus","color":"#0059a9","colorDark":"#00294f","angle":353.7,"snapDist":4,"label":1}},{"type":"Feature","geometry":{"type":"Point","coordinates":[23.38664,46.755879]},"properties":{"name":"M Primaria Gilau Nord","lines":"M51","arr":["M51"],"terminus":0,"mode":"bus","color":"#0059a9","colorDark":"#00294f","angle":58.6,"snapDist":5,"label":1}},{"type":"Feature","geometry":{"type":"Point","coordinates":[23.3796,46.759471]},"properties":{"name":"M-Capalna Nord","lines":"M51","arr":["M51"],"terminus":0,"mode":"bus","color":"#0059a9","colorDark":"#00294f","angle":21.5,"snapDist":14,"label":1}},{"type":"Feature","geometry":{"type":"Point","coordinates":[23.372754,46.761275]},"properties":{"name":"M Gradinii Nord","lines":"M51","arr":["M51"],"terminus":0,"mode":"bus","color":"#0059a9","colorDark":"#00294f","angle":20.3,"snapDist":11,"label":1}},{"type":"Feature","geometry":{"type":"Point","coordinates":[23.36065,46.76467]},"properties":{"name":"M Pensiunea Dalia Gilau Nord","lines":"M51","arr":["M51"],"terminus":1,"mode":"bus","color":"#0059a9","colorDark":"#00294f","angle":-158.9,"snapDist":8,"label":1}},{"type":"Feature","geometry":{"type":"Point","coordinates":[23.361052,46.764326]},"properties":{"name":"M Pensiunea Dalia Gilau Sud","lines":"M51","arr":["M51"],"terminus":1,"mode":"bus","color":"#0059a9","colorDark":"#00294f","angle":200.1,"snapDist":14,"label":1}},{"type":"Feature","geometry":{"type":"Point","coordinates":[23.373819,46.761005]},"properties":{"name":"M-Gradinii Sud","lines":"M51","arr":["M51"],"terminus":0,"mode":"bus","color":"#0059a9","colorDark":"#00294f","angle":200.3,"snapDist":7,"label":1}},{"type":"Feature","geometry":{"type":"Point","coordinates":[23.378993,46.759635]},"properties":{"name":"M-Capalna Sud","lines":"M51","arr":["M51"],"terminus":0,"mode":"bus","color":"#0059a9","colorDark":"#00294f","angle":201.5,"snapDist":6,"label":1}},{"type":"Feature","geometry":{"type":"Point","coordinates":[23.386811,46.755687]},"properties":{"name":"M Primaria Gilau Sud","lines":"M51","arr":["M51"],"terminus":0,"mode":"bus","color":"#0059a9","colorDark":"#00294f","angle":238.6,"snapDist":14,"label":1}},{"type":"Feature","geometry":{"type":"Point","coordinates":[23.400218,46.751422]},"properties":{"name":"M-Braniste Sud","lines":"M51","arr":["M51"],"terminus":0,"mode":"bus","color":"#0059a9","colorDark":"#00294f","angle":182.5,"snapDist":5,"label":1}},{"type":"Feature","geometry":{"type":"Point","coordinates":[23.406998,46.751271]},"properties":{"name":"M-Sesului de Jos","lines":"M51","arr":["M51"],"terminus":0,"mode":"bus","color":"#0059a9","colorDark":"#00294f","angle":183.1,"snapDist":5,"label":1}},{"type":"Feature","geometry":{"type":"Point","coordinates":[23.412169,46.751141]},"properties":{"name":"M-Muncii Sud","lines":"M51","arr":["M51"],"terminus":0,"mode":"bus","color":"#0059a9","colorDark":"#00294f","angle":183.6,"snapDist":9,"label":1}},{"type":"Feature","geometry":{"type":"Point","coordinates":[23.430692,46.750783]},"properties":{"name":"M-Balastierei Sud","lines":"M51","arr":["M51"],"terminus":0,"mode":"bus","color":"#0059a9","colorDark":"#00294f","angle":181.8,"snapDist":9,"label":1}},{"type":"Feature","geometry":{"type":"Point","coordinates":[23.455589,46.744167]},"properties":{"name":"M Ferma 9 Sud","lines":"M51","arr":["M51"],"terminus":0,"mode":"bus","color":"#0059a9","colorDark":"#00294f","angle":182.5,"snapDist":3,"label":1}},{"type":"Feature","geometry":{"type":"Point","coordinates":[23.388869,46.746632]},"properties":{"name":"M-Targului Est","lines":"M52","arr":["M52"],"terminus":0,"mode":"bus","color":"#0059a9","colorDark":"#00294f","angle":325.2,"snapDist":7,"label":1}},{"type":"Feature","geometry":{"type":"Point","coordinates":[23.376837,46.744981]},"properties":{"name":"M Statia de Tratare Est","lines":"M52","arr":["M52"],"terminus":0,"mode":"bus","color":"#0059a9","colorDark":"#00294f","angle":3.4,"snapDist":3,"label":1}},{"type":"Feature","geometry":{"type":"Point","coordinates":[23.371645,46.744216]},"properties":{"name":"M-Motel Gilau","lines":"M52","arr":["M52"],"terminus":0,"mode":"bus","color":"#0059a9","colorDark":"#00294f","angle":320.5,"snapDist":15,"label":1}},{"type":"Feature","geometry":{"type":"Point","coordinates":[23.361588,46.732355]},"properties":{"name":"M Complex Somesul Rece Nord","lines":"M52","arr":["M52"],"terminus":0,"mode":"bus","color":"#0059a9","colorDark":"#00294f","angle":253,"snapDist":9,"label":1}},{"type":"Feature","geometry":{"type":"Point","coordinates":[23.36336,46.728365]},"properties":{"name":"M Camin Somesul Rece","lines":"M52","arr":["M52"],"terminus":0,"mode":"bus","color":"#0059a9","colorDark":"#00294f","angle":179.8,"snapDist":3,"label":1}},{"type":"Feature","geometry":{"type":"Point","coordinates":[23.308021,46.691724]},"properties":{"name":"M Gura Rastii Nord","lines":"M52","arr":["M52"],"terminus":0,"mode":"bus","color":"#0059a9","colorDark":"#00294f","angle":333.1,"snapDist":8,"label":1}},{"type":"Feature","geometry":{"type":"Point","coordinates":[23.288839,46.686094]},"properties":{"name":"M Uzina Electrica Nord","lines":"M52","arr":["M52"],"terminus":1,"mode":"bus","color":"#0059a9","colorDark":"#00294f","angle":352.8,"snapDist":8,"label":1}},{"type":"Feature","geometry":{"type":"Point","coordinates":[23.738614,46.686936]},"properties":{"name":"M Aiton N","lines":"M61","arr":["M61"],"terminus":0,"mode":"bus","color":"#0059a9","colorDark":"#00294f","angle":240.2,"snapDist":21,"label":1}},{"type":"Feature","geometry":{"type":"Point","coordinates":[23.737672,46.682754]},"properties":{"name":"M Monument N","lines":"M61","arr":["M61"],"terminus":0,"mode":"bus","color":"#0059a9","colorDark":"#00294f","angle":320.2,"snapDist":4,"label":1}},{"type":"Feature","geometry":{"type":"Point","coordinates":[23.698783,46.682475]},"properties":{"name":"M Ferma N","lines":"M61","arr":["M61"],"terminus":0,"mode":"bus","color":"#0059a9","colorDark":"#00294f","angle":357.1,"snapDist":4,"label":1}},{"type":"Feature","geometry":{"type":"Point","coordinates":[23.69054,46.680933]},"properties":{"name":"M Centru N","lines":"M61","arr":["M61"],"terminus":1,"mode":"bus","color":"#0059a9","colorDark":"#00294f","angle":3.4,"snapDist":0,"label":1}},{"type":"Feature","geometry":{"type":"Point","coordinates":[23.6908,46.680523]},"properties":{"name":"M Centru S","lines":"M61","arr":["M61"],"terminus":1,"mode":"bus","color":"#0059a9","colorDark":"#00294f","angle":62.8,"snapDist":31,"label":1}},{"type":"Feature","geometry":{"type":"Point","coordinates":[23.695958,46.681808]},"properties":{"name":"M Ferma S","lines":"M61","arr":["M61"],"terminus":0,"mode":"bus","color":"#0059a9","colorDark":"#00294f","angle":147.7,"snapDist":10,"label":1}},{"type":"Feature","geometry":{"type":"Point","coordinates":[23.730167,46.683258]},"properties":{"name":"M Monument S","lines":"M61","arr":["M61"],"terminus":0,"mode":"bus","color":"#0059a9","colorDark":"#00294f","angle":115.9,"snapDist":2,"label":1}},{"type":"Feature","geometry":{"type":"Point","coordinates":[23.740264,46.686139]},"properties":{"name":"M Aiton S","lines":"M61","arr":["M61"],"terminus":0,"mode":"bus","color":"#0059a9","colorDark":"#00294f","angle":17,"snapDist":9,"label":1}},{"type":"Feature","geometry":{"type":"Point","coordinates":[23.59772,46.609084]},"properties":{"name":"M Craesti S","lines":"M71","arr":["M71"],"terminus":0,"mode":"bus","color":"#0059a9","colorDark":"#00294f","angle":213.9,"snapDist":27,"label":1}},{"type":"Feature","geometry":{"type":"Point","coordinates":[23.623448,46.589985]},"properties":{"name":"M Livada S","lines":"M71","arr":["M71"],"terminus":0,"mode":"bus","color":"#0059a9","colorDark":"#00294f","angle":221.9,"snapDist":35,"label":1}},{"type":"Feature","geometry":{"type":"Point","coordinates":[23.644956,46.582777]},"properties":{"name":"M Petrestii de Jos S","lines":"M71","arr":["M71"],"terminus":0,"mode":"bus","color":"#0059a9","colorDark":"#00294f","angle":239,"snapDist":17,"label":1}},{"type":"Feature","geometry":{"type":"Point","coordinates":[23.658128,46.579133]},"properties":{"name":"M Primaria Petrestii de Jos S","lines":"M71","arr":["M71"],"terminus":1,"mode":"bus","color":"#0059a9","colorDark":"#00294f","angle":197.4,"snapDist":25,"label":1}},{"type":"Feature","geometry":{"type":"Point","coordinates":[23.433329,46.742932]},"properties":{"name":"M-Școala Luna N","lines":"M81","arr":["M81"],"terminus":0,"mode":"bus","color":"#0059a9","colorDark":"#00294f","angle":339.7,"snapDist":7,"label":1}},{"type":"Feature","geometry":{"type":"Point","coordinates":[23.424583,46.718547]},"properties":{"name":"M - Stolna01","lines":"M81","arr":["M81"],"terminus":0,"mode":"bus","color":"#0059a9","colorDark":"#00294f","angle":69.6,"snapDist":9,"label":1}},{"type":"Feature","geometry":{"type":"Point","coordinates":[23.445189,46.699211]},"properties":{"name":"M - Vlaha01","lines":"M81","arr":["M81"],"terminus":0,"mode":"bus","color":"#0059a9","colorDark":"#00294f","angle":198.9,"snapDist":5,"label":1}},{"type":"Feature","geometry":{"type":"Point","coordinates":[23.454708,46.696124]},"properties":{"name":"M - Vlaha03","lines":"M81","arr":["M81"],"terminus":0,"mode":"bus","color":"#0059a9","colorDark":"#00294f","angle":208.1,"snapDist":4,"label":1}},{"type":"Feature","geometry":{"type":"Point","coordinates":[23.456479,46.67652]},"properties":{"name":"M - Savadisla01","lines":"M81","arr":["M81"],"terminus":1,"mode":"bus","color":"#0059a9","colorDark":"#00294f","angle":276.4,"snapDist":6,"label":1}},{"type":"Feature","geometry":{"type":"Point","coordinates":[23.456666,46.674947]},"properties":{"name":"M - Savadisla02","lines":"M81","arr":["M81"],"terminus":1,"mode":"bus","color":"#0059a9","colorDark":"#00294f","angle":42.4,"snapDist":3,"label":1}},{"type":"Feature","geometry":{"type":"Point","coordinates":[23.454885,46.696059]},"properties":{"name":"M - Vlaha04","lines":"M81","arr":["M81"],"terminus":0,"mode":"bus","color":"#0059a9","colorDark":"#00294f","angle":28.1,"snapDist":6,"label":1}},{"type":"Feature","geometry":{"type":"Point","coordinates":[23.446428,46.698969]},"properties":{"name":"M - Vlaha02","lines":"M81","arr":["M81"],"terminus":0,"mode":"bus","color":"#0059a9","colorDark":"#00294f","angle":14.9,"snapDist":5,"label":1}},{"type":"Feature","geometry":{"type":"Point","coordinates":[23.42463,46.718461]},"properties":{"name":"M - Stolna02","lines":"M81","arr":["M81"],"terminus":0,"mode":"bus","color":"#0059a9","colorDark":"#00294f","angle":69.6,"snapDist":1,"label":1}},{"type":"Feature","geometry":{"type":"Point","coordinates":[23.588298,46.78431]},"properties":{"name":"P-ța Gării Vechi","lines":"100, 102, 102L","arr":["100","102","102L"],"terminus":1,"mode":"tram","color":"#d6212b","colorDark":"#7c1116","angle":164.5,"snapDist":5,"label":1}},{"type":"Feature","geometry":{"type":"Point","coordinates":[23.596706,46.788387]},"properties":{"name":"Libertatea Est Tram","lines":"100, 102, 102L","arr":["100","102","102L"],"terminus":0,"mode":"tram","color":"#d6212b","colorDark":"#7c1116","angle":95.5,"snapDist":3,"label":1}},{"type":"Feature","geometry":{"type":"Point","coordinates":[23.599405,46.79185]},"properties":{"name":"Primăria IRIS","lines":"100, 102, 102L","arr":["100","102","102L"],"terminus":0,"mode":"tram","color":"#d6212b","colorDark":"#7c1116","angle":107.9,"snapDist":1,"label":1}},{"type":"Feature","geometry":{"type":"Point","coordinates":[23.602293,46.795319]},"properties":{"name":"IRIS Sud Tram","lines":"100, 102, 102L","arr":["100","102","102L"],"terminus":0,"mode":"tram","color":"#d6212b","colorDark":"#7c1116","angle":146.3,"snapDist":5,"label":1}},{"type":"Feature","geometry":{"type":"Point","coordinates":[23.607009,46.79874]},"properties":{"name":"Oașului Sud Tram","lines":"100, 102, 102L","arr":["100","102","102L"],"terminus":0,"mode":"tram","color":"#d6212b","colorDark":"#7c1116","angle":134.4,"snapDist":2,"label":1}},{"type":"Feature","geometry":{"type":"Point","coordinates":[23.613176,46.797576]},"properties":{"name":"TERAPIA Sud Tram","lines":"100, 102, 102L","arr":["100","102","102L"],"terminus":0,"mode":"tram","color":"#d6212b","colorDark":"#7c1116","angle":196.9,"snapDist":12,"label":1}},{"type":"Feature","geometry":{"type":"Point","coordinates":[23.623665,46.795683]},"properties":{"name":"SINTEROM Sud Tram","lines":"100, 102, 102L","arr":["100","102","102L"],"terminus":0,"mode":"tram","color":"#d6212b","colorDark":"#7c1116","angle":184.3,"snapDist":4,"label":1}},{"type":"Feature","geometry":{"type":"Point","coordinates":[23.631977,46.795976]},"properties":{"name":"TERMOROM Sud Tram","lines":"100, 102, 102L","arr":["100","102","102L"],"terminus":0,"mode":"tram","color":"#d6212b","colorDark":"#7c1116","angle":178.6,"snapDist":2,"label":1}},{"type":"Feature","geometry":{"type":"Point","coordinates":[23.635879,46.796065]},"properties":{"name":"ERS CUG Sud","lines":"100, 102, 102L","arr":["100","102","102L"],"terminus":0,"mode":"tram","color":"#d6212b","colorDark":"#7c1116","angle":178.5,"snapDist":2,"label":1}},{"type":"Feature","geometry":{"type":"Point","coordinates":[23.644398,46.796349]},"properties":{"name":"UNIMET Sud","lines":"100, 102, 102L","arr":["100","102","102L"],"terminus":0,"mode":"tram","color":"#d6212b","colorDark":"#7c1116","angle":177.8,"snapDist":6,"label":1}},{"type":"Feature","geometry":{"type":"Point","coordinates":[23.646549,46.796452]},"properties":{"name":"Disp. Tram CUG","lines":"100, 102","arr":["100","102"],"terminus":1,"mode":"tram","color":"#d6212b","colorDark":"#7c1116","angle":357.7,"snapDist":6,"label":1}},{"type":"Feature","geometry":{"type":"Point","coordinates":[23.642901,46.796363]},"properties":{"name":"UNIMET Nord","lines":"100, 102, 102L","arr":["100","102","102L"],"terminus":0,"mode":"tram","color":"#d6212b","colorDark":"#7c1116","angle":358.1,"snapDist":7,"label":1}},{"type":"Feature","geometry":{"type":"Point","coordinates":[23.637238,46.796123]},"properties":{"name":"ERS CUG Nord Tram","lines":"100, 102, 102L","arr":["100","102","102L"],"terminus":0,"mode":"tram","color":"#d6212b","colorDark":"#7c1116","angle":356.9,"snapDist":0,"label":1}},{"type":"Feature","geometry":{"type":"Point","coordinates":[23.630024,46.795956]},"properties":{"name":"TERMOROM Nord Tram","lines":"100, 102, 102L","arr":["100","102","102L"],"terminus":0,"mode":"tram","color":"#d6212b","colorDark":"#7c1116","angle":352.2,"snapDist":5,"label":1}},{"type":"Feature","geometry":{"type":"Point","coordinates":[23.620709,46.796114]},"properties":{"name":"SINTEROM Nord Tram","lines":"100, 102, 102L","arr":["100","102","102L"],"terminus":0,"mode":"tram","color":"#d6212b","colorDark":"#7c1116","angle":16.8,"snapDist":1,"label":1}},{"type":"Feature","geometry":{"type":"Point","coordinates":[23.613396,46.797565]},"properties":{"name":"TERAPIA Nord Tram","lines":"100, 102, 102L","arr":["100","102","102L"],"terminus":0,"mode":"tram","color":"#d6212b","colorDark":"#7c1116","angle":16.1,"snapDist":1,"label":1}},{"type":"Feature","geometry":{"type":"Point","coordinates":[23.606128,46.798161]},"properties":{"name":"Oașului Nord Tram","lines":"100, 102, 102L","arr":["100","102","102L"],"terminus":0,"mode":"tram","color":"#d6212b","colorDark":"#7c1116","angle":314.8,"snapDist":2,"label":1}},{"type":"Feature","geometry":{"type":"Point","coordinates":[23.601986,46.795213]},"properties":{"name":"IRIS Nord Tram","lines":"100, 102, 102L","arr":["100","102","102L"],"terminus":0,"mode":"tram","color":"#d6212b","colorDark":"#7c1116","angle":325.5,"snapDist":4,"label":1}},{"type":"Feature","geometry":{"type":"Point","coordinates":[23.59933,46.791865]},"properties":{"name":"P-ța Liebknecht","lines":"100, 102, 102L","arr":["100","102","102L"],"terminus":0,"mode":"tram","color":"#d6212b","colorDark":"#7c1116","angle":285,"snapDist":2,"label":1}},{"type":"Feature","geometry":{"type":"Point","coordinates":[23.596626,46.787476]},"properties":{"name":"Libertatea Vest Tram","lines":"100, 102, 102L","arr":["100","102","102L"],"terminus":0,"mode":"tram","color":"#d6212b","colorDark":"#7c1116","angle":269.6,"snapDist":5,"label":1}},{"type":"Feature","geometry":{"type":"Point","coordinates":[23.587242,46.784135]},"properties":{"name":"P-ța Gării Noi","lines":"100, 101, 102L","arr":["100","101","102L"],"terminus":1,"mode":"tram","color":"#d6212b","colorDark":"#7c1116","angle":357.3,"snapDist":4,"label":1}},{"type":"Feature","geometry":{"type":"Point","coordinates":[23.543355,46.751598]},"properties":{"name":"Disp. Bucium","lines":"101, 102, 102L","arr":["101","102","102L"],"terminus":1,"mode":"tram","color":"#d6212b","colorDark":"#7c1116","angle":67,"snapDist":12,"label":1}},{"type":"Feature","geometry":{"type":"Point","coordinates":[23.544788,46.751664]},"properties":{"name":"Baza Unirea","lines":"101, 102L","arr":["101","102L"],"terminus":0,"mode":"tram","color":"#d6212b","colorDark":"#7c1116","angle":160.7,"snapDist":1,"label":1}},{"type":"Feature","geometry":{"type":"Point","coordinates":[23.554031,46.754367]},"properties":{"name":"Parâng","lines":"101, 102, 102L","arr":["101","102","102L"],"terminus":0,"mode":"tram","color":"#d6212b","colorDark":"#7c1116","angle":166.7,"snapDist":2,"label":1}},{"type":"Feature","geometry":{"type":"Point","coordinates":[23.557309,46.759259]},"properties":{"name":"Calvaria","lines":"101, 102, 102L","arr":["101","102","102L"],"terminus":0,"mode":"tram","color":"#d6212b","colorDark":"#7c1116","angle":110.5,"snapDist":3,"label":1}},{"type":"Feature","geometry":{"type":"Point","coordinates":[23.560648,46.762842]},"properties":{"name":"Plopilor Sud","lines":"101, 102, 102L","arr":["101","102","102L"],"terminus":0,"mode":"tram","color":"#d6212b","colorDark":"#7c1116","angle":174.9,"snapDist":5,"label":1}},{"type":"Feature","geometry":{"type":"Point","coordinates":[23.568188,46.767201]},"properties":{"name":"Uzinei Electrice","lines":"101, 102, 102L","arr":["101","102","102L"],"terminus":0,"mode":"tram","color":"#d6212b","colorDark":"#7c1116","angle":161.3,"snapDist":4,"label":1}},{"type":"Feature","geometry":{"type":"Point","coordinates":[23.570235,46.768045]},"properties":{"name":"Cluj Arena","lines":"101, 102, 102L","arr":["101","102","102L"],"terminus":0,"mode":"tram","color":"#d6212b","colorDark":"#7c1116","angle":126.1,"snapDist":4,"label":1}},{"type":"Feature","geometry":{"type":"Point","coordinates":[23.583556,46.772036]},"properties":{"name":"Parcul Central","lines":"101, 102, 102L","arr":["101","102","102L"],"terminus":0,"mode":"tram","color":"#d6212b","colorDark":"#7c1116","angle":211.8,"snapDist":3,"label":1}},{"type":"Feature","geometry":{"type":"Point","coordinates":[23.587766,46.77349]},"properties":{"name":"G. Barițiu","lines":"101, 102, 102L","arr":["101","102","102L"],"terminus":0,"mode":"tram","color":"#d6212b","colorDark":"#7c1116","angle":138.6,"snapDist":3,"label":1}},{"type":"Feature","geometry":{"type":"Point","coordinates":[23.587186,46.777705]},"properties":{"name":"Facultatea de Litere","lines":"101, 102, 102L","arr":["101","102","102L"],"terminus":0,"mode":"tram","color":"#d6212b","colorDark":"#7c1116","angle":92.3,"snapDist":2,"label":1}},{"type":"Feature","geometry":{"type":"Point","coordinates":[23.586065,46.783953]},"properties":{"name":"P-ța Gării Nord","lines":"101, 102","arr":["101","102"],"terminus":1,"mode":"tram","color":"#d6212b","colorDark":"#7c1116","angle":-12.4,"snapDist":14,"label":1}},{"type":"Feature","geometry":{"type":"Point","coordinates":[23.587116,46.777206]},"properties":{"name":"Horea","lines":"101, 102, 102L","arr":["101","102","102L"],"terminus":0,"mode":"tram","color":"#d6212b","colorDark":"#7c1116","angle":272.1,"snapDist":1,"label":1}},{"type":"Feature","geometry":{"type":"Point","coordinates":[23.583609,46.772058]},"properties":{"name":"Opera Maghiară Est","lines":"101, 102, 102L","arr":["101","102","102L"],"terminus":0,"mode":"tram","color":"#d6212b","colorDark":"#7c1116","angle":32.4,"snapDist":2,"label":1}},{"type":"Feature","geometry":{"type":"Point","coordinates":[23.570168,46.768037]},"properties":{"name":"Splaiul Independenței","lines":"101, 102, 102L","arr":["101","102","102L"],"terminus":0,"mode":"tram","color":"#d6212b","colorDark":"#7c1116","angle":304.5,"snapDist":0,"label":1}},{"type":"Feature","geometry":{"type":"Point","coordinates":[23.565854,46.766114]},"properties":{"name":"Sala Sporturilor","lines":"101, 102, 102L","arr":["101","102","102L"],"terminus":0,"mode":"tram","color":"#d6212b","colorDark":"#7c1116","angle":304.3,"snapDist":3,"label":1}},{"type":"Feature","geometry":{"type":"Point","coordinates":[23.560148,46.76283]},"properties":{"name":"Plopilor Nord","lines":"101, 102, 102L","arr":["101","102","102L"],"terminus":0,"mode":"tram","color":"#d6212b","colorDark":"#7c1116","angle":354.3,"snapDist":2,"label":1}},{"type":"Feature","geometry":{"type":"Point","coordinates":[23.556774,46.758146]},"properties":{"name":"Gr. Alexandrescu","lines":"101, 102, 102L","arr":["101","102","102L"],"terminus":0,"mode":"tram","color":"#d6212b","colorDark":"#7c1116","angle":286.8,"snapDist":0,"label":1}},{"type":"Feature","geometry":{"type":"Point","coordinates":[23.551064,46.753852]},"properties":{"name":"Răvașului","lines":"101, 102, 102L","arr":["101","102","102L"],"terminus":0,"mode":"tram","color":"#d6212b","colorDark":"#7c1116","angle":333.9,"snapDist":1,"label":1}},{"type":"Feature","geometry":{"type":"Point","coordinates":[23.544694,46.751683]},"properties":{"name":"Clăbucet","lines":"101, 102, 102L","arr":["101","102","102L"],"terminus":0,"mode":"tram","color":"#d6212b","colorDark":"#7c1116","angle":342.1,"snapDist":1,"label":1}},{"type":"Feature","geometry":{"type":"Point","coordinates":[23.545511,46.751846]},"properties":{"name":"Primăverii","lines":"102","arr":["102"],"terminus":0,"mode":"tram","color":"#d6212b","colorDark":"#7c1116","angle":160.1,"snapDist":4,"label":1}},{"type":"Feature","geometry":{"type":"Point","coordinates":[23.655536,46.796886]},"properties":{"name":"Amberger Sud","lines":"102L","arr":["102L"],"terminus":0,"mode":"tram","color":"#d6212b","colorDark":"#7c1116","angle":176,"snapDist":9,"label":1}},{"type":"Feature","geometry":{"type":"Point","coordinates":[23.658949,46.797051]},"properties":{"name":"DEPOU Vest","lines":"102L","arr":["102L"],"terminus":1,"mode":"tram","color":"#d6212b","colorDark":"#7c1116","angle":182.7,"snapDist":94,"label":1}},{"type":"Feature","geometry":{"type":"Point","coordinates":[23.659645,46.79566]},"properties":{"name":"DEPOU_Tram","lines":"102L","arr":["102L"],"terminus":1,"mode":"tram","color":"#d6212b","colorDark":"#7c1116","angle":0.6,"snapDist":49,"label":1}},{"type":"Feature","geometry":{"type":"Point","coordinates":[23.659071,46.796124]},"properties":{"name":"DEPOU Est","lines":"102L","arr":["102L"],"terminus":0,"mode":"tram","color":"#d6212b","colorDark":"#7c1116","angle":90.8,"snapDist":9,"label":1}},{"type":"Feature","geometry":{"type":"Point","coordinates":[23.655163,46.796825]},"properties":{"name":"Amberger Nord","lines":"102L","arr":["102L"],"terminus":0,"mode":"tram","color":"#d6212b","colorDark":"#7c1116","angle":355.6,"snapDist":8,"label":1}}]}