{"type":"FeatureCollection","features":[{"type":"Feature","geometry":{"type":"LineString","coordinates":[[23.560608,46.755384],[23.560619,46.755378],[23.560651,46.755368],[23.560686,46.755364],[23.560721,46.755368],[23.560752,46.755379]]},"properties":{"name":"Strada Izlazului","lines":"1, 6, 7, 14, 25, 25N, 43, 43B, 43P","arr":["1","6","7","14","25","25N","43","43B","43P"],"roundabout":1,"mode":"bus","color":"#0059a9","trolley":"mix"}},{"type":"Feature","geometry":{"type":"LineString","coordinates":[[23.560752,46.755379],[23.56078,46.755397]]},"properties":{"name":"Strada Izlazului","lines":"1, 6, 7, 14, 19, 25, 25N, 43, 43B, 43P","arr":["1","6","7","14","19","25","25N","43","43B","43P"],"roundabout":1,"mode":"bus","color":"#0059a9","trolley":"mix"}},{"type":"Feature","geometry":{"type":"LineString","coordinates":[[23.563987,46.755541],[23.564017,46.755503],[23.564065,46.755475]]},"properties":{"name":"Strada Izlazului","lines":"1, 6, 7, 14, 19, 25, 25N, 42, 43, 43B, 43P","arr":["1","6","7","14","19","25","25N","42","43","43B","43P"],"roundabout":1,"mode":"bus","color":"#0059a9","trolley":"mix"}},{"type":"Feature","geometry":{"type":"LineString","coordinates":[[23.564065,46.755475],[23.564119,46.755461],[23.564176,46.75546],[23.564231,46.755473]]},"properties":{"name":"Strada Izlazului","lines":"1, 6, 7, 14, 19, 25, 25N, 43, 43B, 43P","arr":["1","6","7","14","19","25","25N","43","43B","43P"],"roundabout":1,"mode":"bus","color":"#0059a9","trolley":"mix"}},{"type":"Feature","geometry":{"type":"LineString","coordinates":[[23.564231,46.755473],[23.564288,46.755507],[23.564319,46.755555]]},"properties":{"name":"Strada Izlazului","lines":"1, 6, 7, 14, 19, 25, 25N, 42, 43, 43B, 43P","arr":["1","6","7","14","19","25","25N","42","43","43B","43P"],"roundabout":1,"mode":"bus","color":"#0059a9","trolley":"mix"}},{"type":"Feature","geometry":{"type":"LineString","coordinates":[[23.564319,46.755555],[23.56432,46.755594],[23.564301,46.755632]]},"properties":{"name":"Strada Izlazului","lines":"1, 6, 7, 14, 19, 25, 25N, 42, 43, 43B","arr":["1","6","7","14","19","25","25N","42","43","43B"],"roundabout":1,"mode":"bus","color":"#0059a9","trolley":"mix"}},{"type":"Feature","geometry":{"type":"LineString","coordinates":[[23.564301,46.755632],[23.564281,46.755652],[23.564256,46.755669],[23.564226,46.755681]]},"properties":{"name":"Strada Izlazului","lines":"1, 6, 7, 14, 19, 25, 25N, 42, 43, 43B, 43P","arr":["1","6","7","14","19","25","25N","42","43","43B","43P"],"roundabout":1,"mode":"bus","color":"#0059a9","trolley":"mix"}},{"type":"Feature","geometry":{"type":"LineString","coordinates":[[23.630353,46.768508],[23.630366,46.76855]]},"properties":{"name":"Strada Unirii","lines":"3, 24, 24B, 34, 44, 45, 48, 48L, 57, 57L","arr":["3","24","24B","34","44","45","48","48L","57","57L"],"roundabout":1,"mode":"bus","color":"#0059a9","trolley":"mix"}},{"type":"Feature","geometry":{"type":"LineString","coordinates":[[23.630237,46.768706],[23.630219,46.768712]]},"properties":{"name":"Strada Unirii","lines":"3, 24, 24B, 34, 44, 45, 48, 48L, 57, 57L","arr":["3","24","24B","34","44","45","48","48L","57","57L"],"roundabout":1,"mode":"bus","color":"#0059a9","trolley":"mix"}},{"type":"Feature","geometry":{"type":"LineString","coordinates":[[23.630219,46.768712],[23.630176,46.76872],[23.630132,46.768722],[23.630091,46.768719]]},"properties":{"name":"Strada Unirii","lines":"3, 24, 24B, 34, 44, 45, 48, 48L, 57, 57L","arr":["3","24","24B","34","44","45","48","48L","57","57L"],"roundabout":1,"mode":"bus","color":"#0059a9","trolley":"mix"}},{"type":"Feature","geometry":{"type":"LineString","coordinates":[[23.630091,46.768719],[23.630055,46.768713],[23.630021,46.768704],[23.62999,46.76869],[23.629963,46.768673],[23.62994,46.768653],[23.629924,46.76863],[23.629908,46.768601]]},"properties":{"name":"Strada Unirii","lines":"3, 48, 48L","arr":["3","48","48L"],"roundabout":1,"mode":"bus","color":"#0059a9","trolley":"mix"}},{"type":"Feature","geometry":{"type":"LineString","coordinates":[[23.629908,46.768601],[23.629901,46.768569]]},"properties":{"name":"Strada Unirii","lines":"3, 24, 24B, 25, 34, 44, 45, 48, 48L, 57, 57L","arr":["3","24","24B","25","34","44","45","48","48L","57","57L"],"roundabout":1,"mode":"bus","color":"#0059a9","trolley":"mix"}},{"type":"Feature","geometry":{"type":"LineString","coordinates":[[23.619073,46.768819],[23.619064,46.768837],[23.619051,46.768854],[23.619036,46.76887]]},"properties":{"name":"","lines":"3, 10, 25, 33, 34, 48, 48L, 57, 57L","arr":["3","10","25","33","34","48","48L","57","57L"],"roundabout":1,"mode":"bus","color":"#0059a9","trolley":"mix"}},{"type":"Feature","geometry":{"type":"LineString","coordinates":[[23.619036,46.76887],[23.619017,46.768885],[23.618996,46.768898],[23.618973,46.768908],[23.618948,46.768917],[23.61892,46.768923],[23.618891,46.768926],[23.618862,46.768927],[23.618834,46.768925],[23.618803,46.76892],[23.618774,46.768912],[23.618747,46.768901]]},"properties":{"name":"","lines":"3, 10, 25, 33, 34, 48, 48L, 57, 57L","arr":["3","10","25","33","34","48","48L","57","57L"],"roundabout":1,"mode":"bus","color":"#0059a9","trolley":"mix"}},{"type":"Feature","geometry":{"type":"LineString","coordinates":[[23.618747,46.768901],[23.618722,46.768888]]},"properties":{"name":"","lines":"3, 10, 25, 33, 34, 44, 45, 48, 48L, 57, 57L","arr":["3","10","25","33","34","44","45","48","48L","57","57L"],"roundabout":1,"mode":"bus","color":"#0059a9","trolley":"mix"}},{"type":"Feature","geometry":{"type":"LineString","coordinates":[[23.609223,46.769343],[23.6092,46.769353]]},"properties":{"name":"Bulevardul Nicolae Titulescu","lines":"3, 10, 25, 33, 44, 45, 57, 57L","arr":["3","10","25","33","44","45","57","57L"],"roundabout":1,"mode":"bus","color":"#0059a9","trolley":"mix"}},{"type":"Feature","geometry":{"type":"LineString","coordinates":[[23.6092,46.769353],[23.609175,46.76936],[23.609148,46.769365],[23.609123,46.769367],[23.609097,46.769367],[23.609072,46.769364],[23.609048,46.769359],[23.609025,46.769352],[23.609004,46.769343],[23.608984,46.769331]]},"properties":{"name":"","lines":"3, 10, 25, 33, 44, 45, 57, 57L","arr":["3","10","25","33","44","45","57","57L"],"roundabout":1,"mode":"bus","color":"#0059a9","trolley":"mix"}},{"type":"Feature","geometry":{"type":"LineString","coordinates":[[23.608984,46.769331],[23.608968,46.769318]]},"properties":{"name":"","lines":"3, 10, 25, 33, 44, 45, 57, 57L","arr":["3","10","25","33","44","45","57","57L"],"roundabout":1,"mode":"bus","color":"#0059a9","trolley":"mix"}},{"type":"Feature","geometry":{"type":"LineString","coordinates":[[23.609015,46.769135],[23.609042,46.769125]]},"properties":{"name":"","lines":"3, 25N, 33, 57, 57L","arr":["3","25N","33","57","57L"],"roundabout":1,"mode":"bus","color":"#0059a9","trolley":"mix"}},{"type":"Feature","geometry":{"type":"LineString","coordinates":[[23.609042,46.769125],[23.609072,46.769119],[23.609103,46.769116],[23.609134,46.769116],[23.609164,46.76912],[23.609194,46.769128],[23.60922,46.769139]]},"properties":{"name":"","lines":"3, 33, 57","arr":["3","33","57"],"roundabout":1,"mode":"bus","color":"#0059a9","trolley":"mix"}},{"type":"Feature","geometry":{"type":"LineString","coordinates":[[23.60922,46.769139],[23.609244,46.769152]]},"properties":{"name":"","lines":"3, 25N, 33, 57, 57L","arr":["3","25N","33","57","57L"],"roundabout":1,"mode":"bus","color":"#0059a9","trolley":"mix"}},{"type":"Feature","geometry":{"type":"LineString","coordinates":[[23.618733,46.76867],[23.618756,46.768659],[23.618782,46.768649],[23.618809,46.768643],[23.618838,46.768639]]},"properties":{"name":"","lines":"3, 25N, 33, 34, 48, 48L, 57, 57L","arr":["3","25N","33","34","48","48L","57","57L"],"roundabout":1,"mode":"bus","color":"#0059a9","trolley":"mix"}},{"type":"Feature","geometry":{"type":"LineString","coordinates":[[23.618838,46.768639],[23.618874,46.768637],[23.61891,46.76864],[23.618944,46.768647]]},"properties":{"name":"","lines":"3, 25N, 33, 34, 48, 48L, 57, 57L","arr":["3","25N","33","34","48","48L","57","57L"],"roundabout":1,"mode":"bus","color":"#0059a9","trolley":"mix"}},{"type":"Feature","geometry":{"type":"LineString","coordinates":[[23.630126,46.768402],[23.630168,46.768405],[23.630209,46.768412]]},"properties":{"name":"Strada Unirii","lines":"24, 24B, 34, 44, 45, 48, 48L, 57, 57L","arr":["24","24B","34","44","45","48","48L","57","57L"],"roundabout":1,"mode":"bus","color":"#0059a9"}},{"type":"Feature","geometry":{"type":"LineString","coordinates":[[23.630209,46.768412],[23.630248,46.768424]]},"properties":{"name":"Strada Unirii","lines":"3, 24, 24B, 34, 44, 45, 48, 48L, 57, 57L","arr":["3","24","24B","34","44","45","48","48L","57","57L"],"roundabout":1,"mode":"bus","color":"#0059a9","trolley":"mix"}},{"type":"Feature","geometry":{"type":"LineString","coordinates":[[23.630248,46.768424],[23.630283,46.76844],[23.630325,46.768471],[23.630353,46.768508]]},"properties":{"name":"Strada Unirii","lines":"24, 24B, 34, 44, 45, 48, 48L, 57, 57L","arr":["24","24B","34","44","45","48","48L","57","57L"],"roundabout":1,"mode":"bus","color":"#0059a9"}},{"type":"Feature","geometry":{"type":"LineString","coordinates":[[23.614916,46.778495],[23.614885,46.778512]]},"properties":{"name":"Piața Mărăști","lines":"4, 5, 6, 7, 8, 14, 24, 24B, 30, 46B, 47, 48, A1","arr":["4","5","6","7","8","14","24","24B","30","46B","47","48","A1"],"roundabout":1,"mode":"bus","color":"#0059a9","trolley":"mix"}},{"type":"Feature","geometry":{"type":"LineString","coordinates":[[23.614885,46.778512],[23.614808,46.778543],[23.614722,46.77856],[23.614633,46.778562],[23.614545,46.778549],[23.614465,46.778523],[23.61441,46.778488],[23.614344,46.778434]]},"properties":{"name":"Piața Mărăști","lines":"4, 5, 6, 7, 8, 24, 24B, 30, 46B, 47, A1","arr":["4","5","6","7","8","24","24B","30","46B","47","A1"],"roundabout":1,"mode":"bus","color":"#0059a9","trolley":"mix"}},{"type":"Feature","geometry":{"type":"LineString","coordinates":[[23.614344,46.778434],[23.614312,46.778377]]},"properties":{"name":"Piața Mărăști","lines":"4, 5, 6, 7, 8, 24, 24B, 30, 34, 46B, 47, 48, 48L, 53, A1","arr":["4","5","6","7","8","24","24B","30","34","46B","47","48","48L","53","A1"],"roundabout":1,"mode":"bus","color":"#0059a9","trolley":"mix"}},{"type":"Feature","geometry":{"type":"LineString","coordinates":[[23.614486,46.778097],[23.614501,46.778091],[23.614518,46.778083]]},"properties":{"name":"Piața Mărăști","lines":"4, 5, 5N, 6, 7, 8, 14, 24, 24B, 25, 30, 34, 47, 48, 48L, 53, A1","arr":["4","5","5N","6","7","8","14","24","24B","25","30","34","47","48","48L","53","A1"],"roundabout":1,"mode":"bus","color":"#0059a9","trolley":"mix"}},{"type":"Feature","geometry":{"type":"LineString","coordinates":[[23.614518,46.778083],[23.614595,46.778066],[23.614638,46.778064],[23.614721,46.778068],[23.614803,46.778084],[23.614877,46.778112],[23.614939,46.778151]]},"properties":{"name":"Piața Mărăști","lines":"4, 5, 5N, 6, 7, 8, 14, 24, 24B, 25, 30, 34, 46B, 47, 48, 48L, 53, A1","arr":["4","5","5N","6","7","8","14","24","24B","25","30","34","46B","47","48","48L","53","A1"],"roundabout":1,"mode":"bus","color":"#0059a9","trolley":"mix"}},{"type":"Feature","geometry":{"type":"LineString","coordinates":[[23.614939,46.778151],[23.614988,46.7782],[23.615018,46.778255]]},"properties":{"name":"Piața Mărăști","lines":"4, 5, 5N, 6, 7, 8, 14, 24, 24B, 25, 30, 34, 46B, 47, 48, 48L, 53, A1","arr":["4","5","5N","6","7","8","14","24","24B","25","30","34","46B","47","48","48L","53","A1"],"roundabout":1,"mode":"bus","color":"#0059a9","trolley":"mix"}},{"type":"Feature","geometry":{"type":"LineString","coordinates":[[23.640497,46.781962],[23.640545,46.781949],[23.640595,46.781948]]},"properties":{"name":"DJ105S","lines":"4, 6, 7, 8L, 47, 57L, M45","arr":["4","6","7","8L","47","57L","M45"],"roundabout":1,"mode":"bus","color":"#0059a9","trolley":"mix"}},{"type":"Feature","geometry":{"type":"LineString","coordinates":[[23.640595,46.781948],[23.640644,46.781957]]},"properties":{"name":"DJ105S","lines":"4, 6, 7, 8L, 47, 57, 57L, M45","arr":["4","6","7","8L","47","57","57L","M45"],"roundabout":1,"mode":"bus","color":"#0059a9","trolley":"mix"}},{"type":"Feature","geometry":{"type":"LineString","coordinates":[[23.640644,46.781957],[23.640686,46.781975]]},"properties":{"name":"DJ105S","lines":"4, 6, 7, 8L, 47, 57L, M45","arr":["4","6","7","8L","47","57L","M45"],"roundabout":1,"mode":"bus","color":"#0059a9","trolley":"mix"}},{"type":"Feature","geometry":{"type":"LineString","coordinates":[[23.640686,46.781975],[23.640718,46.782001],[23.640738,46.782033],[23.640743,46.782067]]},"properties":{"name":"DJ105S","lines":"4, 6, 7, 47, 57L","arr":["4","6","7","47","57L"],"roundabout":1,"mode":"bus","color":"#0059a9","trolley":"mix"}},{"type":"Feature","geometry":{"type":"LineString","coordinates":[[23.640743,46.782067],[23.640732,46.7821]]},"properties":{"name":"DJ105S","lines":"4, 6, 7, 47, 57, 57L","arr":["4","6","7","47","57","57L"],"roundabout":1,"mode":"bus","color":"#0059a9","trolley":"mix"}},{"type":"Feature","geometry":{"type":"LineString","coordinates":[[23.640732,46.7821],[23.640708,46.78213]]},"properties":{"name":"DJ105S","lines":"4, 6, 7, 47, 57L","arr":["4","6","7","47","57L"],"roundabout":1,"mode":"bus","color":"#0059a9","trolley":"mix"}},{"type":"Feature","geometry":{"type":"LineString","coordinates":[[23.640708,46.78213],[23.640681,46.782149],[23.640649,46.782162]]},"properties":{"name":"DJ105S","lines":"4, 6, 7, 8L, 47, 57L, M45","arr":["4","6","7","8L","47","57L","M45"],"roundabout":1,"mode":"bus","color":"#0059a9","trolley":"mix"}},{"type":"Feature","geometry":{"type":"LineString","coordinates":[[23.688715,46.781447],[23.688744,46.781482],[23.688751,46.781523],[23.688735,46.781562]]},"properties":{"name":"Strada Traian Vuia","lines":"8, A1, M41, M43, M44","arr":["8","A1","M41","M43","M44"],"roundabout":1,"mode":"bus","color":"#0059a9","trolley":"mix"}},{"type":"Feature","geometry":{"type":"LineString","coordinates":[[23.688735,46.781562],[23.6887,46.781594],[23.68865,46.781614],[23.688591,46.78162],[23.688528,46.781607],[23.688482,46.781585],[23.688451,46.781547]]},"properties":{"name":"Strada Traian Vuia","lines":"5, 8, A1, M41, M42, M42L, M43, M44","arr":["5","8","A1","M41","M42","M42L","M43","M44"],"roundabout":1,"mode":"bus","color":"#0059a9","trolley":"mix"}},{"type":"Feature","geometry":{"type":"LineString","coordinates":[[23.688451,46.781547],[23.688444,46.781505],[23.688461,46.781465],[23.688501,46.781432]]},"properties":{"name":"Strada Traian Vuia","lines":"8, A1, M41, M43, M44","arr":["8","A1","M41","M43","M44"],"roundabout":1,"mode":"bus","color":"#0059a9","trolley":"mix"}},{"type":"Feature","geometry":{"type":"LineString","coordinates":[[23.688501,46.781432],[23.688547,46.781415],[23.688599,46.781409],[23.688663,46.781419],[23.688715,46.781447]]},"properties":{"name":"Strada Traian Vuia","lines":"5, 5N, 8, A1, M41, M41L, M42, M42L, M43, M44","arr":["5","5N","8","A1","M41","M41L","M42","M42L","M43","M44"],"roundabout":1,"mode":"bus","color":"#0059a9","trolley":"mix"}},{"type":"Feature","geometry":{"type":"LineString","coordinates":[[23.564226,46.755681],[23.564172,46.755692],[23.564116,46.755691],[23.564064,46.755677]]},"properties":{"name":"Strada Izlazului","lines":"6, 43, 43B, 43P","arr":["6","43","43B","43P"],"roundabout":1,"mode":"bus","color":"#0059a9","trolley":"mix"}},{"type":"Feature","geometry":{"type":"LineString","coordinates":[[23.562636,46.760454],[23.562652,46.760441],[23.562671,46.760431],[23.562694,46.760424],[23.562718,46.76042],[23.562742,46.76042],[23.562766,46.760423],[23.562789,46.760429],[23.562809,46.760438]]},"properties":{"name":"Calea Mănăștur","lines":"9, 24, 24B, 42, 52L","arr":["9","24","24B","42","52L"],"roundabout":1,"mode":"bus","color":"#0059a9"}},{"type":"Feature","geometry":{"type":"LineString","coordinates":[[23.562809,46.760438],[23.562831,46.760454]]},"properties":{"name":"Calea Mănăștur","lines":"6, 9, 24, 24B, 42, 52L","arr":["6","9","24","24B","42","52L"],"roundabout":1,"mode":"bus","color":"#0059a9","trolley":"mix"}},{"type":"Feature","geometry":{"type":"LineString","coordinates":[[23.562831,46.760454],[23.562842,46.760467],[23.562849,46.760482],[23.562852,46.760497],[23.562852,46.760512],[23.562847,46.760527],[23.562838,46.760541],[23.562825,46.760554],[23.562795,46.760571]]},"properties":{"name":"Calea Mănăștur","lines":"9, 42","arr":["9","42"],"roundabout":1,"mode":"bus","color":"#0059a9"}},{"type":"Feature","geometry":{"type":"LineString","coordinates":[[23.562795,46.760571],[23.562775,46.760578],[23.562753,46.760582],[23.562731,46.760583],[23.562708,46.760582],[23.562687,46.760577],[23.562667,46.76057]]},"properties":{"name":"Calea Mănăștur","lines":"6, 9, 19, 24, 25, 42","arr":["6","9","19","24","25","42"],"roundabout":1,"mode":"bus","color":"#0059a9","trolley":"mix"}},{"type":"Feature","geometry":{"type":"LineString","coordinates":[[23.562667,46.76057],[23.562649,46.76056],[23.562635,46.760549],[23.562625,46.760537],[23.562617,46.760523],[23.562614,46.760509],[23.562614,46.760494],[23.562617,46.76048],[23.562625,46.760466]]},"properties":{"name":"Calea Mănăștur","lines":"9, 19, 42","arr":["9","19","42"],"roundabout":1,"mode":"bus","color":"#0059a9"}},{"type":"Feature","geometry":{"type":"LineString","coordinates":[[23.562625,46.760466],[23.562636,46.760454]]},"properties":{"name":"Calea Mănăștur","lines":"9, 19, 24, 24B, 42, 52L","arr":["9","19","24","24B","42","52L"],"roundabout":1,"mode":"bus","color":"#0059a9"}},{"type":"Feature","geometry":{"type":"LineString","coordinates":[[23.640417,46.782087],[23.640413,46.782051]]},"properties":{"name":"DJ105S","lines":"6, 47, 57L","arr":["6","47","57L"],"roundabout":1,"mode":"bus","color":"#0059a9","trolley":"mix"}},{"type":"Feature","geometry":{"type":"LineString","coordinates":[[23.640413,46.782051],[23.640426,46.782015]]},"properties":{"name":"DJ105S","lines":"6, 47, 57, 57L","arr":["6","47","57","57L"],"roundabout":1,"mode":"bus","color":"#0059a9","trolley":"mix"}},{"type":"Feature","geometry":{"type":"LineString","coordinates":[[23.640426,46.782015],[23.640455,46.781984],[23.640497,46.781962]]},"properties":{"name":"DJ105S","lines":"6, 47, 57L","arr":["6","47","57L"],"roundabout":1,"mode":"bus","color":"#0059a9","trolley":"mix"}},{"type":"Feature","geometry":{"type":"LineString","coordinates":[[23.640649,46.782162],[23.640603,46.782172],[23.640555,46.782172],[23.640509,46.782163],[23.640469,46.782145],[23.640438,46.78212]]},"properties":{"name":"DJ105S","lines":"6, 47, 57L","arr":["6","47","57L"],"roundabout":1,"mode":"bus","color":"#0059a9","trolley":"mix"}},{"type":"Feature","geometry":{"type":"LineString","coordinates":[[23.703252,46.778877],[23.70319,46.778921],[23.70311,46.778947],[23.703022,46.778954],[23.702936,46.77894],[23.702904,46.778929]]},"properties":{"name":"Centura Apahida-Vâlcele","lines":"8L","arr":["8L"],"roundabout":1,"mode":"bus","color":"#0059a9"}},{"type":"Feature","geometry":{"type":"LineString","coordinates":[[23.702776,46.778778],[23.702787,46.778724],[23.702821,46.778674]]},"properties":{"name":"Centura Apahida-Vâlcele","lines":"8L, M45","arr":["8L","M45"],"roundabout":1,"mode":"bus","color":"#0059a9"}},{"type":"Feature","geometry":{"type":"LineString","coordinates":[[23.702821,46.778674],[23.702879,46.778633],[23.702953,46.778606],[23.703036,46.778596],[23.703119,46.778605],[23.703193,46.778632]]},"properties":{"name":"Centura Apahida-Vâlcele","lines":"8L","arr":["8L"],"roundabout":1,"mode":"bus","color":"#0059a9"}},{"type":"Feature","geometry":{"type":"LineString","coordinates":[[23.703287,46.778828],[23.703252,46.778877]]},"properties":{"name":"Centura Apahida-Vâlcele","lines":"8L","arr":["8L"],"roundabout":1,"mode":"bus","color":"#0059a9"}},{"type":"Feature","geometry":{"type":"LineString","coordinates":[[23.615348,46.788551],[23.615381,46.788546],[23.615414,46.788547],[23.615445,46.788556],[23.615471,46.788569],[23.61549,46.788588]]},"properties":{"name":"","lines":"10, 12, 14, 23, 36B, 36L, 48, 48L, 50, 50D, 50L, 52, 52L","arr":["10","12","14","23","36B","36L","48","48L","50","50D","50L","52","52L"],"roundabout":1,"mode":"bus","color":"#0059a9","trolley":"mix"}},{"type":"Feature","geometry":{"type":"LineString","coordinates":[[23.61549,46.788588],[23.6155,46.788609],[23.615501,46.78863],[23.615493,46.788651],[23.615478,46.78867],[23.615455,46.788685],[23.615426,46.788695],[23.615395,46.788699]]},"properties":{"name":"","lines":"10, 12, 14, 23, 36B, 36L, 48, 48L, 50, 50D, 50L, 52, 52L","arr":["10","12","14","23","36B","36L","48","48L","50","50D","50L","52","52L"],"roundabout":1,"mode":"bus","color":"#0059a9","trolley":"mix"}},{"type":"Feature","geometry":{"type":"LineString","coordinates":[[23.613808,46.795408],[23.613778,46.7954],[23.613754,46.795385],[23.61374,46.795366]]},"properties":{"name":"","lines":"12, 23, 48L, 50, 50L","arr":["12","23","48L","50","50L"],"roundabout":1,"mode":"bus","color":"#0059a9","trolley":"mix"}},{"type":"Feature","geometry":{"type":"LineString","coordinates":[[23.61374,46.795366],[23.613736,46.795352],[23.613737,46.795337],[23.613747,46.795318],[23.613765,46.795302],[23.613789,46.795291]]},"properties":{"name":"","lines":"14, 23, 48, 48L, 50, 50L","arr":["14","23","48","48L","50","50L"],"roundabout":1,"mode":"bus","color":"#0059a9","trolley":"mix"}},{"type":"Feature","geometry":{"type":"LineString","coordinates":[[23.613789,46.795291],[23.613819,46.795286],[23.613849,46.795288],[23.613877,46.795297],[23.613898,46.795311],[23.613912,46.79533]]},"properties":{"name":"","lines":"23, 48, 48L, 50L","arr":["23","48","48L","50L"],"roundabout":1,"mode":"bus","color":"#0059a9","trolley":"mix"}},{"type":"Feature","geometry":{"type":"LineString","coordinates":[[23.613912,46.79533],[23.613916,46.795347],[23.613912,46.795365],[23.613902,46.795381],[23.613885,46.795394],[23.613871,46.795401]]},"properties":{"name":"","lines":"10, 12, 14, 23, 48, 48L, 50, 50D, 50L","arr":["10","12","14","23","48","48L","50","50D","50L"],"roundabout":1,"mode":"bus","color":"#0059a9","trolley":"mix"}},{"type":"Feature","geometry":{"type":"LineString","coordinates":[[23.613871,46.795401],[23.613841,46.795408],[23.613808,46.795408]]},"properties":{"name":"","lines":"12, 23, 48L, 50, 50L","arr":["12","23","48L","50","50L"],"roundabout":1,"mode":"bus","color":"#0059a9","trolley":"mix"}},{"type":"Feature","geometry":{"type":"LineString","coordinates":[[23.612311,46.797575],[23.612341,46.797558],[23.61238,46.797546],[23.612427,46.797542],[23.612491,46.797554]]},"properties":{"name":"","lines":"23, 26, 26L, 48L, 50, 50L","arr":["23","26","26L","48L","50","50L"],"roundabout":1,"mode":"bus","color":"#0059a9","trolley":"mix"}},{"type":"Feature","geometry":{"type":"LineString","coordinates":[[23.612491,46.797554],[23.612523,46.797573]]},"properties":{"name":"","lines":"10, 12, 14, 23, 26, 26L, 48, 48L, 50, 50D, 50L","arr":["10","12","14","23","26","26L","48","48L","50","50D","50L"],"roundabout":1,"mode":"bus","color":"#0059a9","trolley":"mix"}},{"type":"Feature","geometry":{"type":"LineString","coordinates":[[23.612523,46.797573],[23.612549,46.7976],[23.612562,46.797633],[23.612557,46.797667],[23.612536,46.797697],[23.612512,46.797713],[23.612502,46.79772]]},"properties":{"name":"","lines":"50","arr":["50"],"roundabout":1,"mode":"bus","color":"#0059a9"}},{"type":"Feature","geometry":{"type":"LineString","coordinates":[[23.612502,46.79772],[23.612466,46.79773],[23.612449,46.797735],[23.612412,46.797738]]},"properties":{"name":"","lines":"14, 23, 26, 26L, 48, 48L, 50, 50L","arr":["14","23","26","26L","48","48L","50","50L"],"roundabout":1,"mode":"bus","color":"#0059a9","trolley":"mix"}},{"type":"Feature","geometry":{"type":"LineString","coordinates":[[23.612412,46.797738],[23.612399,46.797736],[23.612365,46.797731],[23.612325,46.797714],[23.612299,46.797694],[23.612282,46.797669],[23.612276,46.797641],[23.612282,46.797612]]},"properties":{"name":"","lines":"14, 23, 48, 48L, 50, 50L","arr":["14","23","48","48L","50","50L"],"roundabout":1,"mode":"bus","color":"#0059a9","trolley":"mix"}},{"type":"Feature","geometry":{"type":"LineString","coordinates":[[23.612282,46.797612],[23.612298,46.797592],[23.612311,46.797575]]},"properties":{"name":"","lines":"14, 23, 26, 26L, 48, 48L, 50, 50L","arr":["14","23","26","26L","48","48L","50","50L"],"roundabout":1,"mode":"bus","color":"#0059a9","trolley":"mix"}},{"type":"Feature","geometry":{"type":"LineString","coordinates":[[23.613195,46.783722],[23.613222,46.783735],[23.613238,46.78375],[23.613245,46.783763]]},"properties":{"name":"Strada Fabricii","lines":"12, 14, 34, 36B, 36L, 48, 48L","arr":["12","14","34","36B","36L","48","48L"],"roundabout":1,"mode":"bus","color":"#0059a9","trolley":"mix"}},{"type":"Feature","geometry":{"type":"LineString","coordinates":[[23.613245,46.783763],[23.613246,46.783783],[23.613235,46.783808]]},"properties":{"name":"Strada Fabricii","lines":"12, 14, 34, 36B, 36L, 48, 48L","arr":["12","14","34","36B","36L","48","48L"],"roundabout":1,"mode":"bus","color":"#0059a9","trolley":"mix"}},{"type":"Feature","geometry":{"type":"LineString","coordinates":[[23.615018,46.778255],[23.615029,46.778307],[23.615023,46.778359],[23.615002,46.778409],[23.614966,46.778455],[23.614916,46.778495]]},"properties":{"name":"Piața Mărăști","lines":"14","arr":["14"],"roundabout":1,"mode":"bus","color":"#149a3f","trolley":"all"}},{"type":"Feature","geometry":{"type":"LineString","coordinates":[[23.615395,46.788699],[23.615364,46.788697],[23.615335,46.788689],[23.61531,46.788676],[23.615292,46.788659],[23.615281,46.788639],[23.615278,46.788618],[23.615284,46.788597],[23.615299,46.788578],[23.615321,46.788562],[23.615348,46.788551]]},"properties":{"name":"","lines":"14, 23, 36B, 36L, 48, 48L, 50, 50L, 52, 52L","arr":["14","23","36B","36L","48","48L","50","50L","52","52L"],"roundabout":1,"mode":"bus","color":"#0059a9","trolley":"mix"}},{"type":"Feature","geometry":{"type":"LineString","coordinates":[[23.613086,46.783812],[23.613072,46.783792],[23.613071,46.783778]]},"properties":{"name":"Strada Fabricii","lines":"14, 34, 36B, 36L, 48, 48L","arr":["14","34","36B","36L","48","48L"],"roundabout":1,"mode":"bus","color":"#0059a9","trolley":"mix"}},{"type":"Feature","geometry":{"type":"LineString","coordinates":[[23.613071,46.783778],[23.613071,46.78377],[23.613081,46.783748]]},"properties":{"name":"Strada Fabricii","lines":"14, 29, 34, 36B, 36L, 48, 48L","arr":["14","29","34","36B","36L","48","48L"],"roundabout":1,"mode":"bus","color":"#0059a9","trolley":"mix"}},{"type":"Feature","geometry":{"type":"LineString","coordinates":[[23.606786,46.764491],[23.606779,46.76448],[23.606777,46.764468],[23.606781,46.764456],[23.606792,46.764446]]},"properties":{"name":"DJ103G","lines":"18, 20, 21, 32, 32B, 45, 57, 57L, M13, M61","arr":["18","20","21","32","32B","45","57","57L","M13","M61"],"roundabout":1,"mode":"bus","color":"#0059a9"}},{"type":"Feature","geometry":{"type":"LineString","coordinates":[[23.606792,46.764446],[23.606809,46.764438],[23.606829,46.764436],[23.60685,46.76444],[23.606866,46.764449],[23.606876,46.764464],[23.606876,46.764479],[23.606866,46.764492],[23.606851,46.7645],[23.606833,46.764505],[23.606815,46.764504],[23.606799,46.764499],[23.606786,46.764491]]},"properties":{"name":"DJ103G","lines":"18, 20, 32, 32B, 45, 57, 57L, M13, M61","arr":["18","20","32","32B","45","57","57L","M13","M61"],"roundabout":1,"mode":"bus","color":"#0059a9"}},{"type":"Feature","geometry":{"type":"LineString","coordinates":[[23.564064,46.755677],[23.56402,46.755652],[23.563991,46.755619]]},"properties":{"name":"Strada Izlazului","lines":"19, 42, 43, 43B, 43P","arr":["19","42","43","43B","43P"],"roundabout":1,"mode":"bus","color":"#0059a9"}},{"type":"Feature","geometry":{"type":"LineString","coordinates":[[23.563991,46.755619],[23.563979,46.75558],[23.563987,46.755541]]},"properties":{"name":"Strada Izlazului","lines":"19, 42, 43, 43B","arr":["19","42","43","43B"],"roundabout":1,"mode":"bus","color":"#0059a9"}},{"type":"Feature","geometry":{"type":"LineString","coordinates":[[23.607395,46.750449],[23.607372,46.750457],[23.607347,46.750461],[23.60732,46.75046],[23.607296,46.750455],[23.607273,46.750444],[23.607256,46.750429],[23.607246,46.750411]]},"properties":{"name":"","lines":"21, 45","arr":["21","45"],"roundabout":1,"mode":"bus","color":"#0059a9"}},{"type":"Feature","geometry":{"type":"LineString","coordinates":[[23.607246,46.750411],[23.607244,46.750393],[23.607248,46.750376],[23.60726,46.75036],[23.607277,46.750347]]},"properties":{"name":"","lines":"21","arr":["21"],"roundabout":1,"mode":"bus","color":"#0059a9"}},{"type":"Feature","geometry":{"type":"LineString","coordinates":[[23.607277,46.750347],[23.607301,46.750336],[23.607329,46.750332],[23.607358,46.750333],[23.607382,46.750338],[23.607403,46.750348],[23.607419,46.750361],[23.60743,46.750377]]},"properties":{"name":"","lines":"21, 45","arr":["21","45"],"roundabout":1,"mode":"bus","color":"#0059a9"}},{"type":"Feature","geometry":{"type":"LineString","coordinates":[[23.593068,46.747],[23.593076,46.747023],[23.59308,46.747049],[23.593075,46.747075],[23.59306,46.747099],[23.593037,46.747119]]},"properties":{"name":"DN1","lines":"21, 40, 43B, M11, M12, M16, M18","arr":["21","40","43B","M11","M12","M16","M18"],"roundabout":1,"mode":"bus","color":"#0059a9"}},{"type":"Feature","geometry":{"type":"LineString","coordinates":[[23.593037,46.747119],[23.593024,46.747128]]},"properties":{"name":"DN1","lines":"21, 40, 43B, 45, M11, M12, M16, M18","arr":["21","40","43B","45","M11","M12","M16","M18"],"roundabout":1,"mode":"bus","color":"#0059a9"}},{"type":"Feature","geometry":{"type":"LineString","coordinates":[[23.593024,46.747128],[23.592985,46.747144],[23.592941,46.747153],[23.592896,46.747152],[23.592853,46.747143],[23.592815,46.747125],[23.592786,46.747101]]},"properties":{"name":"","lines":"21, M17, M18, M71","arr":["21","M17","M18","M71"],"roundabout":1,"mode":"bus","color":"#0059a9"}},{"type":"Feature","geometry":{"type":"LineString","coordinates":[[23.592786,46.747101],[23.592772,46.747084],[23.592763,46.747065],[23.59276,46.747045],[23.592767,46.747013]]},"properties":{"name":"DN1","lines":"21, 40, 43B, 45, M11, M12, M16, M17, M18, M71","arr":["21","40","43B","45","M11","M12","M16","M17","M18","M71"],"roundabout":1,"mode":"bus","color":"#0059a9"}},{"type":"Feature","geometry":{"type":"LineString","coordinates":[[23.591109,46.738257],[23.591084,46.738217]]},"properties":{"name":"Calea Turzii","lines":"21, 40, 43B, M11, M12, M16, M17, M18, M71","arr":["21","40","43B","M11","M12","M16","M17","M18","M71"],"roundabout":1,"mode":"bus","color":"#0059a9"}},{"type":"Feature","geometry":{"type":"LineString","coordinates":[[23.591084,46.738217],[23.591084,46.738179],[23.591104,46.738143],[23.591141,46.738115],[23.59119,46.738097]]},"properties":{"name":"Calea Turzii","lines":"21, 40, 43B, M11, M12, M16","arr":["21","40","43B","M11","M12","M16"],"roundabout":1,"mode":"bus","color":"#0059a9"}},{"type":"Feature","geometry":{"type":"LineString","coordinates":[[23.59119,46.738097],[23.591263,46.738095]]},"properties":{"name":"Calea Turzii","lines":"21, 40, 43B, M11, M12, M16, M18","arr":["21","40","43B","M11","M12","M16","M18"],"roundabout":1,"mode":"bus","color":"#0059a9"}},{"type":"Feature","geometry":{"type":"LineString","coordinates":[[23.591263,46.738095],[23.591308,46.738106],[23.591347,46.738127],[23.591373,46.738155],[23.591386,46.738187],[23.591383,46.73822]]},"properties":{"name":"Calea Turzii","lines":"21, 40, 43B, M16, M18","arr":["21","40","43B","M16","M18"],"roundabout":1,"mode":"bus","color":"#0059a9"}},{"type":"Feature","geometry":{"type":"LineString","coordinates":[[23.591383,46.73822],[23.59137,46.738244],[23.591347,46.738268]]},"properties":{"name":"Calea Turzii","lines":"21, 40, 43B, M11, M12, M16, M18","arr":["21","40","43B","M11","M12","M16","M18"],"roundabout":1,"mode":"bus","color":"#0059a9"}},{"type":"Feature","geometry":{"type":"LineString","coordinates":[[23.593027,46.746964],[23.593051,46.74698],[23.593068,46.747]]},"properties":{"name":"DN1","lines":"21, 40, 43B, 45, M11, M12, M16, M18","arr":["21","40","43B","45","M11","M12","M16","M18"],"roundabout":1,"mode":"bus","color":"#0059a9"}},{"type":"Feature","geometry":{"type":"LineString","coordinates":[[23.630366,46.76855],[23.630362,46.768594],[23.630341,46.768635],[23.630312,46.768664],[23.63029,46.76868],[23.630265,46.768695],[23.630237,46.768706]]},"properties":{"name":"Strada Unirii","lines":"24, 24B, 34, 45, 48, 48L, 57, 57L","arr":["24","24B","34","45","48","48L","57","57L"],"roundabout":1,"mode":"bus","color":"#0059a9"}},{"type":"Feature","geometry":{"type":"LineString","coordinates":[[23.623932,46.772259],[23.623893,46.772283],[23.623845,46.772297]]},"properties":{"name":"","lines":"24, 24B, 34, 44, 45, 48, 48L, 57, 57L","arr":["24","24B","34","44","45","48","48L","57","57L"],"roundabout":1,"mode":"bus","color":"#0059a9"}},{"type":"Feature","geometry":{"type":"LineString","coordinates":[[23.623657,46.772209],[23.623661,46.772166]]},"properties":{"name":"","lines":"24, 24B, 25, 34, 44, 45, 48, 48L, 57, 57L","arr":["24","24B","25","34","44","45","48","48L","57","57L"],"roundabout":1,"mode":"bus","color":"#0059a9","trolley":"mix"}},{"type":"Feature","geometry":{"type":"LineString","coordinates":[[23.623661,46.772166],[23.623687,46.77213],[23.623725,46.772106],[23.623731,46.772102],[23.623787,46.772088],[23.623847,46.77209]]},"properties":{"name":"","lines":"24, 24B, 25, 34, 44, 45, 48, 48L, 57, 57L","arr":["24","24B","25","34","44","45","48","48L","57","57L"],"roundabout":1,"mode":"bus","color":"#0059a9","trolley":"mix"}},{"type":"Feature","geometry":{"type":"LineString","coordinates":[[23.623847,46.77209],[23.623901,46.772107]]},"properties":{"name":"","lines":"24, 24B, 25, 34, 44, 45, 48, 48L, 57, 57L","arr":["24","24B","25","34","44","45","48","48L","57","57L"],"roundabout":1,"mode":"bus","color":"#0059a9","trolley":"mix"}},{"type":"Feature","geometry":{"type":"LineString","coordinates":[[23.629901,46.768569],[23.629904,46.768537],[23.629916,46.768506],[23.629937,46.768478],[23.629965,46.768452]]},"properties":{"name":"Strada Unirii","lines":"24, 44, 48, 48L","arr":["24","44","48","48L"],"roundabout":1,"mode":"bus","color":"#0059a9"}},{"type":"Feature","geometry":{"type":"LineString","coordinates":[[23.629965,46.768452],[23.630001,46.768431],[23.630042,46.768416],[23.63008,46.768406],[23.630126,46.768402]]},"properties":{"name":"Strada Unirii","lines":"24, 44, 48, 48L","arr":["24","44","48","48L"],"roundabout":1,"mode":"bus","color":"#0059a9"}},{"type":"Feature","geometry":{"type":"LineString","coordinates":[[23.530395,46.751248],[23.530346,46.751235],[23.530304,46.751213],[23.530273,46.751184],[23.530257,46.751153],[23.530252,46.75112],[23.53026,46.751087],[23.530281,46.751057],[23.530312,46.751032],[23.53034,46.751018],[23.530392,46.751002],[23.530451,46.750999],[23.530507,46.751008],[23.530557,46.75103],[23.530594,46.75106],[23.530615,46.751096],[23.53062,46.751127],[23.53062,46.751134]]},"properties":{"name":"","lines":"24B, 28B, 43P","arr":["24B","28B","43P"],"roundabout":1,"mode":"bus","color":"#0059a9"}},{"type":"Feature","geometry":{"type":"LineString","coordinates":[[23.576738,46.771972],[23.576752,46.771965],[23.576785,46.771956],[23.57682,46.771956],[23.576854,46.771963],[23.576882,46.771978],[23.576902,46.771997],[23.576912,46.772021]]},"properties":{"name":"","lines":"26, 26L, 27, 28, 28B, 30, 41, 44, 54N","arr":["26","26L","27","28","28B","30","41","44","54N"],"roundabout":1,"mode":"bus","color":"#0059a9"}},{"type":"Feature","geometry":{"type":"LineString","coordinates":[[23.607653,46.79902],[23.607878,46.799033]]},"properties":{"name":"","lines":"26, 26L, 39, 39L, M37, M39, M39L","arr":["26","26L","39","39L","M37","M39","M39L"],"roundabout":1,"mode":"bus","color":"#0059a9"}},{"type":"Feature","geometry":{"type":"LineString","coordinates":[[23.607878,46.799033],[23.607888,46.799052],[23.607904,46.799079],[23.607906,46.799099],[23.607896,46.799132]]},"properties":{"name":"","lines":"26, 26L, 39, 39L, M37, M39, M39L","arr":["26","26L","39","39L","M37","M39","M39L"],"roundabout":1,"mode":"bus","color":"#0059a9"}},{"type":"Feature","geometry":{"type":"LineString","coordinates":[[23.607896,46.799132],[23.607868,46.799169],[23.607848,46.799182],[23.60781,46.799198],[23.607779,46.799205],[23.607746,46.799207],[23.607729,46.799207]]},"properties":{"name":"","lines":"26, 26L, 39, 39L, M37, M39, M39L","arr":["26","26L","39","39L","M37","M39","M39L"],"roundabout":1,"mode":"bus","color":"#0059a9"}},{"type":"Feature","geometry":{"type":"LineString","coordinates":[[23.607729,46.799207],[23.607712,46.799204],[23.607681,46.799196],[23.607646,46.79918],[23.607619,46.799158],[23.607601,46.799132]]},"properties":{"name":"","lines":"26, 26L, 39, 39L, M38, M39, M39L","arr":["26","26L","39","39L","M38","M39","M39L"],"roundabout":1,"mode":"bus","color":"#0059a9"}},{"type":"Feature","geometry":{"type":"LineString","coordinates":[[23.607601,46.799132],[23.607594,46.799104],[23.6076,46.799072],[23.607607,46.799058],[23.607631,46.799038],[23.607653,46.79902]]},"properties":{"name":"","lines":"26, 26L, 39, 39L","arr":["26","26L","39","39L"],"roundabout":1,"mode":"bus","color":"#0059a9"}},{"type":"Feature","geometry":{"type":"LineString","coordinates":[[23.576912,46.772021],[23.576911,46.772041],[23.576901,46.772061],[23.576885,46.772078],[23.576862,46.772091],[23.576834,46.772099],[23.576805,46.772102],[23.576775,46.772099],[23.576747,46.77209],[23.576724,46.772077],[23.576707,46.772059],[23.576699,46.772039],[23.576699,46.772018],[23.576708,46.771997],[23.57672,46.771983],[23.576738,46.771972]]},"properties":{"name":"","lines":"26, 26L, 27, 28, 28B, 30, 41, 44, 54N","arr":["26","26L","27","28","28B","30","41","44","54N"],"roundabout":1,"mode":"bus","color":"#0059a9"}},{"type":"Feature","geometry":{"type":"LineString","coordinates":[[23.550677,46.765585],[23.550709,46.765579],[23.550742,46.765579],[23.550773,46.765586],[23.5508,46.765599]]},"properties":{"name":"","lines":"26L, 28B, 54N","arr":["26L","28B","54N"],"roundabout":1,"mode":"bus","color":"#0059a9"}},{"type":"Feature","geometry":{"type":"LineString","coordinates":[[23.5508,46.765599],[23.550817,46.765612],[23.550829,46.765627],[23.550836,46.765644],[23.550838,46.765661],[23.550834,46.765678],[23.550825,46.765694]]},"properties":{"name":"","lines":"26L, 28B, 54N","arr":["26L","28B","54N"],"roundabout":1,"mode":"bus","color":"#0059a9"}},{"type":"Feature","geometry":{"type":"LineString","coordinates":[[23.550825,46.765694],[23.550818,46.765702],[23.55081,46.765709],[23.550801,46.765716]]},"properties":{"name":"","lines":"26L, 28B, 54N","arr":["26L","28B","54N"],"roundabout":1,"mode":"bus","color":"#0059a9"}},{"type":"Feature","geometry":{"type":"LineString","coordinates":[[23.664709,46.797489],[23.66466,46.79747]]},"properties":{"name":"","lines":"26L, 36L, 48L, 50L, 52L, 57L","arr":["26L","36L","48L","50L","52L","57L"],"roundabout":1,"mode":"bus","color":"#0059a9"}},{"type":"Feature","geometry":{"type":"LineString","coordinates":[[23.66466,46.79747],[23.664625,46.797435],[23.664617,46.797393],[23.664639,46.797354]]},"properties":{"name":"","lines":"48L","arr":["48L"],"roundabout":1,"mode":"bus","color":"#0059a9"}},{"type":"Feature","geometry":{"type":"LineString","coordinates":[[23.664639,46.797354],[23.664683,46.797326]]},"properties":{"name":"","lines":"26L, 36L, 48L, 50L, 52L, 57L","arr":["26L","36L","48L","50L","52L","57L"],"roundabout":1,"mode":"bus","color":"#0059a9"}},{"type":"Feature","geometry":{"type":"LineString","coordinates":[[23.664683,46.797326],[23.664726,46.797316],[23.664771,46.797317],[23.664814,46.797328]]},"properties":{"name":"","lines":"26L, 50L, 57L","arr":["26L","50L","57L"],"roundabout":1,"mode":"bus","color":"#0059a9"}},{"type":"Feature","geometry":{"type":"LineString","coordinates":[[23.664814,46.797328],[23.664843,46.797345],[23.664864,46.797368],[23.664875,46.797408],[23.664858,46.797448],[23.664817,46.797477],[23.664765,46.797491],[23.664709,46.797489]]},"properties":{"name":"","lines":"26L, 36L, 48L, 50L, 52L, 57L","arr":["26L","36L","48L","50L","52L","57L"],"roundabout":1,"mode":"bus","color":"#0059a9"}},{"type":"Feature","geometry":{"type":"LineString","coordinates":[[23.550648,46.765718],[23.550637,46.765711],[23.550627,46.765703],[23.55062,46.765694],[23.550613,46.765684]]},"properties":{"name":"","lines":"26L, 28B, 43, 43B, 44, 54N","arr":["26L","28B","43","43B","44","54N"],"roundabout":1,"mode":"bus","color":"#0059a9"}},{"type":"Feature","geometry":{"type":"LineString","coordinates":[[23.544285,46.760803],[23.544329,46.76082],[23.544367,46.760839],[23.544399,46.760862],[23.544425,46.760889]]},"properties":{"name":"Bulevardul 1 Decembrie 1918","lines":"28B, 43, 43B","arr":["28B","43","43B"],"roundabout":1,"mode":"bus","color":"#0059a9"}},{"type":"Feature","geometry":{"type":"LineString","coordinates":[[23.544425,46.760889],[23.544449,46.760934],[23.544454,46.760982],[23.544441,46.761029],[23.544414,46.761078]]},"properties":{"name":"Bulevardul 1 Decembrie 1918","lines":"28B, 43, 43B","arr":["28B","43","43B"],"roundabout":1,"mode":"bus","color":"#0059a9"}},{"type":"Feature","geometry":{"type":"LineString","coordinates":[[23.544414,46.761078],[23.544383,46.76111]]},"properties":{"name":"Bulevardul 1 Decembrie 1918","lines":"28B, 43, 43B","arr":["28B","43","43B"],"roundabout":1,"mode":"bus","color":"#0059a9"}},{"type":"Feature","geometry":{"type":"LineString","coordinates":[[23.544127,46.761178],[23.544062,46.761167],[23.544003,46.761143]]},"properties":{"name":"Bulevardul 1 Decembrie 1918","lines":"28B, 43, 43B","arr":["28B","43","43B"],"roundabout":1,"mode":"bus","color":"#0059a9"}},{"type":"Feature","geometry":{"type":"LineString","coordinates":[[23.544003,46.761143],[23.543962,46.761122],[23.543924,46.761091],[23.543889,46.761036],[23.543882,46.760972]]},"properties":{"name":"Bulevardul 1 Decembrie 1918","lines":"28B, 43, 43B","arr":["28B","43","43B"],"roundabout":1,"mode":"bus","color":"#0059a9"}},{"type":"Feature","geometry":{"type":"LineString","coordinates":[[23.543882,46.760972],[23.54389,46.760935],[23.543909,46.760898],[23.543943,46.760865],[23.543984,46.760828]]},"properties":{"name":"Bulevardul 1 Decembrie 1918","lines":"28B, 43, 43B","arr":["28B","43","43B"],"roundabout":1,"mode":"bus","color":"#0059a9"}},{"type":"Feature","geometry":{"type":"LineString","coordinates":[[23.557629,46.783605],[23.557654,46.783581],[23.557687,46.783563],[23.557732,46.78355],[23.557781,46.783548],[23.557828,46.783557],[23.557869,46.783576],[23.557899,46.783602],[23.557916,46.783634],[23.557917,46.783641]]},"properties":{"name":"DN1F","lines":"31, M31, M32","arr":["31","M31","M32"],"roundabout":1,"mode":"bus","color":"#0059a9"}},{"type":"Feature","geometry":{"type":"LineString","coordinates":[[23.557917,46.783641],[23.557917,46.783664],[23.55791,46.783686],[23.557896,46.783706],[23.557876,46.783724],[23.557851,46.783739],[23.557822,46.783749],[23.55779,46.783755]]},"properties":{"name":"DN1F","lines":"M32","arr":["M32"],"roundabout":1,"mode":"bus","color":"#0059a9"}},{"type":"Feature","geometry":{"type":"LineString","coordinates":[[23.55779,46.783755],[23.557771,46.783757],[23.557752,46.783756],[23.557733,46.783754],[23.557715,46.783751]]},"properties":{"name":"DN1F","lines":"31, M31, M32, M33, M34","arr":["31","M31","M32","M33","M34"],"roundabout":1,"mode":"bus","color":"#0059a9"}},{"type":"Feature","geometry":{"type":"LineString","coordinates":[[23.557715,46.783751],[23.557686,46.783741],[23.55766,46.783728],[23.557639,46.783711],[23.557624,46.783691],[23.557615,46.78367],[23.557613,46.783648],[23.557618,46.783626],[23.557629,46.783605]]},"properties":{"name":"DN1F","lines":"M32","arr":["M32"],"roundabout":1,"mode":"bus","color":"#0059a9"}},{"type":"Feature","geometry":{"type":"LineString","coordinates":[[23.618944,46.768647],[23.618975,46.768657],[23.619002,46.76867],[23.619026,46.768686],[23.619047,46.768704],[23.619062,46.768725]]},"properties":{"name":"","lines":"33, 57L","arr":["33","57L"],"roundabout":1,"mode":"bus","color":"#0059a9"}},{"type":"Feature","geometry":{"type":"LineString","coordinates":[[23.619062,46.768725],[23.619072,46.768743],[23.619077,46.768762],[23.61908,46.768781],[23.619078,46.7688],[23.619073,46.768819]]},"properties":{"name":"","lines":"33, 57L","arr":["33","57L"],"roundabout":1,"mode":"bus","color":"#0059a9"}},{"type":"Feature","geometry":{"type":"LineString","coordinates":[[23.614312,46.778377],[23.6143,46.778323],[23.614306,46.778269],[23.614329,46.778216],[23.614368,46.778169],[23.614421,46.778128],[23.614486,46.778097]]},"properties":{"name":"Piața Mărăști","lines":"34, 48, 48L, 53","arr":["34","48","48L","53"],"roundabout":1,"mode":"bus","color":"#0059a9"}},{"type":"Feature","geometry":{"type":"LineString","coordinates":[[23.618722,46.768888],[23.618701,46.768872],[23.618683,46.768854],[23.61867,46.768834],[23.618661,46.768814]]},"properties":{"name":"","lines":"34, 48, 48L, 57L","arr":["34","48","48L","57L"],"roundabout":1,"mode":"bus","color":"#0059a9"}},{"type":"Feature","geometry":{"type":"LineString","coordinates":[[23.618661,46.768814],[23.618656,46.768794],[23.618656,46.768774],[23.61866,46.768754],[23.618667,46.768735],[23.618678,46.768717],[23.618693,46.7687],[23.618711,46.768684],[23.618733,46.76867]]},"properties":{"name":"","lines":"34, 48, 48L, 57L","arr":["34","48","48L","57L"],"roundabout":1,"mode":"bus","color":"#0059a9"}},{"type":"Feature","geometry":{"type":"LineString","coordinates":[[23.584034,46.754325],[23.584073,46.754327]]},"properties":{"name":"","lines":"35, 43, 43B, 43P, 45, 46, 46B, 46L, 50, 50D, 50L, 54N","arr":["35","43","43B","43P","45","46","46B","46L","50","50D","50L","54N"],"roundabout":1,"mode":"bus","color":"#0059a9"}},{"type":"Feature","geometry":{"type":"LineString","coordinates":[[23.584073,46.754327],[23.584109,46.754338]]},"properties":{"name":"","lines":"35, 43, 43B, 43P, 45, 46, 46B, 46L, 50, 50D, 50L, 54N","arr":["35","43","43B","43P","45","46","46B","46L","50","50D","50L","54N"],"roundabout":1,"mode":"bus","color":"#0059a9"}},{"type":"Feature","geometry":{"type":"LineString","coordinates":[[23.584109,46.754338],[23.58414,46.754354],[23.584162,46.754377],[23.584172,46.754403],[23.584171,46.75443],[23.584158,46.754455],[23.584134,46.754477]]},"properties":{"name":"","lines":"35, 43, 43B, 43P, 46, 46B, 46L, 50, 50L, 54N","arr":["35","43","43B","43P","46","46B","46L","50","50L","54N"],"roundabout":1,"mode":"bus","color":"#0059a9"}},{"type":"Feature","geometry":{"type":"LineString","coordinates":[[23.584134,46.754477],[23.584111,46.754488]]},"properties":{"name":"","lines":"35, 43, 43B, 43P, 45, 46, 46B, 46L, 50, 50L, 54N","arr":["35","43","43B","43P","45","46","46B","46L","50","50L","54N"],"roundabout":1,"mode":"bus","color":"#0059a9"}},{"type":"Feature","geometry":{"type":"LineString","coordinates":[[23.596123,46.755708],[23.596195,46.755693],[23.59627,46.755694],[23.596341,46.755712],[23.5964,46.755744]]},"properties":{"name":"DN1","lines":"35, 46, 46L, 50, 50D","arr":["35","46","46L","50","50D"],"roundabout":1,"mode":"bus","color":"#0059a9"}},{"type":"Feature","geometry":{"type":"LineString","coordinates":[[23.5964,46.755744],[23.596442,46.755788],[23.59646,46.755839]]},"properties":{"name":"DN1","lines":"35, 43B, 45, 46, 46L, 50, 50D, M11","arr":["35","43B","45","46","46L","50","50D","M11"],"roundabout":1,"mode":"bus","color":"#0059a9"}},{"type":"Feature","geometry":{"type":"LineString","coordinates":[[23.59646,46.755839],[23.596454,46.755891],[23.596424,46.755938],[23.596374,46.755976]]},"properties":{"name":"DN1","lines":"35, 43B, 45, 46, 50, M11","arr":["35","43B","45","46","50","M11"],"roundabout":1,"mode":"bus","color":"#0059a9"}},{"type":"Feature","geometry":{"type":"LineString","coordinates":[[23.596374,46.755976],[23.596316,46.755999],[23.596251,46.756011],[23.596183,46.756009],[23.59612,46.755994]]},"properties":{"name":"DN1","lines":"35, 40, 43B, 45, 46, 46L, 50, M11, M12, M16","arr":["35","40","43B","45","46","46L","50","M11","M12","M16"],"roundabout":1,"mode":"bus","color":"#0059a9"}},{"type":"Feature","geometry":{"type":"LineString","coordinates":[[23.59612,46.755994],[23.596061,46.755964],[23.596019,46.755924],[23.595996,46.755877],[23.595996,46.755827]]},"properties":{"name":"DN1","lines":"35, 40, 43B, 46, 50, M11, M12, M16","arr":["35","40","43B","46","50","M11","M12","M16"],"roundabout":1,"mode":"bus","color":"#0059a9"}},{"type":"Feature","geometry":{"type":"LineString","coordinates":[[23.595996,46.755827],[23.596019,46.755779],[23.596063,46.755738],[23.596123,46.755708]]},"properties":{"name":"DN1","lines":"35, 40, 46, 46L, 50, 50D, M11, M12, M16","arr":["35","40","46","46L","50","50D","M11","M12","M16"],"roundabout":1,"mode":"bus","color":"#0059a9"}},{"type":"Feature","geometry":{"type":"LineString","coordinates":[[23.584111,46.754488],[23.584085,46.754496],[23.584057,46.7545],[23.584029,46.7545],[23.584001,46.754495],[23.583976,46.754486]]},"properties":{"name":"","lines":"35, 43, 43B, 43P, 45, 46, 46B, 46L, 50, 50L, 54N","arr":["35","43","43B","43P","45","46","46B","46L","50","50L","54N"],"roundabout":1,"mode":"bus","color":"#0059a9"}},{"type":"Feature","geometry":{"type":"LineString","coordinates":[[23.583976,46.754486],[23.583945,46.754466]]},"properties":{"name":"","lines":"35, 43, 43B, 43P, 45, 46, 46B, 46L, 50, 50L, 54N","arr":["35","43","43B","43P","45","46","46B","46L","50","50L","54N"],"roundabout":1,"mode":"bus","color":"#0059a9"}},{"type":"Feature","geometry":{"type":"LineString","coordinates":[[23.577201,46.752672],[23.577188,46.752675],[23.577156,46.75268],[23.577123,46.752681],[23.57709,46.752678],[23.577059,46.75267],[23.577031,46.752661],[23.577007,46.752649],[23.576986,46.752634],[23.576969,46.752616],[23.576957,46.752597],[23.576952,46.752585]]},"properties":{"name":"","lines":"35, 43, 43B, 43P, 45, 46, 46L","arr":["35","43","43B","43P","45","46","46L"],"roundabout":1,"mode":"bus","color":"#0059a9"}},{"type":"Feature","geometry":{"type":"LineString","coordinates":[[23.576952,46.752585],[23.576946,46.752562],[23.576947,46.752538],[23.576954,46.752514],[23.576968,46.752492],[23.576987,46.752473],[23.577012,46.752455],[23.57704,46.752442]]},"properties":{"name":"","lines":"35, 43, 43B, 43P, 45, 46, 46L","arr":["35","43","43B","43P","45","46","46L"],"roundabout":1,"mode":"bus","color":"#0059a9"}},{"type":"Feature","geometry":{"type":"LineString","coordinates":[[23.57704,46.752442],[23.577057,46.752436],[23.577075,46.752431],[23.577093,46.752428]]},"properties":{"name":"","lines":"35, 43, 43B, 43P, 45, 46, 46L","arr":["35","43","43B","43P","45","46","46L"],"roundabout":1,"mode":"bus","color":"#0059a9"}},{"type":"Feature","geometry":{"type":"LineString","coordinates":[[23.577093,46.752428],[23.577142,46.752426],[23.577189,46.752432],[23.577233,46.752446],[23.57727,46.752467],[23.577297,46.752495]]},"properties":{"name":"","lines":"35, 43, 43B, 43P, 45","arr":["35","43","43B","43P","45"],"roundabout":1,"mode":"bus","color":"#0059a9"}},{"type":"Feature","geometry":{"type":"LineString","coordinates":[[23.577297,46.752495],[23.577303,46.752503]]},"properties":{"name":"","lines":"35, 43, 43B, 43P, 45, 46, 46L","arr":["35","43","43B","43P","45","46","46L"],"roundabout":1,"mode":"bus","color":"#0059a9"}},{"type":"Feature","geometry":{"type":"LineString","coordinates":[[23.627447,46.787805],[23.627426,46.787818],[23.627405,46.787825],[23.627382,46.787828],[23.627359,46.787827],[23.627336,46.787823],[23.627316,46.787816],[23.627299,46.787805],[23.627285,46.787792]]},"properties":{"name":"","lines":"36B, 36L, 52, 52L","arr":["36B","36L","52","52L"],"roundabout":1,"mode":"bus","color":"#0059a9"}},{"type":"Feature","geometry":{"type":"LineString","coordinates":[[23.627285,46.787792],[23.627277,46.787775],[23.627274,46.787758],[23.627278,46.787741],[23.627288,46.787726]]},"properties":{"name":"","lines":"36B","arr":["36B"],"roundabout":1,"mode":"bus","color":"#0059a9"}},{"type":"Feature","geometry":{"type":"LineString","coordinates":[[23.627288,46.787726],[23.627305,46.787711],[23.627326,46.7877],[23.627351,46.787694],[23.627378,46.787692],[23.62741,46.787697],[23.627438,46.787708]]},"properties":{"name":"","lines":"36B, 36L, 52, 52L","arr":["36B","36L","52","52L"],"roundabout":1,"mode":"bus","color":"#0059a9"}},{"type":"Feature","geometry":{"type":"LineString","coordinates":[[23.627438,46.787708],[23.627458,46.787725],[23.62747,46.787745],[23.627472,46.787766],[23.627464,46.787787],[23.627447,46.787805]]},"properties":{"name":"","lines":"36B","arr":["36B"],"roundabout":1,"mode":"bus","color":"#0059a9"}},{"type":"Feature","geometry":{"type":"LineString","coordinates":[[23.656433,46.791211],[23.656462,46.791196],[23.656519,46.791182],[23.65658,46.791181],[23.656637,46.791193],[23.656679,46.791213],[23.656711,46.791241],[23.656731,46.791273],[23.656736,46.791308],[23.656727,46.791344],[23.656703,46.791377],[23.656673,46.791399],[23.656637,46.791416],[23.656596,46.791426],[23.656553,46.79143],[23.65651,46.791426],[23.656469,46.791415],[23.656433,46.791399]]},"properties":{"name":"","lines":"36L, 52L, 57L","arr":["36L","52L","57L"],"roundabout":1,"mode":"bus","color":"#0059a9"}},{"type":"Feature","geometry":{"type":"LineString","coordinates":[[23.656433,46.791399],[23.656403,46.791376],[23.656383,46.791349],[23.656372,46.79132],[23.656372,46.791289],[23.656383,46.79126],[23.656403,46.791233],[23.656433,46.791211]]},"properties":{"name":"","lines":"36B, 36L, 52L, 57L","arr":["36B","36L","52L","57L"],"roundabout":1,"mode":"bus","color":"#0059a9"}},{"type":"Feature","geometry":{"type":"LineString","coordinates":[[23.582269,46.779683],[23.582294,46.779695],[23.582312,46.779711],[23.582324,46.77973]]},"properties":{"name":"","lines":"37, 38","arr":["37","38"],"roundabout":1,"mode":"bus","color":"#0059a9"}},{"type":"Feature","geometry":{"type":"LineString","coordinates":[[23.582324,46.77973],[23.582327,46.77975],[23.582322,46.77977],[23.582312,46.779785],[23.582297,46.779798],[23.582279,46.779809],[23.582257,46.779816],[23.582239,46.77982],[23.582213,46.77982]]},"properties":{"name":"","lines":"37, 38","arr":["37","38"],"roundabout":1,"mode":"bus","color":"#0059a9"}},{"type":"Feature","geometry":{"type":"LineString","coordinates":[[23.582122,46.779774],[23.582115,46.779754]]},"properties":{"name":"","lines":"37, 38","arr":["37","38"],"roundabout":1,"mode":"bus","color":"#0059a9"}},{"type":"Feature","geometry":{"type":"LineString","coordinates":[[23.582115,46.779754],[23.582116,46.779735],[23.582125,46.779717],[23.58214,46.779701],[23.582161,46.779688],[23.582185,46.779679],[23.582213,46.779675],[23.58224,46.779677]]},"properties":{"name":"","lines":"37","arr":["37"],"roundabout":1,"mode":"bus","color":"#0059a9"}},{"type":"Feature","geometry":{"type":"LineString","coordinates":[[23.58224,46.779677],[23.582269,46.779683]]},"properties":{"name":"","lines":"37, 38","arr":["37","38"],"roundabout":1,"mode":"bus","color":"#0059a9"}},{"type":"Feature","geometry":{"type":"LineString","coordinates":[[23.582213,46.77982],[23.582185,46.779816],[23.582159,46.779807],[23.582137,46.779793],[23.582122,46.779774]]},"properties":{"name":"","lines":"38","arr":["38"],"roundabout":1,"mode":"bus","color":"#0059a9"}},{"type":"Feature","geometry":{"type":"LineString","coordinates":[[23.591691,46.822985],[23.591651,46.823007],[23.591601,46.823015],[23.59155,46.823008]]},"properties":{"name":"DJ109A","lines":"39, 39 CREIC, 39L, M39, M39L","arr":["39","39 CREIC","39L","M39","M39L"],"roundabout":1,"mode":"bus","color":"#0059a9"}},{"type":"Feature","geometry":{"type":"LineString","coordinates":[[23.59155,46.823008],[23.591504,46.822984],[23.591479,46.822948]]},"properties":{"name":"DJ109A","lines":"39, 39 CREIC, 39L","arr":["39","39 CREIC","39L"],"roundabout":1,"mode":"bus","color":"#0059a9"}},{"type":"Feature","geometry":{"type":"LineString","coordinates":[[23.591479,46.822948],[23.591477,46.822931]]},"properties":{"name":"DJ109A","lines":"39, 39 CREIC, 39L, M38, M39, M39L","arr":["39","39 CREIC","39L","M38","M39","M39L"],"roundabout":1,"mode":"bus","color":"#0059a9"}},{"type":"Feature","geometry":{"type":"LineString","coordinates":[[23.591477,46.822931],[23.591486,46.8229],[23.591511,46.822874],[23.591548,46.822856],[23.591592,46.822849]]},"properties":{"name":"DJ109A","lines":"39, 39L, M38, M39, M39L","arr":["39","39L","M38","M39","M39L"],"roundabout":1,"mode":"bus","color":"#0059a9"}},{"type":"Feature","geometry":{"type":"LineString","coordinates":[[23.591592,46.822849],[23.591637,46.822853],[23.591656,46.822861],[23.591676,46.822869],[23.591705,46.822893]]},"properties":{"name":"DJ109A","lines":"39, 39 CREIC, 39L, M38, M39, M39L","arr":["39","39 CREIC","39L","M38","M39","M39L"],"roundabout":1,"mode":"bus","color":"#0059a9"}},{"type":"Feature","geometry":{"type":"LineString","coordinates":[[23.582627,46.820265],[23.582592,46.820279]]},"properties":{"name":"Strada Tiberiu Popoviciu","lines":"39, 39L","arr":["39","39L"],"roundabout":1,"mode":"bus","color":"#0059a9"}},{"type":"Feature","geometry":{"type":"LineString","coordinates":[[23.582592,46.820279],[23.582552,46.820284],[23.582512,46.820279],[23.582476,46.820267],[23.582448,46.820247],[23.582431,46.820221],[23.582427,46.820194],[23.582437,46.820166],[23.582458,46.820143],[23.58249,46.820125],[23.582529,46.820116],[23.58257,46.820116],[23.582608,46.820125],[23.58264,46.820142],[23.582663,46.820165]]},"properties":{"name":"Strada Tiberiu Popoviciu","lines":"39, 39 CREIC, 39L","arr":["39","39 CREIC","39L"],"roundabout":1,"mode":"bus","color":"#0059a9"}},{"type":"Feature","geometry":{"type":"LineString","coordinates":[[23.582663,46.820165],[23.582673,46.820191],[23.58267,46.820219],[23.582654,46.820244],[23.582627,46.820265]]},"properties":{"name":"Strada Tiberiu Popoviciu","lines":"39, 39L","arr":["39","39L"],"roundabout":1,"mode":"bus","color":"#0059a9"}},{"type":"Feature","geometry":{"type":"LineString","coordinates":[[23.591705,46.822893],[23.591718,46.822924],[23.591714,46.822956],[23.591691,46.822985]]},"properties":{"name":"DJ109A","lines":"39, 39L, M39","arr":["39","39L","M39"],"roundabout":1,"mode":"bus","color":"#0059a9"}},{"type":"Feature","geometry":{"type":"LineString","coordinates":[[23.544383,46.76111],[23.544356,46.761132],[23.544298,46.76116],[23.544226,46.761176],[23.544127,46.761178]]},"properties":{"name":"Bulevardul 1 Decembrie 1918","lines":"43, 43B","arr":["43","43B"],"roundabout":1,"mode":"bus","color":"#0059a9"}},{"type":"Feature","geometry":{"type":"LineString","coordinates":[[23.543984,46.760828],[23.544051,46.760803],[23.544123,46.760788],[23.5442,46.760782],[23.544285,46.760803]]},"properties":{"name":"Bulevardul 1 Decembrie 1918","lines":"43, 43B","arr":["43","43B"],"roundabout":1,"mode":"bus","color":"#0059a9"}},{"type":"Feature","geometry":{"type":"LineString","coordinates":[[23.575421,46.748315],[23.575369,46.748336],[23.575319,46.748346],[23.575278,46.748344],[23.575237,46.748338],[23.575199,46.748325],[23.575166,46.748307],[23.575139,46.748285],[23.57512,46.748258],[23.575113,46.748238],[23.575109,46.748217]]},"properties":{"name":"Strada Frunzișului","lines":"43, 43B, 43P","arr":["43","43B","43P"],"roundabout":1,"mode":"bus","color":"#0059a9"}},{"type":"Feature","geometry":{"type":"LineString","coordinates":[[23.575109,46.748217],[23.575116,46.74818],[23.575139,46.748145]]},"properties":{"name":"Strada Frunzișului","lines":"43, 43B, 43P","arr":["43","43B","43P"],"roundabout":1,"mode":"bus","color":"#0059a9"}},{"type":"Feature","geometry":{"type":"LineString","coordinates":[[23.575139,46.748145],[23.575183,46.748111],[23.575235,46.748091],[23.575292,46.748083],[23.575351,46.748088],[23.575398,46.748102],[23.575438,46.748124],[23.575469,46.748153],[23.575487,46.748186],[23.575491,46.748221],[23.575485,46.748246]]},"properties":{"name":"Strada Frunzișului","lines":"43, 43B, 43P","arr":["43","43B","43P"],"roundabout":1,"mode":"bus","color":"#0059a9"}},{"type":"Feature","geometry":{"type":"LineString","coordinates":[[23.575485,46.748246],[23.575461,46.748284],[23.575421,46.748315]]},"properties":{"name":"Strada Frunzișului","lines":"43, 43B, 43P","arr":["43","43B","43P"],"roundabout":1,"mode":"bus","color":"#0059a9"}},{"type":"Feature","geometry":{"type":"LineString","coordinates":[[23.583945,46.754466],[23.583925,46.754444],[23.583917,46.754417],[23.583921,46.75439],[23.583937,46.754366],[23.583962,46.754345],[23.583996,46.754331],[23.584034,46.754325]]},"properties":{"name":"","lines":"43, 43B, 43P, 46, 46B, 50L, 54N","arr":["43","43B","43P","46","46B","50L","54N"],"roundabout":1,"mode":"bus","color":"#0059a9"}},{"type":"Feature","geometry":{"type":"LineString","coordinates":[[23.577303,46.752503],[23.577315,46.752529],[23.577318,46.752555],[23.577314,46.752582],[23.577301,46.752607],[23.577281,46.75263],[23.577258,46.752647],[23.577232,46.752661],[23.577201,46.752672]]},"properties":{"name":"","lines":"43, 43B, 43P, 46","arr":["43","43B","43P","46"],"roundabout":1,"mode":"bus","color":"#0059a9"}},{"type":"Feature","geometry":{"type":"LineString","coordinates":[[23.56078,46.755493],[23.560761,46.755507],[23.560739,46.755517],[23.560714,46.755523]]},"properties":{"name":"Strada Izlazului","lines":"43, 43B, 43P","arr":["43","43B","43P"],"roundabout":1,"mode":"bus","color":"#0059a9"}},{"type":"Feature","geometry":{"type":"LineString","coordinates":[[23.560714,46.755523],[23.560686,46.755526],[23.560657,46.755524],[23.56063,46.755516],[23.560607,46.755505],[23.560588,46.75549]]},"properties":{"name":"Strada Izlazului","lines":"43, 43B, 43P","arr":["43","43B","43P"],"roundabout":1,"mode":"bus","color":"#0059a9"}},{"type":"Feature","geometry":{"type":"LineString","coordinates":[[23.560588,46.75549],[23.560573,46.755469],[23.560567,46.755446],[23.560572,46.755423],[23.560586,46.755402],[23.560608,46.755384]]},"properties":{"name":"Strada Izlazului","lines":"43, 43B","arr":["43","43B"],"roundabout":1,"mode":"bus","color":"#0059a9"}},{"type":"Feature","geometry":{"type":"LineString","coordinates":[[23.623845,46.772297],[23.623782,46.772298],[23.623724,46.772281],[23.62368,46.77225],[23.623657,46.772209]]},"properties":{"name":"","lines":"44, 45, 57L","arr":["44","45","57L"],"roundabout":1,"mode":"bus","color":"#0059a9"}},{"type":"Feature","geometry":{"type":"LineString","coordinates":[[23.592767,46.747013],[23.592784,46.746988],[23.592809,46.746967],[23.592841,46.74695],[23.592877,46.74694],[23.592917,46.746936],[23.592957,46.746939],[23.592994,46.746948],[23.593027,46.746964]]},"properties":{"name":"","lines":"45, M18","arr":["45","M18"],"roundabout":1,"mode":"bus","color":"#0059a9"}},{"type":"Feature","geometry":{"type":"LineString","coordinates":[[23.623901,46.772107],[23.623943,46.772139],[23.623964,46.772179],[23.62396,46.772221],[23.623932,46.772259]]},"properties":{"name":"","lines":"45, 57L","arr":["45","57L"],"roundabout":1,"mode":"bus","color":"#0059a9"}},{"type":"Feature","geometry":{"type":"LineString","coordinates":[[23.640438,46.78212],[23.640417,46.782087]]},"properties":{"name":"","lines":"47, 57L","arr":["47","57L"],"roundabout":1,"mode":"bus","color":"#0059a9"}},{"type":"Feature","geometry":{"type":"LineString","coordinates":[[23.619902,46.780309],[23.619898,46.780292],[23.619902,46.780276],[23.619911,46.780261],[23.619926,46.780249],[23.619946,46.78024],[23.619968,46.780235],[23.619992,46.780234],[23.620015,46.780238],[23.620038,46.780247],[23.620055,46.780261],[23.620066,46.780277],[23.620069,46.780296],[23.620064,46.780311],[23.620053,46.780326],[23.620037,46.780338],[23.620017,46.780346],[23.619994,46.78035],[23.61997,46.78035],[23.619947,46.780345],[23.619927,46.780336],[23.619912,46.780324],[23.619902,46.780309]]},"properties":{"name":"Strada Dâmboviței","lines":"53","arr":["53"],"roundabout":1,"mode":"bus","color":"#0059a9"}},{"type":"Feature","geometry":{"type":"LineString","coordinates":[[23.550613,46.765684],[23.550607,46.765661],[23.550611,46.765637],[23.550625,46.765615],[23.550648,46.765597],[23.550677,46.765585]]},"properties":{"name":"","lines":"54N","arr":["54N"],"roundabout":1,"mode":"bus","color":"#0059a9"}},{"type":"Feature","geometry":{"type":"LineString","coordinates":[[23.550801,46.765716],[23.550773,46.765729],[23.550741,46.765736],[23.550708,46.765736],[23.550676,46.76573],[23.550648,46.765718]]},"properties":{"name":"","lines":"54N","arr":["54N"],"roundabout":1,"mode":"bus","color":"#0059a9"}},{"type":"Feature","geometry":{"type":"LineString","coordinates":[[23.6163,46.720651],[23.616324,46.720623],[23.616334,46.720618],[23.61636,46.720608],[23.616414,46.720593]]},"properties":{"name":"DN1","lines":"M11","arr":["M11"],"roundabout":1,"mode":"bus","color":"#0059a9"}},{"type":"Feature","geometry":{"type":"LineString","coordinates":[[23.6163,46.720651],[23.616324,46.720623],[23.616334,46.720618],[23.61636,46.720608],[23.616414,46.720593]]},"properties":{"name":"DN1","lines":"M12","arr":["M12"],"roundabout":1,"mode":"bus","color":"#0059a9"}},{"type":"Feature","geometry":{"type":"LineString","coordinates":[[23.616414,46.720593],[23.616459,46.720594],[23.616501,46.720605],[23.616536,46.720624]]},"properties":{"name":"DN1","lines":"M11","arr":["M11"],"roundabout":1,"mode":"bus","color":"#0059a9"}},{"type":"Feature","geometry":{"type":"LineString","coordinates":[[23.616536,46.720624],[23.616557,46.720646],[23.61657,46.72067],[23.616572,46.720696]]},"properties":{"name":"DN1","lines":"M11","arr":["M11"],"roundabout":1,"mode":"bus","color":"#0059a9"}},{"type":"Feature","geometry":{"type":"LineString","coordinates":[[23.616572,46.720696],[23.616565,46.720721]]},"properties":{"name":"DN1","lines":"M11","arr":["M11"],"roundabout":1,"mode":"bus","color":"#0059a9"}},{"type":"Feature","geometry":{"type":"LineString","coordinates":[[23.616572,46.720696],[23.616565,46.720721]]},"properties":{"name":"DN1","lines":"M12","arr":["M12"],"roundabout":1,"mode":"bus","color":"#0059a9"}},{"type":"Feature","geometry":{"type":"LineString","coordinates":[[23.616565,46.720721],[23.616546,46.720747],[23.616517,46.720767]]},"properties":{"name":"DN1","lines":"M11","arr":["M11"],"roundabout":1,"mode":"bus","color":"#0059a9"}},{"type":"Feature","geometry":{"type":"LineString","coordinates":[[23.616565,46.720721],[23.616546,46.720747],[23.616517,46.720767]]},"properties":{"name":"DN1","lines":"M12","arr":["M12"],"roundabout":1,"mode":"bus","color":"#0059a9"}},{"type":"Feature","geometry":{"type":"LineString","coordinates":[[23.616517,46.720767],[23.616474,46.720782],[23.616427,46.720787],[23.61638,46.720781]]},"properties":{"name":"DN1","lines":"M11","arr":["M11"],"roundabout":1,"mode":"bus","color":"#0059a9"}},{"type":"Feature","geometry":{"type":"LineString","coordinates":[[23.616517,46.720767],[23.616474,46.720782],[23.616427,46.720787],[23.61638,46.720781]]},"properties":{"name":"DN1","lines":"M12","arr":["M12"],"roundabout":1,"mode":"bus","color":"#0059a9"}},{"type":"Feature","geometry":{"type":"LineString","coordinates":[[23.61638,46.720781],[23.616332,46.72076],[23.616299,46.720727],[23.616288,46.720689],[23.6163,46.720651]]},"properties":{"name":"DN1","lines":"M12","arr":["M12"],"roundabout":1,"mode":"bus","color":"#0059a9"}},{"type":"Feature","geometry":{"type":"LineString","coordinates":[[23.654174,46.728432],[23.654115,46.728399],[23.65404,46.728327]]},"properties":{"name":"DJ103G","lines":"M61","arr":["M61"],"roundabout":1,"mode":"bus","color":"#0059a9"}},{"type":"Feature","geometry":{"type":"LineString","coordinates":[[23.65404,46.728327],[23.654054,46.728233],[23.654105,46.728139],[23.654151,46.728104],[23.654214,46.728072],[23.654339,46.728064],[23.654535,46.728061]]},"properties":{"name":"DJ103G","lines":"M13","arr":["M13"],"roundabout":1,"mode":"bus","color":"#0059a9"}},{"type":"Feature","geometry":{"type":"LineString","coordinates":[[23.65404,46.728327],[23.654054,46.728233],[23.654105,46.728139],[23.654151,46.728104],[23.654214,46.728072],[23.654339,46.728064],[23.654535,46.728061]]},"properties":{"name":"DJ103G","lines":"M61","arr":["M61"],"roundabout":1,"mode":"bus","color":"#0059a9"}},{"type":"Feature","geometry":{"type":"LineString","coordinates":[[23.654535,46.728061],[23.654991,46.728053]]},"properties":{"name":"DJ103G","lines":"M61","arr":["M61"],"roundabout":1,"mode":"bus","color":"#0059a9"}},{"type":"Feature","geometry":{"type":"LineString","coordinates":[[23.654991,46.728053],[23.65525,46.728052],[23.655333,46.728073],[23.655384,46.728097],[23.655437,46.728132],[23.655464,46.728175],[23.655478,46.728271],[23.655442,46.728315],[23.655387,46.728355],[23.655316,46.72839],[23.655217,46.728417],[23.654174,46.728432]]},"properties":{"name":"DJ103G","lines":"M13","arr":["M13"],"roundabout":1,"mode":"bus","color":"#0059a9"}},{"type":"Feature","geometry":{"type":"LineString","coordinates":[[23.654991,46.728053],[23.65525,46.728052],[23.655333,46.728073],[23.655384,46.728097],[23.655437,46.728132],[23.655464,46.728175],[23.655478,46.728271],[23.655442,46.728315],[23.655387,46.728355],[23.655316,46.72839],[23.655217,46.728417],[23.654174,46.728432]]},"properties":{"name":"DJ103G","lines":"M61","arr":["M61"],"roundabout":1,"mode":"bus","color":"#0059a9"}},{"type":"Feature","geometry":{"type":"LineString","coordinates":[[23.591347,46.738268],[23.591304,46.738291],[23.591251,46.738302],[23.591197,46.738299],[23.591147,46.738284],[23.591109,46.738257]]},"properties":{"name":"Calea Turzii","lines":"M18","arr":["M18"],"roundabout":1,"mode":"bus","color":"#0059a9"}},{"type":"Feature","geometry":{"type":"LineString","coordinates":[[23.517835,46.750689],[23.517795,46.750688],[23.517757,46.750679],[23.517723,46.750664]]},"properties":{"name":"Strada Avram Iancu","lines":"M21","arr":["M21"],"roundabout":1,"mode":"bus","color":"#0059a9"}},{"type":"Feature","geometry":{"type":"LineString","coordinates":[[23.517835,46.750689],[23.517795,46.750688],[23.517757,46.750679],[23.517723,46.750664]]},"properties":{"name":"Strada Avram Iancu","lines":"M22","arr":["M22"],"roundabout":1,"mode":"bus","color":"#0059a9"}},{"type":"Feature","geometry":{"type":"LineString","coordinates":[[23.517835,46.750689],[23.517795,46.750688],[23.517757,46.750679],[23.517723,46.750664]]},"properties":{"name":"Strada Avram Iancu","lines":"M24","arr":["M24"],"roundabout":1,"mode":"bus","color":"#0059a9"}},{"type":"Feature","geometry":{"type":"LineString","coordinates":[[23.517835,46.750689],[23.517795,46.750688],[23.517757,46.750679],[23.517723,46.750664]]},"properties":{"name":"Strada Avram Iancu","lines":"M25","arr":["M25"],"roundabout":1,"mode":"bus","color":"#0059a9"}},{"type":"Feature","geometry":{"type":"LineString","coordinates":[[23.517835,46.750689],[23.517795,46.750688],[23.517757,46.750679],[23.517723,46.750664]]},"properties":{"name":"Strada Avram Iancu","lines":"M27","arr":["M27"],"roundabout":1,"mode":"bus","color":"#0059a9"}},{"type":"Feature","geometry":{"type":"LineString","coordinates":[[23.517835,46.750689],[23.517795,46.750688],[23.517757,46.750679],[23.517723,46.750664]]},"properties":{"name":"Strada Avram Iancu","lines":"M51","arr":["M51"],"roundabout":1,"mode":"bus","color":"#0059a9"}},{"type":"Feature","geometry":{"type":"LineString","coordinates":[[23.517835,46.750689],[23.517795,46.750688],[23.517757,46.750679],[23.517723,46.750664]]},"properties":{"name":"Strada Avram Iancu","lines":"M52","arr":["M52"],"roundabout":1,"mode":"bus","color":"#0059a9"}},{"type":"Feature","geometry":{"type":"LineString","coordinates":[[23.517835,46.750689],[23.517795,46.750688],[23.517757,46.750679],[23.517723,46.750664]]},"properties":{"name":"Strada Avram Iancu","lines":"M81","arr":["M81"],"roundabout":1,"mode":"bus","color":"#0059a9"}},{"type":"Feature","geometry":{"type":"LineString","coordinates":[[23.517692,46.750534],[23.517723,46.750508],[23.517764,46.750491]]},"properties":{"name":"Strada Avram Iancu","lines":"M21","arr":["M21"],"roundabout":1,"mode":"bus","color":"#0059a9"}},{"type":"Feature","geometry":{"type":"LineString","coordinates":[[23.517692,46.750534],[23.517723,46.750508],[23.517764,46.750491]]},"properties":{"name":"Strada Avram Iancu","lines":"M23","arr":["M23"],"roundabout":1,"mode":"bus","color":"#0059a9"}},{"type":"Feature","geometry":{"type":"LineString","coordinates":[[23.517692,46.750534],[23.517723,46.750508],[23.517764,46.750491]]},"properties":{"name":"Strada Avram Iancu","lines":"M24","arr":["M24"],"roundabout":1,"mode":"bus","color":"#0059a9"}},{"type":"Feature","geometry":{"type":"LineString","coordinates":[[23.517692,46.750534],[23.517723,46.750508],[23.517764,46.750491]]},"properties":{"name":"Strada Avram Iancu","lines":"M26","arr":["M26"],"roundabout":1,"mode":"bus","color":"#0059a9"}},{"type":"Feature","geometry":{"type":"LineString","coordinates":[[23.517692,46.750534],[23.517723,46.750508],[23.517764,46.750491]]},"properties":{"name":"Strada Avram Iancu","lines":"M27","arr":["M27"],"roundabout":1,"mode":"bus","color":"#0059a9"}},{"type":"Feature","geometry":{"type":"LineString","coordinates":[[23.517692,46.750534],[23.517723,46.750508],[23.517764,46.750491]]},"properties":{"name":"Strada Avram Iancu","lines":"M51","arr":["M51"],"roundabout":1,"mode":"bus","color":"#0059a9"}},{"type":"Feature","geometry":{"type":"LineString","coordinates":[[23.517692,46.750534],[23.517723,46.750508],[23.517764,46.750491]]},"properties":{"name":"Strada Avram Iancu","lines":"M81","arr":["M81"],"roundabout":1,"mode":"bus","color":"#0059a9"}},{"type":"Feature","geometry":{"type":"LineString","coordinates":[[23.517764,46.750491],[23.517809,46.750483],[23.517856,46.750486]]},"properties":{"name":"Strada Avram Iancu","lines":"M21","arr":["M21"],"roundabout":1,"mode":"bus","color":"#0059a9"}},{"type":"Feature","geometry":{"type":"LineString","coordinates":[[23.517764,46.750491],[23.517809,46.750483],[23.517856,46.750486]]},"properties":{"name":"Strada Avram Iancu","lines":"M23","arr":["M23"],"roundabout":1,"mode":"bus","color":"#0059a9"}},{"type":"Feature","geometry":{"type":"LineString","coordinates":[[23.517764,46.750491],[23.517809,46.750483],[23.517856,46.750486]]},"properties":{"name":"Strada Avram Iancu","lines":"M24","arr":["M24"],"roundabout":1,"mode":"bus","color":"#0059a9"}},{"type":"Feature","geometry":{"type":"LineString","coordinates":[[23.517764,46.750491],[23.517809,46.750483],[23.517856,46.750486]]},"properties":{"name":"Strada Avram Iancu","lines":"M26","arr":["M26"],"roundabout":1,"mode":"bus","color":"#0059a9"}},{"type":"Feature","geometry":{"type":"LineString","coordinates":[[23.517764,46.750491],[23.517809,46.750483],[23.517856,46.750486]]},"properties":{"name":"Strada Avram Iancu","lines":"M27","arr":["M27"],"roundabout":1,"mode":"bus","color":"#0059a9"}},{"type":"Feature","geometry":{"type":"LineString","coordinates":[[23.517764,46.750491],[23.517809,46.750483],[23.517856,46.750486]]},"properties":{"name":"Strada Avram Iancu","lines":"M51","arr":["M51"],"roundabout":1,"mode":"bus","color":"#0059a9"}},{"type":"Feature","geometry":{"type":"LineString","coordinates":[[23.517764,46.750491],[23.517809,46.750483],[23.517856,46.750486]]},"properties":{"name":"Strada Avram Iancu","lines":"M81","arr":["M81"],"roundabout":1,"mode":"bus","color":"#0059a9"}},{"type":"Feature","geometry":{"type":"LineString","coordinates":[[23.517856,46.750486],[23.517892,46.750495],[23.517924,46.75051],[23.517948,46.75053],[23.517965,46.750554]]},"properties":{"name":"Strada Avram Iancu","lines":"M21","arr":["M21"],"roundabout":1,"mode":"bus","color":"#0059a9"}},{"type":"Feature","geometry":{"type":"LineString","coordinates":[[23.517856,46.750486],[23.517892,46.750495],[23.517924,46.75051],[23.517948,46.75053],[23.517965,46.750554]]},"properties":{"name":"Strada Avram Iancu","lines":"M23","arr":["M23"],"roundabout":1,"mode":"bus","color":"#0059a9"}},{"type":"Feature","geometry":{"type":"LineString","coordinates":[[23.517856,46.750486],[23.517892,46.750495],[23.517924,46.75051],[23.517948,46.75053],[23.517965,46.750554]]},"properties":{"name":"Strada Avram Iancu","lines":"M24","arr":["M24"],"roundabout":1,"mode":"bus","color":"#0059a9"}},{"type":"Feature","geometry":{"type":"LineString","coordinates":[[23.517856,46.750486],[23.517892,46.750495],[23.517924,46.75051],[23.517948,46.75053],[23.517965,46.750554]]},"properties":{"name":"Strada Avram Iancu","lines":"M26","arr":["M26"],"roundabout":1,"mode":"bus","color":"#0059a9"}},{"type":"Feature","geometry":{"type":"LineString","coordinates":[[23.517856,46.750486],[23.517892,46.750495],[23.517924,46.75051],[23.517948,46.75053],[23.517965,46.750554]]},"properties":{"name":"Strada Avram Iancu","lines":"M27","arr":["M27"],"roundabout":1,"mode":"bus","color":"#0059a9"}},{"type":"Feature","geometry":{"type":"LineString","coordinates":[[23.517856,46.750486],[23.517892,46.750495],[23.517924,46.75051],[23.517948,46.75053],[23.517965,46.750554]]},"properties":{"name":"Strada Avram Iancu","lines":"M51","arr":["M51"],"roundabout":1,"mode":"bus","color":"#0059a9"}},{"type":"Feature","geometry":{"type":"LineString","coordinates":[[23.517965,46.750554],[23.517973,46.75059]]},"properties":{"name":"Strada Avram Iancu","lines":"M21","arr":["M21"],"roundabout":1,"mode":"bus","color":"#0059a9"}},{"type":"Feature","geometry":{"type":"LineString","coordinates":[[23.517965,46.750554],[23.517973,46.75059]]},"properties":{"name":"Strada Avram Iancu","lines":"M23","arr":["M23"],"roundabout":1,"mode":"bus","color":"#0059a9"}},{"type":"Feature","geometry":{"type":"LineString","coordinates":[[23.517965,46.750554],[23.517973,46.75059]]},"properties":{"name":"Strada Avram Iancu","lines":"M24","arr":["M24"],"roundabout":1,"mode":"bus","color":"#0059a9"}},{"type":"Feature","geometry":{"type":"LineString","coordinates":[[23.517965,46.750554],[23.517973,46.75059]]},"properties":{"name":"Strada Avram Iancu","lines":"M26","arr":["M26"],"roundabout":1,"mode":"bus","color":"#0059a9"}},{"type":"Feature","geometry":{"type":"LineString","coordinates":[[23.517965,46.750554],[23.517973,46.75059]]},"properties":{"name":"Strada Avram Iancu","lines":"M27","arr":["M27"],"roundabout":1,"mode":"bus","color":"#0059a9"}},{"type":"Feature","geometry":{"type":"LineString","coordinates":[[23.517965,46.750554],[23.517973,46.75059]]},"properties":{"name":"Strada Avram Iancu","lines":"M51","arr":["M51"],"roundabout":1,"mode":"bus","color":"#0059a9"}},{"type":"Feature","geometry":{"type":"LineString","coordinates":[[23.517965,46.750554],[23.517973,46.75059]]},"properties":{"name":"Strada Avram Iancu","lines":"M81","arr":["M81"],"roundabout":1,"mode":"bus","color":"#0059a9"}},{"type":"Feature","geometry":{"type":"LineString","coordinates":[[23.484765,46.744331],[23.484728,46.744358],[23.484681,46.744377]]},"properties":{"name":"Strada Avram Iancu","lines":"M22","arr":["M22"],"roundabout":1,"mode":"bus","color":"#0059a9"}},{"type":"Feature","geometry":{"type":"LineString","coordinates":[[23.484765,46.744331],[23.484728,46.744358],[23.484681,46.744377]]},"properties":{"name":"Strada Avram Iancu","lines":"M51","arr":["M51"],"roundabout":1,"mode":"bus","color":"#0059a9"}},{"type":"Feature","geometry":{"type":"LineString","coordinates":[[23.484765,46.744331],[23.484728,46.744358],[23.484681,46.744377]]},"properties":{"name":"Strada Avram Iancu","lines":"M52","arr":["M52"],"roundabout":1,"mode":"bus","color":"#0059a9"}},{"type":"Feature","geometry":{"type":"LineString","coordinates":[[23.484765,46.744331],[23.484728,46.744358],[23.484681,46.744377]]},"properties":{"name":"Strada Avram Iancu","lines":"M81","arr":["M81"],"roundabout":1,"mode":"bus","color":"#0059a9"}},{"type":"Feature","geometry":{"type":"LineString","coordinates":[[23.484681,46.744377],[23.484624,46.744386],[23.484567,46.744382]]},"properties":{"name":"Strada Avram Iancu","lines":"M22","arr":["M22"],"roundabout":1,"mode":"bus","color":"#0059a9"}},{"type":"Feature","geometry":{"type":"LineString","coordinates":[[23.484681,46.744377],[23.484624,46.744386],[23.484567,46.744382]]},"properties":{"name":"Strada Avram Iancu","lines":"M24","arr":["M24"],"roundabout":1,"mode":"bus","color":"#0059a9"}},{"type":"Feature","geometry":{"type":"LineString","coordinates":[[23.484681,46.744377],[23.484624,46.744386],[23.484567,46.744382]]},"properties":{"name":"Strada Avram Iancu","lines":"M51","arr":["M51"],"roundabout":1,"mode":"bus","color":"#0059a9"}},{"type":"Feature","geometry":{"type":"LineString","coordinates":[[23.484681,46.744377],[23.484624,46.744386],[23.484567,46.744382]]},"properties":{"name":"Strada Avram Iancu","lines":"M52","arr":["M52"],"roundabout":1,"mode":"bus","color":"#0059a9"}},{"type":"Feature","geometry":{"type":"LineString","coordinates":[[23.484681,46.744377],[23.484624,46.744386],[23.484567,46.744382]]},"properties":{"name":"Strada Avram Iancu","lines":"M81","arr":["M81"],"roundabout":1,"mode":"bus","color":"#0059a9"}},{"type":"Feature","geometry":{"type":"LineString","coordinates":[[23.48443,46.744218],[23.48444,46.7442],[23.484464,46.744175],[23.484495,46.744154],[23.484532,46.744139],[23.484573,46.744129]]},"properties":{"name":"Strada Avram Iancu","lines":"M23","arr":["M23"],"roundabout":1,"mode":"bus","color":"#0059a9"}},{"type":"Feature","geometry":{"type":"LineString","coordinates":[[23.48443,46.744218],[23.48444,46.7442],[23.484464,46.744175],[23.484495,46.744154],[23.484532,46.744139],[23.484573,46.744129]]},"properties":{"name":"Strada Avram Iancu","lines":"M24","arr":["M24"],"roundabout":1,"mode":"bus","color":"#0059a9"}},{"type":"Feature","geometry":{"type":"LineString","coordinates":[[23.48443,46.744218],[23.48444,46.7442],[23.484464,46.744175],[23.484495,46.744154],[23.484532,46.744139],[23.484573,46.744129]]},"properties":{"name":"Strada Avram Iancu","lines":"M51","arr":["M51"],"roundabout":1,"mode":"bus","color":"#0059a9"}},{"type":"Feature","geometry":{"type":"LineString","coordinates":[[23.48443,46.744218],[23.48444,46.7442],[23.484464,46.744175],[23.484495,46.744154],[23.484532,46.744139],[23.484573,46.744129]]},"properties":{"name":"Strada Avram Iancu","lines":"M81","arr":["M81"],"roundabout":1,"mode":"bus","color":"#0059a9"}},{"type":"Feature","geometry":{"type":"LineString","coordinates":[[23.484573,46.744129],[23.484616,46.744127],[23.484659,46.744131],[23.4847,46.744142],[23.484736,46.744159],[23.484765,46.744181]]},"properties":{"name":"Strada Avram Iancu","lines":"M23","arr":["M23"],"roundabout":1,"mode":"bus","color":"#0059a9"}},{"type":"Feature","geometry":{"type":"LineString","coordinates":[[23.484573,46.744129],[23.484616,46.744127],[23.484659,46.744131],[23.4847,46.744142],[23.484736,46.744159],[23.484765,46.744181]]},"properties":{"name":"Strada Avram Iancu","lines":"M24","arr":["M24"],"roundabout":1,"mode":"bus","color":"#0059a9"}},{"type":"Feature","geometry":{"type":"LineString","coordinates":[[23.484573,46.744129],[23.484616,46.744127],[23.484659,46.744131],[23.4847,46.744142],[23.484736,46.744159],[23.484765,46.744181]]},"properties":{"name":"Strada Avram Iancu","lines":"M26","arr":["M26"],"roundabout":1,"mode":"bus","color":"#0059a9"}},{"type":"Feature","geometry":{"type":"LineString","coordinates":[[23.484573,46.744129],[23.484616,46.744127],[23.484659,46.744131],[23.4847,46.744142],[23.484736,46.744159],[23.484765,46.744181]]},"properties":{"name":"Strada Avram Iancu","lines":"M51","arr":["M51"],"roundabout":1,"mode":"bus","color":"#0059a9"}},{"type":"Feature","geometry":{"type":"LineString","coordinates":[[23.484573,46.744129],[23.484616,46.744127],[23.484659,46.744131],[23.4847,46.744142],[23.484736,46.744159],[23.484765,46.744181]]},"properties":{"name":"Strada Avram Iancu","lines":"M81","arr":["M81"],"roundabout":1,"mode":"bus","color":"#0059a9"}},{"type":"Feature","geometry":{"type":"LineString","coordinates":[[23.517723,46.750664],[23.517691,46.750637],[23.517673,46.750603],[23.517674,46.750567],[23.517692,46.750534]]},"properties":{"name":"Strada Avram Iancu","lines":"M27","arr":["M27"],"roundabout":1,"mode":"bus","color":"#0059a9"}},{"type":"Feature","geometry":{"type":"LineString","coordinates":[[23.704379,46.782037],[23.704409,46.782091],[23.704413,46.782149],[23.70439,46.782206]]},"properties":{"name":"DN1C","lines":"M41","arr":["M41"],"roundabout":1,"mode":"bus","color":"#0059a9"}},{"type":"Feature","geometry":{"type":"LineString","coordinates":[[23.704379,46.782037],[23.704409,46.782091],[23.704413,46.782149],[23.70439,46.782206]]},"properties":{"name":"DN1C","lines":"M42L","arr":["M42L"],"roundabout":1,"mode":"bus","color":"#0059a9"}},{"type":"Feature","geometry":{"type":"LineString","coordinates":[[23.704379,46.782037],[23.704409,46.782091],[23.704413,46.782149],[23.70439,46.782206]]},"properties":{"name":"DN1C","lines":"M44","arr":["M44"],"roundabout":1,"mode":"bus","color":"#0059a9"}},{"type":"Feature","geometry":{"type":"LineString","coordinates":[[23.70439,46.782206],[23.704377,46.782223],[23.704348,46.782251],[23.704312,46.782275],[23.704253,46.7823],[23.704187,46.782314],[23.704118,46.782316],[23.704048,46.782305],[23.703984,46.782282],[23.703928,46.782246]]},"properties":{"name":"DN1C","lines":"M41","arr":["M41"],"roundabout":1,"mode":"bus","color":"#0059a9"}},{"type":"Feature","geometry":{"type":"LineString","coordinates":[[23.70439,46.782206],[23.704377,46.782223],[23.704348,46.782251],[23.704312,46.782275],[23.704253,46.7823],[23.704187,46.782314],[23.704118,46.782316],[23.704048,46.782305],[23.703984,46.782282],[23.703928,46.782246]]},"properties":{"name":"DN1C","lines":"M42","arr":["M42"],"roundabout":1,"mode":"bus","color":"#0059a9"}},{"type":"Feature","geometry":{"type":"LineString","coordinates":[[23.70439,46.782206],[23.704377,46.782223],[23.704348,46.782251],[23.704312,46.782275],[23.704253,46.7823],[23.704187,46.782314],[23.704118,46.782316],[23.704048,46.782305],[23.703984,46.782282],[23.703928,46.782246]]},"properties":{"name":"DN1C","lines":"M42L","arr":["M42L"],"roundabout":1,"mode":"bus","color":"#0059a9"}},{"type":"Feature","geometry":{"type":"LineString","coordinates":[[23.70439,46.782206],[23.704377,46.782223],[23.704348,46.782251],[23.704312,46.782275],[23.704253,46.7823],[23.704187,46.782314],[23.704118,46.782316],[23.704048,46.782305],[23.703984,46.782282],[23.703928,46.782246]]},"properties":{"name":"DN1C","lines":"M44","arr":["M44"],"roundabout":1,"mode":"bus","color":"#0059a9"}},{"type":"Feature","geometry":{"type":"LineString","coordinates":[[23.703928,46.782246],[23.70388,46.782183],[23.703869,46.782112],[23.703898,46.782043],[23.703958,46.781991],[23.70404,46.781955],[23.704136,46.781942],[23.704232,46.781953],[23.704316,46.781986],[23.704379,46.782037]]},"properties":{"name":"DN1C","lines":"M41","arr":["M41"],"roundabout":1,"mode":"bus","color":"#0059a9"}},{"type":"Feature","geometry":{"type":"LineString","coordinates":[[23.703928,46.782246],[23.70388,46.782183],[23.703869,46.782112],[23.703898,46.782043],[23.703958,46.781991],[23.70404,46.781955],[23.704136,46.781942],[23.704232,46.781953],[23.704316,46.781986],[23.704379,46.782037]]},"properties":{"name":"DN1C","lines":"M42L","arr":["M42L"],"roundabout":1,"mode":"bus","color":"#0059a9"}},{"type":"Feature","geometry":{"type":"LineString","coordinates":[[23.703928,46.782246],[23.70388,46.782183],[23.703869,46.782112],[23.703898,46.782043],[23.703958,46.781991],[23.70404,46.781955],[23.704136,46.781942],[23.704232,46.781953],[23.704316,46.781986],[23.704379,46.782037]]},"properties":{"name":"DN1C","lines":"M44","arr":["M44"],"roundabout":1,"mode":"bus","color":"#0059a9"}},{"type":"Feature","geometry":{"type":"LineString","coordinates":[[23.713837,46.783467],[23.713899,46.783463],[23.713958,46.783474],[23.714009,46.783498]]},"properties":{"name":"DN1C","lines":"M41","arr":["M41"],"roundabout":1,"mode":"bus","color":"#0059a9"}},{"type":"Feature","geometry":{"type":"LineString","coordinates":[[23.713837,46.783467],[23.713899,46.783463],[23.713958,46.783474],[23.714009,46.783498]]},"properties":{"name":"DN1C","lines":"M41L","arr":["M41L"],"roundabout":1,"mode":"bus","color":"#0059a9"}},{"type":"Feature","geometry":{"type":"LineString","coordinates":[[23.713837,46.783467],[23.713899,46.783463],[23.713958,46.783474],[23.714009,46.783498]]},"properties":{"name":"DN1C","lines":"M42L","arr":["M42L"],"roundabout":1,"mode":"bus","color":"#0059a9"}},{"type":"Feature","geometry":{"type":"LineString","coordinates":[[23.713837,46.783467],[23.713899,46.783463],[23.713958,46.783474],[23.714009,46.783498]]},"properties":{"name":"DN1C","lines":"M44","arr":["M44"],"roundabout":1,"mode":"bus","color":"#0059a9"}},{"type":"Feature","geometry":{"type":"LineString","coordinates":[[23.714009,46.783498],[23.714045,46.783532],[23.714057,46.783556]]},"properties":{"name":"DN1C","lines":"M41","arr":["M41"],"roundabout":1,"mode":"bus","color":"#0059a9"}},{"type":"Feature","geometry":{"type":"LineString","coordinates":[[23.714009,46.783498],[23.714045,46.783532],[23.714057,46.783556]]},"properties":{"name":"DN1C","lines":"M41L","arr":["M41L"],"roundabout":1,"mode":"bus","color":"#0059a9"}},{"type":"Feature","geometry":{"type":"LineString","coordinates":[[23.714009,46.783498],[23.714045,46.783532],[23.714057,46.783556]]},"properties":{"name":"DN1C","lines":"M42","arr":["M42"],"roundabout":1,"mode":"bus","color":"#0059a9"}},{"type":"Feature","geometry":{"type":"LineString","coordinates":[[23.714009,46.783498],[23.714045,46.783532],[23.714057,46.783556]]},"properties":{"name":"DN1C","lines":"M42L","arr":["M42L"],"roundabout":1,"mode":"bus","color":"#0059a9"}},{"type":"Feature","geometry":{"type":"LineString","coordinates":[[23.714009,46.783498],[23.714045,46.783532],[23.714057,46.783556]]},"properties":{"name":"DN1C","lines":"M44","arr":["M44"],"roundabout":1,"mode":"bus","color":"#0059a9"}},{"type":"Feature","geometry":{"type":"LineString","coordinates":[[23.714057,46.783556],[23.714061,46.783598],[23.714044,46.783639],[23.714007,46.783673]]},"properties":{"name":"DN1C","lines":"M41","arr":["M41"],"roundabout":1,"mode":"bus","color":"#0059a9"}},{"type":"Feature","geometry":{"type":"LineString","coordinates":[[23.714057,46.783556],[23.714061,46.783598],[23.714044,46.783639],[23.714007,46.783673]]},"properties":{"name":"DN1C","lines":"M42L","arr":["M42L"],"roundabout":1,"mode":"bus","color":"#0059a9"}},{"type":"Feature","geometry":{"type":"LineString","coordinates":[[23.714007,46.783673],[23.713948,46.783699],[23.713887,46.783707],[23.713826,46.7837],[23.713772,46.78368],[23.713731,46.783648],[23.713716,46.783631]]},"properties":{"name":"DN1C","lines":"M41","arr":["M41"],"roundabout":1,"mode":"bus","color":"#0059a9"}},{"type":"Feature","geometry":{"type":"LineString","coordinates":[[23.714007,46.783673],[23.713948,46.783699],[23.713887,46.783707],[23.713826,46.7837],[23.713772,46.78368],[23.713731,46.783648],[23.713716,46.783631]]},"properties":{"name":"DN1C","lines":"M42","arr":["M42"],"roundabout":1,"mode":"bus","color":"#0059a9"}},{"type":"Feature","geometry":{"type":"LineString","coordinates":[[23.714007,46.783673],[23.713948,46.783699],[23.713887,46.783707],[23.713826,46.7837],[23.713772,46.78368],[23.713731,46.783648],[23.713716,46.783631]]},"properties":{"name":"DN1C","lines":"M42L","arr":["M42L"],"roundabout":1,"mode":"bus","color":"#0059a9"}},{"type":"Feature","geometry":{"type":"LineString","coordinates":[[23.714007,46.783673],[23.713948,46.783699],[23.713887,46.783707],[23.713826,46.7837],[23.713772,46.78368],[23.713731,46.783648],[23.713716,46.783631]]},"properties":{"name":"DN1C","lines":"M44","arr":["M44"],"roundabout":1,"mode":"bus","color":"#0059a9"}},{"type":"Feature","geometry":{"type":"LineString","coordinates":[[23.713716,46.783631],[23.713707,46.783603],[23.713706,46.783576],[23.713728,46.783526],[23.713766,46.783493]]},"properties":{"name":"DN1C","lines":"M41","arr":["M41"],"roundabout":1,"mode":"bus","color":"#0059a9"}},{"type":"Feature","geometry":{"type":"LineString","coordinates":[[23.713716,46.783631],[23.713707,46.783603],[23.713706,46.783576],[23.713728,46.783526],[23.713766,46.783493]]},"properties":{"name":"DN1C","lines":"M42L","arr":["M42L"],"roundabout":1,"mode":"bus","color":"#0059a9"}},{"type":"Feature","geometry":{"type":"LineString","coordinates":[[23.713766,46.783493],[23.713837,46.783467]]},"properties":{"name":"DN1C","lines":"M41","arr":["M41"],"roundabout":1,"mode":"bus","color":"#0059a9"}},{"type":"Feature","geometry":{"type":"LineString","coordinates":[[23.713766,46.783493],[23.713837,46.783467]]},"properties":{"name":"DN1C","lines":"M41L","arr":["M41L"],"roundabout":1,"mode":"bus","color":"#0059a9"}},{"type":"Feature","geometry":{"type":"LineString","coordinates":[[23.713766,46.783493],[23.713837,46.783467]]},"properties":{"name":"DN1C","lines":"M42L","arr":["M42L"],"roundabout":1,"mode":"bus","color":"#0059a9"}},{"type":"Feature","geometry":{"type":"LineString","coordinates":[[23.713766,46.783493],[23.713837,46.783467]]},"properties":{"name":"DN1C","lines":"M44","arr":["M44"],"roundabout":1,"mode":"bus","color":"#0059a9"}},{"type":"Feature","geometry":{"type":"LineString","coordinates":[[23.754408,46.799912],[23.754384,46.79988],[23.754375,46.799845],[23.75438,46.79981],[23.7544,46.799777],[23.754439,46.799746],[23.754491,46.799725],[23.75455,46.799716]]},"properties":{"name":"DN1C","lines":"M41","arr":["M41"],"roundabout":1,"mode":"bus","color":"#0059a9"}},{"type":"Feature","geometry":{"type":"LineString","coordinates":[[23.75455,46.799716],[23.7546,46.79972],[23.754647,46.799732],[23.754687,46.799754],[23.754717,46.799781]]},"properties":{"name":"DN1C","lines":"M41","arr":["M41"],"roundabout":1,"mode":"bus","color":"#0059a9"}},{"type":"Feature","geometry":{"type":"LineString","coordinates":[[23.75455,46.799716],[23.7546,46.79972],[23.754647,46.799732],[23.754687,46.799754],[23.754717,46.799781]]},"properties":{"name":"DN1C","lines":"M41L","arr":["M41L"],"roundabout":1,"mode":"bus","color":"#0059a9"}},{"type":"Feature","geometry":{"type":"LineString","coordinates":[[23.75455,46.799716],[23.7546,46.79972],[23.754647,46.799732],[23.754687,46.799754],[23.754717,46.799781]]},"properties":{"name":"DN1C","lines":"M44","arr":["M44"],"roundabout":1,"mode":"bus","color":"#0059a9"}},{"type":"Feature","geometry":{"type":"LineString","coordinates":[[23.754717,46.799781],[23.754734,46.799812],[23.754739,46.799844],[23.754731,46.799877],[23.754709,46.799909],[23.754674,46.799936],[23.75463,46.799955],[23.75458,46.799964]]},"properties":{"name":"DN1C","lines":"M41","arr":["M41"],"roundabout":1,"mode":"bus","color":"#0059a9"}},{"type":"Feature","geometry":{"type":"LineString","coordinates":[[23.754717,46.799781],[23.754734,46.799812],[23.754739,46.799844],[23.754731,46.799877],[23.754709,46.799909],[23.754674,46.799936],[23.75463,46.799955],[23.75458,46.799964]]},"properties":{"name":"DN1C","lines":"M41L","arr":["M41L"],"roundabout":1,"mode":"bus","color":"#0059a9"}},{"type":"Feature","geometry":{"type":"LineString","coordinates":[[23.75458,46.799964],[23.754548,46.799965]]},"properties":{"name":"DN1C","lines":"M41","arr":["M41"],"roundabout":1,"mode":"bus","color":"#0059a9"}},{"type":"Feature","geometry":{"type":"LineString","coordinates":[[23.75458,46.799964],[23.754548,46.799965]]},"properties":{"name":"DN1C","lines":"M41L","arr":["M41L"],"roundabout":1,"mode":"bus","color":"#0059a9"}},{"type":"Feature","geometry":{"type":"LineString","coordinates":[[23.754548,46.799965],[23.754494,46.799958],[23.754446,46.799939],[23.754408,46.799912]]},"properties":{"name":"DN1C","lines":"M41","arr":["M41"],"roundabout":1,"mode":"bus","color":"#0059a9"}},{"type":"Feature","geometry":{"type":"LineString","coordinates":[[23.744878,46.822269],[23.744861,46.822324],[23.744819,46.822372],[23.744756,46.822408],[23.744679,46.822428]]},"properties":{"name":"DN1C","lines":"M41L","arr":["M41L"],"roundabout":1,"mode":"bus","color":"#0059a9"}},{"type":"Feature","geometry":{"type":"LineString","coordinates":[[23.744467,46.822133],[23.744514,46.822112],[23.744566,46.822098],[23.744641,46.822092],[23.744714,46.822102],[23.74478,46.822126],[23.744832,46.822163],[23.744868,46.822214],[23.744878,46.822269]]},"properties":{"name":"DN1C","lines":"M41L","arr":["M41L"],"roundabout":1,"mode":"bus","color":"#0059a9"}},{"type":"Feature","geometry":{"type":"LineString","coordinates":[[23.745429,46.829364],[23.745442,46.829362],[23.745467,46.829368],[23.745486,46.829381],[23.745495,46.829399],[23.745491,46.829417],[23.745475,46.829432],[23.745451,46.829441],[23.745443,46.829441],[23.745424,46.829442],[23.745403,46.829435],[23.745387,46.829424],[23.745379,46.82941]]},"properties":{"name":"","lines":"M41L","arr":["M41L"],"roundabout":1,"mode":"bus","color":"#0059a9"}},{"type":"Feature","geometry":{"type":"LineString","coordinates":[[23.451395,46.745636],[23.451405,46.745598],[23.451442,46.745547],[23.451502,46.745507],[23.451582,46.745482]]},"properties":{"name":"DN1","lines":"M51","arr":["M51"],"roundabout":1,"mode":"bus","color":"#0059a9"}},{"type":"Feature","geometry":{"type":"LineString","coordinates":[[23.451582,46.745482],[23.45166,46.745479],[23.45174,46.745493],[23.451795,46.745516],[23.451844,46.745554],[23.451875,46.745599],[23.451884,46.745649],[23.451866,46.74571],[23.451835,46.745743],[23.451816,46.745763],[23.451779,46.745781],[23.451742,46.745799],[23.451653,46.745814],[23.451563,46.745806],[23.451488,46.74578],[23.451428,46.745731],[23.451398,46.745675],[23.451395,46.745636]]},"properties":{"name":"DN1","lines":"M51","arr":["M51"],"roundabout":1,"mode":"bus","color":"#0059a9"}},{"type":"Feature","geometry":{"type":"LineString","coordinates":[[23.451582,46.745482],[23.45166,46.745479],[23.45174,46.745493],[23.451795,46.745516],[23.451844,46.745554],[23.451875,46.745599],[23.451884,46.745649],[23.451866,46.74571],[23.451835,46.745743],[23.451816,46.745763],[23.451779,46.745781],[23.451742,46.745799],[23.451653,46.745814],[23.451563,46.745806],[23.451488,46.74578],[23.451428,46.745731],[23.451398,46.745675],[23.451395,46.745636]]},"properties":{"name":"DN1","lines":"M52","arr":["M52"],"roundabout":1,"mode":"bus","color":"#0059a9"}},{"type":"Feature","geometry":{"type":"LineString","coordinates":[[23.38888,46.753539],[23.388879,46.75356],[23.388871,46.753581],[23.388857,46.7536],[23.388838,46.753617],[23.388815,46.753631]]},"properties":{"name":"DN1","lines":"M51","arr":["M51"],"roundabout":1,"mode":"bus","color":"#0059a9"}},{"type":"Feature","geometry":{"type":"LineString","coordinates":[[23.388815,46.753631],[23.388787,46.753642],[23.388757,46.753648],[23.388726,46.75365]]},"properties":{"name":"DN1","lines":"M51","arr":["M51"],"roundabout":1,"mode":"bus","color":"#0059a9"}},{"type":"Feature","geometry":{"type":"LineString","coordinates":[[23.388726,46.75365],[23.388695,46.753648],[23.388665,46.753642],[23.388638,46.753631],[23.388614,46.753617]]},"properties":{"name":"DN1","lines":"M51","arr":["M51"],"roundabout":1,"mode":"bus","color":"#0059a9"}},{"type":"Feature","geometry":{"type":"LineString","coordinates":[[23.388574,46.753526],[23.388585,46.753502]]},"properties":{"name":"DN1","lines":"M51","arr":["M51"],"roundabout":1,"mode":"bus","color":"#0059a9"}},{"type":"Feature","geometry":{"type":"LineString","coordinates":[[23.388585,46.753502],[23.388603,46.75348],[23.388628,46.753463],[23.388657,46.75345]]},"properties":{"name":"DN1","lines":"M51","arr":["M51"],"roundabout":1,"mode":"bus","color":"#0059a9"}},{"type":"Feature","geometry":{"type":"LineString","coordinates":[[23.388657,46.75345],[23.388689,46.753442],[23.388723,46.753439],[23.388757,46.753441]]},"properties":{"name":"DN1","lines":"M51","arr":["M51"],"roundabout":1,"mode":"bus","color":"#0059a9"}},{"type":"Feature","geometry":{"type":"LineString","coordinates":[[23.388757,46.753441],[23.388785,46.753447],[23.38881,46.753456]]},"properties":{"name":"DN1","lines":"M51","arr":["M51"],"roundabout":1,"mode":"bus","color":"#0059a9"}},{"type":"Feature","geometry":{"type":"LineString","coordinates":[[23.38881,46.753456],[23.388833,46.753468]]},"properties":{"name":"DN1","lines":"M51","arr":["M51"],"roundabout":1,"mode":"bus","color":"#0059a9"}},{"type":"Feature","geometry":{"type":"LineString","coordinates":[[23.543204,46.751252],[23.543274,46.751285],[23.54335,46.751313],[23.543405,46.751333],[23.54344,46.751344],[23.543503,46.751365],[23.543581,46.75139]]},"properties":{"name":"Drumul Sfântul Ioan","lines":"1, 6, 14, 25, 29, 29S, M81","arr":["1","6","14","25","29","29S","M81"],"roundabout":0,"mode":"bus","color":"#0059a9","trolley":"mix"}},{"type":"Feature","geometry":{"type":"LineString","coordinates":[[23.543204,46.751252],[23.5431,46.751192],[23.543025,46.751139],[23.542972,46.751091],[23.542756,46.750878],[23.542535,46.750709],[23.542425,46.750628],[23.542305,46.750541],[23.542243,46.750502],[23.54218,46.750466],[23.542092,46.750426],[23.541995,46.750382],[23.541793,46.750311],[23.541368,46.750181],[23.541227,46.750138],[23.541,46.750057],[23.540901,46.750021],[23.540579,46.749869],[23.540378,46.749765],[23.539915,46.749507],[23.539471,46.749271],[23.539186,46.749141],[23.539044,46.749079],[23.538901,46.749021],[23.538821,46.748992],[23.538741,46.748965],[23.538337,46.748843],[23.53824,46.748813],[23.538146,46.748776],[23.538052,46.748739],[23.537963,46.748696],[23.537872,46.74865],[23.537789,46.748602],[23.537393,46.748333],[23.537191,46.748174],[23.537108,46.748106],[23.537036,46.748032],[23.536898,46.747902],[23.536656,46.74762],[23.535872,46.746721],[23.535818,46.746656],[23.535769,46.74659],[23.535745,46.746542],[23.535729,46.746503],[23.535724,46.746483],[23.535722,46.74646],[23.535723,46.746379],[23.535731,46.746283],[23.53578,46.746049],[23.535782,46.745967],[23.535777,46.74591],[23.535767,46.74586],[23.535736,46.745771],[23.535674,46.745611],[23.535478,46.745197],[23.535211,46.744559],[23.534904,46.743913],[23.534863,46.743831],[23.534827,46.743746],[23.534795,46.74365],[23.53478,46.743582],[23.534774,46.74351],[23.534776,46.743377],[23.534785,46.743273],[23.534798,46.743178],[23.534816,46.743085],[23.534837,46.742991],[23.534868,46.742899],[23.534912,46.742782],[23.534983,46.742628],[23.535021,46.742564],[23.535042,46.74253],[23.53511,46.74243],[23.535172,46.742353],[23.535216,46.742307],[23.535241,46.742285],[23.535264,46.742265],[23.535451,46.742116],[23.535649,46.741969],[23.535762,46.741892]]},"properties":{"name":"Drumul Sfântul Ioan","lines":"29, 29S","arr":["29","29S"],"roundabout":0,"mode":"bus","color":"#0059a9"}},{"type":"Feature","geometry":{"type":"LineString","coordinates":[[23.543642,46.751405],[23.543581,46.75139]]},"properties":{"name":"Drumul Sfântul Ioan","lines":"1, 6, 9, 14, 25, 29, 29S, M81","arr":["1","6","9","14","25","29","29S","M81"],"roundabout":0,"mode":"bus","color":"#0059a9","trolley":"mix"}},{"type":"Feature","geometry":{"type":"LineString","coordinates":[[23.543886,46.751464],[23.543745,46.75143],[23.543642,46.751405]]},"properties":{"name":"Drumul Sfântul Ioan","lines":"1, 6, 9, 14, 24, 25, 25N, 29, 29S, 52, 52L, M24, M25, M27, M51, M52, M81","arr":["1","6","9","14","24","25","25N","29","29S","52","52L","M24","M25","M27","M51","M52","M81"],"roundabout":0,"mode":"bus","color":"#0059a9","trolley":"mix"}},{"type":"Feature","geometry":{"type":"LineString","coordinates":[[23.543886,46.751464],[23.54411,46.751518]]},"properties":{"name":"Drumul Sfântul Ioan","lines":"1, 6, 14, 24, 25, 25N, 29, 29S, 52, 52L, M24, M25, M27, M51, M52, M81","arr":["1","6","14","24","25","25N","29","29S","52","52L","M24","M25","M27","M51","M52","M81"],"roundabout":0,"mode":"bus","color":"#0059a9","trolley":"mix"}},{"type":"Feature","geometry":{"type":"LineString","coordinates":[[23.54411,46.751518],[23.544793,46.751681],[23.54518,46.751776]]},"properties":{"name":"Strada Primăverii","lines":"1, 6, 14, 25, 25N","arr":["1","6","14","25","25N"],"roundabout":0,"mode":"bus","color":"#149a3f","trolley":"all","nolabel":1}},{"type":"Feature","geometry":{"type":"LineString","coordinates":[[23.54518,46.751776],[23.545295,46.751805],[23.545591,46.75188],[23.54579,46.751929],[23.546191,46.752034],[23.546596,46.752164],[23.546805,46.752237],[23.546924,46.752281],[23.547224,46.752395],[23.547874,46.752642],[23.548396,46.752834],[23.54896,46.753038],[23.549128,46.753103],[23.549234,46.753145],[23.549588,46.753281],[23.549686,46.753317],[23.550234,46.753524],[23.550403,46.753589],[23.550488,46.7536],[23.550551,46.753609],[23.550637,46.753641],[23.550675,46.753656],[23.550816,46.753715],[23.551215,46.753854],[23.551597,46.753955],[23.551654,46.75398],[23.551674,46.753999],[23.551716,46.754008],[23.551909,46.754048],[23.551966,46.754058],[23.552107,46.754083],[23.552217,46.754099],[23.552709,46.754169],[23.552819,46.754184],[23.552902,46.754195],[23.552972,46.754205],[23.553057,46.754207],[23.553206,46.754198],[23.553593,46.754223],[23.553678,46.754236],[23.553764,46.754251],[23.554087,46.754295],[23.554203,46.754316],[23.554288,46.754339],[23.554368,46.754372],[23.55462,46.754505],[23.554693,46.754545],[23.554873,46.75461],[23.555001,46.754655],[23.555151,46.754709],[23.55519,46.754723],[23.555571,46.754872],[23.555745,46.754943],[23.55581,46.75495],[23.555945,46.754984],[23.556678,46.755245]]},"properties":{"name":"Strada Primăverii","lines":"1, 6, 14, 25, 25N, 43, 43B, 43P","arr":["1","6","14","25","25N","43","43B","43P"],"roundabout":0,"mode":"bus","color":"#0059a9","trolley":"mix","nolabel":1}},{"type":"Feature","geometry":{"type":"LineString","coordinates":[[23.556678,46.755245],[23.556877,46.755259],[23.55749,46.755294]]},"properties":{"name":"Strada Izlazului","lines":"1, 6, 14, 25, 25N, 43, 43B, 43P","arr":["1","6","14","25","25N","43","43B","43P"],"roundabout":0,"mode":"bus","color":"#0059a9","trolley":"mix"}},{"type":"Feature","geometry":{"type":"LineString","coordinates":[[23.55749,46.755294],[23.557513,46.755295],[23.557549,46.755296],[23.55825,46.755316],[23.559021,46.755349],[23.559069,46.75535],[23.559227,46.755356],[23.559658,46.755374],[23.560034,46.755396],[23.560084,46.755398],[23.560329,46.755408],[23.560525,46.75539],[23.560608,46.755384]]},"properties":{"name":"Strada Izlazului","lines":"1, 6, 7, 14, 25, 25N, 43, 43B, 43P","arr":["1","6","7","14","25","25N","43","43B","43P"],"roundabout":0,"mode":"bus","color":"#0059a9","trolley":"mix"}},{"type":"Feature","geometry":{"type":"LineString","coordinates":[[23.56078,46.755397],[23.560865,46.755415],[23.561032,46.755453],[23.561194,46.755459],[23.561673,46.755479],[23.562006,46.755493],[23.562242,46.755503],[23.562437,46.755511],[23.562668,46.755521],[23.563318,46.755549],[23.563645,46.755563]]},"properties":{"name":"Strada Izlazului","lines":"1, 6, 7, 14, 19, 25, 25N, 43, 43B, 43P","arr":["1","6","7","14","19","25","25N","43","43B","43P"],"roundabout":0,"mode":"bus","color":"#0059a9","trolley":"mix"}},{"type":"Feature","geometry":{"type":"LineString","coordinates":[[23.563645,46.755563],[23.563819,46.755548],[23.563853,46.755545],[23.563987,46.755541]]},"properties":{"name":"Strada Izlazului","lines":"1, 6, 7, 14, 19, 25, 25N, 43P","arr":["1","6","7","14","19","25","25N","43P"],"roundabout":0,"mode":"bus","color":"#0059a9","trolley":"mix"}},{"type":"Feature","geometry":{"type":"LineString","coordinates":[[23.564226,46.755681],[23.564088,46.755868]]},"properties":{"name":"Strada Câmpului","lines":"1, 7, 14, 19, 25, 25N, 42","arr":["1","7","14","19","25","25N","42"],"roundabout":0,"mode":"bus","color":"#0059a9","trolley":"mix"}},{"type":"Feature","geometry":{"type":"LineString","coordinates":[[23.564088,46.755868],[23.563979,46.756193],[23.563895,46.756399],[23.563816,46.756568],[23.563814,46.756573],[23.563724,46.756719],[23.563644,46.756835],[23.563624,46.756864],[23.563505,46.757016],[23.563143,46.757447],[23.562858,46.757825],[23.562781,46.757927],[23.562708,46.758025],[23.562626,46.758161],[23.562573,46.758271],[23.562548,46.758357],[23.562536,46.758438],[23.562541,46.758562],[23.562581,46.758864],[23.562593,46.758938],[23.562606,46.759014],[23.562628,46.759163],[23.562636,46.759232],[23.562641,46.759299],[23.562643,46.759326],[23.562646,46.759371],[23.562654,46.75953]]},"properties":{"name":"Strada Câmpului","lines":"1, 6, 7, 14, 19, 25, 25N, 42","arr":["1","6","7","14","19","25","25N","42"],"roundabout":0,"mode":"bus","color":"#0059a9","trolley":"mix"}},{"type":"Feature","geometry":{"type":"LineString","coordinates":[[23.562654,46.75953],[23.562702,46.759628],[23.562707,46.759691],[23.562714,46.759807]]},"properties":{"name":"Strada Câmpului","lines":"1, 6, 7, 14, 19, 25, 25N","arr":["1","6","7","14","19","25","25N"],"roundabout":0,"mode":"bus","color":"#0059a9","trolley":"mix"}},{"type":"Feature","geometry":{"type":"LineString","coordinates":[[23.562714,46.759807],[23.562746,46.759892],[23.562753,46.760282],[23.562759,46.760301],[23.562778,46.760339],[23.562808,46.760374],[23.562874,46.760427],[23.562945,46.76047],[23.563043,46.760518],[23.563134,46.760557],[23.563227,46.760592],[23.563392,46.760645]]},"properties":{"name":"","lines":"1, 7, 14, 19, 25, 25N","arr":["1","7","14","19","25","25N"],"roundabout":0,"mode":"bus","color":"#0059a9","trolley":"mix"}},{"type":"Feature","geometry":{"type":"LineString","coordinates":[[23.563392,46.760645],[23.563463,46.760661],[23.563563,46.760682],[23.563789,46.760726],[23.563888,46.760747],[23.56401,46.760771],[23.5642,46.760815],[23.564762,46.760951],[23.565088,46.76104],[23.565205,46.761079],[23.565369,46.761135],[23.565733,46.761257],[23.565879,46.761305],[23.566386,46.761477],[23.566469,46.7615],[23.566601,46.761534],[23.566646,46.761544],[23.566819,46.761585],[23.566937,46.761608],[23.567151,46.761651],[23.567298,46.761678],[23.567317,46.761681],[23.567469,46.76171],[23.567744,46.761761],[23.568004,46.761811],[23.568309,46.761878],[23.568927,46.762003],[23.569098,46.762039],[23.56982,46.7622],[23.5701,46.762263],[23.570399,46.762342],[23.570686,46.762424],[23.570878,46.762485],[23.571667,46.762755],[23.571733,46.762778],[23.571861,46.762822],[23.572008,46.762875],[23.572032,46.762883],[23.572143,46.76292],[23.572345,46.762988],[23.57236,46.762993],[23.572422,46.763014],[23.572493,46.763037],[23.572615,46.763077],[23.572657,46.763091],[23.572701,46.763108],[23.572737,46.763124],[23.572806,46.763155],[23.572816,46.76316],[23.572823,46.763163]]},"properties":{"name":"Calea Mănăștur","lines":"1, 6, 7, 9, 14, 19, 24, 24B, 25, 25N, 29, 29S, 42, 52, 52L","arr":["1","6","7","9","14","19","24","24B","25","25N","29","29S","42","52","52L"],"roundabout":0,"mode":"bus","color":"#0059a9","trolley":"mix"}},{"type":"Feature","geometry":{"type":"LineString","coordinates":[[23.572823,46.763163],[23.572843,46.763176],[23.572864,46.763188],[23.57297,46.763253],[23.573051,46.763312],[23.573127,46.763382],[23.573224,46.763467],[23.57354,46.763747],[23.573738,46.763911],[23.573905,46.764032],[23.574026,46.764121],[23.574185,46.764231],[23.57421,46.764248],[23.574243,46.76427],[23.574308,46.764313],[23.57437,46.764354],[23.574401,46.764373],[23.574458,46.764405],[23.57461,46.764499],[23.574679,46.764541],[23.574758,46.764583],[23.574831,46.764616],[23.574915,46.764652],[23.575024,46.764696],[23.575079,46.764717],[23.575137,46.764735],[23.575265,46.764772],[23.5755,46.764838],[23.575616,46.764871],[23.5757,46.764897],[23.575926,46.764966],[23.576441,46.765131]]},"properties":{"name":"Calea Moților","lines":"1, 6, 7, 9, 14, 19, 24, 24B, 25, 25N, 29, 29S, 42, 52, 52L","arr":["1","6","7","9","14","19","24","24B","25","25N","29","29S","42","52","52L"],"roundabout":0,"mode":"bus","color":"#0059a9","trolley":"mix"}},{"type":"Feature","geometry":{"type":"LineString","coordinates":[[23.576441,46.765131],[23.576586,46.765179],[23.577156,46.765368],[23.577514,46.765487],[23.577985,46.765644],[23.578002,46.765649],[23.578446,46.765795],[23.578746,46.765895],[23.579134,46.766024],[23.579534,46.766164],[23.579687,46.766219],[23.580052,46.766353],[23.580267,46.766441],[23.580645,46.766601],[23.580936,46.76673],[23.581067,46.766785],[23.581168,46.766826],[23.581267,46.766874],[23.581432,46.766956],[23.58162,46.767049],[23.581991,46.767234],[23.582173,46.767324],[23.582255,46.767365],[23.582752,46.767612],[23.582786,46.767629],[23.583216,46.767842],[23.583335,46.767902],[23.583468,46.767971],[23.584054,46.768275],[23.584095,46.768296],[23.584693,46.768605],[23.584764,46.768641],[23.58478,46.76865],[23.584854,46.768688],[23.584928,46.768726],[23.584993,46.768759]]},"properties":{"name":"Calea Moților","lines":"1, 6, 7, 9, 14, 19, 24, 24B, 25, 25N, 29, 29S, 30, 42, 52, 52L, 54N","arr":["1","6","7","9","14","19","24","24B","25","25N","29","29S","30","42","52","52L","54N"],"roundabout":0,"mode":"bus","color":"#0059a9","trolley":"mix"}},{"type":"Feature","geometry":{"type":"LineString","coordinates":[[23.584993,46.768759],[23.585443,46.768972],[23.585495,46.768994],[23.585571,46.769028],[23.585963,46.769201],[23.586363,46.769367],[23.586713,46.769509],[23.586903,46.769587],[23.587343,46.769768],[23.587366,46.769778],[23.588306,46.770178],[23.58837,46.770206],[23.588478,46.770247]]},"properties":{"name":"Strada Memorandumului","lines":"1, 6, 7, 9, 14, 19, 22, 24, 24B, 25, 25N, 29, 29S, 30, 42, 52, 52L, 54N","arr":["1","6","7","9","14","19","22","24","24B","25","25N","29","29S","30","42","52","52L","54N"],"roundabout":0,"mode":"bus","color":"#0059a9","trolley":"mix"}},{"type":"Feature","geometry":{"type":"LineString","coordinates":[[23.588478,46.770247],[23.588504,46.770259],[23.589601,46.770762],[23.589628,46.770775],[23.589685,46.7708],[23.589822,46.770876],[23.59002,46.771004]]},"properties":{"name":"Piața Unirii","lines":"1, 6, 7, 9, 14, 19, 22, 24, 24B, 25, 25N, 29, 29S, 30, 42, 52, 52L, 54N","arr":["1","6","7","9","14","19","22","24","24B","25","25N","29","29S","30","42","52","52L","54N"],"roundabout":0,"mode":"bus","color":"#0059a9","trolley":"mix"}},{"type":"Feature","geometry":{"type":"LineString","coordinates":[[23.59002,46.771004],[23.59009,46.771033],[23.590163,46.771062],[23.590231,46.771092],[23.591233,46.771392],[23.591336,46.771422],[23.591413,46.771444],[23.591621,46.771504],[23.592598,46.771777],[23.593067,46.771906],[23.593158,46.771931],[23.593197,46.771941],[23.594405,46.77226],[23.594958,46.772409],[23.595067,46.772438],[23.595177,46.772469],[23.59527,46.772496],[23.595429,46.772548]]},"properties":{"name":"Bulevardul 21 Decembrie 1989","lines":"1, 3, 4, 5, 6, 7, 8, 14, 24, 24B, 25, 30, 32B, 35, 44, 47, 52, 52L, 54N, A1","arr":["1","3","4","5","6","7","8","14","24","24B","25","30","32B","35","44","47","52","52L","54N","A1"],"roundabout":0,"mode":"bus","color":"#0059a9","trolley":"mix"}},{"type":"Feature","geometry":{"type":"LineString","coordinates":[[23.596296,46.772835],[23.595931,46.772714],[23.59562,46.772611],[23.595465,46.77256],[23.595429,46.772548]]},"properties":{"name":"Bulevardul 21 Decembrie 1989","lines":"1, 3, 4, 5, 5N, 6, 7, 8, 14, 21, 23, 24, 24B, 25, 30, 32, 32B, 33, 35, 44, 46, 46B, 47, 50, 50D, 50L, 52, 52L, 54N, A1","arr":["1","3","4","5","5N","6","7","8","14","21","23","24","24B","25","30","32","32B","33","35","44","46","46B","47","50","50D","50L","52","52L","54N","A1"],"roundabout":0,"mode":"bus","color":"#0059a9","trolley":"mix"}},{"type":"Feature","geometry":{"type":"LineString","coordinates":[[23.596533,46.772922],[23.596296,46.772835]]},"properties":{"name":"Bulevardul 21 Decembrie 1989","lines":"1, 4, 5, 5N, 6, 7, 8, 10, 14, 23, 24, 24B, 25, 30, 32, 46B, 47, 52, 52L, A1","arr":["1","4","5","5N","6","7","8","10","14","23","24","24B","25","30","32","46B","47","52","52L","A1"],"roundabout":0,"mode":"bus","color":"#0059a9","trolley":"mix"}},{"type":"Feature","geometry":{"type":"LineString","coordinates":[[23.596533,46.772922],[23.596577,46.77294],[23.596587,46.772943],[23.596598,46.772948],[23.596973,46.773096],[23.597379,46.773246],[23.598389,46.773634],[23.599396,46.774007],[23.599496,46.774045]]},"properties":{"name":"Bulevardul 21 Decembrie 1989","lines":"1, 4, 5, 5N, 6, 7, 8, 10, 14, 23, 24, 24B, 25, 30, 46B, 47, 52, 52L, A1","arr":["1","4","5","5N","6","7","8","10","14","23","24","24B","25","30","46B","47","52","52L","A1"],"roundabout":0,"mode":"bus","color":"#0059a9","trolley":"mix"}},{"type":"Feature","geometry":{"type":"LineString","coordinates":[[23.599496,46.774045],[23.599492,46.774052],[23.599451,46.774116],[23.599439,46.774135],[23.599238,46.774456],[23.599117,46.77465],[23.598873,46.775028],[23.598715,46.775273],[23.598685,46.775314],[23.598653,46.77536],[23.598629,46.775391],[23.598483,46.775584],[23.59842,46.775656],[23.598279,46.775815],[23.598239,46.775861],[23.598148,46.775972],[23.59807,46.776067],[23.598041,46.776118],[23.597961,46.776301],[23.597898,46.776476],[23.597846,46.776683],[23.597831,46.776741],[23.597814,46.777014],[23.59782,46.77722],[23.59784,46.77734],[23.597863,46.777417],[23.597968,46.777632],[23.598077,46.777823],[23.598388,46.778371],[23.598455,46.778505],[23.598496,46.778593],[23.599028,46.779857],[23.599191,46.780232],[23.59923,46.780313]]},"properties":{"name":"Strada Paris","lines":"1, 10, 23, 52, 52L","arr":["1","10","23","52","52L"],"roundabout":0,"mode":"bus","color":"#0059a9","trolley":"mix"}},{"type":"Feature","geometry":{"type":"LineString","coordinates":[[23.59923,46.780313],[23.599475,46.781064],[23.599481,46.781273],[23.599469,46.781392],[23.599456,46.781456],[23.599432,46.781618],[23.599423,46.781707]]},"properties":{"name":"Strada Paris","lines":"1, 10, 23, 41, 50, 50D, 52, 52L","arr":["1","10","23","41","50","50D","52","52L"],"roundabout":0,"mode":"bus","color":"#0059a9","trolley":"mix"}},{"type":"Feature","geometry":{"type":"LineString","coordinates":[[23.604097,46.785371],[23.602519,46.784389],[23.602236,46.784233],[23.602012,46.784071],[23.601473,46.783722],[23.601019,46.783428],[23.600446,46.783025],[23.600296,46.782907],[23.600186,46.782801],[23.59993,46.782544],[23.599667,46.782282],[23.599608,46.782195],[23.599571,46.782141],[23.599473,46.781967],[23.599449,46.781884],[23.59943,46.781783],[23.599426,46.781749],[23.599423,46.781707]]},"properties":{"name":"Strada Paris","lines":"1, 10, 23, 41, 50, 50D, 50L, 52, 52L","arr":["1","10","23","41","50","50D","50L","52","52L"],"roundabout":0,"mode":"bus","color":"#0059a9","trolley":"mix"}},{"type":"Feature","geometry":{"type":"LineString","coordinates":[[23.604658,46.785781],[23.604497,46.785674],[23.604097,46.785371]]},"properties":{"name":"Strada Paris","lines":"1, 10, 23, 34, 41, 50, 50D, 50L, 52, 52L","arr":["1","10","23","34","41","50","50D","50L","52","52L"],"roundabout":0,"mode":"bus","color":"#0059a9","trolley":"mix"}},{"type":"Feature","geometry":{"type":"LineString","coordinates":[[23.604658,46.785781],[23.604761,46.785772],[23.605596,46.7857],[23.605896,46.785674]]},"properties":{"name":"Piața 1 Mai","lines":"1, 10, 23, 34, 50, 50D, 50L, 52, 52L","arr":["1","10","23","34","50","50D","50L","52","52L"],"roundabout":0,"mode":"bus","color":"#0059a9","trolley":"mix"}},{"type":"Feature","geometry":{"type":"LineString","coordinates":[[23.605896,46.785674],[23.60592,46.785839],[23.605922,46.785852],[23.605953,46.786063],[23.605961,46.786129],[23.605962,46.786153],[23.605954,46.786181],[23.605932,46.786209],[23.605908,46.786228],[23.605878,46.786245],[23.605824,46.786261],[23.605788,46.786266],[23.60574,46.786266]]},"properties":{"name":"Piața 1 Mai","lines":"1, 23, 34, 50, 50L, 52, 52L","arr":["1","23","34","50","50L","52","52L"],"roundabout":0,"mode":"bus","color":"#0059a9","trolley":"mix"}},{"type":"Feature","geometry":{"type":"LineString","coordinates":[[23.60574,46.786266],[23.605674,46.786258]]},"properties":{"name":"Piața 1 Mai","lines":"23, 34, 50, 50L, 52, 52L","arr":["23","34","50","50L","52","52L"],"roundabout":0,"mode":"bus","color":"#0059a9","trolley":"mix"}},{"type":"Feature","geometry":{"type":"LineString","coordinates":[[23.605674,46.786258],[23.605543,46.786225],[23.605297,46.78618]]},"properties":{"name":"Piața 1 Mai","lines":"23, 34, 41, 50, 50L, 52, 52L","arr":["23","34","41","50","50L","52","52L"],"roundabout":0,"mode":"bus","color":"#0059a9","trolley":"mix"}},{"type":"Feature","geometry":{"type":"LineString","coordinates":[[23.605297,46.78618],[23.605128,46.786147],[23.604991,46.78607],[23.604914,46.786052],[23.604869,46.785989],[23.604829,46.78594],[23.604747,46.785852],[23.604658,46.785781]]},"properties":{"name":"Piața 1 Mai","lines":"1, 23, 34, 41, 50, 50L, 52, 52L","arr":["1","23","34","41","50","50L","52","52L"],"roundabout":0,"mode":"bus","color":"#0059a9","trolley":"mix"}},{"type":"Feature","geometry":{"type":"LineString","coordinates":[[23.59923,46.780313],[23.59907,46.780299],[23.597776,46.780198],[23.596451,46.780091],[23.596212,46.780071],[23.596059,46.780059]]},"properties":{"name":"Strada București","lines":"1, 23, 29, 36B, 36L, 41, 50, 50D, 52, 52L, 53","arr":["1","23","29","36B","36L","41","50","50D","52","52L","53"],"roundabout":0,"mode":"bus","color":"#0059a9","trolley":"mix"}},{"type":"Feature","geometry":{"type":"LineString","coordinates":[[23.59598,46.780049],[23.596059,46.780059]]},"properties":{"name":"Strada București","lines":"1, 23, 29, 36B, 36L, 41, 50, 50D, 50L, 52, 52L, 53","arr":["1","23","29","36B","36L","41","50","50D","50L","52","52L","53"],"roundabout":0,"mode":"bus","color":"#0059a9","trolley":"mix"}},{"type":"Feature","geometry":{"type":"LineString","coordinates":[[23.59598,46.780049],[23.59564,46.780008],[23.595302,46.779955],[23.59526,46.77995],[23.595182,46.779938],[23.59473,46.779876],[23.594348,46.779831]]},"properties":{"name":"Piața Abator","lines":"1, 23, 29, 36B, 36L, 41, 50, 50D, 50L, 52, 52L, 53","arr":["1","23","29","36B","36L","41","50","50D","50L","52","52L","53"],"roundabout":0,"mode":"bus","color":"#0059a9","trolley":"mix"}},{"type":"Feature","geometry":{"type":"LineString","coordinates":[[23.594348,46.779831],[23.593748,46.779779],[23.593243,46.779735],[23.593066,46.77972],[23.592811,46.779698],[23.591754,46.779607],[23.591717,46.779604],[23.591648,46.779605]]},"properties":{"name":"Strada Daniil P. Bărceanu","lines":"1, 23, 29, 36B, 36L, 41, 50, 50L, 52, 52L, 53","arr":["1","23","29","36B","36L","41","50","50L","52","52L","53"],"roundabout":0,"mode":"bus","color":"#0059a9","trolley":"mix"}},{"type":"Feature","geometry":{"type":"LineString","coordinates":[[23.591648,46.779605],[23.591636,46.779542],[23.591632,46.779515],[23.591622,46.779451],[23.591585,46.779163],[23.591533,46.778832],[23.591512,46.778699],[23.591486,46.778537],[23.591474,46.778462],[23.591461,46.778377],[23.591339,46.777607],[23.591214,46.77715],[23.591155,46.777052],[23.591071,46.776932],[23.59092,46.776801],[23.590136,46.776259],[23.59004,46.776177],[23.589974,46.77612]]},"properties":{"name":"Strada Traian","lines":"1, 3, 4, 5, 5N, 9, 22, 23, 26, 26L, 27, 29, 32B, 35, 36B, 36L, 41, 50, 50L, 52, 52L, 53, 56","arr":["1","3","4","5","5N","9","22","23","26","26L","27","29","32B","35","36B","36L","41","50","50L","52","52L","53","56"],"roundabout":0,"mode":"bus","color":"#0059a9","trolley":"mix"}},{"type":"Feature","geometry":{"type":"LineString","coordinates":[[23.590067,46.776033],[23.589974,46.77612]]},"properties":{"name":"Podul Decebal","lines":"1, 3, 4, 5, 5N, 9, 23, 26, 26L, 28, 28B, 29, 32B, 35, 36B, 37, 50, 50L, 52, 52L, 53, 56","arr":["1","3","4","5","5N","9","23","26","26L","28","28B","29","32B","35","36B","37","50","50L","52","52L","53","56"],"roundabout":0,"mode":"bus","color":"#0059a9","trolley":"mix"}},{"type":"Feature","geometry":{"type":"LineString","coordinates":[[23.590383,46.775791],[23.590067,46.776033]]},"properties":{"name":"Podul Traian","lines":"1, 3, 4, 5, 5N, 9, 23, 26, 26L, 28, 28B, 29, 32B, 35, 36B, 37, 50, 50L, 52, 52L, 53, 56","arr":["1","3","4","5","5N","9","23","26","26L","28","28B","29","32B","35","36B","37","50","50L","52","52L","53","56"],"roundabout":0,"mode":"bus","color":"#0059a9","trolley":"mix"}},{"type":"Feature","geometry":{"type":"LineString","coordinates":[[23.590545,46.775682],[23.590383,46.775791]]},"properties":{"name":"Strada Ion Popescu Voitești","lines":"1, 3, 4, 5, 5N, 9, 23, 26, 26L, 28, 28B, 29, 32B, 35, 36B, 37, 50, 50L, 52, 52L, 53, 56","arr":["1","3","4","5","5N","9","23","26","26L","28","28B","29","32B","35","36B","37","50","50L","52","52L","53","56"],"roundabout":0,"mode":"bus","color":"#0059a9","trolley":"mix"}},{"type":"Feature","geometry":{"type":"LineString","coordinates":[[23.590545,46.775682],[23.590608,46.775746]]},"properties":{"name":"Strada Iașilor","lines":"1, 29, 36B, 36L, 41, 50, 50D, 53","arr":["1","29","36B","36L","41","50","50D","53"],"roundabout":0,"mode":"bus","color":"#0059a9","trolley":"mix"}},{"type":"Feature","geometry":{"type":"LineString","coordinates":[[23.590608,46.775746],[23.590623,46.775768],[23.59064,46.775792],[23.590654,46.775803],[23.590679,46.775825],[23.590812,46.775942],[23.590958,46.776065],[23.591012,46.776101],[23.591936,46.776686],[23.592203,46.776822],[23.593333,46.777221]]},"properties":{"name":"Strada Iașilor","lines":"29, 36B, 36L, 41, 50, 50D, 53","arr":["29","36B","36L","41","50","50D","53"],"roundabout":0,"mode":"bus","color":"#0059a9"}},{"type":"Feature","geometry":{"type":"LineString","coordinates":[[23.590545,46.775682],[23.590507,46.775627],[23.590474,46.775582],[23.590418,46.775509]]},"properties":{"name":"Piața Mihai Viteazu","lines":"1, 9, 21, 26L, 29, 31, 32, 32B, 33, 36B, 38, 39, 39L, 52, 52L, 53, 56, A1, M31","arr":["1","9","21","26L","29","31","32","32B","33","36B","38","39","39L","52","52L","53","56","A1","M31"],"roundabout":0,"mode":"bus","color":"#0059a9","trolley":"mix"}},{"type":"Feature","geometry":{"type":"LineString","coordinates":[[23.590418,46.775509],[23.590316,46.7754]]},"properties":{"name":"Piața Mihai Viteazu","lines":"1, 9, 19, 21, 26L, 29, 31, 32, 32B, 33, 36B, 38, 39, 39L, 52, 52L, 53, A1, M31","arr":["1","9","19","21","26L","29","31","32","32B","33","36B","38","39","39L","52","52L","53","A1","M31"],"roundabout":0,"mode":"bus","color":"#0059a9","trolley":"mix"}},{"type":"Feature","geometry":{"type":"LineString","coordinates":[[23.590316,46.7754],[23.590222,46.775314],[23.589947,46.775107],[23.589709,46.774934]]},"properties":{"name":"Piața Mihai Viteazu","lines":"1, 9, 19, 21, 26L, 29, 31, 32, 32B, 33, 36B, 38, 39, 39L, 42, 52, 52L, 53, 56, A1, M31","arr":["1","9","19","21","26L","29","31","32","32B","33","36B","38","39","39L","42","52","52L","53","56","A1","M31"],"roundabout":0,"mode":"bus","color":"#0059a9","trolley":"mix"}},{"type":"Feature","geometry":{"type":"LineString","coordinates":[[23.589709,46.774934],[23.589593,46.774855]]},"properties":{"name":"Piața Mihai Viteazu","lines":"1, 9, 19, 26L, 29, 31, 38, 39, 39L, 42, 52, 52L, 56, M31","arr":["1","9","19","26L","29","31","38","39","39L","42","52","52L","56","M31"],"roundabout":0,"mode":"bus","color":"#0059a9","trolley":"mix"}},{"type":"Feature","geometry":{"type":"LineString","coordinates":[[23.589593,46.774855],[23.588328,46.773991],[23.588215,46.773918],[23.588189,46.773901],[23.588154,46.773878]]},"properties":{"name":"Piața Mihai Viteazu","lines":"1, 9, 19, 29, 31, 38, 39, 39L, 42, 52, 52L, 56, M31","arr":["1","9","19","29","31","38","39","39L","42","52","52L","56","M31"],"roundabout":0,"mode":"bus","color":"#0059a9","trolley":"mix"}},{"type":"Feature","geometry":{"type":"LineString","coordinates":[[23.588154,46.773878],[23.588036,46.773801]]},"properties":{"name":"Piața Mihai Viteazu","lines":"1, 5, 9, 19, 28, 29, 31, 38, 39, 39L, 42, 44, 52, 52L, 56, M31","arr":["1","5","9","19","28","29","31","38","39","39L","42","44","52","52L","56","M31"],"roundabout":0,"mode":"bus","color":"#0059a9","trolley":"mix"}},{"type":"Feature","geometry":{"type":"LineString","coordinates":[[23.588129,46.773672],[23.588036,46.773801]]},"properties":{"name":"Strada Regele Ferdinand","lines":"1, 3, 4, 5, 9, 19, 22, 28, 29, 31, 32B, 35, 36L, 37, 38, 39, 39L, 42, 44, 52, 52L, M31","arr":["1","3","4","5","9","19","22","28","29","31","32B","35","36L","37","38","39","39L","42","44","52","52L","M31"],"roundabout":0,"mode":"bus","color":"#0059a9","trolley":"mix"}},{"type":"Feature","geometry":{"type":"LineString","coordinates":[[23.588129,46.773672],[23.588147,46.773646],[23.588196,46.773574],[23.588233,46.773527],[23.588373,46.773363],[23.588425,46.773299],[23.588669,46.773022],[23.588686,46.773002],[23.588696,46.77299],[23.588712,46.772973],[23.588718,46.772967],[23.588961,46.772706],[23.589128,46.772514],[23.589337,46.772229],[23.589374,46.772172],[23.589409,46.77212],[23.589416,46.772109],[23.589484,46.771987],[23.589855,46.771305],[23.589887,46.771247],[23.589946,46.771136],[23.589971,46.771092],[23.59002,46.771004]]},"properties":{"name":"Strada Regele Ferdinand","lines":"1, 3, 4, 5, 8, 9, 19, 22, 25N, 29, 29S, 32B, 35, 42, 44, 47, 52, 52L, A1","arr":["1","3","4","5","8","9","19","22","25N","29","29S","32B","35","42","44","47","52","52L","A1"],"roundabout":0,"mode":"bus","color":"#0059a9","trolley":"mix"}},{"type":"Feature","geometry":{"type":"LineString","coordinates":[[23.563392,46.760645],[23.563208,46.76063],[23.563108,46.760624],[23.563003,46.760616],[23.562929,46.760613],[23.5628,46.760607],[23.562728,46.760604],[23.562674,46.760601],[23.562544,46.76059],[23.562451,46.760578],[23.562368,46.760565],[23.562192,46.760534],[23.562102,46.760517]]},"properties":{"name":"Calea Mănăștur","lines":"1, 7, 14, 24B, 29, 29S, 52, 52L","arr":["1","7","14","24B","29","29S","52","52L"],"roundabout":0,"mode":"bus","color":"#0059a9","trolley":"mix"}},{"type":"Feature","geometry":{"type":"LineString","coordinates":[[23.562102,46.760517],[23.561997,46.76051],[23.561548,46.760476],[23.561199,46.76045]]},"properties":{"name":"Calea Mănăștur","lines":"1, 6, 7, 9, 14, 24, 24B, 25, 29, 29S, 52, 52L","arr":["1","6","7","9","14","24","24B","25","29","29S","52","52L"],"roundabout":0,"mode":"bus","color":"#0059a9","trolley":"mix"}},{"type":"Feature","geometry":{"type":"LineString","coordinates":[[23.561199,46.76045],[23.560796,46.760471],[23.560461,46.760479],[23.560248,46.760478],[23.559771,46.760449],[23.559728,46.760447],[23.558495,46.76038],[23.558377,46.760387],[23.558268,46.760398],[23.55812,46.760437],[23.558,46.760476],[23.557848,46.760511],[23.55767,46.760538]]},"properties":{"name":"Calea Mănăștur","lines":"1, 6, 7, 14, 25","arr":["1","6","7","14","25"],"roundabout":0,"mode":"bus","color":"#149a3f","trolley":"all"}},{"type":"Feature","geometry":{"type":"LineString","coordinates":[[23.55767,46.760538],[23.557548,46.760567],[23.55742,46.760577],[23.557292,46.760569],[23.55717,46.760542],[23.557125,46.760527],[23.557064,46.760501],[23.557009,46.76047],[23.556959,46.760435],[23.556915,46.760397],[23.556878,46.760355],[23.556841,46.760303],[23.556824,46.760255],[23.556813,46.760211],[23.556814,46.760134],[23.556814,46.760108],[23.556853,46.760008],[23.556926,46.759918],[23.557029,46.759843]]},"properties":{"name":"Strada Primăverii","lines":"1, 6, 7, 14, 25","arr":["1","6","7","14","25"],"roundabout":0,"mode":"bus","color":"#149a3f","trolley":"all"}},{"type":"Feature","geometry":{"type":"LineString","coordinates":[[23.557168,46.759719],[23.557182,46.759702],[23.557213,46.759668],[23.557241,46.759621],[23.557258,46.75958],[23.557268,46.759539],[23.557271,46.759494],[23.557269,46.759433],[23.557255,46.759344],[23.557237,46.759277],[23.557123,46.759026],[23.556968,46.758687],[23.556845,46.758444],[23.556837,46.758426],[23.556817,46.758388],[23.556791,46.758345],[23.55666,46.758071],[23.556624,46.757972],[23.556581,46.757846],[23.556573,46.757802],[23.556594,46.757751],[23.556605,46.757725],[23.55656,46.75752],[23.556535,46.757382],[23.556527,46.757307],[23.556529,46.757036],[23.55653,46.75695],[23.556531,46.756809],[23.556536,46.756685],[23.55653,46.756627],[23.556508,46.756484],[23.556484,46.756329]]},"properties":{"name":"Strada Primăverii","lines":"1, 6, 7, 14, 25","arr":["1","6","7","14","25"],"roundabout":0,"mode":"bus","color":"#149a3f","trolley":"all","nolabel":1}},{"type":"Feature","geometry":{"type":"LineString","coordinates":[[23.556886,46.760527],[23.556894,46.760461]]},"properties":{"name":"Strada Plopilor","lines":"14","arr":["14"],"roundabout":0,"mode":"bus","color":"#149a3f","trolley":"all"}},{"type":"Feature","geometry":{"type":"LineString","coordinates":[[23.556699,46.760254],[23.55666,46.760241]]},"properties":{"name":"Strada Plopilor","lines":"14","arr":["14"],"roundabout":0,"mode":"bus","color":"#149a3f","trolley":"all"}},{"type":"Feature","geometry":{"type":"LineString","coordinates":[[23.556885,46.760399],[23.556878,46.760355]]},"properties":{"name":"Strada Plopilor","lines":"1","arr":["1"],"roundabout":0,"mode":"bus","color":"#149a3f","trolley":"all"}},{"type":"Feature","geometry":{"type":"LineString","coordinates":[[23.557029,46.759843],[23.557168,46.759719]]},"properties":{"name":"Strada Primăverii","lines":"1, 6, 7, 14, 25, M23, M26","arr":["1","6","7","14","25","M23","M26"],"roundabout":0,"mode":"bus","color":"#0059a9","trolley":"mix"}},{"type":"Feature","geometry":{"type":"LineString","coordinates":[[23.556807,46.755516],[23.556746,46.755617],[23.556685,46.75573],[23.556638,46.755809],[23.556576,46.755924],[23.556534,46.756049],[23.556508,46.756176],[23.556484,46.756329]]},"properties":{"name":"Strada Primăverii","lines":"1, 7, 14","arr":["1","7","14"],"roundabout":0,"mode":"bus","color":"#149a3f","trolley":"all","nolabel":1}},{"type":"Feature","geometry":{"type":"LineString","coordinates":[[23.55749,46.755294],[23.557241,46.755347],[23.557133,46.755386],[23.556807,46.755516]]},"properties":{"name":"Strada Izlazului","lines":"1, 7, 14","arr":["1","7","14"],"roundabout":0,"mode":"bus","color":"#149a3f","trolley":"all"}},{"type":"Feature","geometry":{"type":"LineString","coordinates":[[23.554693,46.754545],[23.55463,46.754536],[23.554571,46.754532],[23.554474,46.75452],[23.554289,46.75448],[23.553219,46.754285],[23.553122,46.754254],[23.553057,46.754233],[23.552972,46.754205]]},"properties":{"name":"Strada Primăverii","lines":"1, 6, 14, 25, 43, 43B, 43P","arr":["1","6","14","25","43","43B","43P"],"roundabout":0,"mode":"bus","color":"#0059a9","trolley":"mix","nolabel":1}},{"type":"Feature","geometry":{"type":"LineString","coordinates":[[23.551674,46.753999],[23.551579,46.753993],[23.551493,46.754008],[23.551278,46.753973],[23.551187,46.753956],[23.550749,46.753813],[23.550662,46.753767],[23.550598,46.75373],[23.550573,46.753718]]},"properties":{"name":"Strada Primăverii","lines":"1, 6, 25","arr":["1","6","25"],"roundabout":0,"mode":"bus","color":"#149a3f","trolley":"all","nolabel":1}},{"type":"Feature","geometry":{"type":"LineString","coordinates":[[23.550573,46.753718],[23.550501,46.753643],[23.550403,46.753589]]},"properties":{"name":"Strada Primăverii","lines":"1, 6, 25, 43B","arr":["1","6","25","43B"],"roundabout":0,"mode":"bus","color":"#0059a9","trolley":"mix"}},{"type":"Feature","geometry":{"type":"LineString","coordinates":[[23.630219,46.768146],[23.630277,46.768184],[23.630304,46.768202],[23.630325,46.768223],[23.630345,46.768252],[23.630357,46.768287],[23.630363,46.768332],[23.630361,46.76838],[23.630358,46.76844],[23.630353,46.768508]]},"properties":{"name":"","lines":"3","arr":["3"],"roundabout":0,"mode":"bus","color":"#149a3f","trolley":"all"}},{"type":"Feature","geometry":{"type":"LineString","coordinates":[[23.630366,46.76855],[23.63043,46.768597],[23.630509,46.768652],[23.630561,46.768676],[23.630619,46.768701],[23.630698,46.768725],[23.630642,46.768738],[23.63057,46.768745],[23.630483,46.76875],[23.630407,46.768749],[23.630328,46.768741],[23.630289,46.768728],[23.630237,46.768706]]},"properties":{"name":"Strada Mareșal Constantin Prezan","lines":"3, 44","arr":["3","44"],"roundabout":0,"mode":"bus","color":"#0059a9","trolley":"mix"}},{"type":"Feature","geometry":{"type":"LineString","coordinates":[[23.629901,46.768569],[23.629877,46.768499],[23.629853,46.768441],[23.629809,46.768363],[23.629783,46.768318],[23.629753,46.768278],[23.629703,46.768191],[23.629615,46.768116]]},"properties":{"name":"Strada Unirii","lines":"3, 24B, 25, 34, 45, 48, 48L, 57, 57L","arr":["3","24B","25","34","45","48","48L","57","57L"],"roundabout":0,"mode":"bus","color":"#0059a9","trolley":"mix"}},{"type":"Feature","geometry":{"type":"LineString","coordinates":[[23.629615,46.768116],[23.629558,46.768078],[23.629497,46.768043],[23.629433,46.768012],[23.629368,46.767985],[23.629265,46.767955],[23.629167,46.767935],[23.629043,46.767918],[23.628874,46.767915],[23.628798,46.767915],[23.628641,46.767914]]},"properties":{"name":"Strada Unirii","lines":"3, 10, 25, 25N, 34, 48, 48L, 57, 57L","arr":["3","10","25","25N","34","48","48L","57","57L"],"roundabout":0,"mode":"bus","color":"#0059a9","trolley":"mix"}},{"type":"Feature","geometry":{"type":"LineString","coordinates":[[23.628447,46.767911],[23.628245,46.767905],[23.627871,46.767895],[23.627774,46.76789],[23.62746,46.767886],[23.626643,46.767873],[23.626581,46.76787],[23.625967,46.76786],[23.625504,46.767847],[23.625234,46.76785],[23.625098,46.767857],[23.624978,46.767867],[23.624821,46.767887],[23.624621,46.767926],[23.624548,46.767943],[23.624518,46.76795],[23.624417,46.767977],[23.623921,46.768114],[23.623788,46.768148],[23.623636,46.768188],[23.623392,46.768247],[23.623167,46.768297],[23.623034,46.768314],[23.622681,46.76833],[23.622617,46.768329],[23.6226,46.768329],[23.622517,46.768328],[23.622365,46.768327],[23.622298,46.768326],[23.620785,46.768299],[23.620743,46.768298],[23.620693,46.768299],[23.620502,46.768308],[23.620429,46.768315],[23.620359,46.768327],[23.620221,46.768362],[23.620085,46.768411],[23.619998,46.768442],[23.619423,46.768647]]},"properties":{"name":"Strada Unirii","lines":"3, 10, 25, 25N, 34, 48, 48L, 57, 57L","arr":["3","10","25","25N","34","48","48L","57","57L"],"roundabout":0,"mode":"bus","color":"#0059a9","trolley":"mix"}},{"type":"Feature","geometry":{"type":"LineString","coordinates":[[23.628641,46.767914],[23.628508,46.767912],[23.628447,46.767911]]},"properties":{"name":"Strada Unirii","lines":"3, 10, 25N, 34, 48, 48L, 57, 57L","arr":["3","10","25N","34","48","48L","57","57L"],"roundabout":0,"mode":"bus","color":"#0059a9","trolley":"mix"}},{"type":"Feature","geometry":{"type":"LineString","coordinates":[[23.619423,46.768647],[23.619346,46.768686],[23.619218,46.768749]]},"properties":{"name":"Strada Unirii","lines":"3, 10, 25, 34, 48, 48L, 57","arr":["3","10","25","34","48","48L","57"],"roundabout":0,"mode":"bus","color":"#0059a9","trolley":"mix"}},{"type":"Feature","geometry":{"type":"LineString","coordinates":[[23.619218,46.768749],[23.619073,46.768819]]},"properties":{"name":"Strada Unirii","lines":"3, 10, 25, 33, 34, 48, 48L, 57","arr":["3","10","25","33","34","48","48L","57"],"roundabout":0,"mode":"bus","color":"#0059a9","trolley":"mix"}},{"type":"Feature","geometry":{"type":"LineString","coordinates":[[23.618722,46.768888],[23.61858,46.768879],[23.618441,46.768878],[23.618345,46.76888],[23.618231,46.768883],[23.618012,46.768893]]},"properties":{"name":"Bulevardul Nicolae Titulescu","lines":"3, 10, 25, 33, 44, 45, 57","arr":["3","10","25","33","44","45","57"],"roundabout":0,"mode":"bus","color":"#0059a9","trolley":"mix"}},{"type":"Feature","geometry":{"type":"LineString","coordinates":[[23.602776,46.768191],[23.602638,46.768163],[23.602316,46.768081],[23.602313,46.76808],[23.601918,46.767976],[23.601402,46.76784],[23.601323,46.767818]]},"properties":{"name":"Bulevardul Nicolae Titulescu","lines":"3, 10, 25, 33, 44, 45, 57","arr":["3","10","25","33","44","45","57"],"roundabout":0,"mode":"bus","color":"#0059a9","trolley":"mix"}},{"type":"Feature","geometry":{"type":"LineString","coordinates":[[23.618012,46.768893],[23.617658,46.768945],[23.61706,46.769014],[23.616467,46.769083],[23.616377,46.769095],[23.61631,46.769103],[23.616259,46.76911],[23.6162,46.769117],[23.615709,46.769174],[23.615508,46.7692],[23.614257,46.76935],[23.613587,46.769424],[23.61331,46.769448],[23.613038,46.769461],[23.612856,46.769465],[23.612607,46.769464],[23.612572,46.769464],[23.612359,46.769459],[23.612298,46.769458],[23.612138,46.769453],[23.61198,46.769444],[23.611661,46.769423],[23.609952,46.769304],[23.609702,46.769289]]},"properties":{"name":"Bulevardul Nicolae Titulescu","lines":"3, 10, 25, 25N, 33, 44, 45, 57, 57L","arr":["3","10","25","25N","33","44","45","57","57L"],"roundabout":0,"mode":"bus","color":"#0059a9","trolley":"mix"}},{"type":"Feature","geometry":{"type":"LineString","coordinates":[[23.608493,46.769195],[23.608293,46.769183],[23.608113,46.769171],[23.608021,46.769166],[23.607927,46.769158],[23.607622,46.769138],[23.607288,46.769108],[23.60688,46.769061],[23.606487,46.769],[23.605933,46.768916],[23.605334,46.768824],[23.605025,46.768769],[23.604745,46.768711],[23.604379,46.768616],[23.60391,46.768493],[23.603589,46.768407],[23.603145,46.768297],[23.6029,46.768227],[23.602776,46.768191]]},"properties":{"name":"Bulevardul Nicolae Titulescu","lines":"3, 10, 25, 25N, 33, 44, 45, 57, 57L","arr":["3","10","25","25N","33","44","45","57","57L"],"roundabout":0,"mode":"bus","color":"#0059a9","trolley":"mix"}},{"type":"Feature","geometry":{"type":"LineString","coordinates":[[23.617658,46.768945],[23.617632,46.76904]]},"properties":{"name":"Strada Bistriței","lines":"3","arr":["3"],"roundabout":0,"mode":"bus","color":"#149a3f","trolley":"all"}},{"type":"Feature","geometry":{"type":"LineString","coordinates":[[23.609702,46.769289],[23.609581,46.769299],[23.609459,46.76931],[23.609401,46.769317],[23.60934,46.769324],[23.609223,46.769343]]},"properties":{"name":"Bulevardul Nicolae Titulescu","lines":"3, 10, 25, 33, 44, 45, 57, 57L","arr":["3","10","25","33","44","45","57","57L"],"roundabout":0,"mode":"bus","color":"#0059a9","trolley":"mix"}},{"type":"Feature","geometry":{"type":"LineString","coordinates":[[23.608968,46.769318],[23.60885,46.769283],[23.608732,46.769253],[23.608664,46.769237],[23.608493,46.769195]]},"properties":{"name":"Bulevardul Nicolae Titulescu","lines":"3, 10, 25, 33, 44, 45, 57, 57L","arr":["3","10","25","33","44","45","57","57L"],"roundabout":0,"mode":"bus","color":"#0059a9","trolley":"mix"}},{"type":"Feature","geometry":{"type":"LineString","coordinates":[[23.609036,46.769453],[23.60901,46.769391]]},"properties":{"name":"Strada Septimiu Albini","lines":"3","arr":["3"],"roundabout":0,"mode":"bus","color":"#149a3f","trolley":"all"}},{"type":"Feature","geometry":{"type":"LineString","coordinates":[[23.601323,46.767818],[23.601091,46.767754]]},"properties":{"name":"Bulevardul Nicolae Titulescu","lines":"3, 10, 18, 25, 33, 44, 45, 57, M13, M61","arr":["3","10","18","25","33","44","45","57","M13","M61"],"roundabout":0,"mode":"bus","color":"#0059a9","trolley":"mix"}},{"type":"Feature","geometry":{"type":"LineString","coordinates":[[23.601091,46.767754],[23.600942,46.76771],[23.600332,46.767536],[23.600268,46.767525],[23.600197,46.76752],[23.60015,46.767523],[23.60008,46.76753]]},"properties":{"name":"Bulevardul Nicolae Titulescu","lines":"3, 10, 18, 20, 25, 32, 32B, 33, 44, 45, M13, M61","arr":["3","10","18","20","25","32","32B","33","44","45","M13","M61"],"roundabout":0,"mode":"bus","color":"#0059a9","trolley":"mix"}},{"type":"Feature","geometry":{"type":"LineString","coordinates":[[23.60008,46.76753],[23.600012,46.767543],[23.599937,46.76757],[23.599879,46.7676]]},"properties":{"name":"Piața Timotei Cipariu","lines":"3, 10, 18, 20, 25, 32, 32B, 33, 44, 45, M13, M61","arr":["3","10","18","20","25","32","32B","33","44","45","M13","M61"],"roundabout":0,"mode":"bus","color":"#0059a9","trolley":"mix"}},{"type":"Feature","geometry":{"type":"LineString","coordinates":[[23.599784,46.767679],[23.599692,46.767764]]},"properties":{"name":"Piața Timotei Cipariu","lines":"3, 10, 18, 20, 25, 32, 32B, 33, 44, 45, M13, M61","arr":["3","10","18","20","25","32","32B","33","44","45","M13","M61"],"roundabout":0,"mode":"bus","color":"#0059a9","trolley":"mix"}},{"type":"Feature","geometry":{"type":"LineString","coordinates":[[23.599879,46.7676],[23.599784,46.767679]]},"properties":{"name":"Piața Timotei Cipariu","lines":"3, 10, 18, 20, 21, 25, 32, 32B, 33, 44, 45, 46B, 50L, 54N, M13, M61","arr":["3","10","18","20","21","25","32","32B","33","44","45","46B","50L","54N","M13","M61"],"roundabout":0,"mode":"bus","color":"#0059a9","trolley":"mix"}},{"type":"Feature","geometry":{"type":"LineString","coordinates":[[23.599692,46.767764],[23.59928,46.768384],[23.599229,46.76847],[23.599196,46.768529],[23.599121,46.768643],[23.599093,46.768685]]},"properties":{"name":"Piața Timotei Cipariu","lines":"3, 10, 18, 20, 21, 25, 32, 32B, 33, 35, 40, 44, 45, 46, 46B, 46L, 50, 50D, 50L, 54N, M11, M12, M13, M16, M61","arr":["3","10","18","20","21","25","32","32B","33","35","40","44","45","46","46B","46L","50","50D","50L","54N","M11","M12","M13","M16","M61"],"roundabout":0,"mode":"bus","color":"#0059a9","trolley":"mix"}},{"type":"Feature","geometry":{"type":"LineString","coordinates":[[23.599186,46.768715],[23.599093,46.768685]]},"properties":{"name":"Strada General Traian Moșoiu","lines":"3","arr":["3"],"roundabout":0,"mode":"bus","color":"#149a3f","trolley":"all"}},{"type":"Feature","geometry":{"type":"LineString","coordinates":[[23.599093,46.768685],[23.599033,46.768784],[23.599024,46.768798],[23.599002,46.76883],[23.598795,46.769139],[23.598708,46.769264],[23.598507,46.769554],[23.598343,46.76979],[23.598281,46.76988],[23.598264,46.769904],[23.59764,46.770767],[23.597606,46.770814],[23.597537,46.770911]]},"properties":{"name":"Piața Ștefan cel Mare","lines":"3, 10, 21, 25, 32, 32B, 33, 35, 44, 45, 46, 46B, 46L, 50, 50D, 50L, 54N","arr":["3","10","21","25","32","32B","33","35","44","45","46","46B","46L","50","50D","50L","54N"],"roundabout":0,"mode":"bus","color":"#0059a9","trolley":"mix"}},{"type":"Feature","geometry":{"type":"LineString","coordinates":[[23.597537,46.770911],[23.597492,46.770973],[23.597471,46.770999],[23.597237,46.771377]]},"properties":{"name":"Piața Avram Iancu","lines":"3, 10, 21, 25, 32, 32B, 33, 35, 44, 46, 46L, 50, 50D, 50L, 54N","arr":["3","10","21","25","32","32B","33","35","44","46","46L","50","50D","50L","54N"],"roundabout":0,"mode":"bus","color":"#0059a9","trolley":"mix"}},{"type":"Feature","geometry":{"type":"LineString","coordinates":[[23.597237,46.771377],[23.596903,46.771899],[23.596555,46.77242],[23.596408,46.772651],[23.596375,46.772704],[23.596337,46.772766],[23.596331,46.772777],[23.596296,46.772835]]},"properties":{"name":"Piața Avram Iancu","lines":"3, 10, 21, 25, 32, 32B, 33, 35, 44, 46, 50, 50D, 50L, 54N","arr":["3","10","21","25","32","32B","33","35","44","46","50","50D","50L","54N"],"roundabout":0,"mode":"bus","color":"#0059a9","trolley":"mix"}},{"type":"Feature","geometry":{"type":"LineString","coordinates":[[23.588129,46.773672],[23.588254,46.773763]]},"properties":{"name":"Piața Mihai Viteazu","lines":"3, 5, 8, 19, 25N, 26, 26L, 28, 28B, 29, 29S, 31, 36L, 37, 38, 39, 39L, 41, 42, 44, 47, A1, M26, M31","arr":["3","5","8","19","25N","26","26L","28","28B","29","29S","31","36L","37","38","39","39L","41","42","44","47","A1","M26","M31"],"roundabout":0,"mode":"bus","color":"#0059a9","trolley":"mix"}},{"type":"Feature","geometry":{"type":"LineString","coordinates":[[23.588254,46.773763],[23.588272,46.773777],[23.588336,46.773802],[23.588404,46.773823],[23.58846,46.773838],[23.589205,46.773998]]},"properties":{"name":"Piața Mihai Viteazu","lines":"8, 19, 25N, 26, 26L, 28, 28B, 29, 29S, 31, 36L, 37, 38, 39, 39L, 41, 42, 44, 47, A1, M26, M31","arr":["8","19","25N","26","26L","28","28B","29","29S","31","36L","37","38","39","39L","41","42","44","47","A1","M26","M31"],"roundabout":0,"mode":"bus","color":"#0059a9","trolley":"mix"}},{"type":"Feature","geometry":{"type":"LineString","coordinates":[[23.588036,46.773801],[23.587966,46.773874],[23.587744,46.774132],[23.587576,46.774359],[23.587468,46.774505],[23.587358,46.774672],[23.587308,46.774749]]},"properties":{"name":"Strada Horea","lines":"3, 4, 5, 9, 22, 28, 31, 32B, 35, 36L, 37, 38, 39, 39L, 44, 56, M31","arr":["3","4","5","9","22","28","31","32B","35","36L","37","38","39","39L","44","56","M31"],"roundabout":0,"mode":"bus","color":"#0059a9","trolley":"mix","nolabel":1}},{"type":"Feature","geometry":{"type":"LineString","coordinates":[[23.587308,46.774749],[23.587296,46.774882],[23.587224,46.775718],[23.587206,46.775887],[23.587175,46.77618],[23.587128,46.776655],[23.587125,46.776712],[23.587122,46.776833],[23.587121,46.776874]]},"properties":{"name":"Strada Horea","lines":"3, 4, 5, 9, 22, 27, 31, 32B, 35, 37, 38, 39, 39L, 56, M31","arr":["3","4","5","9","22","27","31","32B","35","37","38","39","39L","56","M31"],"roundabout":0,"mode":"bus","color":"#0059a9","trolley":"mix","nolabel":1}},{"type":"Feature","geometry":{"type":"LineString","coordinates":[[23.587121,46.776874],[23.587152,46.776922],[23.587187,46.776986],[23.587218,46.777358],[23.587221,46.777387],[23.587239,46.777512],[23.587266,46.77774],[23.58727,46.777817],[23.587279,46.777997],[23.587269,46.778029],[23.58722,46.778199],[23.587192,46.778269],[23.5872,46.779016],[23.587204,46.779319],[23.587215,46.779491],[23.587252,46.77987],[23.58728,46.780182],[23.587304,46.780446],[23.587312,46.780513],[23.587317,46.7806],[23.587364,46.781143],[23.587401,46.781579],[23.587411,46.781696],[23.587449,46.782239],[23.587472,46.782578],[23.587483,46.782732]]},"properties":{"name":"Strada Horea","lines":"3, 4, 5, 9, 22, 27, 31, 32B, 35, 39, 39L, 56, M31","arr":["3","4","5","9","22","27","31","32B","35","39","39L","56","M31"],"roundabout":0,"mode":"bus","color":"#0059a9","trolley":"mix","nolabel":1}},{"type":"Feature","geometry":{"type":"LineString","coordinates":[[23.587539,46.78396],[23.587538,46.783941],[23.587533,46.783816],[23.587529,46.78372],[23.587496,46.783005],[23.587483,46.782732]]},"properties":{"name":"Strada Horea","lines":"3, 4, 5, 9, 22, 27, 31, 32B, 35, 39, 39L, 56, M31, M35","arr":["3","4","5","9","22","27","31","32B","35","39","39L","56","M31","M35"],"roundabout":0,"mode":"bus","color":"#0059a9","trolley":"mix","nolabel":1}},{"type":"Feature","geometry":{"type":"LineString","coordinates":[[23.587539,46.78396],[23.587551,46.783978],[23.587562,46.783994],[23.587582,46.784014],[23.58759,46.784021],[23.587619,46.784041],[23.587647,46.784056],[23.587692,46.784074],[23.587753,46.784094],[23.587964,46.784149]]},"properties":{"name":"Piața Gării","lines":"3, 4, 5, 9, 22, 27, 32B, 35, 56, M33, M35","arr":["3","4","5","9","22","27","32B","35","56","M33","M35"],"roundabout":0,"mode":"bus","color":"#0059a9","trolley":"mix","nolabel":1}},{"type":"Feature","geometry":{"type":"LineString","coordinates":[[23.587964,46.784149],[23.588006,46.78416]]},"properties":{"name":"Piața Gării","lines":"3, 4, 5, 9, 27, 32B, 35, 56, M33, M35","arr":["3","4","5","9","27","32B","35","56","M33","M35"],"roundabout":0,"mode":"bus","color":"#0059a9","trolley":"mix"}},{"type":"Feature","geometry":{"type":"LineString","coordinates":[[23.588006,46.78416],[23.588036,46.784165]]},"properties":{"name":"Piața Gării","lines":"4, 5, 9, 32B, 35, 56, M33, M35","arr":["4","5","9","32B","35","56","M33","M35"],"roundabout":0,"mode":"bus","color":"#0059a9","trolley":"mix"}},{"type":"Feature","geometry":{"type":"LineString","coordinates":[[23.588036,46.784165],[23.58813,46.784186],[23.588425,46.784254]]},"properties":{"name":"Piața Gării","lines":"34, 56, M33, M35, M39","arr":["34","56","M33","M35","M39"],"roundabout":0,"mode":"bus","color":"#0059a9"}},{"type":"Feature","geometry":{"type":"LineString","coordinates":[[23.588425,46.784254],[23.588712,46.784317],[23.588803,46.784339]]},"properties":{"name":"Piața Gării","lines":"3, 4, 5, 5N, 9, 22, 27, 32B, 34, 35, 56, M33, M35, M39, M39L","arr":["3","4","5","5N","9","22","27","32B","34","35","56","M33","M35","M39","M39L"],"roundabout":0,"mode":"bus","color":"#0059a9","trolley":"mix","nolabel":1}},{"type":"Feature","geometry":{"type":"LineString","coordinates":[[23.588803,46.784339],[23.588867,46.784315],[23.588876,46.784308],[23.588893,46.784296],[23.588977,46.784223],[23.589166,46.783986],[23.589327,46.783805],[23.589722,46.78336],[23.590016,46.783104],[23.590279,46.782883],[23.590619,46.782646]]},"properties":{"name":"Strada Burebista","lines":"3, 4, 5, 5N, 9, 22, 27, 32B, 35, 56","arr":["3","4","5","5N","9","22","27","32B","35","56"],"roundabout":0,"mode":"bus","color":"#0059a9","trolley":"mix"}},{"type":"Feature","geometry":{"type":"LineString","coordinates":[[23.590619,46.782646],[23.590734,46.782605],[23.59097,46.782536],[23.591117,46.782493],[23.591677,46.78233],[23.591686,46.782326],[23.592018,46.782174]]},"properties":{"name":"Strada Iuliu Coroianu","lines":"3, 4, 5, 5N, 9, 22, 27, 32B, 35, 56","arr":["3","4","5","5N","9","22","27","32B","35","56"],"roundabout":0,"mode":"bus","color":"#0059a9","trolley":"mix"}},{"type":"Feature","geometry":{"type":"LineString","coordinates":[[23.592018,46.782174],[23.592143,46.782151],[23.592242,46.782151]]},"properties":{"name":"Strada Iuliu Coroianu","lines":"3, 5, 5N, 27, 32B, 56","arr":["3","5","5N","27","32B","56"],"roundabout":0,"mode":"bus","color":"#0059a9","trolley":"mix"}},{"type":"Feature","geometry":{"type":"LineString","coordinates":[[23.592164,46.781971],[23.592242,46.782151]]},"properties":{"name":"Strada Traian","lines":"3, 5, 5N, 26, 26L, 27, 32B, 56","arr":["3","5","5N","26","26L","27","32B","56"],"roundabout":0,"mode":"bus","color":"#0059a9","trolley":"mix"}},{"type":"Feature","geometry":{"type":"LineString","coordinates":[[23.592164,46.781971],[23.592161,46.781931],[23.592087,46.781719],[23.591953,46.781438],[23.591895,46.781318],[23.59187,46.781267],[23.591843,46.781207],[23.591755,46.780905],[23.591742,46.780836],[23.591726,46.780623],[23.591722,46.780573],[23.591683,46.780053],[23.591655,46.779696],[23.591648,46.779605]]},"properties":{"name":"Strada Traian","lines":"3, 4, 5, 5N, 9, 22, 26, 26L, 27, 32B, 35, 56","arr":["3","4","5","5N","9","22","26","26L","27","32B","35","56"],"roundabout":0,"mode":"bus","color":"#0059a9","trolley":"mix"}},{"type":"Feature","geometry":{"type":"LineString","coordinates":[[23.590545,46.775682],[23.590618,46.775639]]},"properties":{"name":"Strada Ion Popescu Voitești","lines":"3, 4, 5, 5N, 21, 23, 26, 28, 28B, 29, 31, 32, 33, 35, 36B, 36L, 37, 38, 39, 39L, 41, 50, 50D, 50L, 53, A1, M31","arr":["3","4","5","5N","21","23","26","28","28B","29","31","32","33","35","36B","36L","37","38","39","39L","41","50","50D","50L","53","A1","M31"],"roundabout":0,"mode":"bus","color":"#0059a9","trolley":"mix"}},{"type":"Feature","geometry":{"type":"LineString","coordinates":[[23.590618,46.775639],[23.59072,46.775571]]},"properties":{"name":"Strada Ion Popescu Voitești","lines":"3, 4, 5, 5N, 21, 23, 26, 28, 28B, 29, 31, 32, 33, 35, 36B, 36L, 37, 38, 39, 39L, 41, 50, 50D, 50L, 53, A1","arr":["3","4","5","5N","21","23","26","28","28B","29","31","32","33","35","36B","36L","37","38","39","39L","41","50","50D","50L","53","A1"],"roundabout":0,"mode":"bus","color":"#0059a9","trolley":"mix"}},{"type":"Feature","geometry":{"type":"LineString","coordinates":[[23.59072,46.775571],[23.590851,46.775481],[23.590985,46.775371],[23.591025,46.775337],[23.591499,46.774945],[23.591676,46.774811],[23.591687,46.774803],[23.591766,46.774743]]},"properties":{"name":"Strada Ion Popescu Voitești","lines":"3, 4, 5, 5N, 21, 23, 26, 28, 28B, 29, 32, 33, 35, 36B, 36L, 41, 50, 50D, 50L, 53, A1","arr":["3","4","5","5N","21","23","26","28","28B","29","32","33","35","36B","36L","41","50","50D","50L","53","A1"],"roundabout":0,"mode":"bus","color":"#0059a9","trolley":"mix"}},{"type":"Feature","geometry":{"type":"LineString","coordinates":[[23.591766,46.774743],[23.591851,46.774639],[23.591878,46.774603],[23.591924,46.774517],[23.59196,46.774428],[23.591984,46.774353]]},"properties":{"name":"Strada Ion Popescu Voitești","lines":"3, 4, 5, 5N, 23, 35, 50, 50L","arr":["3","4","5","5N","23","35","50","50L"],"roundabout":0,"mode":"bus","color":"#0059a9","trolley":"mix"}},{"type":"Feature","geometry":{"type":"LineString","coordinates":[[23.59201,46.774293],[23.592036,46.774256],[23.592062,46.774236],[23.592091,46.774223],[23.592119,46.774211]]},"properties":{"name":"Strada Ion Popescu Voitești","lines":"3, 4, 5, 5N, 23, 35, 50, 50L","arr":["3","4","5","5N","23","35","50","50L"],"roundabout":0,"mode":"bus","color":"#0059a9","trolley":"mix"}},{"type":"Feature","geometry":{"type":"LineString","coordinates":[[23.591984,46.774353],[23.59201,46.774293]]},"properties":{"name":"Strada Ion Popescu Voitești","lines":"3, 4, 5, 5N, 23, 35, 38, 50, 50L","arr":["3","4","5","5N","23","35","38","50","50L"],"roundabout":0,"mode":"bus","color":"#0059a9","trolley":"mix"}},{"type":"Feature","geometry":{"type":"LineString","coordinates":[[23.592119,46.774211],[23.592173,46.774179],[23.592273,46.774114],[23.592387,46.774035]]},"properties":{"name":"Strada Cuza Vodă","lines":"3, 4, 5, 5N, 8, 21, 23, 25N, 32, 32B, 33, 35, 44, 47, 50, 50L, A1","arr":["3","4","5","5N","8","21","23","25N","32","32B","33","35","44","47","50","50L","A1"],"roundabout":0,"mode":"bus","color":"#0059a9","trolley":"mix"}},{"type":"Feature","geometry":{"type":"LineString","coordinates":[[23.592387,46.774035],[23.5924,46.774016],[23.59241,46.773999],[23.592434,46.773937],[23.59249,46.773797],[23.592506,46.773758],[23.592524,46.773721],[23.592547,46.773677],[23.59257,46.773645],[23.592602,46.773615],[23.592641,46.77359],[23.592685,46.773568],[23.592735,46.773549],[23.592787,46.773532],[23.592857,46.773515],[23.592928,46.773501],[23.593078,46.773476],[23.593513,46.773408],[23.593938,46.773326],[23.593952,46.773323],[23.594233,46.773259],[23.59441,46.773211],[23.594544,46.773172],[23.594638,46.773138],[23.594714,46.773102],[23.594797,46.773061],[23.594899,46.772996],[23.595144,46.772818],[23.595307,46.772687],[23.595353,46.77265],[23.595412,46.772571],[23.595429,46.772548]]},"properties":{"name":"Strada Cuza Vodă","lines":"3, 4, 5, 5N, 8, 21, 23, 25N, 32, 32B, 33, 35, 44, 47, 50, 50D, 50L, A1","arr":["3","4","5","5N","8","21","23","25N","32","32B","33","35","44","47","50","50D","50L","A1"],"roundabout":0,"mode":"bus","color":"#0059a9","trolley":"mix"}},{"type":"Feature","geometry":{"type":"LineString","coordinates":[[23.595429,46.772548],[23.595442,46.772531],[23.595461,46.7725]]},"properties":{"name":"Piața Avram Iancu","lines":"3, 21, 25N, 32, 32B, 33, 35, 44, 46, 46B, 50, 50L, 54N","arr":["3","21","25N","32","32B","33","35","44","46","46B","50","50L","54N"],"roundabout":0,"mode":"bus","color":"#0059a9","trolley":"mix"}},{"type":"Feature","geometry":{"type":"LineString","coordinates":[[23.595512,46.772419],[23.596052,46.771563],[23.596478,46.770818],[23.59654,46.770711],[23.596555,46.770684],[23.596576,46.770648]]},"properties":{"name":"Piața Avram Iancu","lines":"3, 21, 25N, 32, 32B, 33, 35, 44, 46, 46B, 50, 50L, 54N","arr":["3","21","25N","32","32B","33","35","44","46","46B","50","50L","54N"],"roundabout":0,"mode":"bus","color":"#0059a9","trolley":"mix"}},{"type":"Feature","geometry":{"type":"LineString","coordinates":[[23.595461,46.7725],[23.595512,46.772419]]},"properties":{"name":"Piața Avram Iancu","lines":"3, 21, 25N, 30, 32, 32B, 33, 35, 44, 46, 46B, 50, 50L, 54N","arr":["3","21","25N","30","32","32B","33","35","44","46","46B","50","50L","54N"],"roundabout":0,"mode":"bus","color":"#0059a9","trolley":"mix"}},{"type":"Feature","geometry":{"type":"LineString","coordinates":[[23.596576,46.770648],[23.59661,46.770594],[23.59664,46.770539],[23.596855,46.770163]]},"properties":{"name":"Piața Ștefan cel Mare","lines":"3, 21, 25N, 32, 32B, 33, 35, 46, 46B, 50, 50L, 54N","arr":["3","21","25N","32","32B","33","35","46","46B","50","50L","54N"],"roundabout":0,"mode":"bus","color":"#0059a9","trolley":"mix"}},{"type":"Feature","geometry":{"type":"LineString","coordinates":[[23.596855,46.770163],[23.597003,46.769883],[23.597154,46.7696],[23.597188,46.769544],[23.597632,46.768764],[23.597782,46.768493],[23.597814,46.768434],[23.597892,46.768293]]},"properties":{"name":"Piața Ștefan cel Mare","lines":"3, 21, 25N, 32, 32B, 33, 35, 46, 46B, 46L, 50, 50L, 54N","arr":["3","21","25N","32","32B","33","35","46","46B","46L","50","50L","54N"],"roundabout":0,"mode":"bus","color":"#0059a9","trolley":"mix"}},{"type":"Feature","geometry":{"type":"LineString","coordinates":[[23.597892,46.768293],[23.597941,46.768145],[23.597946,46.768124],[23.597993,46.768007]]},"properties":{"name":"Piața Ștefan cel Mare","lines":"3, 20, 21, 25N, 32, 32B, 33, 35, 40, 46, 46B, 46L, 50, 50L, 54N, M11, M12, M13, M16, M17, M18, M71","arr":["3","20","21","25N","32","32B","33","35","40","46","46B","46L","50","50L","54N","M11","M12","M13","M16","M17","M18","M71"],"roundabout":0,"mode":"bus","color":"#0059a9","trolley":"mix"}},{"type":"Feature","geometry":{"type":"LineString","coordinates":[[23.597993,46.768007],[23.59806,46.767904],[23.598147,46.767754],[23.598181,46.7677],[23.598194,46.767677],[23.598282,46.767519],[23.598504,46.767384],[23.598596,46.767338],[23.598631,46.767321],[23.598733,46.767284],[23.598845,46.76725]]},"properties":{"name":"Piața Ștefan cel Mare","lines":"3, 20, 21, 25N, 32, 32B, 33, M13","arr":["3","20","21","25N","32","32B","33","M13"],"roundabout":0,"mode":"bus","color":"#0059a9","trolley":"mix"}},{"type":"Feature","geometry":{"type":"LineString","coordinates":[[23.598845,46.76725],[23.59903,46.767283],[23.599239,46.767328],[23.599405,46.767367],[23.599446,46.767377]]},"properties":{"name":"Strada Milton Lehrer","lines":"3, 20, 21, 25N, 32, 32B, 33, 35, 40, 46, 46B, 46L, 50, 50D, 50L, 54N, M11, M12, M13, M16","arr":["3","20","21","25N","32","32B","33","35","40","46","46B","46L","50","50D","50L","54N","M11","M12","M13","M16"],"roundabout":0,"mode":"bus","color":"#0059a9","trolley":"mix"}},{"type":"Feature","geometry":{"type":"LineString","coordinates":[[23.599446,46.767377],[23.599798,46.767445],[23.599893,46.767458],[23.599983,46.767457],[23.600057,46.767451],[23.600092,46.767451],[23.60014,46.767451],[23.600211,46.767452],[23.600255,46.767456]]},"properties":{"name":"Strada Milton Lehrer","lines":"3, 20, 21, 25N, 32, 32B, 33, M13","arr":["3","20","21","25N","32","32B","33","M13"],"roundabout":0,"mode":"bus","color":"#0059a9","trolley":"mix"}},{"type":"Feature","geometry":{"type":"LineString","coordinates":[[23.600255,46.767456],[23.600293,46.767459],[23.600326,46.767466],[23.600363,46.767474],[23.600477,46.767503],[23.600975,46.767633],[23.601018,46.767645]]},"properties":{"name":"Bulevardul Nicolae Titulescu","lines":"3, 20, 21, 25N, 32, 32B, 33, M13","arr":["3","20","21","25N","32","32B","33","M13"],"roundabout":0,"mode":"bus","color":"#0059a9","trolley":"mix"}},{"type":"Feature","geometry":{"type":"LineString","coordinates":[[23.601018,46.767645],[23.601179,46.767692]]},"properties":{"name":"Bulevardul Nicolae Titulescu","lines":"3, 20, 21, 25N, 32, 32B, 33, 57L, M13","arr":["3","20","21","25N","32","32B","33","57L","M13"],"roundabout":0,"mode":"bus","color":"#0059a9","trolley":"mix"}},{"type":"Feature","geometry":{"type":"LineString","coordinates":[[23.601179,46.767692],[23.601367,46.767742]]},"properties":{"name":"Bulevardul Nicolae Titulescu","lines":"3, 18, 25N, 33, 45, 57L, M13, M61","arr":["3","18","25N","33","45","57L","M13","M61"],"roundabout":0,"mode":"bus","color":"#0059a9","trolley":"mix"}},{"type":"Feature","geometry":{"type":"LineString","coordinates":[[23.601367,46.767742],[23.601444,46.767763],[23.601622,46.767816],[23.601771,46.76786]]},"properties":{"name":"Bulevardul Nicolae Titulescu","lines":"3, 25N, 33, 57L","arr":["3","25N","33","57L"],"roundabout":0,"mode":"bus","color":"#0059a9","trolley":"mix"}},{"type":"Feature","geometry":{"type":"LineString","coordinates":[[23.601771,46.76786],[23.601961,46.767914],[23.602493,46.768079],[23.602653,46.768139],[23.602776,46.768191]]},"properties":{"name":"Bulevardul Nicolae Titulescu","lines":"3, 25N, 33, 57, 57L","arr":["3","25N","33","57","57L"],"roundabout":0,"mode":"bus","color":"#0059a9","trolley":"mix"}},{"type":"Feature","geometry":{"type":"LineString","coordinates":[[23.608493,46.769195],[23.608674,46.769182],[23.608782,46.769171],[23.608886,46.769156],[23.609015,46.769135]]},"properties":{"name":"Bulevardul Nicolae Titulescu","lines":"3, 25N, 33, 57, 57L","arr":["3","25N","33","57","57L"],"roundabout":0,"mode":"bus","color":"#0059a9","trolley":"mix"}},{"type":"Feature","geometry":{"type":"LineString","coordinates":[[23.609244,46.769152],[23.609354,46.769192],[23.609468,46.769227],[23.609585,46.769258],[23.609702,46.769289]]},"properties":{"name":"Bulevardul Nicolae Titulescu","lines":"3, 25N, 33, 57, 57L","arr":["3","25N","33","57","57L"],"roundabout":0,"mode":"bus","color":"#0059a9","trolley":"mix"}},{"type":"Feature","geometry":{"type":"LineString","coordinates":[[23.618012,46.768893],[23.618216,46.768847],[23.618419,46.768796],[23.618564,46.768747],[23.618733,46.76867]]},"properties":{"name":"Bulevardul Nicolae Titulescu","lines":"3, 25N, 33, 57, 57L","arr":["3","25N","33","57","57L"],"roundabout":0,"mode":"bus","color":"#0059a9","trolley":"mix"}},{"type":"Feature","geometry":{"type":"LineString","coordinates":[[23.618944,46.768647],[23.619183,46.768656],[23.619319,46.768653],[23.619423,46.768647]]},"properties":{"name":"Strada Unirii","lines":"3, 25N, 34, 48, 48L, 57, 57L","arr":["3","25N","34","48","48L","57","57L"],"roundabout":0,"mode":"bus","color":"#0059a9","trolley":"mix"}},{"type":"Feature","geometry":{"type":"LineString","coordinates":[[23.629703,46.768191],[23.629808,46.768258],[23.629862,46.768288],[23.629915,46.768322],[23.629955,46.768341]]},"properties":{"name":"Strada Unirii","lines":"3, 24B, 34, 45, 57, 57L","arr":["3","24B","34","45","57","57L"],"roundabout":0,"mode":"bus","color":"#0059a9","trolley":"mix"}},{"type":"Feature","geometry":{"type":"LineString","coordinates":[[23.629955,46.768341],[23.629985,46.768354],[23.630126,46.768402]]},"properties":{"name":"Strada Unirii","lines":"24B, 34, 45, 57, 57L","arr":["24B","34","45","57","57L"],"roundabout":0,"mode":"bus","color":"#0059a9"}},{"type":"Feature","geometry":{"type":"LineString","coordinates":[[23.629615,46.768116],[23.629624,46.768056]]},"properties":{"name":"Aleea Detunata","lines":"3, 24B","arr":["3","24B"],"roundabout":0,"mode":"bus","color":"#0059a9","trolley":"mix"}},{"type":"Feature","geometry":{"type":"LineString","coordinates":[[23.629615,46.768116],[23.629784,46.7681],[23.629944,46.7681]]},"properties":{"name":"","lines":"3, 10, 24B, 25N, 45","arr":["3","10","24B","25N","45"],"roundabout":0,"mode":"bus","color":"#0059a9","trolley":"mix"}},{"type":"Feature","geometry":{"type":"LineString","coordinates":[[23.629944,46.7681],[23.630041,46.768106],[23.630141,46.768124],[23.630219,46.768146]]},"properties":{"name":"","lines":"10, 24B, 25N, 45","arr":["10","24B","25N","45"],"roundabout":0,"mode":"bus","color":"#0059a9","trolley":"mix"}},{"type":"Feature","geometry":{"type":"LineString","coordinates":[[23.637537,46.782293],[23.637587,46.782339],[23.637858,46.782586],[23.637948,46.782666],[23.638127,46.782818],[23.638201,46.782881],[23.638314,46.782954],[23.638396,46.782989],[23.638497,46.783011],[23.638629,46.783012],[23.63925,46.782766],[23.639526,46.782657],[23.640143,46.782422]]},"properties":{"name":"Calea Someșeni","lines":"4, 6, 7, 8L, 47, 57L, M45","arr":["4","6","7","8L","47","57L","M45"],"roundabout":0,"mode":"bus","color":"#0059a9","trolley":"mix"}},{"type":"Feature","geometry":{"type":"LineString","coordinates":[[23.637537,46.782293],[23.637416,46.78219]]},"properties":{"name":"Calea Someșeni","lines":"4, 6, 7, 8L, 12, 30, 46B, 57L, M45","arr":["4","6","7","8L","12","30","46B","57L","M45"],"roundabout":0,"mode":"bus","color":"#0059a9","trolley":"mix"}},{"type":"Feature","geometry":{"type":"LineString","coordinates":[[23.637416,46.78219],[23.637224,46.782038],[23.637129,46.781977],[23.63699,46.781909],[23.63673,46.781807]]},"properties":{"name":"Calea Someșeni","lines":"4, 6, 7, 8L, 12, 30, 46B, A1, M41, M43, M45","arr":["4","6","7","8L","12","30","46B","A1","M41","M43","M45"],"roundabout":0,"mode":"bus","color":"#0059a9","trolley":"mix"}},{"type":"Feature","geometry":{"type":"LineString","coordinates":[[23.63673,46.781807],[23.636531,46.78177],[23.636469,46.781762],[23.636197,46.781727]]},"properties":{"name":"Strada Aurel Vlaicu","lines":"4, 5, 5N, 6, 7, 8, 8L, 12, 30, 46B, A1, M41, M42, M42L, M43, M44, M45","arr":["4","5","5N","6","7","8","8L","12","30","46B","A1","M41","M42","M42L","M43","M44","M45"],"roundabout":0,"mode":"bus","color":"#0059a9","trolley":"mix"}},{"type":"Feature","geometry":{"type":"LineString","coordinates":[[23.636197,46.781727],[23.636145,46.781719],[23.635865,46.78168],[23.635639,46.781651],[23.635624,46.781649],[23.634793,46.781539],[23.634196,46.781466],[23.633857,46.781425],[23.633483,46.781381],[23.632191,46.781226],[23.631792,46.781179],[23.631481,46.781142],[23.63002,46.780973],[23.629944,46.780964],[23.629856,46.780953],[23.629013,46.780853],[23.628907,46.78084],[23.627663,46.780689],[23.627098,46.780619],[23.627048,46.780613],[23.626889,46.780593],[23.626782,46.78058],[23.626578,46.780554],[23.626483,46.780539],[23.626284,46.780507],[23.626034,46.780463],[23.626001,46.780457],[23.625735,46.780404],[23.62546,46.780349],[23.625144,46.780279],[23.624614,46.780163],[23.624051,46.78004],[23.623486,46.779922],[23.62296,46.7798],[23.622859,46.779779],[23.622368,46.779671],[23.622329,46.779664],[23.620944,46.779425],[23.61867,46.779031],[23.618424,46.778996]]},"properties":{"name":"Strada Aurel Vlaicu","lines":"4, 5, 5N, 6, 7, 8, 8L, 12, 30, 46B, A1, M41, M41L, M42, M42L, M43, M44, M45","arr":["4","5","5N","6","7","8","8L","12","30","46B","A1","M41","M41L","M42","M42L","M43","M44","M45"],"roundabout":0,"mode":"bus","color":"#0059a9","trolley":"mix"}},{"type":"Feature","geometry":{"type":"LineString","coordinates":[[23.618424,46.778996],[23.618055,46.778992]]},"properties":{"name":"Strada Aurel Vlaicu","lines":"4, 5, 6, 7, 8, 8L, 12, 30, 46B, 47, A1, M41, M42, M42L, M43, M44, M45","arr":["4","5","6","7","8","8L","12","30","46B","47","A1","M41","M42","M42L","M43","M44","M45"],"roundabout":0,"mode":"bus","color":"#0059a9","trolley":"mix"}},{"type":"Feature","geometry":{"type":"LineString","coordinates":[[23.618055,46.778992],[23.617732,46.778937],[23.617591,46.778912]]},"properties":{"name":"Strada Aurel Vlaicu","lines":"4, 5, 6, 7, 8, 8L, 12, 24, 24B, 30, 34, 46B, 47, 48, 48L, 53, A1, M41, M42, M42L, M43, M44, M45","arr":["4","5","6","7","8","8L","12","24","24B","30","34","46B","47","48","48L","53","A1","M41","M42","M42L","M43","M44","M45"],"roundabout":0,"mode":"bus","color":"#0059a9","trolley":"mix"}},{"type":"Feature","geometry":{"type":"LineString","coordinates":[[23.617591,46.778912],[23.616945,46.7788],[23.616077,46.778643],[23.615652,46.778566],[23.615572,46.778547],[23.615515,46.778537],[23.615425,46.778523]]},"properties":{"name":"Strada Aurel Vlaicu","lines":"4, 5, 6, 7, 8, 12, 24, 24B, 30, 34, 46B, 47, 48, 48L, 53, A1","arr":["4","5","6","7","8","12","24","24B","30","34","46B","47","48","48L","53","A1"],"roundabout":0,"mode":"bus","color":"#0059a9","trolley":"mix"}},{"type":"Feature","geometry":{"type":"LineString","coordinates":[[23.615425,46.778523],[23.615162,46.778486],[23.615157,46.778485],[23.615087,46.778486],[23.615075,46.778486],[23.614965,46.778492],[23.614916,46.778495]]},"properties":{"name":"Strada Aurel Vlaicu","lines":"4, 5, 6, 7, 8, 24, 24B, 30, 46B, 47, 48, A1","arr":["4","5","6","7","8","24","24B","30","46B","47","48","A1"],"roundabout":0,"mode":"bus","color":"#0059a9","trolley":"mix"}},{"type":"Feature","geometry":{"type":"LineString","coordinates":[[23.614312,46.778377],[23.614309,46.778376],[23.614252,46.778336],[23.614187,46.778301],[23.614113,46.778278],[23.614038,46.778259],[23.61391,46.778233],[23.613821,46.778215]]},"properties":{"name":"Bulevardul 21 Decembrie 1989","lines":"4, 5, 6, 7, 8, 24, 24B, 30, 46B, 47, A1","arr":["4","5","6","7","8","24","24B","30","46B","47","A1"],"roundabout":0,"mode":"bus","color":"#0059a9","trolley":"mix"}},{"type":"Feature","geometry":{"type":"LineString","coordinates":[[23.613821,46.778215],[23.613784,46.778208],[23.612799,46.778021],[23.612139,46.777895],[23.611819,46.777841],[23.611478,46.777782],[23.610918,46.777681],[23.610128,46.777539],[23.609717,46.777454],[23.6097,46.777451],[23.609669,46.777445]]},"properties":{"name":"Bulevardul 21 Decembrie 1989","lines":"4, 5, 6, 7, 8, 14, 24, 24B, 30, 46B, 47, A1","arr":["4","5","6","7","8","14","24","24B","30","46B","47","A1"],"roundabout":0,"mode":"bus","color":"#0059a9","trolley":"mix"}},{"type":"Feature","geometry":{"type":"LineString","coordinates":[[23.608157,46.777133],[23.607953,46.777097],[23.607609,46.777012],[23.607091,46.77686],[23.607016,46.776835],[23.606902,46.776787],[23.606885,46.77678],[23.606785,46.776737],[23.606417,46.776576],[23.606282,46.77652],[23.606188,46.77648],[23.605907,46.776361],[23.605504,46.776189],[23.605069,46.776005]]},"properties":{"name":"Bulevardul 21 Decembrie 1989","lines":"4, 5, 6, 7, 8, 14, 24, 24B, 30, 46B, 47, A1","arr":["4","5","6","7","8","14","24","24B","30","46B","47","A1"],"roundabout":0,"mode":"bus","color":"#0059a9","trolley":"mix"}},{"type":"Feature","geometry":{"type":"LineString","coordinates":[[23.609669,46.777445],[23.609491,46.77741],[23.609023,46.77732],[23.608157,46.777133]]},"properties":{"name":"Bulevardul 21 Decembrie 1989","lines":"4, 5, 6, 7, 8, 14, 24, 24B, 46B","arr":["4","5","6","7","8","14","24","24B","46B"],"roundabout":0,"mode":"bus","color":"#0059a9","trolley":"mix"}},{"type":"Feature","geometry":{"type":"LineString","coordinates":[[23.605069,46.776005],[23.605041,46.775995],[23.605025,46.77599],[23.60501,46.775984],[23.604978,46.775973],[23.604897,46.775944],[23.604695,46.775879],[23.604502,46.775816],[23.604453,46.7758],[23.604325,46.77576],[23.603837,46.775603],[23.603708,46.775561],[23.603483,46.775489],[23.602708,46.775234],[23.602017,46.774978],[23.601821,46.774904],[23.600945,46.774587],[23.600736,46.77451],[23.600528,46.774434],[23.599929,46.774214],[23.599592,46.774084],[23.599552,46.774075],[23.599496,46.774045]]},"properties":{"name":"Bulevardul 21 Decembrie 1989","lines":"4, 5, 5N, 6, 7, 8, 14, 24, 24B, 25, 30, 46B, 47, A1","arr":["4","5","5N","6","7","8","14","24","24B","25","30","46B","47","A1"],"roundabout":0,"mode":"bus","color":"#0059a9","trolley":"mix"}},{"type":"Feature","geometry":{"type":"LineString","coordinates":[[23.592018,46.782174],[23.592064,46.782105],[23.592092,46.782066],[23.592164,46.781971]]},"properties":{"name":"Strada Iuliu Coroianu","lines":"4, 9, 22, 35","arr":["4","9","22","35"],"roundabout":0,"mode":"bus","color":"#0059a9","trolley":"mix"}},{"type":"Feature","geometry":{"type":"LineString","coordinates":[[23.605069,46.776005],[23.605236,46.776041],[23.605875,46.77618],[23.605897,46.776185],[23.606007,46.776212],[23.60617,46.77625],[23.606541,46.77634],[23.606614,46.776356],[23.606938,46.776447],[23.607065,46.776479],[23.607109,46.77649],[23.607165,46.776509],[23.607233,46.776534],[23.607637,46.776684],[23.608079,46.776852],[23.608333,46.776958],[23.608636,46.777049],[23.609048,46.777174],[23.609204,46.77722],[23.609321,46.77725],[23.609448,46.77728],[23.609567,46.777307],[23.609712,46.777336],[23.609741,46.777343],[23.609924,46.777376],[23.610272,46.777434],[23.611505,46.777668],[23.611845,46.777735],[23.611936,46.77775],[23.613576,46.77804],[23.613615,46.778047],[23.613827,46.778084],[23.613861,46.77809],[23.614125,46.778137],[23.614173,46.77814],[23.614236,46.778139],[23.61429,46.778133],[23.614341,46.778126],[23.614397,46.778116],[23.614486,46.778097]]},"properties":{"name":"Bulevardul 21 Decembrie 1989","lines":"4, 5, 5N, 6, 7, 8, 14, 24, 24B, 25, 30, 47, A1","arr":["4","5","5N","6","7","8","14","24","24B","25","30","47","A1"],"roundabout":0,"mode":"bus","color":"#0059a9","trolley":"mix"}},{"type":"Feature","geometry":{"type":"LineString","coordinates":[[23.615018,46.778255],[23.615147,46.778312],[23.615221,46.778341],[23.615306,46.778365],[23.615401,46.778384],[23.615571,46.778417],[23.615627,46.778427],[23.615903,46.77848]]},"properties":{"name":"Strada Aurel Vlaicu","lines":"4, 5, 5N, 6, 7, 8, 24, 24B, 25, 30, 34, 46B, 47, 48, 48L, 53, A1","arr":["4","5","5N","6","7","8","24","24B","25","30","34","46B","47","48","48L","53","A1"],"roundabout":0,"mode":"bus","color":"#0059a9","trolley":"mix"}},{"type":"Feature","geometry":{"type":"LineString","coordinates":[[23.615903,46.77848],[23.615983,46.778495],[23.617633,46.778787],[23.617776,46.778812],[23.617971,46.778857],[23.618111,46.77889]]},"properties":{"name":"Strada Aurel Vlaicu","lines":"4, 5, 5N, 6, 7, 8, 8L, 24, 24B, 25, 30, 34, 46B, 47, 48, 48L, 53, A1, M41, M41L, M42, M42L, M43, M44, M45","arr":["4","5","5N","6","7","8","8L","24","24B","25","30","34","46B","47","48","48L","53","A1","M41","M41L","M42","M42L","M43","M44","M45"],"roundabout":0,"mode":"bus","color":"#0059a9","trolley":"mix"}},{"type":"Feature","geometry":{"type":"LineString","coordinates":[[23.618111,46.77889],[23.618424,46.778996]]},"properties":{"name":"Strada Aurel Vlaicu","lines":"4, 5, 5N, 6, 7, 8, 8L, 30, 46B, 47, A1, M41, M41L, M42, M42L, M43, M44, M45","arr":["4","5","5N","6","7","8","8L","30","46B","47","A1","M41","M41L","M42","M42L","M43","M44","M45"],"roundabout":0,"mode":"bus","color":"#0059a9","trolley":"mix"}},{"type":"Feature","geometry":{"type":"LineString","coordinates":[[23.636197,46.781727],[23.637466,46.781763],[23.637741,46.781786],[23.638797,46.781875],[23.638925,46.781884],[23.639058,46.781894],[23.639602,46.781933]]},"properties":{"name":"Strada Aurel Vlaicu","lines":"4, 6, 7, 8L, A1, M41, M41L, M42L, M43, M44, M45","arr":["4","6","7","8L","A1","M41","M41L","M42L","M43","M44","M45"],"roundabout":0,"mode":"bus","color":"#0059a9","trolley":"mix"}},{"type":"Feature","geometry":{"type":"LineString","coordinates":[[23.640073,46.781959],[23.639827,46.781945],[23.639602,46.781933]]},"properties":{"name":"Strada Aurel Vlaicu","lines":"4, 6, 7, 8L, 57L, M45","arr":["4","6","7","8L","57L","M45"],"roundabout":0,"mode":"bus","color":"#0059a9","trolley":"mix"}},{"type":"Feature","geometry":{"type":"LineString","coordinates":[[23.640073,46.781959],[23.640394,46.781961],[23.640497,46.781962]]},"properties":{"name":"Strada Aurel Vlaicu","lines":"4, 7, 8L, 57L, M45","arr":["4","7","8L","57L","M45"],"roundabout":0,"mode":"bus","color":"#0059a9","trolley":"mix"}},{"type":"Feature","geometry":{"type":"LineString","coordinates":[[23.640649,46.782162],[23.640586,46.782194],[23.640527,46.782227],[23.640413,46.782298],[23.64038,46.782318],[23.640363,46.782328],[23.640346,46.782336],[23.640311,46.782352],[23.640276,46.782366],[23.640143,46.782422]]},"properties":{"name":"Calea Someșeni","lines":"4, 7, 8L, 47, M45","arr":["4","7","8L","47","M45"],"roundabout":0,"mode":"bus","color":"#0059a9","trolley":"mix"}},{"type":"Feature","geometry":{"type":"LineString","coordinates":[[23.603557,46.775385],[23.603483,46.775489]]},"properties":{"name":"","lines":"5, 5N","arr":["5","5N"],"roundabout":0,"mode":"bus","color":"#149a3f","trolley":"all"}},{"type":"Feature","geometry":{"type":"LineString","coordinates":[[23.637632,46.78197],[23.637161,46.781881],[23.63673,46.781807]]},"properties":{"name":"Strada Traian Vuia","lines":"5, 5N, 8, M42, M42L, M44","arr":["5","5N","8","M42","M42L","M44"],"roundabout":0,"mode":"bus","color":"#0059a9","trolley":"mix"}},{"type":"Feature","geometry":{"type":"LineString","coordinates":[[23.637632,46.78197],[23.637709,46.781986],[23.638546,46.782163]]},"properties":{"name":"Strada Traian Vuia","lines":"5, 5N, 8, 57L, A1, M41, M42, M42L, M43, M44","arr":["5","5N","8","57L","A1","M41","M42","M42L","M43","M44"],"roundabout":0,"mode":"bus","color":"#0059a9","trolley":"mix"}},{"type":"Feature","geometry":{"type":"LineString","coordinates":[[23.638546,46.782163],[23.639207,46.782313],[23.640517,46.782595],[23.640944,46.782687],[23.641643,46.78284],[23.641826,46.782882],[23.642006,46.782928],[23.642183,46.782982],[23.642357,46.78304],[23.642492,46.78309],[23.642623,46.783144],[23.643184,46.783383],[23.643883,46.783701],[23.644,46.78375],[23.644454,46.783925],[23.644921,46.784036],[23.645391,46.784079],[23.645644,46.784093],[23.645824,46.784103],[23.64599,46.784114],[23.646194,46.784128],[23.646399,46.784133],[23.646701,46.784143],[23.646818,46.784147],[23.647631,46.78417],[23.647699,46.784172],[23.647867,46.784177],[23.648023,46.784182],[23.649902,46.784245],[23.650238,46.784256],[23.650423,46.784262],[23.651119,46.784271],[23.651509,46.784268],[23.651656,46.784265],[23.651787,46.784257],[23.652263,46.784238],[23.652461,46.784229],[23.652918,46.784209],[23.653014,46.784204],[23.653355,46.784189],[23.653675,46.784177],[23.653936,46.78417],[23.654068,46.784173],[23.654267,46.784194],[23.65442,46.784217],[23.654743,46.784286],[23.654864,46.784316],[23.655215,46.784403],[23.655653,46.784505],[23.655942,46.784559],[23.656448,46.78464],[23.656641,46.784662]]},"properties":{"name":"Strada Traian Vuia","lines":"5, 5N, 8, 57L, A1, M41, M41L, M42, M42L, M43, M44","arr":["5","5N","8","57L","A1","M41","M41L","M42","M42L","M43","M44"],"roundabout":0,"mode":"bus","color":"#0059a9","trolley":"mix"}},{"type":"Feature","geometry":{"type":"LineString","coordinates":[[23.656641,46.784662],[23.657015,46.784706],[23.6574,46.78475],[23.657896,46.784799],[23.658181,46.784821],[23.658382,46.784829],[23.658545,46.784825],[23.658721,46.784811],[23.658913,46.784773],[23.659037,46.784734],[23.659149,46.784691],[23.659328,46.784612],[23.660487,46.783865],[23.660762,46.783695],[23.661257,46.783391],[23.661475,46.783257],[23.661621,46.783166],[23.661905,46.782994],[23.662189,46.782821],[23.663153,46.782253],[23.66338,46.782115],[23.663466,46.782063],[23.664497,46.78144],[23.665749,46.78069],[23.665965,46.780561],[23.666104,46.780489],[23.666174,46.780455],[23.666303,46.780394],[23.666517,46.780312],[23.66674,46.780265],[23.667011,46.780251],[23.667294,46.780265],[23.668128,46.780305],[23.668429,46.780319],[23.6685,46.780323],[23.66911,46.780357],[23.669558,46.780383],[23.670007,46.780404],[23.670259,46.780419],[23.671259,46.780473],[23.671538,46.780488],[23.672182,46.78053],[23.672258,46.780535],[23.672961,46.780576],[23.67311,46.780583],[23.673624,46.780612],[23.674225,46.780645],[23.674369,46.780653],[23.674556,46.780661],[23.674752,46.780675],[23.676024,46.780736],[23.676422,46.780768]]},"properties":{"name":"Strada Traian Vuia","lines":"5, 5N, 8, A1, M41, M41L, M42, M42L, M43, M44","arr":["5","5N","8","A1","M41","M41L","M42","M42L","M43","M44"],"roundabout":0,"mode":"bus","color":"#0059a9","trolley":"mix"}},{"type":"Feature","geometry":{"type":"LineString","coordinates":[[23.67927,46.780934],[23.679418,46.780939],[23.679628,46.780947],[23.680122,46.78098],[23.680215,46.780981],[23.680551,46.781004],[23.681071,46.781032],[23.681957,46.781082],[23.682332,46.7811],[23.682668,46.781117],[23.68396,46.781181],[23.684162,46.781192],[23.685181,46.781258],[23.685328,46.781266],[23.686089,46.781308],[23.686346,46.78132],[23.687054,46.781351],[23.687173,46.781357],[23.687288,46.781367],[23.687796,46.781408],[23.687898,46.781419]]},"properties":{"name":"Strada Traian Vuia","lines":"5, 5N, 8, A1, M41, M41L, M42, M42L, M43, M44","arr":["5","5N","8","A1","M41","M41L","M42","M42L","M43","M44"],"roundabout":0,"mode":"bus","color":"#0059a9","trolley":"mix"}},{"type":"Feature","geometry":{"type":"LineString","coordinates":[[23.676422,46.780768],[23.676792,46.780786],[23.677246,46.780855],[23.677456,46.780887],[23.67763,46.780899],[23.677687,46.780892],[23.677751,46.780873],[23.677788,46.780865],[23.677844,46.780865],[23.677889,46.780871],[23.677924,46.780882],[23.677961,46.780901],[23.677994,46.780925],[23.678195,46.780926],[23.678387,46.780912],[23.678581,46.780908],[23.678883,46.78091],[23.67927,46.780934]]},"properties":{"name":"Strada Traian Vuia","lines":"5, 5N, 8, A1, M41, M41L, M42, M42L, M43","arr":["5","5N","8","A1","M41","M41L","M42","M42L","M43"],"roundabout":0,"mode":"bus","color":"#0059a9","trolley":"mix"}},{"type":"Feature","geometry":{"type":"LineString","coordinates":[[23.687898,46.781419],[23.688028,46.781418],[23.688501,46.781432]]},"properties":{"name":"Strada Traian Vuia","lines":"5, 5N, 8, M41, M41L, M42, M42L, M43, M44","arr":["5","5N","8","M41","M41L","M42","M42L","M43","M44"],"roundabout":0,"mode":"bus","color":"#0059a9","trolley":"mix"}},{"type":"Feature","geometry":{"type":"LineString","coordinates":[[23.688715,46.781447],[23.68916,46.781511],[23.689294,46.781517],[23.690076,46.781551],[23.690784,46.781581],[23.691658,46.781619],[23.691891,46.781631],[23.69211,46.781643],[23.692191,46.781649],[23.692262,46.781652],[23.69277,46.781676],[23.694548,46.781773],[23.694855,46.78179],[23.6962,46.781863],[23.696737,46.781897],[23.697096,46.781915]]},"properties":{"name":"Strada Traian Vuia","lines":"5, 5N, 8, M41, M41L, M42, M42L, M43, M44","arr":["5","5N","8","M41","M41L","M42","M42L","M43","M44"],"roundabout":0,"mode":"bus","color":"#0059a9","trolley":"mix"}},{"type":"Feature","geometry":{"type":"LineString","coordinates":[[23.68916,46.781511],[23.688735,46.781562]]},"properties":{"name":"Strada Traian Vuia","lines":"5, M42, M42L","arr":["5","M42","M42L"],"roundabout":0,"mode":"bus","color":"#0059a9","trolley":"mix"}},{"type":"Feature","geometry":{"type":"LineString","coordinates":[[23.688451,46.781547],[23.687898,46.781419]]},"properties":{"name":"Strada Traian Vuia","lines":"5, A1, M42, M42L","arr":["5","A1","M42","M42L"],"roundabout":0,"mode":"bus","color":"#0059a9","trolley":"mix"}},{"type":"Feature","geometry":{"type":"LineString","coordinates":[[23.564088,46.755868],[23.564072,46.755738],[23.564064,46.755677]]},"properties":{"name":"Strada Câmpului","lines":"6, 19, 42","arr":["6","19","42"],"roundabout":0,"mode":"bus","color":"#0059a9","trolley":"mix"}},{"type":"Feature","geometry":{"type":"LineString","coordinates":[[23.562714,46.759807],[23.562707,46.760178],[23.562708,46.760208],[23.562706,46.760281],[23.562708,46.760298],[23.562712,46.760321],[23.562719,46.760341],[23.562731,46.760361],[23.562749,46.76038],[23.562809,46.760438]]},"properties":{"name":"Strada Câmpului","lines":"6","arr":["6"],"roundabout":0,"mode":"bus","color":"#149a3f","trolley":"all"}},{"type":"Feature","geometry":{"type":"LineString","coordinates":[[23.562831,46.760454],[23.562941,46.76051],[23.563031,46.760546],[23.563124,46.760579],[23.563218,46.760607],[23.563302,46.760629]]},"properties":{"name":"Calea Mănăștur","lines":"6, 24, 24B, 52L","arr":["6","24","24B","52L"],"roundabout":0,"mode":"bus","color":"#0059a9","trolley":"mix"}},{"type":"Feature","geometry":{"type":"LineString","coordinates":[[23.563392,46.760645],[23.563302,46.760629]]},"properties":{"name":"Calea Mănăștur","lines":"6, 9, 19, 24, 24B, 25, 42, 52L","arr":["6","9","19","24","24B","25","42","52L"],"roundabout":0,"mode":"bus","color":"#0059a9","trolley":"mix"}},{"type":"Feature","geometry":{"type":"LineString","coordinates":[[23.640417,46.782087],[23.640353,46.782054],[23.640247,46.782011],[23.640155,46.781981]]},"properties":{"name":"Strada Aurel Vlaicu","lines":"6","arr":["6"],"roundabout":0,"mode":"bus","color":"#149a3f","trolley":"all"}},{"type":"Feature","geometry":{"type":"LineString","coordinates":[[23.640155,46.781981],[23.640073,46.781959]]},"properties":{"name":"Strada Aurel Vlaicu","lines":"6, M41L","arr":["6","M41L"],"roundabout":0,"mode":"bus","color":"#0059a9","trolley":"mix"}},{"type":"Feature","geometry":{"type":"LineString","coordinates":[[23.640143,46.782422],[23.640219,46.782369],[23.64025,46.782348],[23.640313,46.782307],[23.640333,46.78229],[23.640351,46.782272],[23.640364,46.782257],[23.640375,46.78224],[23.640396,46.782203],[23.640418,46.782161],[23.640438,46.78212]]},"properties":{"name":"Calea Someșeni","lines":"6, 57L","arr":["6","57L"],"roundabout":0,"mode":"bus","color":"#0059a9","trolley":"mix"}},{"type":"Feature","geometry":{"type":"LineString","coordinates":[[23.563302,46.760629],[23.56321,46.760618],[23.56311,46.760606],[23.562994,46.760592],[23.562896,46.760582],[23.562795,46.760571]]},"properties":{"name":"Calea Mănăștur","lines":"6, 9, 19, 24, 25, 42","arr":["6","9","19","24","25","42"],"roundabout":0,"mode":"bus","color":"#0059a9","trolley":"mix"}},{"type":"Feature","geometry":{"type":"LineString","coordinates":[[23.562667,46.76057],[23.562527,46.760563],[23.562412,46.760554],[23.562314,46.760541],[23.562195,46.760524]]},"properties":{"name":"Calea Mănăștur","lines":"6, 9, 24, 25","arr":["6","9","24","25"],"roundabout":0,"mode":"bus","color":"#0059a9","trolley":"mix"}},{"type":"Feature","geometry":{"type":"LineString","coordinates":[[23.562195,46.760524],[23.562102,46.760517]]},"properties":{"name":"Calea Mănăștur","lines":"6, 9, 24, 24B, 25, 52L","arr":["6","9","24","24B","25","52L"],"roundabout":0,"mode":"bus","color":"#0059a9","trolley":"mix"}},{"type":"Feature","geometry":{"type":"LineString","coordinates":[[23.556484,46.756329],[23.556477,46.75632],[23.556421,46.756243],[23.556395,46.756151],[23.556359,46.755863],[23.556329,46.755609],[23.556347,46.755457],[23.556214,46.755336],[23.556146,46.755263],[23.556059,46.755178],[23.555954,46.755093],[23.555781,46.754973],[23.555745,46.754943]]},"properties":{"name":"Strada Primăverii","lines":"6, 25","arr":["6","25"],"roundabout":0,"mode":"bus","color":"#149a3f","trolley":"all","nolabel":1}},{"type":"Feature","geometry":{"type":"LineString","coordinates":[[23.54518,46.751776],[23.545126,46.75178],[23.545029,46.751786],[23.544932,46.751782],[23.544745,46.751764],[23.544705,46.751749],[23.544645,46.751734]]},"properties":{"name":"Strada Primăverii","lines":"6, 25, 43, 43B, 43P","arr":["6","25","43","43B","43P"],"roundabout":0,"mode":"bus","color":"#0059a9","trolley":"mix","nolabel":1}},{"type":"Feature","geometry":{"type":"LineString","coordinates":[[23.544645,46.751734],[23.544567,46.751711],[23.544497,46.751691],[23.544358,46.751652],[23.544174,46.751605],[23.544077,46.75158]]},"properties":{"name":"Strada Primăverii","lines":"6, 24, 25, 29, 29S, 52, M24, M25, M81","arr":["6","24","25","29","29S","52","M24","M25","M81"],"roundabout":0,"mode":"bus","color":"#0059a9","trolley":"mix","nolabel":1}},{"type":"Feature","geometry":{"type":"LineString","coordinates":[[23.544077,46.75158],[23.543918,46.75152]]},"properties":{"name":"Drumul Sfântul Ioan","lines":"6, 14, 24, 25, 29, M24, M81","arr":["6","14","24","25","29","M24","M81"],"roundabout":0,"mode":"bus","color":"#0059a9","trolley":"mix"}},{"type":"Feature","geometry":{"type":"LineString","coordinates":[[23.543918,46.75152],[23.543886,46.751479],[23.543886,46.751464]]},"properties":{"name":"Drumul Sfântul Ioan","lines":"6, 9, 14, 24, 25, 29, M24, M27, M51, M81","arr":["6","9","14","24","25","29","M24","M27","M51","M81"],"roundabout":0,"mode":"bus","color":"#0059a9","trolley":"mix"}},{"type":"Feature","geometry":{"type":"LineString","coordinates":[[23.554229,46.759583],[23.554338,46.7596],[23.554666,46.759649],[23.554998,46.759707],[23.555312,46.759762],[23.556333,46.759919],[23.556462,46.75993],[23.556575,46.759934]]},"properties":{"name":"Calea Florești","lines":"M23","arr":["M23"],"roundabout":0,"mode":"bus","color":"#0059a9"}},{"type":"Feature","geometry":{"type":"LineString","coordinates":[[23.554229,46.759583],[23.554338,46.7596],[23.554666,46.759649],[23.554998,46.759707],[23.555312,46.759762],[23.556333,46.759919],[23.556462,46.75993],[23.556575,46.759934]]},"properties":{"name":"Calea Florești","lines":"M26","arr":["M26"],"roundabout":0,"mode":"bus","color":"#0059a9"}},{"type":"Feature","geometry":{"type":"LineString","coordinates":[[23.556799,46.759913],[23.556901,46.759884],[23.557029,46.759843]]},"properties":{"name":"Calea Florești","lines":"M23","arr":["M23"],"roundabout":0,"mode":"bus","color":"#0059a9"}},{"type":"Feature","geometry":{"type":"LineString","coordinates":[[23.556799,46.759913],[23.556901,46.759884],[23.557029,46.759843]]},"properties":{"name":"Calea Florești","lines":"M26","arr":["M26"],"roundabout":0,"mode":"bus","color":"#0059a9"}},{"type":"Feature","geometry":{"type":"LineString","coordinates":[[23.556575,46.759934],[23.556643,46.759931]]},"properties":{"name":"Calea Florești","lines":"7, M23, M26","arr":["7","M23","M26"],"roundabout":0,"mode":"bus","color":"#0059a9","trolley":"mix"}},{"type":"Feature","geometry":{"type":"LineString","coordinates":[[23.556643,46.759931],[23.556799,46.759913]]},"properties":{"name":"Calea Florești","lines":"14, M23, M26","arr":["14","M23","M26"],"roundabout":0,"mode":"bus","color":"#0059a9","trolley":"mix"}},{"type":"Feature","geometry":{"type":"LineString","coordinates":[[23.589354,46.774028],[23.589813,46.774089],[23.589936,46.7741],[23.590095,46.774112],[23.590221,46.774119]]},"properties":{"name":"Piața Mihai Viteazu","lines":"8, 25N, 26, 26L, 28, 28B, 29, 31, 36L, 37, 38, 39, 39L, 41, 44, 47, A1, M31","arr":["8","25N","26","26L","28","28B","29","31","36L","37","38","39","39L","41","44","47","A1","M31"],"roundabout":0,"mode":"bus","color":"#0059a9","trolley":"mix"}},{"type":"Feature","geometry":{"type":"LineString","coordinates":[[23.590221,46.774119],[23.590392,46.774128]]},"properties":{"name":"Piața Mihai Viteazu","lines":"8, 25N, 26, 26L, 28, 28B, 29, 31, 37, 38, 39, 39L, 41, 44, 47, A1, M31","arr":["8","25N","26","26L","28","28B","29","31","37","38","39","39L","41","44","47","A1","M31"],"roundabout":0,"mode":"bus","color":"#0059a9","trolley":"mix"}},{"type":"Feature","geometry":{"type":"LineString","coordinates":[[23.590392,46.774128],[23.590588,46.774134],[23.591116,46.774156],[23.591609,46.774168],[23.591754,46.774173],[23.591877,46.774176],[23.591976,46.774184],[23.592053,46.774196],[23.592119,46.774211]]},"properties":{"name":"Piața Mihai Viteazu","lines":"8, 21, 25N, 26, 28, 28B, 29, 31, 32, 32B, 33, 36B, 36L, 37, 38, 39, 39L, 41, 44, 47, 53, A1, M31","arr":["8","21","25N","26","28","28B","29","31","32","32B","33","36B","36L","37","38","39","39L","41","44","47","53","A1","M31"],"roundabout":0,"mode":"bus","color":"#0059a9","trolley":"mix"}},{"type":"Feature","geometry":{"type":"LineString","coordinates":[[23.589205,46.773998],[23.589354,46.774028]]},"properties":{"name":"Piața Mihai Viteazu","lines":"8, 19, 25N, 26, 26L, 28, 28B, 29, 31, 36L, 37, 38, 39, 39L, 41, 44, 47, A1, M26, M31","arr":["8","19","25N","26","26L","28","28B","29","31","36L","37","38","39","39L","41","44","47","A1","M26","M31"],"roundabout":0,"mode":"bus","color":"#0059a9","trolley":"mix"}},{"type":"Feature","geometry":{"type":"LineString","coordinates":[[23.640686,46.781975],[23.640823,46.78198],[23.640892,46.781981],[23.640965,46.781977],[23.641078,46.781961],[23.6413,46.781916]]},"properties":{"name":"Calea Someșeni","lines":"8L, M45","arr":["8L","M45"],"roundabout":0,"mode":"bus","color":"#0059a9"}},{"type":"Feature","geometry":{"type":"LineString","coordinates":[[23.680403,46.779396],[23.680268,46.779425],[23.680095,46.779439],[23.679414,46.779388],[23.676007,46.779188],[23.672772,46.778943],[23.672541,46.778926],[23.672324,46.778902],[23.67157,46.778778],[23.670849,46.77866],[23.670685,46.778651],[23.670657,46.778649],[23.670261,46.778617],[23.669899,46.778603],[23.669884,46.778603],[23.669789,46.778598],[23.669652,46.778591],[23.66905,46.778564],[23.666611,46.778522],[23.666394,46.778492],[23.666336,46.77848],[23.666199,46.77845],[23.666029,46.778412],[23.665826,46.778376],[23.665649,46.778359],[23.665301,46.778333],[23.664993,46.778335],[23.664323,46.778362],[23.664069,46.778383],[23.663848,46.77839],[23.663196,46.778397],[23.661823,46.778324],[23.660085,46.778202],[23.660072,46.778201],[23.658892,46.778097],[23.65705,46.778003],[23.654796,46.777835],[23.653486,46.777773],[23.653189,46.777772],[23.652902,46.777789],[23.652255,46.777841],[23.651708,46.777939],[23.650826,46.778149],[23.650256,46.778328],[23.64944,46.778648],[23.648359,46.779079],[23.648352,46.779081],[23.648158,46.779159]]},"properties":{"name":"Calea Someșeni","lines":"8L, M45","arr":["8L","M45"],"roundabout":0,"mode":"bus","color":"#0059a9"}},{"type":"Feature","geometry":{"type":"LineString","coordinates":[[23.640708,46.78213],[23.6413,46.781916],[23.641908,46.781671],[23.643225,46.781138],[23.643981,46.780836],[23.644827,46.780497],[23.645337,46.780299],[23.645357,46.780291],[23.645493,46.780235],[23.646429,46.779853],[23.646693,46.779746]]},"properties":{"name":"Calea Someșeni","lines":"8L, M45","arr":["8L","M45"],"roundabout":0,"mode":"bus","color":"#0059a9"}},{"type":"Feature","geometry":{"type":"LineString","coordinates":[[23.646693,46.779746],[23.646758,46.779692],[23.647104,46.779537],[23.647438,46.779395],[23.647539,46.779353],[23.647804,46.779241],[23.64787,46.779213],[23.648015,46.779156],[23.648158,46.779159],[23.648059,46.779231],[23.647536,46.779439],[23.647415,46.779486],[23.646813,46.779728],[23.646693,46.779746]]},"properties":{"name":"Calea Someșeni","lines":"8L, M45","arr":["8L","M45"],"roundabout":0,"mode":"bus","color":"#0059a9"}},{"type":"Feature","geometry":{"type":"LineString","coordinates":[[23.682159,46.777644],[23.682063,46.777704],[23.681055,46.778718],[23.680971,46.778814],[23.680592,46.779251],[23.680499,46.779344],[23.680403,46.779396]]},"properties":{"name":"Strada Platanilor","lines":"8L, M45","arr":["8L","M45"],"roundabout":0,"mode":"bus","color":"#0059a9"}},{"type":"Feature","geometry":{"type":"LineString","coordinates":[[23.682159,46.777644],[23.682307,46.777642],[23.682638,46.777683],[23.682735,46.777707],[23.682873,46.777743],[23.68398,46.778024],[23.684139,46.77805],[23.684325,46.778067],[23.686728,46.778225],[23.687463,46.778277],[23.687758,46.778318],[23.687951,46.778361],[23.68965,46.77882],[23.690357,46.779011],[23.691086,46.779229],[23.691355,46.779295],[23.691418,46.779308],[23.691508,46.779322],[23.69162,46.779331],[23.693235,46.779351],[23.693701,46.779363],[23.693749,46.779366],[23.693851,46.779369],[23.694942,46.779418],[23.69631,46.779519],[23.69711,46.779578],[23.698183,46.779658],[23.698457,46.779679],[23.700012,46.779769],[23.700045,46.779772],[23.700673,46.779809],[23.700813,46.779815],[23.701027,46.779824],[23.701263,46.779823],[23.701477,46.779805],[23.701638,46.779757],[23.701853,46.779632],[23.702414,46.779214],[23.702652,46.778927],[23.702776,46.778778]]},"properties":{"name":"Calea Dezmirului","lines":"8L, M45","arr":["8L","M45"],"roundabout":0,"mode":"bus","color":"#0059a9"}},{"type":"Feature","geometry":{"type":"LineString","coordinates":[[23.703193,46.778632],[23.703462,46.778663],[23.703718,46.778678],[23.704007,46.778685],[23.70364,46.778746],[23.703448,46.778784],[23.703287,46.778828]]},"properties":{"name":"DN1N","lines":"8L","arr":["8L"],"roundabout":0,"mode":"bus","color":"#0059a9"}},{"type":"Feature","geometry":{"type":"LineString","coordinates":[[23.704007,46.778685],[23.704829,46.778605],[23.704958,46.778609],[23.705053,46.77861],[23.705119,46.778615],[23.705204,46.778622]]},"properties":{"name":"","lines":"8L","arr":["8L"],"roundabout":0,"mode":"bus","color":"#0059a9"}},{"type":"Feature","geometry":{"type":"LineString","coordinates":[[23.710504,46.78155],[23.710547,46.78129],[23.710585,46.78106],[23.710619,46.780848]]},"properties":{"name":"","lines":"8L","arr":["8L"],"roundabout":0,"mode":"bus","color":"#0059a9"}},{"type":"Feature","geometry":{"type":"LineString","coordinates":[[23.705204,46.778622],[23.704812,46.779176],[23.704149,46.780112],[23.704124,46.780154],[23.704099,46.780206],[23.70409,46.780238],[23.704085,46.780279]]},"properties":{"name":"DC80","lines":"8L, M42, M43","arr":["8L","M42","M43"],"roundabout":0,"mode":"bus","color":"#0059a9"}},{"type":"Feature","geometry":{"type":"LineString","coordinates":[[23.710619,46.780848],[23.708059,46.780685],[23.707387,46.780645],[23.707329,46.780642],[23.70674,46.780608],[23.706122,46.780563]]},"properties":{"name":"Strada Crișeni","lines":"8L","arr":["8L"],"roundabout":0,"mode":"bus","color":"#0059a9"}},{"type":"Feature","geometry":{"type":"LineString","coordinates":[[23.704085,46.780279],[23.704368,46.780374],[23.704669,46.780456],[23.704949,46.78048],[23.70519,46.780495],[23.705871,46.780525],[23.706122,46.780563],[23.705864,46.780579],[23.705326,46.78059],[23.705121,46.7806],[23.704961,46.780595],[23.704838,46.780577],[23.704747,46.780548],[23.70438,46.780426],[23.704085,46.780279]]},"properties":{"name":"Strada Crișeni","lines":"8L","arr":["8L"],"roundabout":0,"mode":"bus","color":"#0059a9"}},{"type":"Feature","geometry":{"type":"LineString","coordinates":[[23.703997,46.780832],[23.704004,46.780851]]},"properties":{"name":"Strada Crișeni","lines":"M43","arr":["M43"],"roundabout":0,"mode":"bus","color":"#0059a9"}},{"type":"Feature","geometry":{"type":"LineString","coordinates":[[23.706345,46.77656],[23.706073,46.776183],[23.706031,46.776126],[23.706011,46.776032],[23.706023,46.775886],[23.706028,46.775863],[23.706046,46.775771],[23.706146,46.775275],[23.706156,46.775221],[23.706302,46.774395],[23.706482,46.77321],[23.706514,46.772843],[23.706498,46.772119],[23.706526,46.771825],[23.706559,46.771737],[23.706975,46.770706],[23.707056,46.77048],[23.707228,46.770249],[23.707677,46.769785],[23.707791,46.769625],[23.707984,46.769323],[23.70816,46.769143],[23.708945,46.768496],[23.709084,46.768331],[23.709186,46.768177],[23.709309,46.767956],[23.70946,46.767761],[23.709542,46.767655],[23.710189,46.766802],[23.710275,46.766699],[23.710634,46.766398],[23.710712,46.766296],[23.710779,46.766158],[23.710856,46.765912],[23.710935,46.765599],[23.711073,46.765048],[23.711112,46.764881],[23.711262,46.764168],[23.711586,46.763555],[23.711793,46.763271],[23.711949,46.763065],[23.71212,46.762926],[23.712261,46.762838],[23.71236,46.762792],[23.712426,46.762776],[23.712592,46.762749],[23.713187,46.762697],[23.713415,46.762691],[23.713539,46.762692],[23.713676,46.762705],[23.714134,46.762795],[23.714578,46.762878],[23.714792,46.762923],[23.715103,46.762984],[23.715199,46.763003],[23.716465,46.763389],[23.716815,46.763512],[23.717737,46.763837],[23.718048,46.763973],[23.718295,46.764127],[23.718403,46.764199]]},"properties":{"name":"Strada Crișeni","lines":"M43","arr":["M43"],"roundabout":0,"mode":"bus","color":"#0059a9"}},{"type":"Feature","geometry":{"type":"LineString","coordinates":[[23.702904,46.778929],[23.702759,46.779015],[23.702589,46.779107],[23.702414,46.779214]]},"properties":{"name":"Calea Dezmirului","lines":"8L","arr":["8L"],"roundabout":0,"mode":"bus","color":"#0059a9"}},{"type":"Feature","geometry":{"type":"LineString","coordinates":[[23.543179,46.751567],[23.543223,46.751517],[23.54326,46.75148],[23.543309,46.751456],[23.543387,46.751422],[23.543449,46.7514],[23.543501,46.751392],[23.543581,46.75139]]},"properties":{"name":"","lines":"9","arr":["9"],"roundabout":0,"mode":"bus","color":"#0059a9"}},{"type":"Feature","geometry":{"type":"LineString","coordinates":[[23.543918,46.75152],[23.543959,46.751579],[23.543958,46.751616],[23.543955,46.751642],[23.54395,46.751702],[23.543947,46.751747]]},"properties":{"name":"Drumul Sfântul Ioan","lines":"9, M27, M51","arr":["9","M27","M51"],"roundabout":0,"mode":"bus","color":"#0059a9"}},{"type":"Feature","geometry":{"type":"LineString","coordinates":[[23.543907,46.751895],[23.543921,46.751814],[23.543947,46.751747]]},"properties":{"name":"Drumul Sfântul Ioan","lines":"9, M21, M22, M27, M51","arr":["9","M21","M22","M27","M51"],"roundabout":0,"mode":"bus","color":"#0059a9"}},{"type":"Feature","geometry":{"type":"LineString","coordinates":[[23.543907,46.751895],[23.543714,46.752312],[23.543699,46.752342],[23.543557,46.752666],[23.543518,46.752747],[23.543496,46.752799],[23.543401,46.75299],[23.543329,46.753127],[23.543229,46.753348],[23.543085,46.753649],[23.543021,46.753802],[23.542984,46.753888],[23.542778,46.754338],[23.542733,46.754439],[23.542692,46.754521],[23.542631,46.75465],[23.542567,46.754784],[23.542523,46.754869],[23.542481,46.754969]]},"properties":{"name":"Strada Bucium","lines":"9, 24, 29, 29S, 43, 43B, 43P, 52, 52L, M21, M22, M24, M25, M27, M51, M52, M81","arr":["9","24","29","29S","43","43B","43P","52","52L","M21","M22","M24","M25","M27","M51","M52","M81"],"roundabout":0,"mode":"bus","color":"#0059a9"}},{"type":"Feature","geometry":{"type":"LineString","coordinates":[[23.542481,46.754969],[23.542552,46.755118],[23.542592,46.755236],[23.542608,46.75526],[23.54268,46.755404],[23.54293,46.755804],[23.542998,46.755912],[23.543273,46.756352],[23.543521,46.756773],[23.543732,46.75713],[23.543752,46.757152],[23.543786,46.757187],[23.543843,46.757235],[23.543919,46.757301]]},"properties":{"name":"","lines":"9, 24, 29, 29S, 52, 52L","arr":["9","24","29","29S","52","52L"],"roundabout":0,"mode":"bus","color":"#0059a9"}},{"type":"Feature","geometry":{"type":"LineString","coordinates":[[23.543919,46.757301],[23.544245,46.757365],[23.54599,46.757703],[23.546476,46.757794],[23.546717,46.757836],[23.547554,46.757992],[23.54772,46.758031],[23.548787,46.758269],[23.549388,46.758404],[23.549978,46.758541],[23.550485,46.75866],[23.550606,46.758691],[23.550966,46.758776],[23.551155,46.758818],[23.551936,46.759005],[23.552712,46.759191],[23.55332,46.759332],[23.553526,46.759384],[23.554229,46.759583]]},"properties":{"name":"Calea Florești","lines":"9, 24, 24B, 29, 29S, 52, 52L, M23, M26","arr":["9","24","24B","29","29S","52","52L","M23","M26"],"roundabout":0,"mode":"bus","color":"#0059a9"}},{"type":"Feature","geometry":{"type":"LineString","coordinates":[[23.555823,46.759957],[23.55525,46.75983],[23.555012,46.759779],[23.554229,46.759583]]},"properties":{"name":"Calea Florești","lines":"9, 24, 24B, 29, 29S, 52, 52L","arr":["9","24","24B","29","29S","52","52L"],"roundabout":0,"mode":"bus","color":"#0059a9"}},{"type":"Feature","geometry":{"type":"LineString","coordinates":[[23.555823,46.759957],[23.556157,46.760026],[23.556486,46.760083],[23.556764,46.760124],[23.557055,46.760161],[23.558229,46.760244],[23.558972,46.760278],[23.559561,46.760324],[23.560047,46.760361],[23.561199,46.76045]]},"properties":{"name":"Calea Mănăștur","lines":"9, 24, 24B, 29, 29S, 52, 52L","arr":["9","24","24B","29","29S","52","52L"],"roundabout":0,"mode":"bus","color":"#0059a9"}},{"type":"Feature","geometry":{"type":"LineString","coordinates":[[23.543919,46.757301],[23.542594,46.756969]]},"properties":{"name":"Calea Florești","lines":"9, 24, 24B, 29, 52, 52L, M23, M26","arr":["9","24","24B","29","52","52L","M23","M26"],"roundabout":0,"mode":"bus","color":"#0059a9"}},{"type":"Feature","geometry":{"type":"LineString","coordinates":[[23.542354,46.756918],[23.542399,46.756927],[23.542594,46.756969]]},"properties":{"name":"Calea Florești","lines":"9, 24, 24B, 28B, 29, 43P, 52, 52L, M21, M23, M24, M25, M26, M27, M51, M52, M81","arr":["9","24","24B","28B","29","43P","52","52L","M21","M23","M24","M25","M26","M27","M51","M52","M81"],"roundabout":0,"mode":"bus","color":"#0059a9"}},{"type":"Feature","geometry":{"type":"LineString","coordinates":[[23.542354,46.756918],[23.542113,46.756913],[23.541979,46.756918],[23.541908,46.756933],[23.541837,46.756954],[23.541766,46.756991],[23.541708,46.75704],[23.541662,46.757107],[23.541641,46.757196],[23.541677,46.757675],[23.541695,46.757824],[23.541722,46.757903],[23.541751,46.757941],[23.541785,46.757975],[23.541838,46.758005],[23.541893,46.758026],[23.541936,46.75804],[23.541983,46.758047],[23.542033,46.75805],[23.542081,46.758046],[23.542133,46.75804],[23.542179,46.758026],[23.542252,46.757994],[23.542329,46.757943],[23.542382,46.757888],[23.542404,46.757847],[23.542407,46.757819],[23.542406,46.757767],[23.542378,46.757652],[23.542361,46.757533],[23.542333,46.757281]]},"properties":{"name":"","lines":"9, 24, 29, 52, 52L","arr":["9","24","29","52","52L"],"roundabout":0,"mode":"bus","color":"#0059a9"}},{"type":"Feature","geometry":{"type":"LineString","coordinates":[[23.542322,46.756527],[23.542333,46.757281]]},"properties":{"name":"DJ107R","lines":"9, 24, 28B, 29, 43, 43B, 43P, 52, 52L, M21, M24, M25, M27, M51, M52","arr":["9","24","28B","29","43","43B","43P","52","52L","M21","M24","M25","M27","M51","M52"],"roundabout":0,"mode":"bus","color":"#0059a9"}},{"type":"Feature","geometry":{"type":"LineString","coordinates":[[23.542481,46.754969],[23.542437,46.75518],[23.542401,46.755298],[23.54238,46.755392],[23.542362,46.755491],[23.542335,46.755718],[23.542322,46.75595],[23.542322,46.756527]]},"properties":{"name":"Strada Bucium","lines":"9, 24, 29, 43, 43B, 43P, 52, 52L, M21, M24, M25, M27, M51, M52, M81","arr":["9","24","29","43","43B","43P","52","52L","M21","M24","M25","M27","M51","M52","M81"],"roundabout":0,"mode":"bus","color":"#0059a9"}},{"type":"Feature","geometry":{"type":"LineString","coordinates":[[23.605896,46.785674],[23.606416,46.785647],[23.606732,46.785628],[23.607913,46.785566],[23.608157,46.785553],[23.608168,46.785553],[23.608182,46.785552],[23.608242,46.785547],[23.60866,46.785527],[23.609279,46.785497],[23.609718,46.785475],[23.611081,46.785406],[23.611314,46.785394],[23.61182,46.785368],[23.611865,46.785366],[23.611913,46.785363],[23.611995,46.785358],[23.612248,46.785344]]},"properties":{"name":"Strada Câmpul Pâinii","lines":"10, 23, 34, 50, 50D, 50L, 52, 52L","arr":["10","23","34","50","50D","50L","52","52L"],"roundabout":0,"mode":"bus","color":"#0059a9","trolley":"mix"}},{"type":"Feature","geometry":{"type":"LineString","coordinates":[[23.612248,46.785344],[23.612663,46.785322]]},"properties":{"name":"Strada Câmpul Pâinii","lines":"10, 23, 34, 50, 50D, 52, 52L","arr":["10","23","34","50","50D","52","52L"],"roundabout":0,"mode":"bus","color":"#0059a9","trolley":"mix"}},{"type":"Feature","geometry":{"type":"LineString","coordinates":[[23.612663,46.785322],[23.613085,46.78529],[23.613152,46.785284],[23.613249,46.785277],[23.6133,46.785275],[23.614053,46.785241],[23.614143,46.785238],[23.614559,46.785222],[23.615427,46.785183],[23.615826,46.785225]]},"properties":{"name":"Strada Câmpul Pâinii","lines":"10, 23, 50, 50D, 52, 52L","arr":["10","23","50","50D","52","52L"],"roundabout":0,"mode":"bus","color":"#0059a9","trolley":"mix"}},{"type":"Feature","geometry":{"type":"LineString","coordinates":[[23.615826,46.785225],[23.615831,46.785296],[23.615815,46.785378],[23.615784,46.785465],[23.615704,46.785594],[23.615407,46.786009],[23.614866,46.786798],[23.614817,46.786879]]},"properties":{"name":"Strada Bulgarilor","lines":"10, 23, 50, 50D, 52, 52L","arr":["10","23","50","50D","52","52L"],"roundabout":0,"mode":"bus","color":"#0059a9","trolley":"mix"}},{"type":"Feature","geometry":{"type":"LineString","coordinates":[[23.614817,46.786879],[23.614703,46.786883],[23.614571,46.786901]]},"properties":{"name":"Strada Bobâlnei","lines":"10, 23, 50, 50D, 52, 52L","arr":["10","23","50","50D","52","52L"],"roundabout":0,"mode":"bus","color":"#0059a9","trolley":"mix"}},{"type":"Feature","geometry":{"type":"LineString","coordinates":[[23.614571,46.786901],[23.61468,46.787092],[23.614935,46.787522],[23.615074,46.787786],[23.615178,46.78804],[23.615275,46.788355],[23.615295,46.788415],[23.61532,46.788486],[23.615333,46.788517],[23.615348,46.788551]]},"properties":{"name":"Strada Fabricii","lines":"10, 12, 14, 23, 36B, 36L, 48, 48L, 50, 50D, 50L, 52, 52L","arr":["10","12","14","23","36B","36L","48","48L","50","50D","50L","52","52L"],"roundabout":0,"mode":"bus","color":"#0059a9","trolley":"mix"}},{"type":"Feature","geometry":{"type":"LineString","coordinates":[[23.615395,46.788699],[23.615411,46.788752],[23.615439,46.788851],[23.615524,46.789157],[23.615681,46.789666],[23.615741,46.78987],[23.615936,46.790546],[23.615991,46.790909],[23.616002,46.791167],[23.615989,46.791425],[23.615959,46.791685],[23.615888,46.791975],[23.61579,46.792277],[23.615618,46.792644],[23.615513,46.792818],[23.615263,46.793224],[23.615067,46.793516],[23.614362,46.794551],[23.613933,46.795178],[23.613921,46.795199]]},"properties":{"name":"Strada Fabricii","lines":"10, 12, 14, 23, 48, 48L, 50, 50D, 50L","arr":["10","12","14","23","48","48L","50","50D","50L"],"roundabout":0,"mode":"bus","color":"#0059a9","trolley":"mix"}},{"type":"Feature","geometry":{"type":"LineString","coordinates":[[23.61358,46.795692],[23.613456,46.795897],[23.613436,46.795927],[23.613112,46.796384],[23.61303,46.796501],[23.612965,46.796594],[23.612818,46.796808],[23.612678,46.79702],[23.612502,46.797257],[23.612491,46.797381],[23.612485,46.797446],[23.612486,46.797471],[23.612489,46.797491],[23.612491,46.797554]]},"properties":{"name":"Strada Fabricii","lines":"10, 12, 14, 23, 48, 48L, 50, 50D, 50L","arr":["10","12","14","23","48","48L","50","50D","50L"],"roundabout":0,"mode":"bus","color":"#0059a9","trolley":"mix"}},{"type":"Feature","geometry":{"type":"LineString","coordinates":[[23.613921,46.795199],[23.613912,46.79533]]},"properties":{"name":"Strada Fabricii","lines":"10, 12, 14, 23, 48, 50, 50D","arr":["10","12","14","23","48","50","50D"],"roundabout":0,"mode":"bus","color":"#0059a9","trolley":"mix"}},{"type":"Feature","geometry":{"type":"LineString","coordinates":[[23.613871,46.795401],[23.61358,46.795692]]},"properties":{"name":"Strada Fabricii","lines":"10, 14, 23, 48, 50, 50D","arr":["10","14","23","48","50","50D"],"roundabout":0,"mode":"bus","color":"#0059a9","trolley":"mix"}},{"type":"Feature","geometry":{"type":"LineString","coordinates":[[23.612523,46.797573],[23.612664,46.7976],[23.612706,46.79761],[23.612748,46.797618],[23.612797,46.797623],[23.612822,46.797625],[23.612907,46.797632],[23.612936,46.797633],[23.613322,46.797557],[23.613612,46.797498],[23.615973,46.797027],[23.616322,46.79696],[23.616925,46.796832],[23.617055,46.796806],[23.617275,46.796762],[23.619375,46.796359],[23.620643,46.796098],[23.62098,46.796025],[23.621046,46.796011],[23.621125,46.795996],[23.621207,46.79598],[23.621414,46.795941],[23.621724,46.795882],[23.621886,46.795851],[23.622214,46.795797],[23.62239,46.795777],[23.622575,46.79576],[23.623121,46.795729],[23.623327,46.795718],[23.623791,46.795693],[23.624516,46.79566],[23.625557,46.795613],[23.627439,46.795527],[23.627649,46.795522],[23.627782,46.795524],[23.627907,46.795532],[23.628066,46.795549],[23.628194,46.79557],[23.628266,46.795581],[23.62889,46.795729],[23.629145,46.795789],[23.629537,46.795867],[23.629841,46.795918],[23.630029,46.795938],[23.630175,46.795949],[23.630275,46.795959],[23.630892,46.795973],[23.631063,46.795978],[23.631611,46.795986],[23.632281,46.796],[23.633584,46.796018],[23.633782,46.79602],[23.634261,46.796039],[23.634723,46.796061],[23.634789,46.796063],[23.635361,46.796073]]},"properties":{"name":"Bulevardul Muncii","lines":"10, 12, 14, 23, 26, 26L, 48, 48L, 50, 50D, 50L","arr":["10","12","14","23","26","26L","48","48L","50","50D","50L"],"roundabout":0,"mode":"bus","color":"#0059a9","trolley":"mix","nolabel":1}},{"type":"Feature","geometry":{"type":"LineString","coordinates":[[23.63594,46.796085],[23.635361,46.796073]]},"properties":{"name":"Bulevardul Muncii","lines":"12, 14, 26L, 48L, 50D, 50L","arr":["12","14","26L","48L","50D","50L"],"roundabout":0,"mode":"bus","color":"#0059a9","trolley":"mix","nolabel":1}},{"type":"Feature","geometry":{"type":"LineString","coordinates":[[23.635326,46.79591],[23.635348,46.795926],[23.635363,46.795953],[23.635362,46.796056],[23.635361,46.796073]]},"properties":{"name":"","lines":"10, 26","arr":["10","26"],"roundabout":0,"mode":"bus","color":"#0059a9","trolley":"mix"}},{"type":"Feature","geometry":{"type":"LineString","coordinates":[[23.615425,46.778523],[23.615185,46.778542],[23.615045,46.778576],[23.614912,46.778618],[23.614791,46.778667],[23.614646,46.778735],[23.61457,46.778773]]},"properties":{"name":"","lines":"12, 34, 48L, 53","arr":["12","34","48L","53"],"roundabout":0,"mode":"bus","color":"#0059a9","trolley":"mix"}},{"type":"Feature","geometry":{"type":"LineString","coordinates":[[23.614885,46.778512],[23.614785,46.778589],[23.614627,46.778719],[23.61457,46.778773]]},"properties":{"name":"Strada Fabricii","lines":"14, 48","arr":["14","48"],"roundabout":0,"mode":"bus","color":"#0059a9","trolley":"mix"}},{"type":"Feature","geometry":{"type":"LineString","coordinates":[[23.612311,46.797575],[23.612317,46.797509],[23.61239,46.797369],[23.6124,46.797358],[23.612502,46.797257]]},"properties":{"name":"Strada Fabricii","lines":"14, 48","arr":["14","48"],"roundabout":0,"mode":"bus","color":"#0059a9","trolley":"mix"}},{"type":"Feature","geometry":{"type":"LineString","coordinates":[[23.61457,46.778773],[23.614522,46.778818],[23.614475,46.778863],[23.614467,46.778888],[23.614459,46.778908],[23.614447,46.77894],[23.614434,46.778976],[23.614205,46.779638],[23.614051,46.780088],[23.613809,46.780658],[23.613658,46.780994],[23.613604,46.781113],[23.613554,46.781222],[23.613412,46.781537],[23.613343,46.781684],[23.613251,46.781921]]},"properties":{"name":"Strada Fabricii","lines":"12, 14, 34, 48, 48L, 53","arr":["12","14","34","48","48L","53"],"roundabout":0,"mode":"bus","color":"#0059a9","trolley":"mix"}},{"type":"Feature","geometry":{"type":"LineString","coordinates":[[23.613251,46.781921],[23.613186,46.782078],[23.613144,46.782166],[23.613129,46.78222],[23.613047,46.782453],[23.612997,46.782689],[23.612982,46.7828],[23.612981,46.782965],[23.613011,46.78316],[23.613058,46.783427],[23.613069,46.783484]]},"properties":{"name":"Strada Fabricii","lines":"12, 14, 29, 34, 36B, 36L, 48, 48L","arr":["12","14","29","34","36B","36L","48","48L"],"roundabout":0,"mode":"bus","color":"#0059a9","trolley":"mix"}},{"type":"Feature","geometry":{"type":"LineString","coordinates":[[23.613069,46.783484],[23.613134,46.783593],[23.613175,46.783682],[23.613195,46.783722]]},"properties":{"name":"Strada Fabricii","lines":"12, 14, 34, 36B, 36L, 48, 48L","arr":["12","14","34","36B","36L","48","48L"],"roundabout":0,"mode":"bus","color":"#0059a9","trolley":"mix"}},{"type":"Feature","geometry":{"type":"LineString","coordinates":[[23.613235,46.783808],[23.613279,46.783924],[23.613302,46.783984],[23.613361,46.784169],[23.613428,46.784371],[23.613496,46.784588],[23.613568,46.784791],[23.613909,46.785635],[23.614026,46.785926]]},"properties":{"name":"Strada Fabricii","lines":"12, 14, 34, 36B, 36L, 48, 48L","arr":["12","14","34","36B","36L","48","48L"],"roundabout":0,"mode":"bus","color":"#0059a9","trolley":"mix"}},{"type":"Feature","geometry":{"type":"LineString","coordinates":[[23.614026,46.785926],[23.614185,46.786318]]},"properties":{"name":"Strada Fabricii","lines":"12, 14, 36B, 36L, 48, 48L","arr":["12","14","36B","36L","48","48L"],"roundabout":0,"mode":"bus","color":"#0059a9","trolley":"mix"}},{"type":"Feature","geometry":{"type":"LineString","coordinates":[[23.614185,46.786318],[23.614571,46.786901]]},"properties":{"name":"Strada Fabricii","lines":"12, 14, 23, 36B, 36L, 48, 48L, 50, 50L, 52, 52L","arr":["12","14","23","36B","36L","48","48L","50","50L","52","52L"],"roundabout":0,"mode":"bus","color":"#0059a9","trolley":"mix"}},{"type":"Feature","geometry":{"type":"LineString","coordinates":[[23.61358,46.795692],[23.61374,46.795366]]},"properties":{"name":"Strada Fabricii","lines":"12, 14, 48, 48L, 50L","arr":["12","14","48","48L","50L"],"roundabout":0,"mode":"bus","color":"#0059a9","trolley":"mix"}},{"type":"Feature","geometry":{"type":"LineString","coordinates":[[23.612936,46.797633],[23.612809,46.797659],[23.612502,46.79772]]},"properties":{"name":"Bulevardul Muncii","lines":"14, 23, 26, 26L, 48, 48L, 50L","arr":["14","23","26","26L","48","48L","50L"],"roundabout":0,"mode":"bus","color":"#0059a9","trolley":"mix","nolabel":1}},{"type":"Feature","geometry":{"type":"LineString","coordinates":[[23.613789,46.795291],[23.613921,46.795199]]},"properties":{"name":"Strada Fabricii","lines":"14, 48L, 50, 50L","arr":["14","48L","50","50L"],"roundabout":0,"mode":"bus","color":"#0059a9","trolley":"mix"}},{"type":"Feature","geometry":{"type":"LineString","coordinates":[[23.614185,46.786318],[23.613945,46.785997]]},"properties":{"name":"Strada Fabricii","lines":"14, 23, 36L, 48L, 50, 50L, 52, 52L","arr":["14","23","36L","48L","50","50L","52","52L"],"roundabout":0,"mode":"bus","color":"#0059a9","trolley":"mix"}},{"type":"Feature","geometry":{"type":"LineString","coordinates":[[23.613945,46.785997],[23.61385,46.78582],[23.613755,46.785622]]},"properties":{"name":"Strada Fabricii","lines":"14, 36B, 36L, 48, 48L","arr":["14","36B","36L","48","48L"],"roundabout":0,"mode":"bus","color":"#0059a9","trolley":"mix"}},{"type":"Feature","geometry":{"type":"LineString","coordinates":[[23.613755,46.785622],[23.613427,46.784817],[23.613256,46.784316],[23.613177,46.784062],[23.613136,46.78395],[23.613086,46.783812]]},"properties":{"name":"Strada Fabricii","lines":"14, 34, 36B, 36L, 48, 48L","arr":["14","34","36B","36L","48","48L"],"roundabout":0,"mode":"bus","color":"#0059a9","trolley":"mix"}},{"type":"Feature","geometry":{"type":"LineString","coordinates":[[23.613081,46.783748],[23.613062,46.783691],[23.613055,46.783604],[23.613069,46.783484]]},"properties":{"name":"Strada Fabricii","lines":"14, 29, 34, 36B, 36L, 48, 48L","arr":["14","29","34","36B","36L","48","48L"],"roundabout":0,"mode":"bus","color":"#0059a9","trolley":"mix"}},{"type":"Feature","geometry":{"type":"LineString","coordinates":[[23.614475,46.778863],[23.614471,46.778815]]},"properties":{"name":"Strada Fabricii","lines":"14, 34, 48, 48L, 53","arr":["14","34","48","48L","53"],"roundabout":0,"mode":"bus","color":"#0059a9","trolley":"mix"}},{"type":"Feature","geometry":{"type":"LineString","coordinates":[[23.614471,46.778815],[23.614465,46.778759],[23.614449,46.778695],[23.61441,46.778567],[23.614382,46.7785],[23.614344,46.778434]]},"properties":{"name":"Strada Fabricii","lines":"34, 48, 48L, 53","arr":["34","48","48L","53"],"roundabout":0,"mode":"bus","color":"#0059a9"}},{"type":"Feature","geometry":{"type":"LineString","coordinates":[[23.614471,46.778815],[23.614438,46.778752],[23.614392,46.778665],[23.614315,46.778545],[23.61429,46.778506],[23.61418,46.778405],[23.614058,46.778327],[23.613821,46.778215]]},"properties":{"name":"","lines":"14","arr":["14"],"roundabout":0,"mode":"bus","color":"#149a3f","trolley":"all"}},{"type":"Feature","geometry":{"type":"LineString","coordinates":[[23.543907,46.751895],[23.544077,46.75158]]},"properties":{"name":"Strada Bucium","lines":"52L, M27, M51, M52","arr":["52L","M27","M51","M52"],"roundabout":0,"mode":"bus","color":"#0059a9"}},{"type":"Feature","geometry":{"type":"LineString","coordinates":[[23.544077,46.75158],[23.544096,46.751546],[23.54411,46.751518]]},"properties":{"name":"Strada Bucium","lines":"14, 24, 29, 29S, 52, 52L, M24, M25, M27, M51, M52, M81","arr":["14","24","29","29S","52","52L","M24","M25","M27","M51","M52","M81"],"roundabout":0,"mode":"bus","color":"#0059a9","trolley":"mix"}},{"type":"Feature","geometry":{"type":"LineString","coordinates":[[23.599093,46.768685],[23.598967,46.768645],[23.598849,46.768606],[23.598667,46.768546]]},"properties":{"name":"Strada Posada","lines":"18, 20, 40, M11, M12, M13, M16, M61","arr":["18","20","40","M11","M12","M13","M16","M61"],"roundabout":0,"mode":"bus","color":"#0059a9"}},{"type":"Feature","geometry":{"type":"LineString","coordinates":[[23.598491,46.768488],[23.598083,46.768355],[23.598024,46.768336],[23.597892,46.768293]]},"properties":{"name":"Strada Posada","lines":"20, 40, M11, M12, M13, M16, M17, M18, M71","arr":["20","40","M11","M12","M13","M16","M17","M18","M71"],"roundabout":0,"mode":"bus","color":"#0059a9"}},{"type":"Feature","geometry":{"type":"LineString","coordinates":[[23.601091,46.767754],[23.601179,46.767692]]},"properties":{"name":"Strada Constantin Brâncuși","lines":"18, 20, 32, 32B, 45, 57, M13, M61","arr":["18","20","32","32B","45","57","M13","M61"],"roundabout":0,"mode":"bus","color":"#0059a9"}},{"type":"Feature","geometry":{"type":"LineString","coordinates":[[23.601179,46.767692],[23.601291,46.767625],[23.601361,46.767583],[23.601475,46.767515],[23.601546,46.767473],[23.601697,46.767375],[23.602308,46.767034],[23.602437,46.766965],[23.602551,46.766901],[23.603415,46.766402],[23.60439,46.765842],[23.604425,46.765822],[23.604522,46.765767],[23.604542,46.765757],[23.604762,46.765633],[23.604797,46.765614],[23.604976,46.765515],[23.605061,46.765467],[23.605301,46.765334],[23.605346,46.765308],[23.605515,46.765213],[23.605832,46.765035],[23.605963,46.764958],[23.606032,46.764917],[23.606136,46.76486],[23.606551,46.764637],[23.606686,46.764566],[23.606718,46.764545],[23.606754,46.764517],[23.606786,46.764491]]},"properties":{"name":"Strada Constantin Brâncuși","lines":"18, 20, 21, 32, 32B, 45, 57, 57L, M13, M61","arr":["18","20","21","32","32B","45","57","57L","M13","M61"],"roundabout":0,"mode":"bus","color":"#0059a9"}},{"type":"Feature","geometry":{"type":"LineString","coordinates":[[23.606866,46.764449],[23.606914,46.764424],[23.60695,46.764405],[23.607702,46.763967],[23.607885,46.763861],[23.608216,46.763671],[23.608335,46.763603],[23.608511,46.763496],[23.60949,46.762925],[23.609676,46.762814],[23.609986,46.76263],[23.611658,46.761644],[23.611793,46.761564],[23.613102,46.7608],[23.613538,46.760542],[23.613668,46.760465],[23.613742,46.760421],[23.613772,46.760404],[23.613834,46.76037],[23.613934,46.76031],[23.614144,46.760185],[23.615009,46.7597],[23.615083,46.759659],[23.615108,46.759645],[23.615132,46.759632],[23.61549,46.759429],[23.61572,46.759299],[23.616263,46.758963],[23.616483,46.758834],[23.616914,46.758581],[23.617107,46.758468],[23.617194,46.758414],[23.617256,46.758377],[23.617458,46.758251],[23.617517,46.758212],[23.617631,46.758139],[23.617822,46.758007],[23.618008,46.757884],[23.618267,46.757704],[23.618627,46.757409],[23.618866,46.757219],[23.61889,46.7572],[23.619167,46.75698]]},"properties":{"name":"Strada Constantin Brâncuși","lines":"18, 20, 32, 32B, 45, 57, 57L, M13, M61","arr":["18","20","32","32B","45","57","57L","M13","M61"],"roundabout":0,"mode":"bus","color":"#0059a9"}},{"type":"Feature","geometry":{"type":"LineString","coordinates":[[23.619284,46.756941],[23.619231,46.75695],[23.619195,46.756966],[23.619167,46.75698]]},"properties":{"name":"Strada Borhanciului","lines":"18, 20, M13, M61","arr":["18","20","M13","M61"],"roundabout":0,"mode":"bus","color":"#0059a9"}},{"type":"Feature","geometry":{"type":"LineString","coordinates":[[23.619284,46.756941],[23.619332,46.756897],[23.619846,46.756473],[23.619899,46.756417],[23.619951,46.756357],[23.620007,46.756285],[23.620421,46.755756],[23.620527,46.755622],[23.620623,46.755502],[23.620669,46.755452],[23.620744,46.75537],[23.62082,46.755289],[23.620955,46.755165],[23.621101,46.755043],[23.621418,46.754781],[23.621564,46.754657],[23.621651,46.75457],[23.621859,46.754343],[23.62192,46.754263],[23.621973,46.754187],[23.622026,46.754084],[23.622067,46.753973],[23.6221,46.753868],[23.62214,46.753555],[23.62216,46.753394],[23.622174,46.753343],[23.622196,46.753291],[23.622226,46.753238],[23.622279,46.753143],[23.622312,46.753088],[23.622358,46.753038],[23.622404,46.752998],[23.622527,46.752908],[23.623456,46.752289],[23.623991,46.751961],[23.624071,46.751926],[23.624622,46.751719],[23.62486,46.751618],[23.624976,46.751562],[23.625098,46.751499],[23.625303,46.751382],[23.625921,46.751003],[23.626805,46.750517],[23.627815,46.749937],[23.628148,46.749741],[23.628278,46.749662],[23.628399,46.749576],[23.628494,46.749508],[23.628581,46.749435],[23.628694,46.749341],[23.6288,46.749238],[23.628999,46.749023],[23.629075,46.748946],[23.629168,46.748884],[23.629247,46.74885],[23.630011,46.748531],[23.630341,46.7484],[23.630684,46.748285],[23.630821,46.748225],[23.630998,46.74813],[23.631468,46.747855],[23.631624,46.747788],[23.631766,46.747738],[23.632058,46.747649],[23.632195,46.747606],[23.632379,46.747539],[23.632893,46.747339],[23.633181,46.747211],[23.634003,46.746847],[23.634326,46.746706],[23.634374,46.74668],[23.634784,46.746424],[23.635194,46.746156],[23.635994,46.74559],[23.636146,46.745482],[23.636288,46.745371],[23.636375,46.745309],[23.636445,46.745261],[23.63652,46.745219],[23.636657,46.745146],[23.636774,46.745087],[23.636864,46.745034],[23.636918,46.744993],[23.636962,46.744948],[23.637313,46.744556]]},"properties":{"name":"Strada Romul Ladea","lines":"18","arr":["18"],"roundabout":0,"mode":"bus","color":"#0059a9"}},{"type":"Feature","geometry":{"type":"LineString","coordinates":[[23.637313,46.744556],[23.637305,46.744438],[23.637293,46.744391],[23.637268,46.744351],[23.637226,46.744302],[23.637179,46.744254],[23.636934,46.744064],[23.636832,46.743973],[23.636757,46.743883],[23.636692,46.74379],[23.636636,46.743684],[23.636533,46.743473],[23.636345,46.743156],[23.636152,46.742851],[23.636109,46.742772],[23.636091,46.742721],[23.636079,46.742689],[23.636048,46.742592],[23.63601,46.742406],[23.635919,46.741619],[23.635908,46.741402],[23.635915,46.741266],[23.635924,46.741097],[23.636074,46.740512],[23.636251,46.739266],[23.636251,46.739079],[23.636289,46.738913],[23.636542,46.738519]]},"properties":{"name":"Strada Veseliei","lines":"18","arr":["18"],"roundabout":0,"mode":"bus","color":"#0059a9"}},{"type":"Feature","geometry":{"type":"LineString","coordinates":[[23.599686,46.767592],[23.599691,46.767683]]},"properties":{"name":"Strada Milton Lehrer","lines":"21, 35, 40, 46, 46B, 46L, 50, 50D, 50L, 54N, M11, M12, M16, M61","arr":["21","35","40","46","46B","46L","50","50D","50L","54N","M11","M12","M16","M61"],"roundabout":0,"mode":"bus","color":"#0059a9"}},{"type":"Feature","geometry":{"type":"LineString","coordinates":[[23.599691,46.767683],[23.599692,46.767764]]},"properties":{"name":"Strada Milton Lehrer","lines":"18, 21, 35, 40, 46, 46B, 46L, 50, 50D, 50L, 54N, M11, M12, M16","arr":["18","21","35","40","46","46B","46L","50","50D","50L","54N","M11","M12","M16"],"roundabout":0,"mode":"bus","color":"#0059a9"}},{"type":"Feature","geometry":{"type":"LineString","coordinates":[[23.562636,46.760454],[23.562628,46.760438],[23.562621,46.760413],[23.562617,46.760387],[23.562618,46.760346],[23.562625,46.760291],[23.562625,46.76028],[23.562626,46.759626],[23.562654,46.75953]]},"properties":{"name":"Strada Câmpului","lines":"19, 42","arr":["19","42"],"roundabout":0,"mode":"bus","color":"#0059a9"}},{"type":"Feature","geometry":{"type":"LineString","coordinates":[[23.564065,46.755475],[23.564119,46.75527],[23.564071,46.754891],[23.564066,46.754762],[23.564063,46.754673],[23.564068,46.754438],[23.564092,46.754186],[23.564141,46.753985],[23.564223,46.753682],[23.564318,46.753402],[23.564401,46.753189],[23.564482,46.753062],[23.564519,46.752995],[23.564955,46.752283]]},"properties":{"name":"Strada Câmpului","lines":"19, 42","arr":["19","42"],"roundabout":0,"mode":"bus","color":"#0059a9"}},{"type":"Feature","geometry":{"type":"LineString","coordinates":[[23.564955,46.752283],[23.564981,46.752086],[23.565031,46.751841],[23.565044,46.751796],[23.565098,46.751605],[23.565215,46.751269],[23.565301,46.751049],[23.565349,46.750939],[23.565363,46.750868],[23.565375,46.750789],[23.565363,46.750592],[23.565341,46.750395],[23.565305,46.750207],[23.565284,46.750124],[23.565243,46.74996],[23.565205,46.749764],[23.565147,46.749683],[23.565094,46.749604],[23.565008,46.749534],[23.564927,46.749475],[23.564827,46.749428],[23.564707,46.74937],[23.56449,46.749292],[23.564234,46.749222],[23.564119,46.74922],[23.564013,46.749236],[23.563931,46.749251],[23.563835,46.749305],[23.563712,46.749362],[23.563484,46.749457],[23.563263,46.749549],[23.562997,46.749642],[23.562885,46.749729],[23.562796,46.749764]]},"properties":{"name":"Aleea Bâlea","lines":"19","arr":["19"],"roundabout":0,"mode":"bus","color":"#0059a9"}},{"type":"Feature","geometry":{"type":"LineString","coordinates":[[23.562584,46.748653],[23.562634,46.748689],[23.562783,46.748758],[23.563108,46.748902],[23.563931,46.749251]]},"properties":{"name":"Strada Dimitrie Gusti","lines":"19","arr":["19"],"roundabout":0,"mode":"bus","color":"#0059a9"}},{"type":"Feature","geometry":{"type":"LineString","coordinates":[[23.562584,46.748653],[23.562608,46.748643],[23.562656,46.748615],[23.56271,46.748579],[23.562884,46.748446],[23.562996,46.748362],[23.563055,46.748319],[23.563354,46.748134],[23.563392,46.74808],[23.563395,46.748032],[23.563385,46.747987],[23.5633,46.747861],[23.563242,46.747775],[23.564378,46.747323],[23.565455,46.746894],[23.565625,46.746831],[23.565731,46.746784],[23.565777,46.74674],[23.565798,46.746686],[23.56579,46.746618],[23.565704,46.746304],[23.565626,46.746055],[23.565608,46.745997],[23.565596,46.745928],[23.5656,46.745848],[23.565623,46.745752],[23.565713,46.745512],[23.565837,46.74518],[23.565966,46.744895],[23.56604,46.74477],[23.566101,46.744665],[23.566127,46.744622],[23.566215,46.744394],[23.566229,46.7442],[23.56622,46.744063],[23.566184,46.743853],[23.566123,46.743732],[23.566054,46.743602],[23.56591,46.743419],[23.565701,46.743158],[23.565687,46.743139],[23.565355,46.742751]]},"properties":{"name":"Strada Edgar Quinet","lines":"19","arr":["19"],"roundabout":0,"mode":"bus","color":"#0059a9"}},{"type":"Feature","geometry":{"type":"LineString","coordinates":[[23.562796,46.749764],[23.562658,46.749754],[23.562335,46.749729],[23.562014,46.749719],[23.561941,46.749733]]},"properties":{"name":"Aleea Negoiu","lines":"19","arr":["19"],"roundabout":0,"mode":"bus","color":"#0059a9"}},{"type":"Feature","geometry":{"type":"LineString","coordinates":[[23.561941,46.749733],[23.561878,46.749765],[23.561669,46.749889],[23.561587,46.749939],[23.561479,46.749989],[23.561001,46.750121],[23.560903,46.750162],[23.560859,46.750196],[23.560839,46.750264],[23.559682,46.750207],[23.558994,46.750182],[23.558525,46.750161],[23.558425,46.750155],[23.55764,46.750123],[23.557514,46.750133],[23.557433,46.750152],[23.557283,46.750207],[23.557186,46.750256],[23.556947,46.75039],[23.556762,46.750505],[23.556606,46.750645],[23.55651,46.750769],[23.556453,46.750874],[23.556386,46.751146],[23.556352,46.75141],[23.556346,46.751467],[23.55634,46.751533],[23.556353,46.75173],[23.556382,46.751932],[23.556447,46.752228],[23.55655,46.752588],[23.556591,46.752688],[23.556763,46.752997],[23.556859,46.753129],[23.556958,46.753239],[23.557048,46.753305],[23.557138,46.753344],[23.557289,46.753385],[23.55789,46.753385],[23.558301,46.753375],[23.558393,46.753373],[23.558706,46.753366],[23.559034,46.753348],[23.55933,46.753335],[23.559554,46.753307],[23.559616,46.753296],[23.560002,46.753168],[23.560195,46.753089],[23.560271,46.753066],[23.560325,46.753054],[23.560383,46.753048],[23.560448,46.753047],[23.56051,46.753057],[23.560548,46.753066],[23.560594,46.75308],[23.560627,46.753097],[23.560695,46.753138],[23.560764,46.75319],[23.560822,46.753244],[23.560865,46.753283],[23.56089,46.753324],[23.560895,46.753365],[23.560885,46.753435],[23.56083,46.753833],[23.560812,46.753962],[23.56078,46.754128],[23.560757,46.754251],[23.560728,46.754494],[23.560726,46.754527],[23.560698,46.754869],[23.560674,46.755166],[23.560671,46.755207],[23.560669,46.755228],[23.560715,46.755317],[23.560752,46.755379]]},"properties":{"name":"Strada Mehedinți","lines":"19","arr":["19"],"roundabout":0,"mode":"bus","color":"#0059a9"}},{"type":"Feature","geometry":{"type":"LineString","coordinates":[[23.651246,46.74358],[23.651273,46.743466],[23.651278,46.743395],[23.651272,46.743315],[23.651254,46.743208],[23.651207,46.743073],[23.651175,46.743008],[23.650582,46.741837],[23.650436,46.741427],[23.650149,46.739825],[23.650157,46.7395],[23.650322,46.738959],[23.650387,46.738379],[23.650363,46.738157],[23.650277,46.737969],[23.64997,46.737485],[23.649702,46.737088],[23.649634,46.736905],[23.649603,46.736785],[23.649453,46.735974],[23.649425,46.735664],[23.64945,46.735478],[23.64952,46.735222],[23.649725,46.734774],[23.649851,46.734614],[23.650369,46.734133],[23.650687,46.733898],[23.651636,46.733421],[23.651833,46.733279],[23.651952,46.73318],[23.652035,46.733065],[23.652099,46.732921],[23.652495,46.732021],[23.652859,46.730504],[23.652999,46.729919],[23.65324,46.7293],[23.653427,46.729014],[23.653665,46.728784],[23.65386,46.728603],[23.653939,46.728481],[23.65404,46.728327]]},"properties":{"name":"Strada Borhanciului","lines":"M13","arr":["M13"],"roundabout":0,"mode":"bus","color":"#0059a9"}},{"type":"Feature","geometry":{"type":"LineString","coordinates":[[23.651246,46.74358],[23.651273,46.743466],[23.651278,46.743395],[23.651272,46.743315],[23.651254,46.743208],[23.651207,46.743073],[23.651175,46.743008],[23.650582,46.741837],[23.650436,46.741427],[23.650149,46.739825],[23.650157,46.7395],[23.650322,46.738959],[23.650387,46.738379],[23.650363,46.738157],[23.650277,46.737969],[23.64997,46.737485],[23.649702,46.737088],[23.649634,46.736905],[23.649603,46.736785],[23.649453,46.735974],[23.649425,46.735664],[23.64945,46.735478],[23.64952,46.735222],[23.649725,46.734774],[23.649851,46.734614],[23.650369,46.734133],[23.650687,46.733898],[23.651636,46.733421],[23.651833,46.733279],[23.651952,46.73318],[23.652035,46.733065],[23.652099,46.732921],[23.652495,46.732021],[23.652859,46.730504],[23.652999,46.729919],[23.65324,46.7293],[23.653427,46.729014],[23.653665,46.728784],[23.65386,46.728603],[23.653939,46.728481],[23.65404,46.728327]]},"properties":{"name":"Strada Borhanciului","lines":"M61","arr":["M61"],"roundabout":0,"mode":"bus","color":"#0059a9"}},{"type":"Feature","geometry":{"type":"LineString","coordinates":[[23.651246,46.74358],[23.651068,46.744068],[23.651029,46.744154],[23.650982,46.744236],[23.650882,46.744338],[23.649812,46.745192],[23.649607,46.745362],[23.648704,46.746076],[23.64864,46.746129],[23.648291,46.74641],[23.64746,46.747031],[23.647391,46.747085],[23.647249,46.747194],[23.647201,46.747235],[23.647171,46.747261],[23.646833,46.747551],[23.646294,46.748013],[23.646126,46.748135],[23.645959,46.748256],[23.645575,46.748535],[23.645248,46.748724],[23.644618,46.749019],[23.644513,46.749067],[23.644366,46.749133],[23.644099,46.749258],[23.643736,46.749408],[23.6436,46.749449],[23.643451,46.749495],[23.642345,46.749755],[23.642169,46.74979],[23.641995,46.749816],[23.64183,46.749829],[23.640835,46.749864],[23.640598,46.749883],[23.640496,46.749891],[23.640373,46.749911],[23.640289,46.749931],[23.640153,46.749972],[23.640033,46.750019],[23.639983,46.750042],[23.639724,46.75016],[23.639428,46.75031],[23.639233,46.75041],[23.638873,46.750591],[23.638359,46.750851],[23.638029,46.751023],[23.637781,46.751158],[23.637544,46.751277],[23.637289,46.751406],[23.637153,46.751473],[23.636581,46.75176],[23.636453,46.751823],[23.635753,46.752179],[23.635251,46.752436],[23.635169,46.752473],[23.635092,46.7525],[23.634997,46.752527],[23.634893,46.752543],[23.634646,46.752576],[23.634461,46.752595],[23.634401,46.752601],[23.634241,46.752618],[23.634137,46.75263],[23.634051,46.75264],[23.633314,46.75273],[23.632916,46.75277],[23.632763,46.75278],[23.632721,46.752786],[23.632612,46.752809],[23.632509,46.752838],[23.632416,46.752874],[23.632066,46.753029],[23.631843,46.753126],[23.631618,46.753225],[23.63137,46.753333],[23.630822,46.753568],[23.630219,46.753825],[23.629291,46.754218],[23.62918,46.754268],[23.628636,46.754508],[23.628509,46.754562],[23.628216,46.754692],[23.62814,46.754726],[23.62811,46.754739],[23.627902,46.754828],[23.627457,46.755038],[23.627249,46.755156],[23.627136,46.755219],[23.627067,46.755257],[23.626933,46.755339],[23.626754,46.755486],[23.626429,46.755712],[23.626207,46.755867],[23.62594,46.756054],[23.625808,46.756138],[23.625706,46.756197],[23.625551,46.756282],[23.625395,46.756357],[23.625191,46.756443],[23.624983,46.756523],[23.624837,46.756586],[23.62461,46.756686],[23.624503,46.756732],[23.624453,46.756754],[23.624292,46.756812],[23.624075,46.756876],[23.62386,46.756932],[23.623642,46.756971],[23.623559,46.756983],[23.62325,46.757031],[23.622301,46.757188],[23.622077,46.757234],[23.621898,46.757259],[23.621709,46.757277],[23.621515,46.757283],[23.621306,46.757267],[23.621076,46.757232],[23.621037,46.757226],[23.620644,46.757162],[23.62045,46.757129],[23.620402,46.75712],[23.619967,46.757046],[23.619407,46.75695],[23.619346,46.756943],[23.619284,46.756941]]},"properties":{"name":"Strada Borhanciului","lines":"20, M13, M61","arr":["20","M13","M61"],"roundabout":0,"mode":"bus","color":"#0059a9"}},{"type":"Feature","geometry":{"type":"LineString","coordinates":[[23.606792,46.764446],[23.606765,46.764423],[23.606754,46.764409],[23.606742,46.764388],[23.60671,46.764312],[23.606537,46.763789],[23.606479,46.76359],[23.60643,46.763419],[23.606322,46.763049],[23.606119,46.762337],[23.606106,46.762292],[23.606076,46.762159],[23.606041,46.762063],[23.606009,46.762001],[23.605951,46.761907],[23.605934,46.761866],[23.605914,46.761816]]},"properties":{"name":"Strada Barbu Ștefănescu Delavrancea","lines":"21","arr":["21"],"roundabout":0,"mode":"bus","color":"#0059a9"}},{"type":"Feature","geometry":{"type":"LineString","coordinates":[[23.605914,46.761816],[23.605904,46.761775],[23.605902,46.761734],[23.605906,46.761695],[23.605912,46.761659],[23.605927,46.761613],[23.605963,46.761532],[23.60608,46.761324],[23.606106,46.761279],[23.606209,46.761096],[23.606442,46.760706],[23.606462,46.760672],[23.606507,46.760598],[23.606742,46.760207],[23.607019,46.759733],[23.607055,46.75967],[23.607486,46.758901],[23.607569,46.758753],[23.607716,46.758426],[23.608004,46.757798]]},"properties":{"name":"Strada Alexandru Bohățiel","lines":"21","arr":["21"],"roundabout":0,"mode":"bus","color":"#0059a9"}},{"type":"Feature","geometry":{"type":"LineString","coordinates":[[23.608004,46.757798],[23.608066,46.757713],[23.608093,46.757676],[23.608207,46.757537],[23.608501,46.757225],[23.608579,46.757136],[23.608641,46.75707],[23.609069,46.756615],[23.609149,46.756525],[23.609547,46.756072],[23.609596,46.756015],[23.609875,46.75574],[23.610166,46.755496],[23.610458,46.755252],[23.610858,46.754919],[23.611139,46.754681],[23.611364,46.754492],[23.611492,46.754383],[23.611522,46.754358],[23.611558,46.754327],[23.611776,46.754103]]},"properties":{"name":"Strada Becaș","lines":"21","arr":["21"],"roundabout":0,"mode":"bus","color":"#0059a9"}},{"type":"Feature","geometry":{"type":"LineString","coordinates":[[23.611776,46.754103],[23.611726,46.754051],[23.611613,46.753904],[23.611513,46.753752],[23.611276,46.753417],[23.611012,46.753051],[23.610945,46.752962],[23.610794,46.752778],[23.610723,46.752686],[23.610613,46.752544],[23.610189,46.752066],[23.610033,46.751923],[23.609965,46.751851],[23.609669,46.751587],[23.609486,46.751428],[23.609255,46.751252],[23.608861,46.750955],[23.608784,46.750896],[23.608683,46.750838],[23.608434,46.750724],[23.608193,46.750623],[23.608034,46.750558],[23.607917,46.750522],[23.607827,46.750498],[23.607778,46.750486],[23.60766,46.75046],[23.607568,46.75044]]},"properties":{"name":"Strada Fagului","lines":"21, 45","arr":["21","45"],"roundabout":0,"mode":"bus","color":"#0059a9"}},{"type":"Feature","geometry":{"type":"LineString","coordinates":[[23.607395,46.750449],[23.60746,46.750446],[23.607568,46.75044],[23.60743,46.750377]]},"properties":{"name":"Strada Fagului","lines":"21, 45","arr":["21","45"],"roundabout":0,"mode":"bus","color":"#0059a9"}},{"type":"Feature","geometry":{"type":"LineString","coordinates":[[23.607277,46.750347],[23.607207,46.750337],[23.607017,46.750311],[23.606559,46.750216],[23.606485,46.7502],[23.606416,46.750186],[23.606314,46.750162],[23.605678,46.750022],[23.605595,46.750004],[23.605544,46.749992],[23.605002,46.74987],[23.604649,46.74979],[23.604378,46.749726],[23.604345,46.749719],[23.603637,46.74955],[23.603538,46.749526],[23.603023,46.7494],[23.602793,46.749347],[23.602627,46.749309],[23.602298,46.749235],[23.601894,46.749142],[23.601498,46.749052],[23.601424,46.749035],[23.601233,46.748992],[23.601165,46.748976],[23.601031,46.748946],[23.600401,46.748802],[23.600066,46.748729],[23.599442,46.74857],[23.599039,46.748471],[23.598472,46.748332],[23.597918,46.748203],[23.597828,46.748182],[23.597774,46.74817],[23.597575,46.748124],[23.597475,46.748101],[23.597246,46.748047],[23.596943,46.747977],[23.596633,46.747907],[23.596429,46.747861],[23.596349,46.747843],[23.59611,46.747788],[23.596034,46.74777],[23.595456,46.74763],[23.595125,46.747544],[23.594723,46.74744],[23.594336,46.747342],[23.5941,46.74729],[23.593481,46.747151],[23.593415,46.747135],[23.593371,46.747126],[23.593202,46.747086],[23.593068,46.747]]},"properties":{"name":"Strada Bună Ziua","lines":"21, 45","arr":["21","45"],"roundabout":0,"mode":"bus","color":"#0059a9"}},{"type":"Feature","geometry":{"type":"LineString","coordinates":[[23.592767,46.747013],[23.592752,46.746941],[23.592731,46.746839],[23.592706,46.746712],[23.592659,46.746409],[23.592585,46.746026],[23.592581,46.746003],[23.592575,46.745963],[23.592559,46.745892],[23.592505,46.745587],[23.592481,46.745442],[23.592414,46.745124],[23.592401,46.745048],[23.592388,46.74497],[23.59237,46.744863],[23.592354,46.744768],[23.592247,46.744255],[23.592208,46.744056],[23.592139,46.743702],[23.592079,46.743405],[23.592052,46.743271],[23.591972,46.742859],[23.591925,46.742586],[23.591899,46.742444],[23.591883,46.742356],[23.591813,46.741979],[23.591702,46.741443],[23.591618,46.741008],[23.591602,46.740927],[23.591515,46.740496],[23.591458,46.740216],[23.591292,46.739518],[23.59118,46.739015],[23.591159,46.738813],[23.591149,46.738633],[23.591134,46.738493],[23.591119,46.738353],[23.591109,46.738257]]},"properties":{"name":"Calea Turzii","lines":"21, 40, 43B, M11, M12, M16, M17, M18, M71","arr":["21","40","43B","M11","M12","M16","M17","M18","M71"],"roundabout":0,"mode":"bus","color":"#0059a9"}},{"type":"Feature","geometry":{"type":"LineString","coordinates":[[23.591347,46.738268],[23.591311,46.738408],[23.5913,46.738494],[23.591293,46.738583],[23.591287,46.738802],[23.5913,46.739007],[23.591395,46.739504],[23.591461,46.739744],[23.59148,46.739833],[23.591625,46.740515],[23.59164,46.740589],[23.591721,46.740995]]},"properties":{"name":"Calea Turzii","lines":"21, 40, 43B, M11, M12, M16","arr":["21","40","43B","M11","M12","M16"],"roundabout":0,"mode":"bus","color":"#0059a9"}},{"type":"Feature","geometry":{"type":"LineString","coordinates":[[23.591788,46.741324],[23.591814,46.741459],[23.591852,46.741658],[23.591871,46.741742],[23.591882,46.741807],[23.591985,46.742328],[23.591997,46.742396],[23.592079,46.742843],[23.592124,46.743079],[23.592181,46.743341],[23.592205,46.743449],[23.592286,46.743855],[23.592361,46.744269],[23.59237,46.744319],[23.59242,46.744606],[23.592522,46.745137],[23.592538,46.74521],[23.592597,46.745515],[23.592666,46.745876],[23.592756,46.74634],[23.592776,46.746419],[23.592841,46.746606],[23.592903,46.746762],[23.592952,46.746859],[23.592983,46.746906],[23.593027,46.746964]]},"properties":{"name":"Calea Turzii","lines":"21, 40, 43B, M11, M12, M16","arr":["21","40","43B","M11","M12","M16"],"roundabout":0,"mode":"bus","color":"#0059a9"}},{"type":"Feature","geometry":{"type":"LineString","coordinates":[[23.591721,46.740995],[23.591788,46.741324]]},"properties":{"name":"Calea Turzii","lines":"40, M11, M12, M16","arr":["40","M11","M12","M16"],"roundabout":0,"mode":"bus","color":"#0059a9"}},{"type":"Feature","geometry":{"type":"LineString","coordinates":[[23.596123,46.755708],[23.596132,46.755665],[23.596148,46.755603],[23.596163,46.755525],[23.59617,46.755457],[23.596174,46.755341],[23.596175,46.75528],[23.596167,46.75522],[23.596149,46.75512],[23.596118,46.754962]]},"properties":{"name":"Calea Turzii","lines":"40, M11, M12, M16","arr":["40","M11","M12","M16"],"roundabout":0,"mode":"bus","color":"#0059a9"}},{"type":"Feature","geometry":{"type":"LineString","coordinates":[[23.605951,46.761907],[23.605806,46.761994],[23.604929,46.76252],[23.604546,46.762749],[23.60416,46.762981],[23.604036,46.763056],[23.603133,46.763601],[23.602882,46.763753],[23.602328,46.764077],[23.60224,46.764124],[23.602184,46.764155],[23.600819,46.764834],[23.599898,46.765296],[23.599283,46.765604],[23.599033,46.765729],[23.598936,46.765777]]},"properties":{"name":"Strada Brașov","lines":"21","arr":["21"],"roundabout":0,"mode":"bus","color":"#0059a9"}},{"type":"Feature","geometry":{"type":"LineString","coordinates":[[23.598936,46.765777],[23.598933,46.765861],[23.598912,46.765941],[23.59885,46.766049],[23.59878,46.766141],[23.598634,46.766328],[23.598551,46.766435],[23.598402,46.766628],[23.598346,46.766701]]},"properties":{"name":"Calea Turzii","lines":"21, 35, 40, 46, 46B, 46L, 50, 50D, 50L, 54N, M11, M12, M16, M17, M18, M71","arr":["21","35","40","46","46B","46L","50","50D","50L","54N","M11","M12","M16","M17","M18","M71"],"roundabout":0,"mode":"bus","color":"#0059a9"}},{"type":"Feature","geometry":{"type":"LineString","coordinates":[[23.598346,46.766701],[23.598298,46.766893],[23.598298,46.766914],[23.598309,46.766986],[23.598333,46.767034],[23.59837,46.767075],[23.598435,46.767119],[23.598528,46.767167],[23.598631,46.767204],[23.598673,46.767217],[23.598845,46.76725]]},"properties":{"name":"Calea Turzii","lines":"21, 35, 40, 46, 46B, 46L, 50, 50D, 50L, 54N, M11, M12, M16","arr":["21","35","40","46","46B","46L","50","50D","50L","54N","M11","M12","M16"],"roundabout":0,"mode":"bus","color":"#0059a9"}},{"type":"Feature","geometry":{"type":"LineString","coordinates":[[23.599446,46.767377],[23.599535,46.767421],[23.59961,46.767481],[23.599649,46.767542],[23.599686,46.767592]]},"properties":{"name":"Strada Milton Lehrer","lines":"21, 35, 40, 46, 46B, 46L, 50, 50D, 50L, 54N, M11, M12, M16","arr":["21","35","40","46","46B","46L","50","50D","50L","54N","M11","M12","M16"],"roundabout":0,"mode":"bus","color":"#0059a9"}},{"type":"Feature","geometry":{"type":"LineString","coordinates":[[23.599233,46.768677],[23.599093,46.768685]]},"properties":{"name":"Strada Voltaire","lines":"21, 50D","arr":["21","50D"],"roundabout":0,"mode":"bus","color":"#0059a9"}},{"type":"Feature","geometry":{"type":"LineString","coordinates":[[23.592387,46.774035],[23.592374,46.774087],[23.592368,46.774111],[23.592316,46.774216]]},"properties":{"name":"Strada Cuza Vodă","lines":"21, 32, 33, 50, 50D, 50L","arr":["21","32","33","50","50D","50L"],"roundabout":0,"mode":"bus","color":"#0059a9"}},{"type":"Feature","geometry":{"type":"LineString","coordinates":[[23.592316,46.774216],[23.592252,46.774308]]},"properties":{"name":"Strada Cuza Vodă","lines":"21, 26, 28B, 31, 32, 33, 36B, 50, 50D, 50L","arr":["21","26","28B","31","32","33","36B","50","50D","50L"],"roundabout":0,"mode":"bus","color":"#0059a9"}},{"type":"Feature","geometry":{"type":"LineString","coordinates":[[23.592252,46.774308],[23.592243,46.774337]]},"properties":{"name":"Strada Ion Popescu Voitești","lines":"21, 26, 28, 28B, 29, 32, 33, 36B, 36L, 37, 38, 39, 41, 50, 50D, 50L, 53, A1, M31","arr":["21","26","28","28B","29","32","33","36B","36L","37","38","39","41","50","50D","50L","53","A1","M31"],"roundabout":0,"mode":"bus","color":"#0059a9"}},{"type":"Feature","geometry":{"type":"LineString","coordinates":[[23.592243,46.774337],[23.592215,46.774375],[23.592162,46.774447],[23.592122,46.774492]]},"properties":{"name":"Strada Ion Popescu Voitești","lines":"21, 26, 28, 28B, 29, 32, 33, 36B, 36L, 41, 50, 50D, 50L, 53, A1","arr":["21","26","28","28B","29","32","33","36B","36L","41","50","50D","50L","53","A1"],"roundabout":0,"mode":"bus","color":"#0059a9"}},{"type":"Feature","geometry":{"type":"LineString","coordinates":[[23.592016,46.774586],[23.591766,46.774743]]},"properties":{"name":"Strada Ion Popescu Voitești","lines":"21, 26, 28, 28B, 29, 32, 33, 36B, 36L, 41, 50, 50D, 50L, 53, A1","arr":["21","26","28","28B","29","32","33","36B","36L","41","50","50D","50L","53","A1"],"roundabout":0,"mode":"bus","color":"#0059a9"}},{"type":"Feature","geometry":{"type":"LineString","coordinates":[[23.592122,46.774492],[23.592016,46.774586]]},"properties":{"name":"Strada Ion Popescu Voitești","lines":"21, 26, 28, 28B, 29, 32, 33, 36B, 36L, 41, 50, 50D, 53, A1","arr":["21","26","28","28B","29","32","33","36B","36L","41","50","50D","53","A1"],"roundabout":0,"mode":"bus","color":"#0059a9"}},{"type":"Feature","geometry":{"type":"LineString","coordinates":[[23.589709,46.774934],[23.589787,46.774864]]},"properties":{"name":"Piața Mihai Viteazu","lines":"21, 26L, 32, 32B, 33, 36B, 53, A1","arr":["21","26L","32","32B","33","36B","53","A1"],"roundabout":0,"mode":"bus","color":"#0059a9"}},{"type":"Feature","geometry":{"type":"LineString","coordinates":[[23.589787,46.774864],[23.589995,46.774663],[23.590041,46.774619]]},"properties":{"name":"Piața Mihai Viteazu","lines":"21, 26L, 32B, 33, 36B, 53, A1","arr":["21","26L","32B","33","36B","53","A1"],"roundabout":0,"mode":"bus","color":"#0059a9"}},{"type":"Feature","geometry":{"type":"LineString","coordinates":[[23.590041,46.774619],[23.590308,46.774294]]},"properties":{"name":"Piața Mihai Viteazu","lines":"21, 26L, 32B, A1","arr":["21","26L","32B","A1"],"roundabout":0,"mode":"bus","color":"#0059a9"}},{"type":"Feature","geometry":{"type":"LineString","coordinates":[[23.590308,46.774294],[23.590392,46.774128]]},"properties":{"name":"Piața Mihai Viteazu","lines":"21, 26L, 32B, 38, A1","arr":["21","26L","32B","38","A1"],"roundabout":0,"mode":"bus","color":"#0059a9"}},{"type":"Feature","geometry":{"type":"LineString","coordinates":[[23.589974,46.77612],[23.589921,46.776078],[23.589872,46.776038],[23.589677,46.775914],[23.589245,46.775641],[23.588707,46.775299],[23.588572,46.775223],[23.588364,46.775125],[23.588238,46.775078],[23.5881,46.775035],[23.587603,46.774901],[23.587432,46.774826],[23.587352,46.774776],[23.587342,46.77477],[23.587308,46.774749]]},"properties":{"name":"Strada Dacia","lines":"22, 26, 26L, 27, 28, 28B, 36L, 37, 41","arr":["22","26","26L","27","28","28B","36L","37","41"],"roundabout":0,"mode":"bus","color":"#0059a9"}},{"type":"Feature","geometry":{"type":"LineString","coordinates":[[23.585443,46.768972],[23.58548,46.768941]]},"properties":{"name":"Strada Gheorghe Șincai","lines":"22","arr":["22"],"roundabout":0,"mode":"bus","color":"#0059a9"}},{"type":"Feature","geometry":{"type":"LineString","coordinates":[[23.585553,46.768876],[23.585577,46.768853],[23.585954,46.768513],[23.58633,46.768074],[23.586591,46.767618],[23.586611,46.767579],[23.586625,46.767558],[23.58668,46.767451],[23.586696,46.767419]]},"properties":{"name":"Strada Gheorghe Șincai","lines":"22","arr":["22"],"roundabout":0,"mode":"bus","color":"#0059a9"}},{"type":"Feature","geometry":{"type":"LineString","coordinates":[[23.58548,46.768941],[23.585553,46.768876]]},"properties":{"name":"Strada Gheorghe Șincai","lines":"22, 30","arr":["22","30"],"roundabout":0,"mode":"bus","color":"#0059a9"}},{"type":"Feature","geometry":{"type":"LineString","coordinates":[[23.586696,46.767419],[23.586709,46.767394],[23.586729,46.767351],[23.586736,46.767336],[23.586916,46.766991],[23.58699,46.76685],[23.587181,46.766471],[23.587196,46.766441],[23.587211,46.766412],[23.58722,46.766401],[23.587237,46.76638],[23.58728,46.766351],[23.587287,46.766323],[23.587308,46.766239],[23.587343,46.766099],[23.587428,46.765762],[23.587449,46.765693],[23.587511,46.76551],[23.587561,46.765367],[23.587572,46.765333],[23.587641,46.765134],[23.587697,46.764972],[23.588074,46.763865]]},"properties":{"name":"Strada Republicii","lines":"22","arr":["22"],"roundabout":0,"mode":"bus","color":"#0059a9"}},{"type":"Feature","geometry":{"type":"LineString","coordinates":[[23.588074,46.763865],[23.587966,46.763849],[23.587946,46.763846],[23.587331,46.763754],[23.586435,46.763627],[23.584962,46.763415],[23.584889,46.763404],[23.584767,46.763389]]},"properties":{"name":"Strada Ion Creangă","lines":"22","arr":["22"],"roundabout":0,"mode":"bus","color":"#0059a9"}},{"type":"Feature","geometry":{"type":"LineString","coordinates":[[23.584767,46.763389],[23.584612,46.763371],[23.584526,46.763366],[23.584424,46.763346],[23.584325,46.763317],[23.584215,46.763272],[23.584053,46.763206],[23.583332,46.762884],[23.582515,46.762519],[23.582402,46.762459],[23.582218,46.762328],[23.581872,46.762062],[23.581782,46.76198],[23.581612,46.761806],[23.581439,46.761578],[23.581079,46.760986],[23.581024,46.760881],[23.580867,46.760573],[23.580769,46.760369],[23.580718,46.76022]]},"properties":{"name":"Strada Profesor Gheorghe Marinescu","lines":"22","arr":["22"],"roundabout":0,"mode":"bus","color":"#0059a9"}},{"type":"Feature","geometry":{"type":"LineString","coordinates":[[23.583582,46.760169],[23.584016,46.760228],[23.584318,46.760261],[23.584443,46.760273],[23.584832,46.76026]]},"properties":{"name":"Strada Iuliu Moldovan","lines":"22","arr":["22"],"roundabout":0,"mode":"bus","color":"#0059a9"}},{"type":"Feature","geometry":{"type":"LineString","coordinates":[[23.583215,46.760124],[23.58292,46.760091],[23.582255,46.76004],[23.582116,46.760037],[23.581925,46.760043],[23.581719,46.760062],[23.581522,46.760088],[23.581425,46.760105],[23.581372,46.760114],[23.580718,46.76022]]},"properties":{"name":"Strada Iuliu Moldovan","lines":"22","arr":["22"],"roundabout":0,"mode":"bus","color":"#0059a9"}},{"type":"Feature","geometry":{"type":"LineString","coordinates":[[23.584832,46.76026],[23.585156,46.760647],[23.585314,46.760823],[23.585375,46.760892],[23.585396,46.760928],[23.585407,46.760964],[23.585401,46.761005],[23.585383,46.761039],[23.585345,46.761079],[23.585287,46.761124],[23.585237,46.761154],[23.584837,46.761384],[23.584502,46.761557],[23.584449,46.761591],[23.584407,46.761626],[23.584371,46.761672],[23.584349,46.761722],[23.584336,46.761773],[23.58433,46.761797],[23.584306,46.761911],[23.584294,46.761994],[23.584282,46.762074],[23.584273,46.762266],[23.584275,46.762371],[23.584292,46.762503],[23.584307,46.762583],[23.584347,46.762807],[23.58437,46.76297],[23.584388,46.763058],[23.584416,46.763138],[23.584445,46.763201],[23.584488,46.76327],[23.584534,46.763317],[23.584562,46.763341],[23.584612,46.763371]]},"properties":{"name":"Strada Louis Pasteur","lines":"22","arr":["22"],"roundabout":0,"mode":"bus","color":"#0059a9"}},{"type":"Feature","geometry":{"type":"LineString","coordinates":[[23.584612,46.763371],[23.584685,46.763448],[23.584713,46.763488],[23.584734,46.763525],[23.584829,46.763843],[23.584847,46.763936],[23.585056,46.764578],[23.585123,46.764798],[23.585159,46.764917],[23.585229,46.765149],[23.585305,46.765835],[23.585324,46.766077],[23.585345,46.766571],[23.585345,46.766629],[23.585342,46.766672],[23.585337,46.766727]]},"properties":{"name":"Strada Victor Babeș","lines":"22","arr":["22"],"roundabout":0,"mode":"bus","color":"#0059a9"}},{"type":"Feature","geometry":{"type":"LineString","coordinates":[[23.585337,46.766727],[23.585411,46.766814],[23.585534,46.76696],[23.585629,46.767048]]},"properties":{"name":"Piața Lucian Blaga","lines":"22","arr":["22"],"roundabout":0,"mode":"bus","color":"#0059a9"}},{"type":"Feature","geometry":{"type":"LineString","coordinates":[[23.585954,46.767248],[23.58587,46.76722],[23.585817,46.767198],[23.585686,46.767138],[23.585584,46.767076]]},"properties":{"name":"Piața Lucian Blaga","lines":"22","arr":["22"],"roundabout":0,"mode":"bus","color":"#0059a9"}},{"type":"Feature","geometry":{"type":"LineString","coordinates":[[23.585584,46.767076],[23.585629,46.767048]]},"properties":{"name":"","lines":"22","arr":["22"],"roundabout":0,"mode":"bus","color":"#0059a9"}},{"type":"Feature","geometry":{"type":"LineString","coordinates":[[23.585954,46.767248],[23.585873,46.767395],[23.585865,46.767405],[23.585838,46.767454],[23.585803,46.767508],[23.585784,46.767539],[23.585388,46.768147],[23.585104,46.768583],[23.585064,46.768644]]},"properties":{"name":"Strada Petru Maior","lines":"22","arr":["22"],"roundabout":0,"mode":"bus","color":"#0059a9"}},{"type":"Feature","geometry":{"type":"LineString","coordinates":[[23.584993,46.768759],[23.585015,46.768725]]},"properties":{"name":"Strada Petru Maior","lines":"22","arr":["22"],"roundabout":0,"mode":"bus","color":"#0059a9"}},{"type":"Feature","geometry":{"type":"LineString","coordinates":[[23.585015,46.768725],[23.585064,46.768644]]},"properties":{"name":"Strada Petru Maior","lines":"22, 30","arr":["22","30"],"roundabout":0,"mode":"bus","color":"#0059a9"}},{"type":"Feature","geometry":{"type":"LineString","coordinates":[[23.615804,46.789658],[23.615681,46.789666]]},"properties":{"name":"Strada Luncii","lines":"23, 50","arr":["23","50"],"roundabout":0,"mode":"bus","color":"#0059a9","trolley":"mix"}},{"type":"Feature","geometry":{"type":"LineString","coordinates":[[23.613945,46.785997],[23.613897,46.785999],[23.613855,46.785994],[23.613644,46.785908],[23.613224,46.78571],[23.613105,46.785667],[23.612987,46.78564],[23.612877,46.785605],[23.612771,46.785566],[23.612564,46.785497],[23.612462,46.785468],[23.612365,46.785433],[23.612303,46.785394],[23.612248,46.785344]]},"properties":{"name":"Strada Câmpul Pâinii","lines":"23, 34, 50, 50L, 52, 52L","arr":["23","34","50","50L","52","52L"],"roundabout":0,"mode":"bus","color":"#0059a9","trolley":"mix"}},{"type":"Feature","geometry":{"type":"LineString","coordinates":[[23.630091,46.768719],[23.629981,46.768771],[23.629875,46.768819],[23.629836,46.768838],[23.629776,46.768868],[23.629677,46.768925]]},"properties":{"name":"Strada Alexandru Vaida Voevod","lines":"24, 24B, 34, 44, 45, 57, 57L","arr":["24","24B","34","44","45","57","57L"],"roundabout":0,"mode":"bus","color":"#0059a9"}},{"type":"Feature","geometry":{"type":"LineString","coordinates":[[23.624397,46.771977],[23.624511,46.771922],[23.624762,46.771805],[23.624864,46.771751],[23.624938,46.771713],[23.624978,46.771693],[23.625007,46.77168],[23.625042,46.771662],[23.625152,46.771606],[23.625193,46.771587],[23.625231,46.771568],[23.625292,46.771537],[23.625321,46.771521],[23.625364,46.771497],[23.625409,46.771475],[23.625427,46.771463],[23.625511,46.77142],[23.625586,46.771383],[23.626021,46.771173],[23.626522,46.770926],[23.626603,46.770882],[23.626679,46.770843],[23.627176,46.770565],[23.627369,46.770449],[23.627688,46.770228],[23.627703,46.770218],[23.62787,46.770109],[23.628001,46.770018],[23.62814,46.769929],[23.628203,46.76989],[23.628263,46.769856],[23.628623,46.769625],[23.628671,46.769594],[23.628749,46.769537],[23.629029,46.769356],[23.629058,46.769337],[23.629197,46.769246],[23.629269,46.769196],[23.629661,46.768934],[23.629677,46.768925],[23.629743,46.768844],[23.62982,46.768749],[23.62987,46.768677],[23.629908,46.768601]]},"properties":{"name":"Strada Alexandru Vaida Voevod","lines":"24, 24B, 25, 34, 44, 45, 48, 48L, 57, 57L","arr":["24","24B","25","34","44","45","48","48L","57","57L"],"roundabout":0,"mode":"bus","color":"#0059a9","trolley":"mix"}},{"type":"Feature","geometry":{"type":"LineString","coordinates":[[23.624397,46.771977],[23.624123,46.772144],[23.624056,46.772184],[23.623999,46.772218],[23.623932,46.772259]]},"properties":{"name":"Strada Alexandru Vaida Voevod","lines":"24, 24B, 34, 44, 45, 48, 48L, 57, 57L","arr":["24","24B","34","44","45","48","48L","57","57L"],"roundabout":0,"mode":"bus","color":"#0059a9"}},{"type":"Feature","geometry":{"type":"LineString","coordinates":[[23.623845,46.772297],[23.623668,46.772396],[23.623597,46.772424],[23.623474,46.772467],[23.623144,46.772568]]},"properties":{"name":"Strada Teodor Mihali","lines":"24, 24B, 34, 45, 48, 48L, 57, 57L","arr":["24","24B","34","45","48","48L","57","57L"],"roundabout":0,"mode":"bus","color":"#0059a9"}},{"type":"Feature","geometry":{"type":"LineString","coordinates":[[23.623144,46.772568],[23.622946,46.772654],[23.62282,46.772722],[23.62277,46.772749],[23.622661,46.772807],[23.622576,46.772866],[23.622496,46.77292],[23.622409,46.772991],[23.622314,46.773091],[23.622256,46.773161],[23.622217,46.773215],[23.622134,46.773335],[23.622019,46.773491],[23.62194,46.773645],[23.621896,46.773745],[23.621878,46.773787],[23.621795,46.77398],[23.62173,46.774135],[23.621625,46.77436],[23.621614,46.774385],[23.621591,46.77443],[23.621571,46.774472],[23.621558,46.774502],[23.621531,46.77457],[23.621388,46.774929],[23.62131,46.775097],[23.621236,46.77527],[23.621225,46.775294],[23.621204,46.775341],[23.620848,46.776081],[23.620733,46.776322],[23.620723,46.776342],[23.620683,46.776441],[23.620668,46.776473],[23.620544,46.776744],[23.620511,46.776812],[23.620474,46.776889],[23.620302,46.777275],[23.620149,46.777635],[23.620097,46.777751]]},"properties":{"name":"Strada Teodor Mihali","lines":"24, 24B, 25, 34, 44, 45, 48, 48L, 57, 57L","arr":["24","24B","25","34","44","45","48","48L","57","57L"],"roundabout":0,"mode":"bus","color":"#0059a9","trolley":"mix"}},{"type":"Feature","geometry":{"type":"LineString","coordinates":[[23.620097,46.777751],[23.620071,46.777812],[23.620044,46.777875],[23.620027,46.777916],[23.61993,46.778165]]},"properties":{"name":"Strada Teodor Mihali","lines":"24, 24B, 25, 34, 48, 48L, 57, 57L","arr":["24","24B","25","34","48","48L","57","57L"],"roundabout":0,"mode":"bus","color":"#0059a9","trolley":"mix"}},{"type":"Feature","geometry":{"type":"LineString","coordinates":[[23.61993,46.778165],[23.619921,46.77819]]},"properties":{"name":"Strada Teodor Mihali","lines":"24, 24B, 34, 47, 48, 48L, 57, 57L","arr":["24","24B","34","47","48","48L","57","57L"],"roundabout":0,"mode":"bus","color":"#0059a9"}},{"type":"Feature","geometry":{"type":"LineString","coordinates":[[23.619921,46.77819],[23.619916,46.77827],[23.619867,46.778418],[23.619829,46.778569],[23.619815,46.778676],[23.619824,46.778752],[23.619852,46.778822],[23.619887,46.778874],[23.619936,46.778915],[23.620071,46.779004],[23.620262,46.779071]]},"properties":{"name":"","lines":"24, 24B, 34, 48, 48L","arr":["24","24B","34","48","48L"],"roundabout":0,"mode":"bus","color":"#0059a9"}},{"type":"Feature","geometry":{"type":"LineString","coordinates":[[23.620527,46.77943],[23.620473,46.779492],[23.620409,46.77953]]},"properties":{"name":"","lines":"24, 24B, 34, 48, 48L","arr":["24","24B","34","48","48L"],"roundabout":0,"mode":"bus","color":"#0059a9"}},{"type":"Feature","geometry":{"type":"LineString","coordinates":[[23.620333,46.77955],[23.620261,46.77956],[23.620174,46.779567],[23.620084,46.779563],[23.619906,46.779546]]},"properties":{"name":"","lines":"24, 24B, 34, 48, 48L","arr":["24","24B","34","48","48L"],"roundabout":0,"mode":"bus","color":"#0059a9"}},{"type":"Feature","geometry":{"type":"LineString","coordinates":[[23.620262,46.779071],[23.620379,46.779134]]},"properties":{"name":"","lines":"24, 24B, 34, 48","arr":["24","24B","34","48"],"roundabout":0,"mode":"bus","color":"#0059a9"}},{"type":"Feature","geometry":{"type":"LineString","coordinates":[[23.620409,46.77953],[23.620333,46.77955]]},"properties":{"name":"","lines":"24, 24B, 34, 48","arr":["24","24B","34","48"],"roundabout":0,"mode":"bus","color":"#0059a9"}},{"type":"Feature","geometry":{"type":"LineString","coordinates":[[23.620379,46.779134],[23.620454,46.779185]]},"properties":{"name":"","lines":"24, 24B, 34, 48, 48L, 53","arr":["24","24B","34","48","48L","53"],"roundabout":0,"mode":"bus","color":"#0059a9"}},{"type":"Feature","geometry":{"type":"LineString","coordinates":[[23.62051,46.779241],[23.620534,46.779288],[23.620543,46.779336],[23.620538,46.779384]]},"properties":{"name":"","lines":"24, 24B, 34, 48, 48L, 53","arr":["24","24B","34","48","48L","53"],"roundabout":0,"mode":"bus","color":"#0059a9"}},{"type":"Feature","geometry":{"type":"LineString","coordinates":[[23.619906,46.779546],[23.619576,46.779453],[23.619327,46.779368],[23.619264,46.779346],[23.618782,46.779229],[23.618305,46.779072],[23.618257,46.779055],[23.618165,46.779021],[23.618055,46.778992]]},"properties":{"name":"","lines":"24, 24B, 34, 48, 48L, 53","arr":["24","24B","34","48","48L","53"],"roundabout":0,"mode":"bus","color":"#0059a9"}},{"type":"Feature","geometry":{"type":"LineString","coordinates":[[23.620454,46.779185],[23.62051,46.779241]]},"properties":{"name":"","lines":"24, 24B, 34, 48, 53","arr":["24","24B","34","48","53"],"roundabout":0,"mode":"bus","color":"#0059a9"}},{"type":"Feature","geometry":{"type":"LineString","coordinates":[[23.620538,46.779384],[23.620527,46.77943]]},"properties":{"name":"","lines":"24, 24B, 34, 48, 53","arr":["24","24B","34","48","53"],"roundabout":0,"mode":"bus","color":"#0059a9"}},{"type":"Feature","geometry":{"type":"LineString","coordinates":[[23.544645,46.751734],[23.544455,46.751726],[23.544344,46.751711],[23.544249,46.751712],[23.544166,46.751719],[23.544074,46.751752],[23.543984,46.751815],[23.543907,46.751895]]},"properties":{"name":"Strada Primăverii","lines":"24, 29, 29S, 43, 43B, 43P, 52, M24, M25, M81","arr":["24","29","29S","43","43B","43P","52","M24","M25","M81"],"roundabout":0,"mode":"bus","color":"#0059a9"}},{"type":"Feature","geometry":{"type":"LineString","coordinates":[[23.562195,46.760524],[23.562314,46.760521],[23.562404,46.760513],[23.562491,46.760501],[23.562553,46.760487],[23.562625,46.760466]]},"properties":{"name":"Calea Mănăștur","lines":"24, 24B, 52L","arr":["24","24B","52L"],"roundabout":0,"mode":"bus","color":"#0059a9"}},{"type":"Feature","geometry":{"type":"LineString","coordinates":[[23.618111,46.77889],[23.61861,46.778942]]},"properties":{"name":"","lines":"24, 24B, 25, 34, 47, 48, 48L, 53","arr":["24","24B","25","34","47","48","48L","53"],"roundabout":0,"mode":"bus","color":"#0059a9","trolley":"mix"}},{"type":"Feature","geometry":{"type":"LineString","coordinates":[[23.61861,46.778942],[23.618794,46.778877],[23.619127,46.778756],[23.619223,46.778717],[23.619367,46.778638],[23.619428,46.778596],[23.619563,46.778498],[23.619627,46.778448],[23.619686,46.778389],[23.619806,46.778249],[23.61993,46.778165]]},"properties":{"name":"","lines":"24, 24B, 25, 34, 47, 48, 48L","arr":["24","24B","25","34","47","48","48L"],"roundabout":0,"mode":"bus","color":"#0059a9","trolley":"mix"}},{"type":"Feature","geometry":{"type":"LineString","coordinates":[[23.623144,46.772568],[23.623208,46.772531],[23.623225,46.772522],[23.623507,46.77236],[23.623539,46.772335],[23.623579,46.772299],[23.623657,46.772209]]},"properties":{"name":"Strada Teodor Mihali","lines":"24, 24B, 25, 34, 44, 48, 48L, 57","arr":["24","24B","25","34","44","48","48L","57"],"roundabout":0,"mode":"bus","color":"#0059a9","trolley":"mix"}},{"type":"Feature","geometry":{"type":"LineString","coordinates":[[23.623901,46.772107],[23.623967,46.772105],[23.624051,46.772079],[23.62416,46.772047],[23.624308,46.772],[23.624349,46.771987],[23.624397,46.771977]]},"properties":{"name":"Strada Alexandru Vaida Voevod","lines":"24, 24B, 25, 34, 44, 48, 48L, 57","arr":["24","24B","25","34","44","48","48L","57"],"roundabout":0,"mode":"bus","color":"#0059a9","trolley":"mix"}},{"type":"Feature","geometry":{"type":"LineString","coordinates":[[23.542354,46.756918],[23.542078,46.756856],[23.540858,46.756582],[23.540775,46.756559],[23.540371,46.756464]]},"properties":{"name":"Calea Florești","lines":"24B, 28B, 43P, M21, M23, M24, M25, M26, M27, M51, M52, M81","arr":["24B","28B","43P","M21","M23","M24","M25","M26","M27","M51","M52","M81"],"roundabout":0,"mode":"bus","color":"#0059a9"}},{"type":"Feature","geometry":{"type":"LineString","coordinates":[[23.540371,46.756464],[23.539631,46.756291],[23.538173,46.755931],[23.538058,46.755904],[23.537881,46.755861],[23.536545,46.755527],[23.535404,46.755263],[23.534794,46.755125],[23.534667,46.755093],[23.534642,46.755087]]},"properties":{"name":"Calea Florești","lines":"24B, 28B, 43P, M21, M22, M23, M24, M25, M26, M27, M51, M52, M81","arr":["24B","28B","43P","M21","M22","M23","M24","M25","M26","M27","M51","M52","M81"],"roundabout":0,"mode":"bus","color":"#0059a9"}},{"type":"Feature","geometry":{"type":"LineString","coordinates":[[23.534642,46.755087],[23.534421,46.755047],[23.534206,46.754997],[23.534012,46.754943],[23.533833,46.75489]]},"properties":{"name":"Strada Avram Iancu","lines":"24B, 28B, 43P, M21, M22, M24, M25, M27, M51, M52, M81","arr":["24B","28B","43P","M21","M22","M24","M25","M27","M51","M52","M81"],"roundabout":0,"mode":"bus","color":"#0059a9"}},{"type":"Feature","geometry":{"type":"LineString","coordinates":[[23.533833,46.75489],[23.533333,46.75465],[23.53283,46.754481],[23.531931,46.754215],[23.531514,46.754063],[23.531215,46.753887],[23.530992,46.753687],[23.530871,46.753437],[23.530856,46.753063],[23.531033,46.752018],[23.531025,46.751907],[23.531015,46.751861],[23.530998,46.751816],[23.53084,46.751642],[23.530797,46.751542],[23.530694,46.75141],[23.530629,46.751343],[23.53055,46.751291],[23.530395,46.751248]]},"properties":{"name":"","lines":"24B, 28B, 43P","arr":["24B","28B","43P"],"roundabout":0,"mode":"bus","color":"#0059a9"}},{"type":"Feature","geometry":{"type":"LineString","coordinates":[[23.53062,46.751134],[23.530632,46.75127],[23.530699,46.751323],[23.530768,46.751388],[23.530823,46.751449],[23.530949,46.751589],[23.531051,46.751703],[23.53114,46.751829],[23.531201,46.751945],[23.531208,46.752002],[23.531215,46.752054],[23.53114,46.752538],[23.531183,46.752541],[23.531409,46.752556],[23.531623,46.752568],[23.531869,46.752584],[23.53211,46.752603],[23.532344,46.752619],[23.532583,46.752631],[23.532809,46.752647],[23.532993,46.752659]]},"properties":{"name":"","lines":"24B, 28B, 43P","arr":["24B","28B","43P"],"roundabout":0,"mode":"bus","color":"#0059a9"}},{"type":"Feature","geometry":{"type":"LineString","coordinates":[[23.532124,46.75389],[23.532283,46.753948],[23.532684,46.754137]]},"properties":{"name":"","lines":"24B, 28B, 43P","arr":["24B","28B","43P"],"roundabout":0,"mode":"bus","color":"#0059a9"}},{"type":"Feature","geometry":{"type":"LineString","coordinates":[[23.532928,46.753073],[23.532906,46.753237],[23.532877,46.7535],[23.53287,46.753565],[23.532666,46.753553],[23.532581,46.753547],[23.532454,46.753537],[23.532215,46.753529],[23.532078,46.753507],[23.532005,46.753485],[23.531881,46.753415],[23.531771,46.753388],[23.531631,46.75342],[23.531545,46.753493],[23.531527,46.753592],[23.531549,46.753649],[23.531564,46.753686],[23.531779,46.753771],[23.532124,46.75389]]},"properties":{"name":"","lines":"24B, 28B","arr":["24B","28B"],"roundabout":0,"mode":"bus","color":"#0059a9"}},{"type":"Feature","geometry":{"type":"LineString","coordinates":[[23.532684,46.754137],[23.532934,46.754269],[23.533009,46.754309],[23.533157,46.754394],[23.533443,46.754558],[23.533655,46.754679],[23.533876,46.75479],[23.534063,46.754873],[23.534258,46.754943],[23.534581,46.755064],[23.534642,46.755087]]},"properties":{"name":"Strada Avram Iancu","lines":"24B, 28B, 43P, M21, M23, M24, M26, M27, M51, M81","arr":["24B","28B","43P","M21","M23","M24","M26","M27","M51","M81"],"roundabout":0,"mode":"bus","color":"#0059a9"}},{"type":"Feature","geometry":{"type":"LineString","coordinates":[[23.604413,46.775659],[23.604325,46.77576]]},"properties":{"name":"Strada Petőfi Sándor","lines":"24B","arr":["24B"],"roundabout":0,"mode":"bus","color":"#0059a9"}},{"type":"Feature","geometry":{"type":"LineString","coordinates":[[23.604897,46.775944],[23.604953,46.775868]]},"properties":{"name":"","lines":"25","arr":["25"],"roundabout":0,"mode":"bus","color":"#149a3f","trolley":"all"}},{"type":"Feature","geometry":{"type":"LineString","coordinates":[[23.609042,46.769125],[23.60907,46.769058]]},"properties":{"name":"Strada Septimiu Albini","lines":"25N, 33, 57L","arr":["25N","33","57L"],"roundabout":0,"mode":"bus","color":"#0059a9","trolley":"mix"}},{"type":"Feature","geometry":{"type":"LineString","coordinates":[[23.60907,46.769058],[23.609097,46.768987],[23.609127,46.768915],[23.609149,46.768987],[23.609166,46.76903],[23.60919,46.769079],[23.60922,46.769139]]},"properties":{"name":"Strada Septimiu Albini","lines":"25N, 57L","arr":["25N","57L"],"roundabout":0,"mode":"bus","color":"#0059a9","trolley":"mix"}},{"type":"Feature","geometry":{"type":"LineString","coordinates":[[23.609589,46.768789],[23.609128,46.768759]]},"properties":{"name":"Strada Muncitorilor","lines":"25N","arr":["25N"],"roundabout":0,"mode":"bus","color":"#149a3f","trolley":"all"}},{"type":"Feature","geometry":{"type":"LineString","coordinates":[[23.548901,46.765544],[23.549111,46.765612],[23.549256,46.76566],[23.549364,46.765694],[23.549473,46.765731],[23.549699,46.765807]]},"properties":{"name":"Strada Paul Ioan","lines":"26, 26L, 27, 28, 30, 41, 43, 43B, 44","arr":["26","26L","27","28","30","41","43","43B","44"],"roundabout":0,"mode":"bus","color":"#0059a9"}},{"type":"Feature","geometry":{"type":"LineString","coordinates":[[23.548901,46.765544],[23.548737,46.76549],[23.548657,46.76546],[23.548355,46.765338],[23.548175,46.765262],[23.548039,46.765199],[23.547842,46.765113]]},"properties":{"name":"Strada Paul Ioan","lines":"26, 27, 28, 30, 41, 43, 43B, 44","arr":["26","27","28","30","41","43","43B","44"],"roundabout":0,"mode":"bus","color":"#0059a9"}},{"type":"Feature","geometry":{"type":"LineString","coordinates":[[23.547842,46.765113],[23.547785,46.765082]]},"properties":{"name":"Strada Paul Ioan","lines":"26, 30","arr":["26","30"],"roundabout":0,"mode":"bus","color":"#0059a9"}},{"type":"Feature","geometry":{"type":"LineString","coordinates":[[23.547785,46.765082],[23.54774,46.765054],[23.547686,46.765012],[23.547639,46.764962],[23.54761,46.764902]]},"properties":{"name":"Strada Paul Ioan","lines":"30","arr":["30"],"roundabout":0,"mode":"bus","color":"#0059a9"}},{"type":"Feature","geometry":{"type":"LineString","coordinates":[[23.547555,46.764652],[23.547537,46.764596],[23.54751,46.764556],[23.547456,46.764499],[23.547409,46.764457],[23.547315,46.764414],[23.547221,46.764392],[23.547125,46.764381],[23.547005,46.764378],[23.546865,46.764386],[23.546724,46.764405],[23.546558,46.764443],[23.546395,46.764491],[23.546113,46.764595]]},"properties":{"name":"Strada Paul Ioan","lines":"30","arr":["30"],"roundabout":0,"mode":"bus","color":"#0059a9"}},{"type":"Feature","geometry":{"type":"LineString","coordinates":[[23.545971,46.764649],[23.545423,46.764872]]},"properties":{"name":"Strada Paul Ioan","lines":"30","arr":["30"],"roundabout":0,"mode":"bus","color":"#0059a9"}},{"type":"Feature","geometry":{"type":"LineString","coordinates":[[23.54761,46.764902],[23.547555,46.764652]]},"properties":{"name":"Strada Paul Ioan","lines":"30, 43, 43B","arr":["30","43","43B"],"roundabout":0,"mode":"bus","color":"#0059a9"}},{"type":"Feature","geometry":{"type":"LineString","coordinates":[[23.550446,46.766079],[23.549699,46.765807]]},"properties":{"name":"Strada Paul Ioan","lines":"26, 26L, 27, 28, 30, 41, 43, 43B, 44, 54N","arr":["26","26L","27","28","30","41","43","43B","44","54N"],"roundabout":0,"mode":"bus","color":"#0059a9"}},{"type":"Feature","geometry":{"type":"LineString","coordinates":[[23.550446,46.766079],[23.550318,46.766185],[23.550088,46.766404],[23.550047,46.766444],[23.549959,46.766529]]},"properties":{"name":"Strada Mirăslău","lines":"26, 26L, 27, 28, 28B, 30, 41, 44, 54N","arr":["26","26L","27","28","28B","30","41","44","54N"],"roundabout":0,"mode":"bus","color":"#0059a9"}},{"type":"Feature","geometry":{"type":"LineString","coordinates":[[23.549959,46.766529],[23.549946,46.766712],[23.549943,46.766891],[23.549977,46.766997]]},"properties":{"name":"","lines":"26, 26L, 27, 28, 28B, 30, 41, 44, 54N","arr":["26","26L","27","28","28B","30","41","44","54N"],"roundabout":0,"mode":"bus","color":"#0059a9"}},{"type":"Feature","geometry":{"type":"LineString","coordinates":[[23.549977,46.766997],[23.550037,46.767023],[23.550919,46.767464],[23.550978,46.767494],[23.551328,46.767673],[23.551413,46.767717],[23.552541,46.768297],[23.552827,46.76844],[23.55368,46.768869],[23.554212,46.769119],[23.554361,46.769197],[23.554543,46.769289],[23.55469,46.769363],[23.555123,46.769582],[23.555231,46.769628],[23.55534,46.769663]]},"properties":{"name":"Strada Fântânele","lines":"26, 26L, 27, 28, 28B, 30, 41, 44, 54N","arr":["26","26L","27","28","28B","30","41","44","54N"],"roundabout":0,"mode":"bus","color":"#0059a9"}},{"type":"Feature","geometry":{"type":"LineString","coordinates":[[23.55534,46.769663],[23.555459,46.769684],[23.555601,46.769701],[23.556228,46.769771],[23.557626,46.769913],[23.557715,46.769922],[23.55777,46.769927],[23.558321,46.769981],[23.558851,46.770042],[23.559879,46.77013],[23.559989,46.770141],[23.560554,46.770198],[23.560635,46.770206],[23.561332,46.770275],[23.561848,46.770326],[23.561986,46.77034],[23.56216,46.770358],[23.563388,46.770479],[23.563887,46.770528],[23.563914,46.770531],[23.564118,46.770552],[23.564373,46.770581],[23.565719,46.770735]]},"properties":{"name":"Strada Alexandru Vlahuță","lines":"26, 26L, 27, 28, 28B, 30, 41, 44, 54N","arr":["26","26L","27","28","28B","30","41","44","54N"],"roundabout":0,"mode":"bus","color":"#0059a9"}},{"type":"Feature","geometry":{"type":"LineString","coordinates":[[23.565719,46.770735],[23.566603,46.770821],[23.566769,46.770841],[23.56686,46.770852],[23.567044,46.770874],[23.56761,46.770935],[23.568098,46.770993]]},"properties":{"name":"Piața 14 Iulie","lines":"26, 26L, 27, 28, 28B, 30, 41, 44, 54N","arr":["26","26L","27","28","28B","30","41","44","54N"],"roundabout":0,"mode":"bus","color":"#0059a9"}},{"type":"Feature","geometry":{"type":"LineString","coordinates":[[23.568098,46.770993],[23.569018,46.771091],[23.569163,46.771107],[23.572334,46.771452],[23.57244,46.771464],[23.573063,46.771523],[23.573728,46.771585],[23.575023,46.771708],[23.575299,46.771734],[23.57553,46.771756],[23.575563,46.771759],[23.575719,46.771775],[23.576123,46.771815],[23.576274,46.771831],[23.576412,46.771845],[23.576482,46.771854],[23.576536,46.771866],[23.576596,46.771884],[23.576637,46.771903],[23.576686,46.771931],[23.576738,46.771972]]},"properties":{"name":"Strada Octavian Goga","lines":"26, 26L, 27, 28, 28B, 30, 41, 44, 54N","arr":["26","26L","27","28","28B","30","41","44","54N"],"roundabout":0,"mode":"bus","color":"#0059a9"}},{"type":"Feature","geometry":{"type":"LineString","coordinates":[[23.577427,46.771889],[23.577372,46.771915],[23.577305,46.771936],[23.577223,46.771958],[23.577123,46.771978],[23.576979,46.772008],[23.576912,46.772021]]},"properties":{"name":"Strada General Dragalina","lines":"26, 26L, 27, 28, 28B, 30, 41, 44, 54N","arr":["26","26L","27","28","28B","30","41","44","54N"],"roundabout":0,"mode":"bus","color":"#0059a9"}},{"type":"Feature","geometry":{"type":"LineString","coordinates":[[23.577427,46.771889],[23.577479,46.771854],[23.577512,46.771812],[23.577558,46.771723],[23.577603,46.771619],[23.577655,46.771502],[23.577683,46.771434],[23.577738,46.771312],[23.577771,46.771241]]},"properties":{"name":"Strada General Eremia Grigorescu","lines":"26, 28B, 30, 41, 44, 54N","arr":["26","28B","30","41","44","54N"],"roundabout":0,"mode":"bus","color":"#0059a9"}},{"type":"Feature","geometry":{"type":"LineString","coordinates":[[23.577771,46.771241],[23.577778,46.771229],[23.577793,46.7712]]},"properties":{"name":"","lines":"26, 28B, 30, 41, 44, 54N","arr":["26","28B","30","41","44","54N"],"roundabout":0,"mode":"bus","color":"#0059a9"}},{"type":"Feature","geometry":{"type":"LineString","coordinates":[[23.577966,46.770882],[23.577982,46.770852],[23.578018,46.770783],[23.578026,46.770769]]},"properties":{"name":"","lines":"26, 28B, 30, 41, 44, 54N","arr":["26","28B","30","41","44","54N"],"roundabout":0,"mode":"bus","color":"#0059a9"}},{"type":"Feature","geometry":{"type":"LineString","coordinates":[[23.577793,46.7712],[23.577966,46.770882]]},"properties":{"name":"Podul Napoca","lines":"26, 28B, 30, 41, 44, 54N","arr":["26","28B","30","41","44","54N"],"roundabout":0,"mode":"bus","color":"#0059a9"}},{"type":"Feature","geometry":{"type":"LineString","coordinates":[[23.578026,46.770769],[23.578499,46.77088],[23.579406,46.771091],[23.581159,46.771512],[23.581323,46.771558],[23.581482,46.771613],[23.581648,46.771677],[23.58183,46.771757],[23.582561,46.772112]]},"properties":{"name":"Splaiul Independenței","lines":"26, 28B, 41, 44, M26","arr":["26","28B","41","44","M26"],"roundabout":0,"mode":"bus","color":"#0059a9","nolabel":1}},{"type":"Feature","geometry":{"type":"LineString","coordinates":[[23.582844,46.772235],[23.582789,46.772216],[23.582729,46.772191],[23.582561,46.772112]]},"properties":{"name":"Splaiul Independenței","lines":"26, 26L, 28B, 41, 44, M26","arr":["26","26L","28B","41","44","M26"],"roundabout":0,"mode":"bus","color":"#0059a9"}},{"type":"Feature","geometry":{"type":"LineString","coordinates":[[23.582844,46.772235],[23.582953,46.772235],[23.583024,46.772232],[23.583082,46.772226],[23.583159,46.772216],[23.583216,46.772202],[23.583292,46.772175],[23.583386,46.772133],[23.583425,46.772116],[23.583624,46.772028],[23.583843,46.771932],[23.584098,46.771825],[23.584247,46.771762],[23.584442,46.771719]]},"properties":{"name":"Strada Emil Isac","lines":"26, 28B, 41, 44","arr":["26","28B","41","44"],"roundabout":0,"mode":"bus","color":"#0059a9","nolabel":1}},{"type":"Feature","geometry":{"type":"LineString","coordinates":[[23.584442,46.771719],[23.584523,46.771766],[23.584583,46.7718],[23.584601,46.77181],[23.584628,46.771821],[23.58486,46.77192],[23.584965,46.771968],[23.585234,46.772091],[23.585308,46.772125],[23.585552,46.772236],[23.585788,46.772355],[23.586008,46.772474],[23.586284,46.772631],[23.58654,46.772772],[23.586566,46.772788],[23.586576,46.772793],[23.587021,46.773053],[23.587046,46.773068],[23.587084,46.773079],[23.587175,46.773107],[23.587383,46.773197],[23.587488,46.773249],[23.58779,46.773439],[23.587938,46.773538],[23.587978,46.773564],[23.588059,46.773621],[23.588129,46.773672]]},"properties":{"name":"Strada George Barițiu","lines":"26, 26L, 28B, 41, 44, M26","arr":["26","26L","28B","41","44","M26"],"roundabout":0,"mode":"bus","color":"#0059a9","nolabel":1}},{"type":"Feature","geometry":{"type":"LineString","coordinates":[[23.592119,46.774211],[23.592149,46.77422],[23.592177,46.774232],[23.592198,46.774246],[23.592216,46.774261],[23.592236,46.774285],[23.592252,46.774308]]},"properties":{"name":"Piața Mihai Viteazu","lines":"26, 28, 28B, 29, 31, 36B, 36L, 37, 38, 39, 39L, 41, 53, A1, M31","arr":["26","28","28B","29","31","36B","36L","37","38","39","39L","41","53","A1","M31"],"roundabout":0,"mode":"bus","color":"#0059a9"}},{"type":"Feature","geometry":{"type":"LineString","coordinates":[[23.589974,46.77612],[23.589918,46.77619],[23.589849,46.77629],[23.589793,46.776409],[23.589508,46.777456],[23.58931,46.778132],[23.589268,46.778313],[23.589246,46.778497],[23.589232,46.778692],[23.589234,46.778778],[23.589268,46.778934],[23.589323,46.77906],[23.589378,46.779142],[23.589437,46.779241],[23.589507,46.779353],[23.589581,46.779476],[23.589646,46.779583],[23.5898,46.779802],[23.589901,46.779976],[23.589945,46.780074],[23.589967,46.780167],[23.590054,46.78093],[23.590141,46.78141],[23.590199,46.781619],[23.590254,46.781792],[23.590315,46.78196],[23.59046,46.782246],[23.590528,46.782374],[23.590596,46.782516],[23.590612,46.782591],[23.590619,46.782646],[23.590593,46.782774],[23.590597,46.78284],[23.590622,46.7829],[23.590675,46.783006],[23.590752,46.783105],[23.590801,46.783164],[23.590884,46.783245],[23.591481,46.783758],[23.592129,46.784308],[23.59231,46.784445],[23.592457,46.784537],[23.592615,46.784624],[23.592767,46.784698],[23.592923,46.784771],[23.593041,46.784818],[23.59308,46.784833],[23.593111,46.784846],[23.593723,46.785104],[23.593745,46.785113],[23.593842,46.785154],[23.594387,46.785337],[23.594502,46.785376]]},"properties":{"name":"Strada Decebal","lines":"26, 26L","arr":["26","26L"],"roundabout":0,"mode":"bus","color":"#0059a9"}},{"type":"Feature","geometry":{"type":"LineString","coordinates":[[23.594502,46.785376],[23.594717,46.785403],[23.594822,46.785409],[23.594973,46.785407],[23.595045,46.785398],[23.59555,46.78533]]},"properties":{"name":"Strada Decebal","lines":"26, 26L, 34, M32, M37, M38, M39, M39L","arr":["26","26L","34","M32","M37","M38","M39","M39L"],"roundabout":0,"mode":"bus","color":"#0059a9","nolabel":1}},{"type":"Feature","geometry":{"type":"LineString","coordinates":[[23.595662,46.785326],[23.59555,46.78533]]},"properties":{"name":"Strada Decebal","lines":"26, 26L, 34, M37, M38, M39, M39L","arr":["26","26L","34","M37","M38","M39","M39L"],"roundabout":0,"mode":"bus","color":"#0059a9"}},{"type":"Feature","geometry":{"type":"LineString","coordinates":[[23.595662,46.785326],[23.595677,46.785326],[23.595723,46.785359],[23.595741,46.78537],[23.595885,46.785395],[23.595926,46.785405],[23.595967,46.785418],[23.596039,46.785445]]},"properties":{"name":"Strada Oașului","lines":"26, 26L, 34, M37, M38, M39, M39L","arr":["26","26L","34","M37","M38","M39","M39L"],"roundabout":0,"mode":"bus","color":"#0059a9","nolabel":1}},{"type":"Feature","geometry":{"type":"LineString","coordinates":[[23.596412,46.785765],[23.596432,46.785839],[23.596492,46.786252],[23.596536,46.786324],[23.596572,46.786382],[23.596597,46.786654],[23.596634,46.787069],[23.59665,46.787277],[23.59665,46.787374],[23.596651,46.787436],[23.596652,46.787519],[23.596655,46.787615],[23.596656,46.787658],[23.59666,46.787771],[23.596662,46.787847],[23.596664,46.787913]]},"properties":{"name":"Strada Oașului","lines":"26, 26L, M32, M37, M38, M39, M39L","arr":["26","26L","M32","M37","M38","M39","M39L"],"roundabout":0,"mode":"bus","color":"#0059a9","nolabel":1}},{"type":"Feature","geometry":{"type":"LineString","coordinates":[[23.596412,46.785765],[23.596343,46.785655],[23.596261,46.785583],[23.596179,46.785524],[23.59611,46.785486],[23.596047,46.785449],[23.596039,46.785445]]},"properties":{"name":"Strada Oașului","lines":"26, 26L, M37, M38, M39, M39L","arr":["26","26L","M37","M38","M39","M39L"],"roundabout":0,"mode":"bus","color":"#0059a9","nolabel":1}},{"type":"Feature","geometry":{"type":"LineString","coordinates":[[23.596664,46.787913],[23.596665,46.787932],[23.596663,46.787969],[23.596661,46.788025],[23.596658,46.788093],[23.596657,46.788118],[23.596657,46.7882],[23.59666,46.788273],[23.596671,46.788376],[23.596706,46.78852],[23.596766,46.788676],[23.596826,46.788812],[23.596973,46.789067],[23.597614,46.789726],[23.597884,46.790008],[23.597933,46.790059],[23.598752,46.790868],[23.599002,46.791174],[23.599169,46.791422],[23.59916,46.791454],[23.59924,46.791633],[23.599322,46.791821],[23.599432,46.792058],[23.599491,46.792089],[23.59952,46.792154],[23.599976,46.793138],[23.600297,46.79381],[23.600454,46.794125],[23.600563,46.794337],[23.600653,46.794478],[23.600705,46.794545],[23.600726,46.794567]]},"properties":{"name":"Strada Oașului","lines":"26, 26L, M37, M38, M39, M39L","arr":["26","26L","M37","M38","M39","M39L"],"roundabout":0,"mode":"bus","color":"#0059a9","nolabel":1}},{"type":"Feature","geometry":{"type":"LineString","coordinates":[[23.600726,46.794567],[23.600742,46.794583],[23.600845,46.794664],[23.600945,46.794722],[23.601144,46.794815],[23.601191,46.794835],[23.601234,46.794854],[23.601281,46.794876],[23.601324,46.794894],[23.601371,46.794914],[23.601418,46.794934],[23.601455,46.79495],[23.601648,46.795039],[23.602244,46.795312],[23.60252,46.795441],[23.602597,46.795491],[23.602715,46.795578],[23.602743,46.795606],[23.602793,46.795654],[23.6029,46.795766],[23.603013,46.795873],[23.603156,46.796002],[23.603319,46.796128],[23.603653,46.796367],[23.603931,46.796564],[23.604762,46.797159],[23.605006,46.797335],[23.605136,46.797428],[23.605388,46.797605],[23.605724,46.797839],[23.606031,46.798055],[23.606195,46.798176],[23.606372,46.798304],[23.606547,46.79843],[23.606644,46.798504],[23.607028,46.798773],[23.60707,46.798802],[23.607188,46.798884],[23.607264,46.798925],[23.607335,46.798956],[23.607404,46.798982],[23.607469,46.799001]]},"properties":{"name":"Strada Oașului","lines":"26, 26L, 39, 39L, M37, M38, M39, M39L","arr":["26","26L","39","39L","M37","M38","M39","M39L"],"roundabout":0,"mode":"bus","color":"#0059a9","nolabel":1}},{"type":"Feature","geometry":{"type":"LineString","coordinates":[[23.607469,46.799001],[23.607516,46.799011],[23.607564,46.799016],[23.607604,46.799018],[23.607653,46.79902]]},"properties":{"name":"Strada Oașului","lines":"26, 26L, M37, M39, M39L","arr":["26","26L","M37","M39","M39L"],"roundabout":0,"mode":"bus","color":"#0059a9"}},{"type":"Feature","geometry":{"type":"LineString","coordinates":[[23.607878,46.799033],[23.608035,46.799039],[23.608113,46.79904],[23.608176,46.799043],[23.608282,46.799018],[23.608624,46.798931],[23.608841,46.798874],[23.60905,46.798813],[23.609345,46.798722],[23.609924,46.798513],[23.610167,46.798425],[23.610498,46.798305],[23.610722,46.798225],[23.610863,46.798168],[23.610997,46.798114],[23.611666,46.797908],[23.611727,46.797889],[23.611786,46.797871],[23.611842,46.797855]]},"properties":{"name":"Bulevardul Muncii","lines":"26, 26L","arr":["26","26L"],"roundabout":0,"mode":"bus","color":"#0059a9","nolabel":1}},{"type":"Feature","geometry":{"type":"LineString","coordinates":[[23.612282,46.797612],[23.612155,46.797689],[23.612112,46.797715],[23.611858,46.797847],[23.611842,46.797855],[23.611963,46.797831],[23.612412,46.797738]]},"properties":{"name":"Bulevardul Muncii","lines":"26, 26L","arr":["26","26L"],"roundabout":0,"mode":"bus","color":"#0059a9","nolabel":1}},{"type":"Feature","geometry":{"type":"LineString","coordinates":[[23.596142,46.785372],[23.596295,46.785445],[23.596393,46.785518],[23.59649,46.785617],[23.59656,46.785718],[23.596598,46.785814],[23.596615,46.785896],[23.596626,46.785966],[23.596629,46.786103],[23.596616,46.786254],[23.596599,46.786301],[23.596572,46.786382]]},"properties":{"name":"Strada Oașului","lines":"26, 26L, M39, M39L","arr":["26","26L","M39","M39L"],"roundabout":0,"mode":"bus","color":"#0059a9","nolabel":1}},{"type":"Feature","geometry":{"type":"LineString","coordinates":[[23.595677,46.785326],[23.595723,46.785312],[23.595764,46.785301],[23.595875,46.785307],[23.595988,46.785327],[23.596142,46.785372]]},"properties":{"name":"Strada Oașului","lines":"26, 26L, 34, M39, M39L","arr":["26","26L","34","M39","M39L"],"roundabout":0,"mode":"bus","color":"#0059a9","nolabel":1}},{"type":"Feature","geometry":{"type":"LineString","coordinates":[[23.595662,46.785326],[23.595664,46.785312],[23.595651,46.78517],[23.595611,46.785086],[23.59559,46.78505],[23.595562,46.785015],[23.595515,46.784973],[23.595354,46.784882],[23.595197,46.784812],[23.59467,46.784577],[23.59449,46.784454],[23.594293,46.784323],[23.594059,46.784153],[23.59384,46.783977],[23.593668,46.783824],[23.593646,46.7838],[23.593228,46.783371],[23.59243,46.782444],[23.592354,46.782335],[23.592303,46.782256],[23.592242,46.782151]]},"properties":{"name":"Strada Traian","lines":"26, 26L","arr":["26","26L"],"roundabout":0,"mode":"bus","color":"#0059a9"}},{"type":"Feature","geometry":{"type":"LineString","coordinates":[[23.587308,46.774749],[23.587299,46.774744],[23.587242,46.774709],[23.587167,46.774665],[23.586995,46.774562],[23.586947,46.774533],[23.586302,46.774127],[23.586043,46.77396]]},"properties":{"name":"Strada General Dragalina","lines":"26, 26L, 27, 28, 28B, 41","arr":["26","26L","27","28","28B","41"],"roundabout":0,"mode":"bus","color":"#0059a9"}},{"type":"Feature","geometry":{"type":"LineString","coordinates":[[23.586043,46.77396],[23.585875,46.773811],[23.585785,46.773754],[23.585682,46.773698],[23.585517,46.77362],[23.58524,46.773501],[23.585158,46.773465],[23.585098,46.773439],[23.584939,46.773376],[23.584801,46.773328],[23.584637,46.773276],[23.584365,46.773208],[23.58381,46.773076],[23.583246,46.772936],[23.582859,46.772835],[23.582675,46.772779],[23.582541,46.772728],[23.582362,46.772658],[23.582223,46.772602],[23.582101,46.772552],[23.582074,46.772541],[23.582043,46.77253],[23.582006,46.772513],[23.581985,46.772505],[23.581948,46.772484],[23.581905,46.772463],[23.58186,46.772444],[23.581725,46.772388],[23.581406,46.772396],[23.581196,46.772416],[23.581,46.772431],[23.580951,46.772434],[23.580754,46.772445],[23.58059,46.772447],[23.580413,46.772444],[23.580219,46.772424],[23.580079,46.772403],[23.57989,46.772367],[23.579294,46.772228],[23.57904,46.772172],[23.578772,46.772126],[23.578482,46.772082],[23.577801,46.771996],[23.577653,46.77197],[23.577529,46.771941],[23.577468,46.771915],[23.577427,46.771889]]},"properties":{"name":"Strada General Dragalina","lines":"26, 26L, 27, 28, 28B, 41, 44","arr":["26","26L","27","28","28B","41","44"],"roundabout":0,"mode":"bus","color":"#0059a9"}},{"type":"Feature","geometry":{"type":"LineString","coordinates":[[23.549977,46.766997],[23.549942,46.76698]]},"properties":{"name":"Strada Fântânele","lines":"26, 28B, 30, 41","arr":["26","28B","30","41"],"roundabout":0,"mode":"bus","color":"#0059a9"}},{"type":"Feature","geometry":{"type":"LineString","coordinates":[[23.549831,46.766929],[23.549685,46.766861]]},"properties":{"name":"Strada Fântânele","lines":"26, 28B, 30, 41","arr":["26","28B","30","41"],"roundabout":0,"mode":"bus","color":"#0059a9"}},{"type":"Feature","geometry":{"type":"LineString","coordinates":[[23.549942,46.76698],[23.549868,46.766946]]},"properties":{"name":"Strada Fântânele","lines":"26, 28B, 30, 41, 54N","arr":["26","28B","30","41","54N"],"roundabout":0,"mode":"bus","color":"#0059a9"}},{"type":"Feature","geometry":{"type":"LineString","coordinates":[[23.549868,46.766946],[23.549831,46.766929]]},"properties":{"name":"Strada Fântânele","lines":"26, 26L, 28B, 30, 41","arr":["26","26L","28B","30","41"],"roundabout":0,"mode":"bus","color":"#0059a9"}},{"type":"Feature","geometry":{"type":"LineString","coordinates":[[23.549685,46.766861],[23.549728,46.766798],[23.549751,46.766769],[23.549781,46.766719],[23.549847,46.766642],[23.549959,46.766529]]},"properties":{"name":"Strada Mirăslău","lines":"26, 28B, 30, 41","arr":["26","28B","30","41"],"roundabout":0,"mode":"bus","color":"#0059a9"}},{"type":"Feature","geometry":{"type":"LineString","coordinates":[[23.547859,46.76461],[23.547908,46.764653],[23.548123,46.764853],[23.548322,46.765007]]},"properties":{"name":"Bulevardul 1 Decembrie 1918","lines":"26L, 28B, 30, 43, 43B","arr":["26L","28B","30","43","43B"],"roundabout":0,"mode":"bus","color":"#0059a9"}},{"type":"Feature","geometry":{"type":"LineString","coordinates":[[23.548322,46.765007],[23.548447,46.765086]]},"properties":{"name":"Bulevardul 1 Decembrie 1918","lines":"26L, 28B, 30, 43, 43B, 44, 54N","arr":["26L","28B","30","43","43B","44","54N"],"roundabout":0,"mode":"bus","color":"#0059a9"}},{"type":"Feature","geometry":{"type":"LineString","coordinates":[[23.548447,46.765086],[23.548578,46.76516],[23.548678,46.765212],[23.548758,46.765249],[23.548834,46.765282],[23.548917,46.765314],[23.549002,46.765345],[23.549091,46.765376],[23.549201,46.765413],[23.549333,46.765448],[23.549451,46.765479],[23.549615,46.76551],[23.549784,46.765536],[23.550021,46.765568],[23.550077,46.765574],[23.550175,46.765588],[23.550257,46.765601],[23.550379,46.765621],[23.550422,46.765629],[23.550483,46.765642],[23.550523,46.765653],[23.550566,46.765668],[23.550613,46.765684]]},"properties":{"name":"Bulevardul 1 Decembrie 1918","lines":"26L, 28B, 43, 43B, 44, 54N","arr":["26L","28B","43","43B","44","54N"],"roundabout":0,"mode":"bus","color":"#0059a9"}},{"type":"Feature","geometry":{"type":"LineString","coordinates":[[23.54694,46.763748],[23.546701,46.763515],[23.545757,46.762595],[23.545549,46.762393],[23.545509,46.762356],[23.545017,46.761892],[23.544942,46.761821],[23.544568,46.761462],[23.54449,46.76134],[23.544434,46.761267],[23.544409,46.761223],[23.544394,46.761169],[23.544383,46.76111]]},"properties":{"name":"Bulevardul 1 Decembrie 1918","lines":"28B, 43, 43B","arr":["28B","43","43B"],"roundabout":0,"mode":"bus","color":"#0059a9"}},{"type":"Feature","geometry":{"type":"LineString","coordinates":[[23.542333,46.757281],[23.542367,46.757448],[23.542387,46.757521],[23.542408,46.75758],[23.542429,46.757624],[23.542449,46.757669],[23.542479,46.757732],[23.542542,46.757849],[23.542699,46.758144],[23.542891,46.758483],[23.543074,46.758826],[23.543276,46.75921],[23.543637,46.759902],[23.543933,46.760505],[23.544158,46.760682],[23.544208,46.760727],[23.544285,46.760803]]},"properties":{"name":"Bulevardul 1 Decembrie 1918","lines":"28B, 43, 43B","arr":["28B","43","43B"],"roundabout":0,"mode":"bus","color":"#0059a9"}},{"type":"Feature","geometry":{"type":"LineString","coordinates":[[23.54694,46.763748],[23.547859,46.76461]]},"properties":{"name":"Bulevardul 1 Decembrie 1918","lines":"26L, 28B, 43, 43B","arr":["26L","28B","43","43B"],"roundabout":0,"mode":"bus","color":"#0059a9"}},{"type":"Feature","geometry":{"type":"LineString","coordinates":[[23.550257,46.765601],[23.550467,46.765592],[23.550596,46.765587],[23.550677,46.765585]]},"properties":{"name":"Bulevardul 1 Decembrie 1918","lines":"26L, 28B","arr":["26L","28B"],"roundabout":0,"mode":"bus","color":"#0059a9"}},{"type":"Feature","geometry":{"type":"LineString","coordinates":[[23.550801,46.765716],[23.550785,46.76575],[23.550761,46.765784],[23.550708,46.765847],[23.550671,46.765884],[23.550598,46.765958],[23.550544,46.766012],[23.550498,46.766033]]},"properties":{"name":"Strada Mirăslău","lines":"26L, 28B","arr":["26L","28B"],"roundabout":0,"mode":"bus","color":"#0059a9"}},{"type":"Feature","geometry":{"type":"LineString","coordinates":[[23.550446,46.766079],[23.550498,46.766033],[23.550498,46.766001],[23.550532,46.765942],[23.550588,46.76586],[23.550612,46.765824],[23.550629,46.765791],[23.550637,46.765769],[23.550644,46.765743],[23.550648,46.765718]]},"properties":{"name":"Strada Mirăslău","lines":"26L, 28B, 43, 43B, 44, 54N","arr":["26L","28B","43","43B","44","54N"],"roundabout":0,"mode":"bus","color":"#0059a9"}},{"type":"Feature","geometry":{"type":"LineString","coordinates":[[23.552541,46.768297],[23.55262,46.768227]]},"properties":{"name":"","lines":"26L, 30","arr":["26L","30"],"roundabout":0,"mode":"bus","color":"#0059a9"}},{"type":"Feature","geometry":{"type":"LineString","coordinates":[[23.565753,46.770672],[23.565811,46.770566]]},"properties":{"name":"Piața 14 Iulie","lines":"26L, 54N","arr":["26L","54N"],"roundabout":0,"mode":"bus","color":"#0059a9"}},{"type":"Feature","geometry":{"type":"LineString","coordinates":[[23.584442,46.771719],[23.584399,46.77176],[23.584355,46.771792],[23.584297,46.771823],[23.584153,46.771889],[23.583907,46.77201],[23.583503,46.772199]]},"properties":{"name":"Strada Emil Isac","lines":"26L, M26","arr":["26L","M26"],"roundabout":0,"mode":"bus","color":"#0059a9","nolabel":1}},{"type":"Feature","geometry":{"type":"LineString","coordinates":[[23.583458,46.772215],[23.58341,46.772231],[23.583342,46.772249],[23.583251,46.772269],[23.583177,46.77228],[23.583105,46.772284],[23.583001,46.772276],[23.58294,46.772263],[23.582895,46.77225],[23.582844,46.772235]]},"properties":{"name":"Strada Emil Isac","lines":"26L, M26","arr":["26L","M26"],"roundabout":0,"mode":"bus","color":"#0059a9","nolabel":1}},{"type":"Feature","geometry":{"type":"LineString","coordinates":[[23.583503,46.772199],[23.583458,46.772215]]},"properties":{"name":"Strada Emil Isac","lines":"M26","arr":["M26"],"roundabout":0,"mode":"bus","color":"#0059a9"}},{"type":"Feature","geometry":{"type":"LineString","coordinates":[[23.58654,46.772772],[23.586525,46.772782]]},"properties":{"name":"","lines":"26L","arr":["26L"],"roundabout":0,"mode":"bus","color":"#0059a9"}},{"type":"Feature","geometry":{"type":"LineString","coordinates":[[23.599169,46.791422],[23.599205,46.791435],[23.599239,46.791447],[23.599321,46.791617],[23.599366,46.791708],[23.599409,46.791799],[23.599527,46.792046],[23.599518,46.792057],[23.599508,46.79207],[23.599491,46.792089]]},"properties":{"name":"Strada Oașului","lines":"26L, M39, M39L","arr":["26L","M39","M39L"],"roundabout":0,"mode":"bus","color":"#0059a9","nolabel":1}},{"type":"Feature","geometry":{"type":"LineString","coordinates":[[23.645756,46.796405],[23.64591,46.79641],[23.646758,46.796432],[23.646934,46.796439],[23.647856,46.796482],[23.648761,46.796525],[23.649793,46.796574],[23.650088,46.796587],[23.650696,46.796616],[23.651227,46.796641],[23.651417,46.79665],[23.652301,46.796697],[23.652663,46.796716],[23.653542,46.796767],[23.653847,46.796782],[23.654839,46.79683],[23.654857,46.796831],[23.654957,46.796837],[23.654976,46.796838],[23.65582,46.796881],[23.656763,46.796931],[23.656879,46.796937],[23.656962,46.796941],[23.657079,46.796947],[23.657563,46.796972],[23.65793,46.796991],[23.658605,46.797024],[23.658781,46.797034],[23.658854,46.797038],[23.658984,46.797046],[23.659096,46.797052]]},"properties":{"name":"Bulevardul Muncii","lines":"26L, 48L, 50L","arr":["26L","48L","50L"],"roundabout":0,"mode":"bus","color":"#0059a9","nolabel":1}},{"type":"Feature","geometry":{"type":"LineString","coordinates":[[23.645756,46.796405],[23.645693,46.796404],[23.644867,46.796383],[23.64251,46.796332],[23.640591,46.79627],[23.639872,46.796253],[23.637471,46.796105],[23.637246,46.796099],[23.637085,46.796094],[23.636747,46.796089],[23.636407,46.796087],[23.63594,46.796085]]},"properties":{"name":"Bulevardul Muncii","lines":"26L, 48L, 50D, 50L","arr":["26L","48L","50D","50L"],"roundabout":0,"mode":"bus","color":"#0059a9","nolabel":1}},{"type":"Feature","geometry":{"type":"LineString","coordinates":[[23.659096,46.797052],[23.659292,46.797058],[23.659969,46.797081],[23.660099,46.797089],[23.660479,46.797111],[23.661212,46.797211],[23.661545,46.797261],[23.661922,46.797302],[23.662431,46.797336],[23.664052,46.797418],[23.664305,46.797423],[23.664639,46.797354]]},"properties":{"name":"Bulevardul Muncii","lines":"26L, 36L, 48L, 50L, 52L, 57L","arr":["26L","36L","48L","50L","52L","57L"],"roundabout":0,"mode":"bus","color":"#0059a9"}},{"type":"Feature","geometry":{"type":"LineString","coordinates":[[23.664683,46.797326],[23.664765,46.797189],[23.664781,46.79554],[23.664783,46.795479],[23.6648,46.7947]]},"properties":{"name":"Strada Emerson","lines":"26L, 36L, 48L, 50L, 52L, 57L","arr":["26L","36L","48L","50L","52L","57L"],"roundabout":0,"mode":"bus","color":"#0059a9"}},{"type":"Feature","geometry":{"type":"LineString","coordinates":[[23.664805,46.794493],[23.664804,46.794552],[23.664802,46.794599],[23.664801,46.794645],[23.6648,46.7947]]},"properties":{"name":"Strada Emerson","lines":"26L, 36L, 50L, 52L, 57L","arr":["26L","36L","50L","52L","57L"],"roundabout":0,"mode":"bus","color":"#0059a9"}},{"type":"Feature","geometry":{"type":"LineString","coordinates":[[23.66466,46.79747],[23.664305,46.797423]]},"properties":{"name":"Bulevardul Muncii","lines":"26L, 36L, 50L, 52L, 57L","arr":["26L","36L","50L","52L","57L"],"roundabout":0,"mode":"bus","color":"#0059a9"}},{"type":"Feature","geometry":{"type":"LineString","coordinates":[[23.555088,46.76963],[23.555123,46.769582]]},"properties":{"name":"Strada Buzău","lines":"26L","arr":["26L"],"roundabout":0,"mode":"bus","color":"#0059a9"}},{"type":"Feature","geometry":{"type":"LineString","coordinates":[[23.534647,46.754969],[23.534581,46.755064]]},"properties":{"name":"","lines":"28B, M81","arr":["28B","M81"],"roundabout":0,"mode":"bus","color":"#0059a9"}},{"type":"Feature","geometry":{"type":"LineString","coordinates":[[23.542594,46.756969],[23.542794,46.756978],[23.542902,46.756978],[23.543005,46.756969],[23.543081,46.756949],[23.543157,46.756915],[23.543215,46.756878],[23.543255,46.75683],[23.54328,46.756778],[23.543285,46.756713],[23.54328,46.756656],[23.543257,46.75659],[23.543215,46.756526],[23.543154,46.756441],[23.543078,46.756388],[23.543007,46.75635],[23.542925,46.756325],[23.542853,46.756313],[23.542781,46.756312],[23.542688,46.756328],[23.542607,46.756354],[23.542523,46.756403],[23.542471,46.756436],[23.542322,46.756527]]},"properties":{"name":"","lines":"28B, M81","arr":["28B","M81"],"roundabout":0,"mode":"bus","color":"#0059a9"}},{"type":"Feature","geometry":{"type":"LineString","coordinates":[[23.544568,46.761462],[23.544307,46.761277],[23.544205,46.761222],[23.544127,46.761178]]},"properties":{"name":"Bulevardul 1 Decembrie 1918","lines":"28B","arr":["28B"],"roundabout":0,"mode":"bus","color":"#0059a9"}},{"type":"Feature","geometry":{"type":"LineString","coordinates":[[23.543984,46.760828],[23.543988,46.760782],[23.543986,46.760716],[23.543973,46.760641],[23.54396,46.760589],[23.543933,46.760505]]},"properties":{"name":"Bulevardul 1 Decembrie 1918","lines":"28B","arr":["28B"],"roundabout":0,"mode":"bus","color":"#0059a9"}},{"type":"Feature","geometry":{"type":"LineString","coordinates":[[23.543276,46.75921],[23.54309,46.758935],[23.543011,46.758848],[23.542909,46.758756],[23.542829,46.758696],[23.542528,46.758473],[23.542404,46.758394],[23.542308,46.758345],[23.542211,46.7583],[23.541915,46.758196],[23.541798,46.758147],[23.541744,46.75812],[23.541696,46.758088],[23.541645,46.758038],[23.5416,46.757977],[23.541577,46.757891],[23.541557,46.75775],[23.541539,46.757569],[23.541504,46.757373],[23.541484,46.757289],[23.541449,46.757205],[23.541411,46.757129],[23.541376,46.757067],[23.541305,46.75697],[23.541206,46.756872],[23.541104,46.756786],[23.540971,46.756673]]},"properties":{"name":"","lines":"28B","arr":["28B"],"roundabout":0,"mode":"bus","color":"#0059a9"}},{"type":"Feature","geometry":{"type":"LineString","coordinates":[[23.593333,46.777221],[23.593342,46.777292],[23.593344,46.77731],[23.59343,46.777657],[23.593483,46.777755],[23.593553,46.777833],[23.593657,46.777902],[23.593818,46.777994],[23.594011,46.778055],[23.594133,46.778079],[23.594843,46.778218]]},"properties":{"name":"Strada Someșului","lines":"29, 36B, 36L, 41, 50, 50D, 50L, 53","arr":["29","36B","36L","41","50","50D","50L","53"],"roundabout":0,"mode":"bus","color":"#0059a9"}},{"type":"Feature","geometry":{"type":"LineString","coordinates":[[23.594843,46.778218],[23.5948,46.778355],[23.594588,46.779127],[23.59445,46.779577],[23.594424,46.779652],[23.594406,46.779705],[23.594348,46.779831]]},"properties":{"name":"Strada Lalelelor","lines":"29, 36B, 36L, 41, 50, 50D, 50L, 53","arr":["29","36B","36L","41","50","50D","50L","53"],"roundabout":0,"mode":"bus","color":"#0059a9"}},{"type":"Feature","geometry":{"type":"LineString","coordinates":[[23.59923,46.780313],[23.599369,46.780323],[23.599786,46.780352],[23.600121,46.780376],[23.60099,46.780438],[23.601097,46.780445],[23.602226,46.780525],[23.602556,46.780552],[23.603484,46.780627],[23.604444,46.780705],[23.604633,46.780719],[23.604715,46.780727],[23.604885,46.780744],[23.605271,46.780786],[23.605375,46.780797],[23.605472,46.78081],[23.605677,46.780835],[23.605792,46.780852],[23.606026,46.780887],[23.6062,46.780911],[23.606321,46.780929],[23.606692,46.780978],[23.606929,46.78101],[23.607105,46.781034],[23.607501,46.78109],[23.607666,46.781113],[23.608497,46.781236],[23.60857,46.781246],[23.609464,46.781369],[23.609529,46.781378],[23.609984,46.781441],[23.610439,46.781503],[23.610963,46.781576],[23.611328,46.781626],[23.611484,46.781649],[23.612131,46.781747],[23.61234,46.781779],[23.612486,46.781801],[23.612975,46.781881],[23.613251,46.781921]]},"properties":{"name":"Strada București","lines":"29, 36B, 36L, 53","arr":["29","36B","36L","53"],"roundabout":0,"mode":"bus","color":"#0059a9"}},{"type":"Feature","geometry":{"type":"LineString","coordinates":[[23.604885,46.780744],[23.604897,46.780849],[23.605,46.781047],[23.605254,46.781347],[23.605311,46.78141],[23.605414,46.781518],[23.605744,46.781885],[23.606473,46.782303],[23.606802,46.782481],[23.607255,46.782726],[23.607374,46.782791],[23.607902,46.783078],[23.608418,46.783358],[23.608488,46.783396],[23.609007,46.783677],[23.609532,46.783955]]},"properties":{"name":"Strada Henri Barbusse","lines":"29","arr":["29"],"roundabout":0,"mode":"bus","color":"#0059a9"}},{"type":"Feature","geometry":{"type":"LineString","coordinates":[[23.609532,46.783955],[23.609629,46.783925],[23.609684,46.783916],[23.60975,46.783912],[23.610734,46.783887],[23.611928,46.783818],[23.612829,46.783778],[23.613071,46.783778]]},"properties":{"name":"Strada Călan","lines":"29","arr":["29"],"roundabout":0,"mode":"bus","color":"#0059a9"}},{"type":"Feature","geometry":{"type":"LineString","coordinates":[[23.578026,46.770769],[23.577941,46.770747],[23.57677,46.770465],[23.576153,46.770314],[23.575956,46.770269],[23.57575,46.770226],[23.57539,46.770163],[23.574785,46.770067],[23.574234,46.76998]]},"properties":{"name":"Splaiul Independenței","lines":"30, 54N, M26","arr":["30","54N","M26"],"roundabout":0,"mode":"bus","color":"#0059a9","nolabel":1}},{"type":"Feature","geometry":{"type":"LineString","coordinates":[[23.574234,46.76998],[23.574276,46.769965],[23.574319,46.769929],[23.574341,46.769899],[23.57437,46.769823],[23.57438,46.769734],[23.574386,46.769716],[23.574524,46.769267],[23.574562,46.769164],[23.574573,46.769136],[23.574832,46.768475],[23.57485,46.76843],[23.574863,46.768399],[23.5749,46.768302],[23.574921,46.768255],[23.574947,46.768201],[23.574999,46.768082],[23.575063,46.767941],[23.575293,46.767458],[23.575329,46.767373],[23.57536,46.767304],[23.575473,46.767063],[23.575491,46.767025],[23.576022,46.765898],[23.576165,46.765593],[23.576239,46.765455],[23.576377,46.765238],[23.576441,46.765131]]},"properties":{"name":"Strada George Coșbuc","lines":"30, 54N","arr":["30","54N"],"roundabout":0,"mode":"bus","color":"#0059a9"}},{"type":"Feature","geometry":{"type":"LineString","coordinates":[[23.636091,46.781622],[23.636145,46.781719]]},"properties":{"name":"","lines":"30, A1","arr":["30","A1"],"roundabout":0,"mode":"bus","color":"#0059a9"}},{"type":"Feature","geometry":{"type":"LineString","coordinates":[[23.610078,46.777671],[23.610128,46.777539]]},"properties":{"name":"Strada Crinului","lines":"30, A1","arr":["30","A1"],"roundabout":0,"mode":"bus","color":"#0059a9"}},{"type":"Feature","geometry":{"type":"LineString","coordinates":[[23.609669,46.777445],[23.609639,46.777501],[23.609601,46.777524],[23.609555,46.777533],[23.608697,46.777387],[23.608282,46.777299],[23.608103,46.77726],[23.60802,46.777241],[23.608,46.777231],[23.60799,46.777225],[23.607983,46.777201],[23.607997,46.777177],[23.60803,46.777164],[23.608087,46.77716],[23.608132,46.777152],[23.608157,46.777133]]},"properties":{"name":"","lines":"30, 47, A1","arr":["30","47","A1"],"roundabout":0,"mode":"bus","color":"#0059a9"}},{"type":"Feature","geometry":{"type":"LineString","coordinates":[[23.587539,46.78396],[23.587535,46.783983],[23.587524,46.784007],[23.587508,46.784028],[23.587488,46.784046],[23.587461,46.784062],[23.587414,46.784084],[23.587373,46.784094],[23.587289,46.784103],[23.58721,46.784103],[23.587153,46.784094],[23.587008,46.784071],[23.586828,46.784047],[23.586235,46.783953],[23.585953,46.783936],[23.585803,46.783923],[23.585648,46.783907]]},"properties":{"name":"Piața Gării","lines":"31, 39, 39L, 56, M31, M33, M35","arr":["31","39","39L","56","M31","M33","M35"],"roundabout":0,"mode":"bus","color":"#0059a9","nolabel":1}},{"type":"Feature","geometry":{"type":"LineString","coordinates":[[23.585648,46.783907],[23.585507,46.783925],[23.585445,46.783933],[23.585297,46.783927],[23.585155,46.78391],[23.584446,46.7838],[23.584372,46.783787],[23.584064,46.783736],[23.583309,46.783612]]},"properties":{"name":"Piața Gării","lines":"31, 39, 39L, 56, M31, M32, M33, M34, M35","arr":["31","39","39L","56","M31","M32","M33","M34","M35"],"roundabout":0,"mode":"bus","color":"#0059a9"}},{"type":"Feature","geometry":{"type":"LineString","coordinates":[[23.583309,46.783612],[23.583083,46.783577],[23.582879,46.783566],[23.582705,46.783578],[23.582549,46.783615],[23.58245,46.783671],[23.582366,46.783743],[23.582303,46.783814],[23.582286,46.783849],[23.582248,46.783929],[23.582198,46.784062],[23.581923,46.784844],[23.581894,46.784927],[23.581641,46.785602]]},"properties":{"name":"Podul Locomotivei","lines":"31, 39, 39L, 56, M31, M32, M33, M34, M35","arr":["31","39","39L","56","M31","M32","M33","M34","M35"],"roundabout":0,"mode":"bus","color":"#0059a9"}},{"type":"Feature","geometry":{"type":"LineString","coordinates":[[23.581641,46.785602],[23.581553,46.78586],[23.58153,46.785913],[23.581429,46.786161],[23.581396,46.786242],[23.581366,46.78631],[23.581356,46.786331],[23.581232,46.786554],[23.58116,46.786677],[23.581032,46.786884],[23.580946,46.787023],[23.58088,46.78712],[23.580811,46.787212],[23.580718,46.787311],[23.580648,46.787395],[23.580437,46.787615],[23.580268,46.787775],[23.580148,46.787887]]},"properties":{"name":"Strada Giordano Bruno","lines":"31, 39, 39L, 56, M31, M32, M33, M34, M35","arr":["31","39","39L","56","M31","M32","M33","M34","M35"],"roundabout":0,"mode":"bus","color":"#0059a9"}},{"type":"Feature","geometry":{"type":"LineString","coordinates":[[23.580148,46.787887],[23.580052,46.787849],[23.579943,46.787816],[23.579565,46.78774],[23.579302,46.787688],[23.578713,46.787583],[23.578514,46.787544],[23.577845,46.787412],[23.577731,46.787389],[23.577707,46.787384],[23.576295,46.78712],[23.576128,46.787087],[23.57524,46.786924],[23.575166,46.786911],[23.573821,46.786659],[23.573762,46.786649],[23.573693,46.786637],[23.573598,46.78662],[23.57329,46.786558],[23.572471,46.786395],[23.572048,46.786324],[23.571522,46.786228],[23.571391,46.786202],[23.570353,46.786004],[23.568565,46.785673],[23.568354,46.785635],[23.566114,46.785229],[23.565933,46.785197],[23.56545,46.785109],[23.565261,46.785075],[23.56466,46.784967],[23.563548,46.784765],[23.563466,46.78475],[23.563179,46.784697],[23.562549,46.78458],[23.561982,46.784474],[23.560987,46.784296],[23.560891,46.784281],[23.560741,46.784256],[23.560347,46.784187],[23.559262,46.783995],[23.559187,46.783983],[23.558301,46.783809],[23.558186,46.783809],[23.558105,46.783803],[23.557946,46.783781],[23.55779,46.783755]]},"properties":{"name":"Strada Corneliu Coposu","lines":"31, M31, M32, M33, M34","arr":["31","M31","M32","M33","M34"],"roundabout":0,"mode":"bus","color":"#0059a9"}},{"type":"Feature","geometry":{"type":"LineString","coordinates":[[23.557715,46.783751],[23.557522,46.783766],[23.557427,46.783775],[23.557347,46.783782],[23.557264,46.783794],[23.557167,46.783814],[23.557062,46.783842],[23.556942,46.783881],[23.5569,46.783898],[23.556759,46.78396],[23.556252,46.784184],[23.555997,46.784299],[23.555443,46.78452],[23.555327,46.784566],[23.554996,46.784691],[23.554656,46.784812],[23.554299,46.784934],[23.554237,46.784952],[23.553797,46.785087],[23.553533,46.78516],[23.553169,46.785266],[23.55298,46.785313],[23.552643,46.785404],[23.552299,46.785481],[23.551883,46.785571],[23.551714,46.785607],[23.551173,46.785725],[23.551021,46.785752],[23.550904,46.785765],[23.550793,46.785772],[23.550696,46.785776],[23.550565,46.785777]]},"properties":{"name":"Calea Baciului","lines":"31, M31, M32, M33, M34","arr":["31","M31","M32","M33","M34"],"roundabout":0,"mode":"bus","color":"#0059a9"}},{"type":"Feature","geometry":{"type":"LineString","coordinates":[[23.550565,46.785777],[23.550477,46.785774],[23.550348,46.785768],[23.550234,46.785759],[23.550224,46.785758],[23.550064,46.785745],[23.549614,46.78569],[23.549222,46.785663],[23.549159,46.785657],[23.548973,46.785641],[23.548824,46.785619],[23.548149,46.785548],[23.547734,46.785501],[23.547563,46.785482],[23.547464,46.785471],[23.547351,46.785457],[23.546959,46.785407],[23.545632,46.78527],[23.54531,46.785222],[23.545048,46.78517],[23.544791,46.785114],[23.544468,46.785019],[23.544173,46.784951],[23.544048,46.784895],[23.543976,46.784867],[23.543861,46.784815],[23.54368,46.784718],[23.542512,46.78394],[23.542421,46.783899],[23.542321,46.78386],[23.542214,46.783823],[23.542115,46.783797],[23.541997,46.783769],[23.541877,46.783749],[23.541761,46.783737],[23.541644,46.783733],[23.541478,46.783733],[23.541372,46.783735],[23.541281,46.783742],[23.541188,46.783753],[23.541075,46.783775],[23.540973,46.783797],[23.540855,46.783829],[23.540743,46.783864],[23.540283,46.784025],[23.540143,46.784075],[23.540105,46.784088],[23.540014,46.784121],[23.539929,46.784152],[23.539672,46.784242],[23.539531,46.784292],[23.539488,46.784307],[23.539268,46.784384],[23.53899,46.784482],[23.538938,46.7845],[23.538391,46.784692],[23.537867,46.784874],[23.53755,46.784984],[23.537207,46.785105],[23.536065,46.785511],[23.536001,46.785529],[23.535928,46.785559]]},"properties":{"name":"Calea Baciului","lines":"31, M31, M32, M34","arr":["31","M31","M32","M34"],"roundabout":0,"mode":"bus","color":"#0059a9"}},{"type":"Feature","geometry":{"type":"LineString","coordinates":[[23.556942,46.783881],[23.556997,46.783843],[23.557036,46.783819],[23.557074,46.783797],[23.55711,46.783778],[23.557267,46.783705],[23.557345,46.783677],[23.557435,46.78365],[23.557534,46.783621],[23.557629,46.783605]]},"properties":{"name":"Calea Baciului","lines":"31, M31","arr":["31","M31"],"roundabout":0,"mode":"bus","color":"#0059a9"}},{"type":"Feature","geometry":{"type":"LineString","coordinates":[[23.557917,46.783641],[23.558069,46.78371],[23.558106,46.783732],[23.558144,46.783751],[23.558191,46.783771],[23.558301,46.783809]]},"properties":{"name":"Strada Corneliu Coposu","lines":"31, M31","arr":["31","M31"],"roundabout":0,"mode":"bus","color":"#0059a9"}},{"type":"Feature","geometry":{"type":"LineString","coordinates":[[23.585648,46.783907],[23.585672,46.783846],[23.585695,46.783789],[23.585746,46.7837],[23.585838,46.783592],[23.586273,46.783081],[23.58632,46.783033],[23.586326,46.783027],[23.586364,46.782993],[23.586412,46.782977],[23.586602,46.782906],[23.586991,46.782761],[23.587031,46.78275],[23.587088,46.782743],[23.587133,46.782742],[23.587372,46.782735],[23.587419,46.782734],[23.587483,46.782732]]},"properties":{"name":"Strada Ion Luca Caragiale","lines":"31, 39, 39L, 56, M31, M35","arr":["31","39","39L","56","M31","M35"],"roundabout":0,"mode":"bus","color":"#0059a9","nolabel":1}},{"type":"Feature","geometry":{"type":"LineString","coordinates":[[23.587192,46.778269],[23.58717,46.778196]]},"properties":{"name":"Strada Horea","lines":"39, 39L, M31","arr":["39","39L","M31"],"roundabout":0,"mode":"bus","color":"#0059a9"}},{"type":"Feature","geometry":{"type":"LineString","coordinates":[[23.58711,46.77775],[23.587094,46.777619]]},"properties":{"name":"Strada Horea","lines":"39, 39L, M31","arr":["39","39L","M31"],"roundabout":0,"mode":"bus","color":"#0059a9"}},{"type":"Feature","geometry":{"type":"LineString","coordinates":[[23.58717,46.778196],[23.587134,46.778011],[23.58711,46.77775]]},"properties":{"name":"Strada Horea","lines":"31, 39, 39L, M31","arr":["31","39","39L","M31"],"roundabout":0,"mode":"bus","color":"#0059a9","nolabel":1}},{"type":"Feature","geometry":{"type":"LineString","coordinates":[[23.587094,46.777619],[23.587066,46.777468]]},"properties":{"name":"Strada Horea","lines":"31, 38, 39, 39L, M31","arr":["31","38","39","39L","M31"],"roundabout":0,"mode":"bus","color":"#0059a9"}},{"type":"Feature","geometry":{"type":"LineString","coordinates":[[23.587066,46.777468],[23.587062,46.777433],[23.58706,46.777393],[23.587052,46.776988],[23.587099,46.776914],[23.587121,46.776874]]},"properties":{"name":"Strada Horea","lines":"31, 37, 38, 39, 39L, M31","arr":["31","37","38","39","39L","M31"],"roundabout":0,"mode":"bus","color":"#0059a9","nolabel":1}},{"type":"Feature","geometry":{"type":"LineString","coordinates":[[23.622394,46.762527],[23.622348,46.762505],[23.622312,46.762475],[23.622286,46.76243],[23.622299,46.762373],[23.622329,46.762322]]},"properties":{"name":"Aleea Băișoara","lines":"33, 34, 48, 48L","arr":["33","34","48","48L"],"roundabout":0,"mode":"bus","color":"#0059a9"}},{"type":"Feature","geometry":{"type":"LineString","coordinates":[[23.621306,46.762113],[23.621345,46.762105],[23.621385,46.762102],[23.621426,46.762106],[23.621596,46.762142],[23.62167,46.762161],[23.622087,46.762267],[23.622141,46.762281],[23.622329,46.762322],[23.622771,46.762428],[23.622818,46.762448],[23.622838,46.762467],[23.62285,46.762495],[23.622849,46.762519],[23.622835,46.762546],[23.622805,46.762568],[23.622763,46.762583],[23.622716,46.762585],[23.622667,46.762584],[23.622583,46.762568],[23.622481,46.762547]]},"properties":{"name":"Aleea Băișoara","lines":"33, 34, 48, 48L","arr":["33","34","48","48L"],"roundabout":0,"mode":"bus","color":"#0059a9"}},{"type":"Feature","geometry":{"type":"LineString","coordinates":[[23.621306,46.762113],[23.621258,46.762146],[23.621232,46.762175],[23.621212,46.762205],[23.621197,46.762237],[23.621074,46.762567],[23.621051,46.762637],[23.620802,46.763441],[23.620633,46.763946],[23.620603,46.764037],[23.620562,46.764162],[23.620539,46.76423],[23.620482,46.764413],[23.620397,46.764681],[23.620387,46.764714],[23.620351,46.764823],[23.620276,46.765029],[23.620223,46.765155],[23.619817,46.766123],[23.619747,46.76628],[23.61952,46.766814],[23.619454,46.766967],[23.619374,46.767157],[23.619254,46.767437],[23.618882,46.768307],[23.618865,46.76835]]},"properties":{"name":"Strada Liviu Rebreanu","lines":"33, 34, 48, 48L","arr":["33","34","48","48L"],"roundabout":0,"mode":"bus","color":"#0059a9"}},{"type":"Feature","geometry":{"type":"LineString","coordinates":[[23.618811,46.768536],[23.618816,46.768582],[23.618838,46.768639]]},"properties":{"name":"Strada Liviu Rebreanu","lines":"33, 34, 48, 48L","arr":["33","34","48","48L"],"roundabout":0,"mode":"bus","color":"#0059a9"}},{"type":"Feature","geometry":{"type":"LineString","coordinates":[[23.618865,46.76835],[23.618811,46.768536]]},"properties":{"name":"Strada Liviu Rebreanu","lines":"33, 34, 48, 48L, 57L","arr":["33","34","48","48L","57L"],"roundabout":0,"mode":"bus","color":"#0059a9"}},{"type":"Feature","geometry":{"type":"LineString","coordinates":[[23.614026,46.785926],[23.614014,46.785951],[23.613992,46.785975],[23.613945,46.785997]]},"properties":{"name":"","lines":"34, 36B, 48","arr":["34","36B","48"],"roundabout":0,"mode":"bus","color":"#0059a9"}},{"type":"Feature","geometry":{"type":"LineString","coordinates":[[23.604097,46.785371],[23.603878,46.785381],[23.602357,46.785455],[23.601137,46.785512],[23.599936,46.785568],[23.598647,46.785627],[23.59807,46.785658],[23.597711,46.785673]]},"properties":{"name":"Strada Răsăritului","lines":"34","arr":["34"],"roundabout":0,"mode":"bus","color":"#0059a9"}},{"type":"Feature","geometry":{"type":"LineString","coordinates":[[23.597711,46.785673],[23.597626,46.785652],[23.597579,46.785623],[23.597505,46.785543],[23.5974,46.785427],[23.597334,46.785355],[23.597297,46.785315],[23.597157,46.785158],[23.597032,46.785032],[23.597,46.784987]]},"properties":{"name":"Strada Parcul Feroviarilor","lines":"34","arr":["34"],"roundabout":0,"mode":"bus","color":"#0059a9"}},{"type":"Feature","geometry":{"type":"LineString","coordinates":[[23.597,46.784987],[23.596831,46.785048]]},"properties":{"name":"","lines":"34","arr":["34"],"roundabout":0,"mode":"bus","color":"#0059a9"}},{"type":"Feature","geometry":{"type":"LineString","coordinates":[[23.596338,46.785272],[23.59625,46.785312],[23.596142,46.785372],[23.596124,46.785384],[23.596087,46.785407],[23.596049,46.785436],[23.596039,46.785445]]},"properties":{"name":"","lines":"34","arr":["34"],"roundabout":0,"mode":"bus","color":"#0059a9"}},{"type":"Feature","geometry":{"type":"LineString","coordinates":[[23.588978,46.784473],[23.588967,46.784474]]},"properties":{"name":"","lines":"34","arr":["34"],"roundabout":0,"mode":"bus","color":"#0059a9"}},{"type":"Feature","geometry":{"type":"LineString","coordinates":[[23.596831,46.785048],[23.596338,46.785272]]},"properties":{"name":"Podul Răsăritului","lines":"34","arr":["34"],"roundabout":0,"mode":"bus","color":"#0059a9"}},{"type":"Feature","geometry":{"type":"LineString","coordinates":[[23.594502,46.785376],[23.593722,46.785248],[23.593657,46.785237],[23.592892,46.785112],[23.589536,46.784558],[23.5893,46.784519],[23.58923,46.784508]]},"properties":{"name":"Strada Căii Ferate","lines":"34, M32, M37, M38, M39, M39L","arr":["34","M32","M37","M38","M39","M39L"],"roundabout":0,"mode":"bus","color":"#0059a9","nolabel":1}},{"type":"Feature","geometry":{"type":"LineString","coordinates":[[23.589055,46.784476],[23.589106,46.784487],[23.58923,46.784508]]},"properties":{"name":"Strada Căii Ferate","lines":"34, M35, M37, M39, M39L","arr":["34","M35","M37","M39","M39L"],"roundabout":0,"mode":"bus","color":"#0059a9"}},{"type":"Feature","geometry":{"type":"LineString","coordinates":[[23.589055,46.784476],[23.588978,46.784473]]},"properties":{"name":"","lines":"34, M37","arr":["34","M37"],"roundabout":0,"mode":"bus","color":"#0059a9"}},{"type":"Feature","geometry":{"type":"LineString","coordinates":[[23.588967,46.784474],[23.588941,46.784475],[23.588909,46.784488],[23.588871,46.784507],[23.588824,46.784516],[23.588776,46.784513],[23.588428,46.784455],[23.587946,46.784367],[23.587384,46.784272],[23.58727,46.784253],[23.587117,46.784228]]},"properties":{"name":"","lines":"34, M32, M34","arr":["34","M32","M34"],"roundabout":0,"mode":"bus","color":"#0059a9","nolabel":1}},{"type":"Feature","geometry":{"type":"LineString","coordinates":[[23.586469,46.784123],[23.586078,46.784059]]},"properties":{"name":"","lines":"34, M32, M34","arr":["34","M32","M34"],"roundabout":0,"mode":"bus","color":"#0059a9","nolabel":1}},{"type":"Feature","geometry":{"type":"LineString","coordinates":[[23.587117,46.784228],[23.586469,46.784123]]},"properties":{"name":"","lines":"34, 39, M32, M34","arr":["34","39","M32","M34"],"roundabout":0,"mode":"bus","color":"#0059a9","nolabel":1}},{"type":"Feature","geometry":{"type":"LineString","coordinates":[[23.586078,46.784059],[23.585847,46.78402]]},"properties":{"name":"","lines":"39, 39L, M32, M34","arr":["39","39L","M32","M34"],"roundabout":0,"mode":"bus","color":"#0059a9"}},{"type":"Feature","geometry":{"type":"LineString","coordinates":[[23.585847,46.78402],[23.585765,46.784003],[23.585714,46.783993],[23.585677,46.783973],[23.585657,46.783949],[23.585648,46.783907]]},"properties":{"name":"","lines":"39, M32, M34","arr":["39","M32","M34"],"roundabout":0,"mode":"bus","color":"#0059a9"}},{"type":"Feature","geometry":{"type":"LineString","coordinates":[[23.588803,46.784339],[23.58884,46.784348],[23.588911,46.784373],[23.588975,46.784401],[23.589033,46.784455]]},"properties":{"name":"Piața Gării","lines":"34, M33, M35, M39, M39L","arr":["34","M33","M35","M39","M39L"],"roundabout":0,"mode":"bus","color":"#0059a9"}},{"type":"Feature","geometry":{"type":"LineString","coordinates":[[23.589033,46.784455],[23.589055,46.784476]]},"properties":{"name":"Piața Gării","lines":"34, M35, M39, M39L","arr":["34","M35","M39","M39L"],"roundabout":0,"mode":"bus","color":"#0059a9"}},{"type":"Feature","geometry":{"type":"LineString","coordinates":[[23.612663,46.785322],[23.612712,46.785404],[23.612784,46.785482],[23.612852,46.785534],[23.613105,46.785667]]},"properties":{"name":"Strada Câmpul Pâinii","lines":"34","arr":["34"],"roundabout":0,"mode":"bus","color":"#0059a9"}},{"type":"Feature","geometry":{"type":"LineString","coordinates":[[23.613224,46.78571],[23.613376,46.785732],[23.613452,46.785739],[23.61353,46.785733],[23.613594,46.785717],[23.613656,46.785688],[23.613755,46.785622]]},"properties":{"name":"Strada Câmpul Pâinii","lines":"34","arr":["34"],"roundabout":0,"mode":"bus","color":"#0059a9"}},{"type":"Feature","geometry":{"type":"LineString","coordinates":[[23.577523,46.752625],[23.577772,46.752704],[23.578307,46.752874],[23.578328,46.75288],[23.578505,46.75292]]},"properties":{"name":"Strada Observatorului","lines":"35, 43, 43B, 43P, 45, 46, 46B, 46L, 50, 50L, 54N","arr":["35","43","43B","43P","45","46","46B","46L","50","50L","54N"],"roundabout":0,"mode":"bus","color":"#0059a9"}},{"type":"Feature","geometry":{"type":"LineString","coordinates":[[23.578505,46.75292],[23.578927,46.753023],[23.579171,46.753079],[23.579274,46.753103],[23.580031,46.753314],[23.581307,46.75367],[23.581466,46.753715],[23.581828,46.753819],[23.582601,46.754036],[23.582944,46.754131],[23.583195,46.754201],[23.583367,46.754247]]},"properties":{"name":"Strada Observatorului","lines":"35, 43, 43B, 43P, 45, 46, 46B, 46L, 50, 50D, 50L, 54N","arr":["35","43","43B","43P","45","46","46B","46L","50","50D","50L","54N"],"roundabout":0,"mode":"bus","color":"#0059a9"}},{"type":"Feature","geometry":{"type":"LineString","coordinates":[[23.585003,46.754564],[23.585043,46.754572],[23.585189,46.754601],[23.585588,46.75468],[23.585766,46.754716],[23.586532,46.754863],[23.586665,46.754888],[23.588201,46.755181],[23.588494,46.755228],[23.588537,46.755235],[23.58873,46.755264],[23.588992,46.755297],[23.589237,46.755324],[23.592885,46.755702],[23.593334,46.755748],[23.593657,46.755781]]},"properties":{"name":"Strada Observatorului","lines":"35, 43, 43B, 43P, 45, 46, 46B, 46L, 50, 50D, 50L, 54N","arr":["35","43","43B","43P","45","46","46B","46L","50","50D","50L","54N"],"roundabout":0,"mode":"bus","color":"#0059a9"}},{"type":"Feature","geometry":{"type":"LineString","coordinates":[[23.583367,46.754247],[23.583622,46.754278],[23.583943,46.754315],[23.584034,46.754325]]},"properties":{"name":"Strada Observatorului","lines":"35, 43, 43B, 43P, 45, 46B, 46L, 50, 50D, 50L, 54N","arr":["35","43","43B","43P","45","46B","46L","50","50D","50L","54N"],"roundabout":0,"mode":"bus","color":"#0059a9"}},{"type":"Feature","geometry":{"type":"LineString","coordinates":[[23.584111,46.754488],[23.584092,46.754538],[23.584079,46.754584]]},"properties":{"name":"Strada Viilor","lines":"35, 46L, 50","arr":["35","46L","50"],"roundabout":0,"mode":"bus","color":"#0059a9"}},{"type":"Feature","geometry":{"type":"LineString","coordinates":[[23.584264,46.754486],[23.584209,46.754505],[23.584158,46.754525],[23.584117,46.754553],[23.584079,46.754584]]},"properties":{"name":"","lines":"35, 46L, 50","arr":["35","46L","50"],"roundabout":0,"mode":"bus","color":"#0059a9"}},{"type":"Feature","geometry":{"type":"LineString","coordinates":[[23.585003,46.754564],[23.58484,46.754572],[23.584398,46.754501],[23.584264,46.754486],[23.584192,46.754481],[23.584134,46.754477]]},"properties":{"name":"Strada Observatorului","lines":"35, 45, 46, 46L, 50","arr":["35","45","46","46L","50"],"roundabout":0,"mode":"bus","color":"#0059a9"}},{"type":"Feature","geometry":{"type":"LineString","coordinates":[[23.59612,46.755994],[23.59607,46.756012],[23.596029,46.756024],[23.595976,46.756038],[23.59593,46.756047],[23.595847,46.756061]]},"properties":{"name":"Strada Observatorului","lines":"35, 45, 46, 46L, 50","arr":["35","45","46","46L","50"],"roundabout":0,"mode":"bus","color":"#0059a9"}},{"type":"Feature","geometry":{"type":"LineString","coordinates":[[23.583945,46.754466],[23.583552,46.754317]]},"properties":{"name":"Strada Observatorului","lines":"35, 45, 46, 46L, 50","arr":["35","45","46","46L","50"],"roundabout":0,"mode":"bus","color":"#0059a9"}},{"type":"Feature","geometry":{"type":"LineString","coordinates":[[23.593657,46.755781],[23.594068,46.755817],[23.594117,46.755822],[23.594299,46.755838],[23.59438,46.755845],[23.594493,46.755855],[23.594613,46.755865],[23.594674,46.755871],[23.594749,46.755878]]},"properties":{"name":"Strada Observatorului","lines":"35, 43B, 45, 46, 46B, 46L, 50, 50D, 50L, 54N","arr":["35","43B","45","46","46B","46L","50","50D","50L","54N"],"roundabout":0,"mode":"bus","color":"#0059a9"}},{"type":"Feature","geometry":{"type":"LineString","coordinates":[[23.595847,46.756061],[23.59583,46.756059],[23.59571,46.756041],[23.594936,46.755919],[23.594749,46.755878]]},"properties":{"name":"Strada Observatorului","lines":"35, 45, 46, 46B, 46L, 50, 50L, 54N","arr":["35","45","46","46B","46L","50","50L","54N"],"roundabout":0,"mode":"bus","color":"#0059a9"}},{"type":"Feature","geometry":{"type":"LineString","coordinates":[[23.59695,46.756215],[23.596668,46.756085],[23.596478,46.756012],[23.596374,46.755976]]},"properties":{"name":"Calea Turzii","lines":"35, 40, 46, 46L, 50, M12, M16","arr":["35","40","46","46L","50","M12","M16"],"roundabout":0,"mode":"bus","color":"#0059a9"}},{"type":"Feature","geometry":{"type":"LineString","coordinates":[[23.59695,46.756215],[23.597037,46.756263]]},"properties":{"name":"Calea Turzii","lines":"35, 40, 46, 46L, 50, 50D, M12, M16","arr":["35","40","46","46L","50","50D","M12","M16"],"roundabout":0,"mode":"bus","color":"#0059a9"}},{"type":"Feature","geometry":{"type":"LineString","coordinates":[[23.597037,46.756263],[23.59723,46.756331],[23.597497,46.756441],[23.597584,46.756475],[23.597652,46.756505],[23.59772,46.756538],[23.597754,46.756557],[23.597786,46.756579],[23.597845,46.75663],[23.597876,46.756658],[23.597903,46.75669],[23.597925,46.756722],[23.597943,46.756756],[23.597954,46.756781],[23.59797,46.756832],[23.597977,46.75687],[23.597983,46.75691],[23.597982,46.75695],[23.597963,46.757041],[23.597879,46.757284],[23.59785,46.757365],[23.597815,46.75745],[23.597777,46.757546],[23.597734,46.757652]]},"properties":{"name":"Calea Turzii","lines":"35, 40, 46, 46B, 46L, 50, 50D, 50L, 54N, M11, M12, M16, M17, M18, M71","arr":["35","40","46","46B","46L","50","50D","50L","54N","M11","M12","M16","M17","M18","M71"],"roundabout":0,"mode":"bus","color":"#0059a9"}},{"type":"Feature","geometry":{"type":"LineString","coordinates":[[23.598507,46.759146],[23.598304,46.759606],[23.598075,46.760161],[23.597978,46.760394],[23.597957,46.760444],[23.597944,46.76048],[23.597895,46.760599],[23.59783,46.760757],[23.597743,46.76098]]},"properties":{"name":"Calea Turzii","lines":"35, 40, 46, 46B, 46L, 50, 50D, 50L, 54N, M11, M12, M16, M17, M18, M71","arr":["35","40","46","46B","46L","50","50D","50L","54N","M11","M12","M16","M17","M18","M71"],"roundabout":0,"mode":"bus","color":"#0059a9"}},{"type":"Feature","geometry":{"type":"LineString","coordinates":[[23.598355,46.76431],[23.598453,46.764571],[23.598488,46.764646],[23.598618,46.764966],[23.598664,46.765078],[23.59878,46.765346],[23.598827,46.765459],[23.598874,46.765566],[23.598908,46.765658],[23.598927,46.765718],[23.598936,46.765777]]},"properties":{"name":"Calea Turzii","lines":"35, 40, 46, 46B, 46L, 50, 50D, 50L, 54N, M11, M12, M16, M17, M18, M71","arr":["35","40","46","46B","46L","50","50D","50L","54N","M11","M12","M16","M17","M18","M71"],"roundabout":0,"mode":"bus","color":"#0059a9"}},{"type":"Feature","geometry":{"type":"LineString","coordinates":[[23.598507,46.759146],[23.598518,46.759057],[23.598531,46.758932],[23.598532,46.758841],[23.598524,46.758778],[23.598505,46.758713],[23.598465,46.758632],[23.598414,46.758569],[23.598346,46.758506],[23.598251,46.758438],[23.598131,46.758364],[23.597961,46.758263],[23.597867,46.758209],[23.597798,46.758156],[23.597738,46.7581],[23.597695,46.758045],[23.597648,46.757952],[23.597629,46.757883],[23.597629,46.75782],[23.597651,46.757759],[23.597681,46.757703],[23.597734,46.757652]]},"properties":{"name":"Calea Turzii","lines":"35, 40, 46, 46L, 50, M12","arr":["35","40","46","46L","50","M12"],"roundabout":0,"mode":"bus","color":"#0059a9"}},{"type":"Feature","geometry":{"type":"LineString","coordinates":[[23.597743,46.76098],[23.597709,46.761085],[23.597675,46.761228],[23.597661,46.761371],[23.597655,46.761499]]},"properties":{"name":"Calea Turzii","lines":"35, 40, 46, 46B, 46L, 50, 50D, 50L, 54N, M11, M12, M16","arr":["35","40","46","46B","46L","50","50D","50L","54N","M11","M12","M16"],"roundabout":0,"mode":"bus","color":"#0059a9"}},{"type":"Feature","geometry":{"type":"LineString","coordinates":[[23.597691,46.76195],[23.59772,46.762076],[23.59776,46.762223]]},"properties":{"name":"Calea Turzii","lines":"35, 40, 46, 46B, 46L, 50, 50D, 50L, 54N, M11, M12, M16","arr":["35","40","46","46B","46L","50","50D","50L","54N","M11","M12","M16"],"roundabout":0,"mode":"bus","color":"#0059a9"}},{"type":"Feature","geometry":{"type":"LineString","coordinates":[[23.597655,46.761499],[23.597659,46.761687],[23.597661,46.761749],[23.597691,46.76195]]},"properties":{"name":"Calea Turzii","lines":"35, 46, 46L, 50, 50D, M12","arr":["35","46","46L","50","50D","M12"],"roundabout":0,"mode":"bus","color":"#0059a9"}},{"type":"Feature","geometry":{"type":"LineString","coordinates":[[23.59776,46.762223],[23.597847,46.762535],[23.598073,46.763368],[23.598103,46.763472],[23.59813,46.763553],[23.598355,46.76431]]},"properties":{"name":"Calea Turzii","lines":"35, 40, 46, 46L, 50, 50D, M12","arr":["35","40","46","46L","50","50D","M12"],"roundabout":0,"mode":"bus","color":"#0059a9"}},{"type":"Feature","geometry":{"type":"LineString","coordinates":[[23.597993,46.768007],[23.598007,46.767953],[23.598017,46.767894],[23.598025,46.767775],[23.598025,46.767728],[23.59803,46.767647],[23.598048,46.767451],[23.598058,46.767392],[23.598078,46.767268],[23.598097,46.767162],[23.598129,46.767051],[23.598162,46.766943],[23.598186,46.766892],[23.598222,46.766842],[23.598346,46.766701]]},"properties":{"name":"Calea Turzii","lines":"35, 40, 46, 46B, 46L, 50, 50L, 54N, M11, M12, M16, M17, M18, M71","arr":["35","40","46","46B","46L","50","50L","54N","M11","M12","M16","M17","M18","M71"],"roundabout":0,"mode":"bus","color":"#0059a9"}},{"type":"Feature","geometry":{"type":"LineString","coordinates":[[23.597691,46.76195],[23.597494,46.761844],[23.597477,46.761639],[23.597655,46.761499]]},"properties":{"name":"","lines":"35, 40, 46, 46B, 46L, 50, 50L, 54N, M11, M12, M16","arr":["35","40","46","46B","46L","50","50L","54N","M11","M12","M16"],"roundabout":0,"mode":"bus","color":"#0059a9"}},{"type":"Feature","geometry":{"type":"LineString","coordinates":[[23.583552,46.754317],[23.583367,46.754247]]},"properties":{"name":"Strada Observatorului","lines":"35, 45, 46, 46B, 46L, 50, 50L","arr":["35","45","46","46B","46L","50","50L"],"roundabout":0,"mode":"bus","color":"#0059a9"}},{"type":"Feature","geometry":{"type":"LineString","coordinates":[[23.578307,46.752874],[23.578147,46.752856]]},"properties":{"name":"Strada Observatorului","lines":"35, 45, 46L, 54N","arr":["35","45","46L","54N"],"roundabout":0,"mode":"bus","color":"#0059a9"}},{"type":"Feature","geometry":{"type":"LineString","coordinates":[[23.578147,46.752856],[23.577807,46.752781],[23.577407,46.752682],[23.577351,46.752674],[23.577283,46.752672],[23.577201,46.752672]]},"properties":{"name":"Strada Observatorului","lines":"35, 45, 46L","arr":["35","45","46L"],"roundabout":0,"mode":"bus","color":"#0059a9"}},{"type":"Feature","geometry":{"type":"LineString","coordinates":[[23.577303,46.752503],[23.577386,46.75256],[23.577478,46.752605],[23.577523,46.752625]]},"properties":{"name":"Strada Observatorului","lines":"35, 43, 43B, 43P, 45, 46, 46L","arr":["35","43","43B","43P","45","46","46L"],"roundabout":0,"mode":"bus","color":"#0059a9"}},{"type":"Feature","geometry":{"type":"LineString","coordinates":[[23.61549,46.788588],[23.615528,46.788571],[23.615585,46.788557],[23.615665,46.788544],[23.615798,46.788533],[23.616813,46.788463],[23.617417,46.788421],[23.619228,46.788295],[23.61944,46.78828],[23.619715,46.788265],[23.620085,46.788236],[23.620319,46.788219],[23.62112,46.788161],[23.62226,46.788093],[23.622424,46.788082],[23.62259,46.788071],[23.622788,46.788058],[23.623029,46.788041],[23.62323,46.788027],[23.624253,46.787955],[23.624752,46.787923],[23.625213,46.78789],[23.625645,46.787858],[23.626142,46.787828],[23.626385,46.787843],[23.626814,46.78782],[23.627285,46.787792]]},"properties":{"name":"Strada Câmpina","lines":"36B, 36L, 52, 52L","arr":["36B","36L","52","52L"],"roundabout":0,"mode":"bus","color":"#0059a9"}},{"type":"Feature","geometry":{"type":"LineString","coordinates":[[23.627447,46.787805],[23.627538,46.787799],[23.627742,46.787784],[23.627898,46.787773],[23.628134,46.787757],[23.628191,46.787752],[23.628349,46.787707],[23.628498,46.787693],[23.628552,46.787689],[23.628623,46.787683],[23.628823,46.787668],[23.629389,46.787626],[23.62998,46.787584],[23.630192,46.78757],[23.630558,46.787544],[23.631277,46.787494],[23.631434,46.787483],[23.632972,46.787376],[23.633548,46.787336],[23.633991,46.787305],[23.634025,46.787303],[23.63719,46.787079],[23.637331,46.787068],[23.63771,46.787037],[23.638352,46.786993],[23.639164,46.786929],[23.639287,46.786918],[23.640228,46.786853],[23.640915,46.786811],[23.641629,46.786764],[23.642506,46.7867]]},"properties":{"name":"Strada Plevnei","lines":"36B, 36L, 52, 52L","arr":["36B","36L","52","52L"],"roundabout":0,"mode":"bus","color":"#0059a9"}},{"type":"Feature","geometry":{"type":"LineString","coordinates":[[23.642506,46.7867],[23.64267,46.786688],[23.644055,46.786582],[23.644118,46.786579],[23.644883,46.786532],[23.645412,46.7865],[23.645726,46.786481],[23.645797,46.78647],[23.645862,46.786444]]},"properties":{"name":"Strada Plevnei","lines":"36B, 36L, 52L","arr":["36B","36L","52L"],"roundabout":0,"mode":"bus","color":"#0059a9"}},{"type":"Feature","geometry":{"type":"LineString","coordinates":[[23.645681,46.788436],[23.645684,46.788182],[23.645699,46.787777],[23.645773,46.78706],[23.645842,46.786577],[23.645862,46.786444]]},"properties":{"name":"Strada Branului","lines":"36B, 36L, 52L","arr":["36B","36L","52L"],"roundabout":0,"mode":"bus","color":"#0059a9"}},{"type":"Feature","geometry":{"type":"LineString","coordinates":[[23.647243,46.789185],[23.647104,46.789147],[23.64683,46.78905],[23.646621,46.788965],[23.64647,46.788897],[23.646376,46.788854],[23.64606,46.788708],[23.645788,46.788588],[23.645736,46.788566],[23.645702,46.788546],[23.645684,46.788515],[23.645681,46.788436]]},"properties":{"name":"Strada Vidrei","lines":"36B, 36L, 52L","arr":["36B","36L","52L"],"roundabout":0,"mode":"bus","color":"#0059a9"}},{"type":"Feature","geometry":{"type":"LineString","coordinates":[[23.647527,46.79076],[23.647499,46.79073],[23.647488,46.790693],[23.647517,46.790498],[23.64756,46.790314],[23.647596,46.790083],[23.647592,46.789994],[23.647511,46.789756],[23.647366,46.789345],[23.647331,46.789257],[23.64731,46.789226],[23.647243,46.789185],[23.647335,46.789123],[23.647425,46.789036],[23.647597,46.788857],[23.647747,46.788668],[23.647888,46.788467],[23.648011,46.788249],[23.648058,46.788144],[23.648083,46.788071],[23.648087,46.787988],[23.648072,46.787898],[23.648022,46.787784],[23.647947,46.787662],[23.647871,46.787531],[23.647821,46.787413],[23.647798,46.787306],[23.647802,46.787183],[23.647822,46.787061],[23.64787,46.786858],[23.647884,46.786771],[23.647926,46.786684],[23.647996,46.786587],[23.648136,46.786485],[23.648277,46.786419],[23.648486,46.786405],[23.648931,46.786354],[23.649267,46.786338],[23.649534,46.786348],[23.649637,46.786351],[23.649701,46.786358],[23.650077,46.786397],[23.650112,46.786402],[23.6504,46.786445],[23.650575,46.786473],[23.650727,46.786503],[23.650917,46.786558],[23.650982,46.786583]]},"properties":{"name":"Strada Morii","lines":"36B, 36L, 52L","arr":["36B","36L","52L"],"roundabout":0,"mode":"bus","color":"#0059a9"}},{"type":"Feature","geometry":{"type":"LineString","coordinates":[[23.647527,46.79076],[23.647591,46.79078],[23.64766,46.790792],[23.648444,46.79084],[23.649273,46.79089],[23.649552,46.790907],[23.64984,46.790933],[23.654809,46.791362],[23.656151,46.791477],[23.656301,46.791487],[23.656372,46.79144],[23.656433,46.791399]]},"properties":{"name":"Strada Bărc I","lines":"36B, 36L, 52L","arr":["36B","36L","52L"],"roundabout":0,"mode":"bus","color":"#0059a9"}},{"type":"Feature","geometry":{"type":"LineString","coordinates":[[23.656433,46.791211],[23.65629,46.791051],[23.655727,46.790421],[23.655657,46.790324],[23.655582,46.790199],[23.655289,46.789748],[23.654939,46.789198],[23.654559,46.788792],[23.654449,46.788674],[23.654239,46.788491],[23.653917,46.788298],[23.653756,46.788213],[23.653577,46.788119],[23.653332,46.788003],[23.653032,46.787899],[23.652709,46.787799],[23.652417,46.787717],[23.651973,46.787604],[23.651739,46.787553],[23.65158,46.787527],[23.651514,46.787523],[23.6512,46.787528],[23.651068,46.787523],[23.650968,46.787504],[23.650815,46.787439],[23.650714,46.787388],[23.650668,46.787355]]},"properties":{"name":"Strada Ion Ionescu de la Brad","lines":"36B, 36L, 52L","arr":["36B","36L","52L"],"roundabout":0,"mode":"bus","color":"#0059a9"}},{"type":"Feature","geometry":{"type":"LineString","coordinates":[[23.650982,46.786583],[23.650923,46.786651],[23.650779,46.786851],[23.650721,46.786938],[23.650682,46.787006],[23.650661,46.787066],[23.650647,46.78712],[23.650641,46.787201],[23.650636,46.787272],[23.650647,46.787319],[23.650668,46.787355]]},"properties":{"name":"Strada Octav Băncilă","lines":"36B, 36L, 52L","arr":["36B","36L","52L"],"roundabout":0,"mode":"bus","color":"#0059a9"}},{"type":"Feature","geometry":{"type":"LineString","coordinates":[[23.626142,46.787828],[23.626256,46.787797],[23.626387,46.787778],[23.626835,46.787752],[23.627046,46.787738],[23.6272,46.78773],[23.627288,46.787726]]},"properties":{"name":"Strada Câmpina","lines":"36L, 52, 52L","arr":["36L","52","52L"],"roundabout":0,"mode":"bus","color":"#0059a9"}},{"type":"Feature","geometry":{"type":"LineString","coordinates":[[23.627438,46.787708],[23.627798,46.787692],[23.628198,46.787672],[23.628349,46.787707]]},"properties":{"name":"Strada Plevnei","lines":"36L, 52, 52L","arr":["36L","52","52L"],"roundabout":0,"mode":"bus","color":"#0059a9"}},{"type":"Feature","geometry":{"type":"LineString","coordinates":[[23.656703,46.791377],[23.656809,46.791457],[23.656912,46.791534],[23.657075,46.791657],[23.657821,46.792087],[23.657872,46.792116],[23.658283,46.792379],[23.658413,46.792468],[23.658515,46.792539],[23.658744,46.792697],[23.658846,46.792803],[23.658903,46.792861],[23.658933,46.792943],[23.65895,46.793042],[23.659047,46.79381],[23.659072,46.794611],[23.65909,46.794962],[23.659096,46.795815],[23.659097,46.796958],[23.659096,46.797052]]},"properties":{"name":"Strada Dumitru Georgescu-Kiriac","lines":"36L, 52L, 57L","arr":["36L","52L","57L"],"roundabout":0,"mode":"bus","color":"#0059a9"}},{"type":"Feature","geometry":{"type":"LineString","coordinates":[[23.664765,46.797189],[23.664814,46.797328]]},"properties":{"name":"Strada Emerson","lines":"36L, 48L, 52L","arr":["36L","48L","52L"],"roundabout":0,"mode":"bus","color":"#0059a9"}},{"type":"Feature","geometry":{"type":"LineString","coordinates":[[23.587308,46.774749],[23.587298,46.774748],[23.587226,46.774742],[23.587153,46.774742],[23.5869,46.774743],[23.586841,46.774743],[23.586762,46.774743],[23.586443,46.774738],[23.58636,46.774745],[23.586296,46.774757],[23.586233,46.774775]]},"properties":{"name":"Strada Emil Racoviță","lines":"37, 38, 44","arr":["37","38","44"],"roundabout":0,"mode":"bus","color":"#0059a9"}},{"type":"Feature","geometry":{"type":"LineString","coordinates":[[23.586233,46.774775],[23.586193,46.774793],[23.586144,46.774821],[23.586098,46.774853],[23.58603,46.774922],[23.585977,46.774982],[23.585841,46.775152],[23.584619,46.77661],[23.584283,46.777012],[23.583801,46.777797],[23.583575,46.778195],[23.583346,46.778587],[23.583276,46.778675],[23.5832,46.778764],[23.582869,46.779072],[23.582428,46.779482],[23.582306,46.779605],[23.582269,46.779683]]},"properties":{"name":"Strada Emil Racoviță","lines":"37, 38","arr":["37","38"],"roundabout":0,"mode":"bus","color":"#0059a9"}},{"type":"Feature","geometry":{"type":"LineString","coordinates":[[23.582213,46.77982],[23.582186,46.77984],[23.582154,46.779857],[23.582102,46.779875],[23.582023,46.779894],[23.581978,46.779902],[23.581937,46.779908]]},"properties":{"name":"Strada Romulus Vuia","lines":"37","arr":["37"],"roundabout":0,"mode":"bus","color":"#0059a9"}},{"type":"Feature","geometry":{"type":"LineString","coordinates":[[23.561766,46.780594],[23.561931,46.780607],[23.561969,46.780609],[23.562039,46.780604],[23.562201,46.780582],[23.56229,46.780558],[23.562429,46.780513],[23.56256,46.780469],[23.56268,46.780436],[23.562769,46.780415],[23.562924,46.780385],[23.563081,46.780361],[23.563234,46.780346],[23.564019,46.78029],[23.566009,46.78014],[23.566098,46.780131],[23.566158,46.780127],[23.566346,46.780112],[23.566546,46.780096],[23.566708,46.780087],[23.567161,46.780091],[23.567342,46.780093],[23.568415,46.780118],[23.569019,46.780119],[23.569483,46.780134],[23.571242,46.780235],[23.571388,46.780249],[23.57262,46.780265],[23.572868,46.78027],[23.574803,46.780312],[23.57586,46.780346],[23.576224,46.78035],[23.576396,46.78035],[23.576567,46.78035],[23.576845,46.780339],[23.577767,46.780316],[23.578769,46.780269],[23.579687,46.780222],[23.579866,46.780208],[23.580108,46.780192],[23.580332,46.780167],[23.581566,46.779979],[23.581751,46.779945],[23.581859,46.779926],[23.581893,46.779919],[23.581937,46.779908],[23.581994,46.779878],[23.582048,46.77985],[23.582093,46.779818],[23.58211,46.7798],[23.582122,46.779774]]},"properties":{"name":"Strada Romulus Vuia","lines":"37","arr":["37"],"roundabout":0,"mode":"bus","color":"#0059a9"}},{"type":"Feature","geometry":{"type":"LineString","coordinates":[[23.561766,46.780594],[23.56173,46.780553],[23.561601,46.780458],[23.561482,46.780365],[23.561421,46.780322],[23.561374,46.780282],[23.561301,46.780185],[23.561275,46.780135],[23.56126,46.780084],[23.561255,46.780032],[23.561264,46.779978],[23.561287,46.779906],[23.561453,46.779658]]},"properties":{"name":"Strada Tăietura Turcului","lines":"37","arr":["37"],"roundabout":0,"mode":"bus","color":"#0059a9"}},{"type":"Feature","geometry":{"type":"LineString","coordinates":[[23.561453,46.779658],[23.561295,46.779646],[23.56116,46.779632],[23.560896,46.779604],[23.560694,46.779601],[23.560009,46.779533],[23.559772,46.779514],[23.559128,46.779453],[23.558949,46.779436],[23.558409,46.779384],[23.558346,46.779378],[23.558182,46.779361],[23.557848,46.779321],[23.55783,46.779321],[23.55777,46.779322],[23.557704,46.779336],[23.557628,46.779363]]},"properties":{"name":"Strada Rene Jeannel","lines":"37","arr":["37"],"roundabout":0,"mode":"bus","color":"#0059a9"}},{"type":"Feature","geometry":{"type":"LineString","coordinates":[[23.557432,46.780505],[23.557433,46.780459],[23.557433,46.780435],[23.557429,46.779708],[23.557439,46.779622],[23.557459,46.779562],[23.557482,46.779516],[23.557532,46.779445],[23.55758,46.779399],[23.557628,46.779363]]},"properties":{"name":"Strada Someș","lines":"37","arr":["37"],"roundabout":0,"mode":"bus","color":"#0059a9"}},{"type":"Feature","geometry":{"type":"LineString","coordinates":[[23.54775,46.780372],[23.54784,46.780412],[23.548349,46.78043],[23.549004,46.780439],[23.549397,46.780438],[23.550142,46.780436],[23.551187,46.780434],[23.55237,46.780449],[23.553009,46.780458],[23.553945,46.780474],[23.55473,46.780488],[23.554913,46.780492],[23.556107,46.780492],[23.556282,46.780494],[23.557236,46.780503],[23.557432,46.780505],[23.557621,46.780507],[23.557972,46.78051],[23.558154,46.780514],[23.55893,46.78053],[23.559197,46.780534],[23.559277,46.780533],[23.559914,46.780533],[23.560041,46.780532],[23.560183,46.780524],[23.560206,46.780519],[23.560355,46.780486],[23.560433,46.780456],[23.560507,46.780418],[23.560595,46.780362],[23.560778,46.780201],[23.560833,46.780159],[23.560887,46.780135],[23.560947,46.78012],[23.561109,46.780127],[23.561301,46.780185]]},"properties":{"name":"Strada Nikola Tesla","lines":"37","arr":["37"],"roundabout":0,"mode":"bus","color":"#0059a9"}},{"type":"Feature","geometry":{"type":"LineString","coordinates":[[23.582324,46.77973],[23.582402,46.779794]]},"properties":{"name":"Strada Mecanicilor","lines":"37, 38","arr":["37","38"],"roundabout":0,"mode":"bus","color":"#0059a9"}},{"type":"Feature","geometry":{"type":"LineString","coordinates":[[23.582402,46.779794],[23.582473,46.779807],[23.582548,46.779806],[23.582614,46.779793],[23.582709,46.77976],[23.583516,46.779477],[23.583658,46.779428],[23.583788,46.7794],[23.584082,46.779344],[23.584232,46.779313],[23.584347,46.779278],[23.584426,46.779244],[23.584511,46.779168],[23.584582,46.77906],[23.584594,46.778994],[23.584596,46.778501],[23.584604,46.778391],[23.584619,46.778327],[23.584648,46.77828],[23.584686,46.778238],[23.584738,46.778197],[23.584769,46.778177],[23.584826,46.778147],[23.585622,46.777797],[23.585885,46.777676],[23.58597,46.777643],[23.586041,46.777614],[23.58612,46.777587],[23.586205,46.777561],[23.586312,46.777542],[23.586457,46.777526],[23.586654,46.777508],[23.586961,46.777474],[23.586988,46.777471],[23.587066,46.777468]]},"properties":{"name":"Strada Crișan","lines":"37, 38","arr":["37","38"],"roundabout":0,"mode":"bus","color":"#0059a9"}},{"type":"Feature","geometry":{"type":"LineString","coordinates":[[23.582115,46.779754],[23.582089,46.779706],[23.582044,46.779662],[23.581962,46.779591],[23.582065,46.779609],[23.582152,46.779639],[23.58224,46.779677]]},"properties":{"name":"Strada Cetății","lines":"38","arr":["38"],"roundabout":0,"mode":"bus","color":"#0059a9"}},{"type":"Feature","geometry":{"type":"LineString","coordinates":[[23.581962,46.779591],[23.581861,46.779588],[23.581792,46.779588],[23.581713,46.779589],[23.581426,46.779593],[23.581245,46.779593],[23.581004,46.779562],[23.580781,46.779521],[23.580419,46.779437],[23.580171,46.779373],[23.579966,46.779305],[23.579747,46.779217],[23.579209,46.778961],[23.578949,46.778839],[23.57876,46.778733],[23.578592,46.778624],[23.578368,46.778464],[23.578242,46.778368],[23.577883,46.778106],[23.577774,46.778037],[23.577637,46.777969],[23.577498,46.777903],[23.577214,46.777779],[23.576975,46.777669],[23.576859,46.777611],[23.576786,46.777583],[23.576655,46.777529],[23.576534,46.777474],[23.576232,46.777345],[23.575921,46.777201],[23.575645,46.777079],[23.575563,46.777042],[23.575408,46.776958],[23.575165,46.77683],[23.574995,46.776724],[23.574753,46.776564],[23.574573,46.776447],[23.574325,46.776284],[23.574264,46.776243],[23.574241,46.776229],[23.574101,46.776144],[23.573933,46.776042],[23.573787,46.775974]]},"properties":{"name":"Strada Gruia","lines":"38","arr":["38"],"roundabout":0,"mode":"bus","color":"#0059a9"}},{"type":"Feature","geometry":{"type":"LineString","coordinates":[[23.572836,46.777536],[23.574093,46.777514],[23.575334,46.777505],[23.575947,46.777502],[23.576145,46.777513],[23.576274,46.777531],[23.57639,46.777554],[23.576585,46.777597],[23.576684,46.7776],[23.576786,46.777583]]},"properties":{"name":"Strada Trâmbițașului","lines":"38","arr":["38"],"roundabout":0,"mode":"bus","color":"#0059a9"}},{"type":"Feature","geometry":{"type":"LineString","coordinates":[[23.573787,46.775974],[23.573773,46.776005],[23.573745,46.776123],[23.573722,46.776219],[23.573676,46.776373],[23.573613,46.77651],[23.57353,46.776631],[23.573441,46.77672]]},"properties":{"name":"Strada Vânătorului","lines":"38","arr":["38"],"roundabout":0,"mode":"bus","color":"#0059a9"}},{"type":"Feature","geometry":{"type":"LineString","coordinates":[[23.579131,46.78868],[23.579289,46.788553],[23.579383,46.788483],[23.580007,46.788013],[23.580148,46.787887]]},"properties":{"name":"Strada Giordano Bruno","lines":"39, 39L, 56, M35","arr":["39","39L","56","M35"],"roundabout":0,"mode":"bus","color":"#0059a9"}},{"type":"Feature","geometry":{"type":"LineString","coordinates":[[23.579131,46.78868],[23.579302,46.78873],[23.579423,46.788765],[23.580799,46.78917],[23.581408,46.789343],[23.581636,46.789413],[23.582332,46.789628],[23.582573,46.7897],[23.582834,46.789779],[23.583467,46.789973],[23.583573,46.790006],[23.583596,46.789986],[23.583627,46.789971],[23.583664,46.789965],[23.583701,46.789967],[23.583706,46.789968],[23.583735,46.789977],[23.583763,46.789994],[23.58378,46.790016],[23.583787,46.790041],[23.583781,46.790066],[23.583878,46.790094],[23.58414,46.790168],[23.584912,46.790387],[23.58641,46.79085],[23.586602,46.790906],[23.586816,46.790957],[23.58703,46.790989],[23.588355,46.791104],[23.588556,46.791133],[23.589077,46.791243],[23.59056,46.791627],[23.590655,46.79165],[23.59078,46.791674],[23.590868,46.791693],[23.591085,46.79174],[23.591129,46.791749],[23.591287,46.79178],[23.591414,46.791801],[23.591908,46.791884],[23.593955,46.792235],[23.594258,46.792296],[23.594544,46.792377],[23.594616,46.7924],[23.594754,46.792445],[23.594852,46.792478],[23.595048,46.792542],[23.595772,46.792779],[23.595991,46.792851],[23.596025,46.792862],[23.596175,46.792911],[23.596531,46.793029],[23.59751,46.79334],[23.598802,46.793743],[23.598954,46.793801],[23.599069,46.793853],[23.599215,46.79392],[23.599561,46.794091],[23.600209,46.794437]]},"properties":{"name":"Strada Maramureșului","lines":"39, 39L","arr":["39","39L"],"roundabout":0,"mode":"bus","color":"#0059a9"}},{"type":"Feature","geometry":{"type":"LineString","coordinates":[[23.600209,46.794437],[23.600284,46.79451],[23.600509,46.794611],[23.600566,46.794611],[23.60062,46.794607],[23.600645,46.794604],[23.600669,46.794598],[23.600716,46.794574],[23.600726,46.794567]]},"properties":{"name":"","lines":"39, 39L","arr":["39","39L"],"roundabout":0,"mode":"bus","color":"#0059a9"}},{"type":"Feature","geometry":{"type":"LineString","coordinates":[[23.607601,46.799132],[23.607542,46.799066],[23.60749,46.799022],[23.607469,46.799001]]},"properties":{"name":"Strada Oașului","lines":"39, 39L, M38, M39, M39L","arr":["39","39L","M38","M39","M39L"],"roundabout":0,"mode":"bus","color":"#0059a9"}},{"type":"Feature","geometry":{"type":"LineString","coordinates":[[23.607729,46.799207],[23.607728,46.799412],[23.607727,46.799589]]},"properties":{"name":"Strada Oașului","lines":"39, 39L, M37, M38, M39, M39L","arr":["39","39L","M37","M38","M39","M39L"],"roundabout":0,"mode":"bus","color":"#0059a9"}},{"type":"Feature","geometry":{"type":"LineString","coordinates":[[23.607727,46.799589],[23.60772,46.799709],[23.607701,46.799873],[23.607496,46.801471],[23.607429,46.80212],[23.607443,46.802498],[23.607502,46.803048],[23.60755,46.803656],[23.60754,46.803778],[23.6075,46.803987],[23.607406,46.804208],[23.607244,46.804564],[23.606922,46.805199],[23.606802,46.805366],[23.606684,46.805481],[23.606482,46.805719],[23.606394,46.805881],[23.606309,46.806116],[23.606225,46.806507],[23.606192,46.806811],[23.60617,46.806972],[23.606138,46.807275],[23.606122,46.807494],[23.606101,46.807854],[23.606092,46.808005],[23.606075,46.808359],[23.606059,46.808478],[23.606028,46.808636],[23.605887,46.80903],[23.605846,46.809134],[23.605758,46.809363],[23.605696,46.809504],[23.605596,46.809679],[23.605517,46.809785],[23.604759,46.810809],[23.604635,46.810986],[23.604308,46.811509],[23.603943,46.81209],[23.603863,46.812216],[23.603646,46.812491],[23.603443,46.812751],[23.602881,46.813591],[23.602801,46.813728],[23.602705,46.813887],[23.602628,46.814017],[23.602398,46.814455],[23.601931,46.815371],[23.601829,46.815569],[23.601744,46.81574],[23.601496,46.816215],[23.601324,46.816524],[23.601149,46.816836],[23.601056,46.817021],[23.600944,46.817173],[23.600711,46.817371],[23.599973,46.817854],[23.599782,46.818013],[23.599477,46.818305],[23.599387,46.818412],[23.599327,46.818483],[23.598975,46.818902],[23.598529,46.819342],[23.598297,46.819572],[23.598162,46.819664],[23.597982,46.819772],[23.597665,46.819937],[23.59716,46.820146],[23.595902,46.820635],[23.595114,46.820929],[23.59485,46.821041]]},"properties":{"name":"Strada Oașului","lines":"39, 39 CREIC, 39L, M37, M38, M39, M39L","arr":["39","39 CREIC","39L","M37","M38","M39","M39L"],"roundabout":0,"mode":"bus","color":"#0059a9"}},{"type":"Feature","geometry":{"type":"LineString","coordinates":[[23.59485,46.821041],[23.59447,46.821194],[23.594118,46.82135],[23.593659,46.821679],[23.593169,46.822107],[23.592884,46.822415],[23.592803,46.822572],[23.59275,46.822676],[23.592727,46.82272],[23.592675,46.822822],[23.592615,46.822878],[23.592523,46.822939],[23.592431,46.822979],[23.592339,46.822997],[23.592212,46.823008],[23.592079,46.823],[23.591877,46.822979]]},"properties":{"name":"Strada Oașului","lines":"39, 39 CREIC, 39L, M38, M39, M39L","arr":["39","39 CREIC","39L","M38","M39","M39L"],"roundabout":0,"mode":"bus","color":"#0059a9"}},{"type":"Feature","geometry":{"type":"LineString","coordinates":[[23.591877,46.822979],[23.591849,46.822975]]},"properties":{"name":"DJ109A","lines":"39, 39 CREIC, 39L, M38, M39, M39L","arr":["39","39 CREIC","39L","M38","M39","M39L"],"roundabout":0,"mode":"bus","color":"#0059a9"}},{"type":"Feature","geometry":{"type":"LineString","coordinates":[[23.591849,46.822975],[23.591785,46.822976],[23.591691,46.822985]]},"properties":{"name":"Strada Oașului","lines":"39, 39 CREIC, 39L, M39, M39L","arr":["39","39 CREIC","39L","M39","M39L"],"roundabout":0,"mode":"bus","color":"#0059a9"}},{"type":"Feature","geometry":{"type":"LineString","coordinates":[[23.582663,46.820165],[23.582822,46.820229],[23.583259,46.820414],[23.583601,46.820524],[23.584035,46.820603],[23.584687,46.820613],[23.585198,46.820555],[23.585666,46.820422],[23.586482,46.820003],[23.587288,46.819511],[23.588057,46.819046],[23.588373,46.818868],[23.588708,46.818725],[23.589123,46.818667],[23.58936,46.818656],[23.589577,46.818668],[23.589917,46.818741],[23.590173,46.818857],[23.590319,46.818946],[23.590478,46.819074],[23.590691,46.819392],[23.590758,46.819673],[23.590757,46.819956],[23.590531,46.820791],[23.590421,46.821272],[23.590351,46.821593],[23.590356,46.821819],[23.590444,46.82202],[23.590635,46.822228],[23.590861,46.822411],[23.59126,46.822681],[23.591462,46.822794],[23.591592,46.822849]]},"properties":{"name":"Strada Tiberiu Popoviciu","lines":"39, 39 CREIC, 39L","arr":["39","39 CREIC","39L"],"roundabout":0,"mode":"bus","color":"#0059a9"}},{"type":"Feature","geometry":{"type":"LineString","coordinates":[[23.591477,46.822931],[23.59138,46.822881],[23.591216,46.822784],[23.590644,46.822402],[23.590428,46.822224],[23.59029,46.822073],[23.590224,46.82195],[23.590186,46.821809],[23.590214,46.821572],[23.590273,46.821245],[23.590563,46.819975],[23.590586,46.819667],[23.590519,46.819433],[23.59042,46.819289],[23.59029,46.81914],[23.590053,46.818973],[23.589892,46.818895],[23.58971,46.818836],[23.589556,46.818806],[23.589376,46.818793],[23.589156,46.81879],[23.588767,46.818835],[23.588433,46.818958],[23.588138,46.819115],[23.586595,46.820076],[23.585731,46.820501],[23.585217,46.820634],[23.584692,46.820712],[23.584031,46.820705],[23.583598,46.820629],[23.583162,46.820491],[23.582741,46.820332],[23.582592,46.820279]]},"properties":{"name":"Strada Tiberiu Popoviciu","lines":"39, 39 CREIC, 39L","arr":["39","39 CREIC","39L"],"roundabout":0,"mode":"bus","color":"#0059a9"}},{"type":"Feature","geometry":{"type":"LineString","coordinates":[[23.582431,46.820221],[23.582384,46.820211]]},"properties":{"name":"Strada Tiberiu Popoviciu","lines":"39","arr":["39"],"roundabout":0,"mode":"bus","color":"#0059a9"}},{"type":"Feature","geometry":{"type":"LineString","coordinates":[[23.582286,46.820193],[23.581649,46.82006]]},"properties":{"name":"Strada Tiberiu Popoviciu","lines":"39","arr":["39"],"roundabout":0,"mode":"bus","color":"#0059a9"}},{"type":"Feature","geometry":{"type":"LineString","coordinates":[[23.591479,46.822948],[23.591407,46.823013],[23.59131,46.823083],[23.591197,46.823141],[23.591157,46.823161],[23.591152,46.823164],[23.590577,46.823495],[23.590478,46.823552],[23.590341,46.823607],[23.589897,46.823787],[23.589893,46.823788],[23.589628,46.82387],[23.589279,46.823977],[23.588907,46.824092],[23.588743,46.824142],[23.588446,46.824223],[23.588046,46.824295],[23.587506,46.824393],[23.587484,46.824397],[23.587391,46.824437],[23.58736,46.82445],[23.587265,46.824507],[23.58725,46.824516],[23.587164,46.824592],[23.587101,46.824669],[23.586939,46.824868],[23.586769,46.825075],[23.586717,46.825139],[23.586657,46.825197],[23.586512,46.825338],[23.586462,46.825387],[23.58639,46.825445],[23.586298,46.825521],[23.58616,46.825635],[23.586019,46.82575],[23.585959,46.825799],[23.585795,46.825934],[23.585634,46.826066],[23.585374,46.826279],[23.58509,46.826512],[23.584866,46.82669],[23.584757,46.826777],[23.584598,46.826862],[23.584554,46.826886],[23.584473,46.82692],[23.58438,46.82696],[23.584289,46.826999],[23.584231,46.827036],[23.58422,46.827043],[23.584162,46.827089],[23.584148,46.8271],[23.584128,46.827123],[23.584073,46.827185],[23.583994,46.827273],[23.583992,46.827276],[23.583751,46.827557],[23.583655,46.827669],[23.583595,46.827739],[23.583532,46.827798],[23.583405,46.82792],[23.583382,46.827942]]},"properties":{"name":"Strada Valea Chintăului","lines":"39, 39L, M38, M39, M39L","arr":["39","39L","M38","M39","M39L"],"roundabout":0,"mode":"bus","color":"#0059a9"}},{"type":"Feature","geometry":{"type":"LineString","coordinates":[[23.583382,46.827942],[23.583373,46.827947],[23.583336,46.82797],[23.583235,46.82803],[23.583179,46.828064],[23.583082,46.828118],[23.583042,46.828141],[23.582963,46.828185],[23.582864,46.828241]]},"properties":{"name":"Strada Valea Chintăului","lines":"39L, M38, M39, M39L","arr":["39L","M38","M39","M39L"],"roundabout":0,"mode":"bus","color":"#0059a9"}},{"type":"Feature","geometry":{"type":"LineString","coordinates":[[23.580525,46.830162],[23.580343,46.830332],[23.579944,46.830704],[23.579623,46.831004],[23.579547,46.831075],[23.579192,46.831406],[23.579092,46.8315],[23.579038,46.83155],[23.579012,46.831571],[23.578837,46.831717],[23.578699,46.83183],[23.578647,46.831873],[23.578591,46.83192],[23.578474,46.832016],[23.578457,46.83203],[23.578428,46.832049],[23.578219,46.832177],[23.578137,46.832227],[23.577959,46.832319],[23.577487,46.832564],[23.577086,46.832772],[23.576714,46.832965],[23.576409,46.833114],[23.576404,46.833116],[23.576305,46.833155],[23.576081,46.833245],[23.576,46.833277],[23.575617,46.833415],[23.575139,46.833586],[23.574459,46.83383],[23.573935,46.834018],[23.573795,46.834084],[23.573599,46.834177],[23.5735,46.834224],[23.573425,46.834263],[23.57324,46.834359],[23.573086,46.834439],[23.572875,46.834549],[23.572832,46.834572],[23.572769,46.834612],[23.572631,46.834699],[23.572553,46.834748],[23.57251,46.834783],[23.572332,46.834923],[23.57218,46.835062],[23.571926,46.835294],[23.571814,46.835396],[23.57156,46.835613],[23.571342,46.835799],[23.571261,46.835868],[23.571207,46.835908],[23.571077,46.836004],[23.57105,46.836024],[23.571005,46.836052],[23.570879,46.836133],[23.570805,46.836179],[23.570722,46.836228],[23.570475,46.836372],[23.570251,46.836502],[23.570103,46.836599],[23.570087,46.83661],[23.570004,46.836683],[23.569953,46.836729],[23.569902,46.836774],[23.569713,46.836943],[23.569645,46.837004],[23.569621,46.837024],[23.569562,46.837067],[23.569484,46.837124],[23.569442,46.837154],[23.569346,46.837223],[23.569308,46.837243],[23.569123,46.83734],[23.568905,46.837431],[23.568901,46.837433],[23.568668,46.837518],[23.568409,46.837612],[23.568209,46.837685],[23.568181,46.837695],[23.567999,46.837762],[23.567868,46.83781],[23.567757,46.837851],[23.567688,46.837888],[23.567504,46.837987],[23.567439,46.838023],[23.567093,46.838252],[23.566719,46.838499],[23.566627,46.83856],[23.566625,46.838562],[23.566524,46.838613],[23.566318,46.838719],[23.566169,46.838796],[23.566,46.838883],[23.565837,46.838967],[23.565793,46.83899],[23.565677,46.839057],[23.565627,46.839085],[23.565533,46.839149],[23.565491,46.839177],[23.565462,46.839203],[23.565384,46.839273],[23.565366,46.839289],[23.565304,46.839355],[23.565263,46.839399],[23.565248,46.839414],[23.56517,46.839491],[23.564941,46.839717],[23.56479,46.839866],[23.564667,46.839987],[23.564656,46.839995],[23.564526,46.840091],[23.564495,46.840113],[23.564358,46.840209],[23.564293,46.840255],[23.564254,46.840276],[23.564153,46.840332],[23.564008,46.840411],[23.563916,46.840461],[23.56385,46.840495],[23.563636,46.840607],[23.563587,46.840632],[23.563428,46.840715],[23.563143,46.840863],[23.563134,46.840868],[23.563059,46.840902],[23.562769,46.841035],[23.5623,46.841251],[23.561923,46.841424],[23.561559,46.841592],[23.561549,46.841597],[23.561413,46.84167],[23.561045,46.841865],[23.560969,46.841911],[23.560716,46.842062],[23.560269,46.842329],[23.559943,46.842523],[23.559703,46.842667],[23.559672,46.842685],[23.559563,46.84274],[23.559266,46.842889],[23.558683,46.843183],[23.558484,46.843283],[23.558292,46.84338],[23.558124,46.843474],[23.557985,46.843552],[23.557918,46.843594]]},"properties":{"name":"Strada Valea Chintăului","lines":"39L, M38, M39, M39L","arr":["39L","M38","M39","M39L"],"roundabout":0,"mode":"bus","color":"#0059a9"}},{"type":"Feature","geometry":{"type":"LineString","coordinates":[[23.591705,46.822893],[23.591768,46.822929],[23.591849,46.822975]]},"properties":{"name":"Strada Oașului","lines":"39, 39 CREIC, 39L, M38, M39L","arr":["39","39 CREIC","39L","M38","M39L"],"roundabout":0,"mode":"bus","color":"#0059a9"}},{"type":"Feature","geometry":{"type":"LineString","coordinates":[[23.582448,46.820247],[23.582304,46.820264],[23.582073,46.82027],[23.581905,46.820254],[23.581738,46.820222],[23.581533,46.820182],[23.581293,46.820184],[23.580854,46.820206],[23.580537,46.820262],[23.580224,46.82034],[23.579887,46.820451],[23.579573,46.820594],[23.579362,46.820706],[23.579424,46.820763],[23.579488,46.820821]]},"properties":{"name":"","lines":"39 CREIC, 39L","arr":["39 CREIC","39L"],"roundabout":0,"mode":"bus","color":"#0059a9"}},{"type":"Feature","geometry":{"type":"LineString","coordinates":[[23.579488,46.820821],[23.579644,46.82097]]},"properties":{"name":"","lines":"39L","arr":["39L"],"roundabout":0,"mode":"bus","color":"#0059a9"}},{"type":"Feature","geometry":{"type":"LineString","coordinates":[[23.59155,46.823008],[23.591428,46.823039],[23.59131,46.823083]]},"properties":{"name":"Strada Valea Chintăului","lines":"39L, M39, M39L","arr":["39L","M39","M39L"],"roundabout":0,"mode":"bus","color":"#0059a9"}},{"type":"Feature","geometry":{"type":"LineString","coordinates":[[23.582864,46.828241],[23.582721,46.82832],[23.582536,46.828422],[23.582369,46.828514],[23.582291,46.828558],[23.582151,46.828635],[23.582102,46.828677],[23.582061,46.828712],[23.581969,46.828792],[23.581963,46.828797],[23.581888,46.828877],[23.581748,46.829026],[23.581601,46.829182],[23.581595,46.829187],[23.581482,46.829284],[23.58125,46.829483],[23.581153,46.829565],[23.5811,46.829616],[23.580931,46.829776],[23.580823,46.829878],[23.580733,46.829964],[23.58062,46.830071],[23.580525,46.830162]]},"properties":{"name":"DJ109A","lines":"39L, M38, M39, M39L","arr":["39L","M38","M39","M39L"],"roundabout":0,"mode":"bus","color":"#0059a9"}},{"type":"Feature","geometry":{"type":"LineString","coordinates":[[23.557918,46.843594],[23.557801,46.843666],[23.557724,46.843714],[23.557701,46.843729],[23.557657,46.843757],[23.557601,46.843791],[23.55754,46.843835],[23.557518,46.84385],[23.557516,46.843852],[23.557471,46.843892],[23.557446,46.843915],[23.557411,46.843946],[23.55734,46.84401],[23.55726,46.844119],[23.557238,46.844188],[23.557226,46.844346],[23.557248,46.844513],[23.557331,46.844755],[23.557446,46.844952],[23.557576,46.845146],[23.557765,46.845354]]},"properties":{"name":"Strada Valea Chintăului","lines":"M38","arr":["M38"],"roundabout":0,"mode":"bus","color":"#0059a9"}},{"type":"Feature","geometry":{"type":"LineString","coordinates":[[23.557918,46.843594],[23.557801,46.843666],[23.557724,46.843714],[23.557701,46.843729],[23.557657,46.843757],[23.557601,46.843791],[23.55754,46.843835],[23.557518,46.84385],[23.557516,46.843852],[23.557471,46.843892],[23.557446,46.843915],[23.557411,46.843946],[23.55734,46.84401],[23.55726,46.844119],[23.557238,46.844188],[23.557226,46.844346],[23.557248,46.844513],[23.557331,46.844755],[23.557446,46.844952],[23.557576,46.845146],[23.557765,46.845354]]},"properties":{"name":"Strada Valea Chintăului","lines":"M39","arr":["M39"],"roundabout":0,"mode":"bus","color":"#0059a9"}},{"type":"Feature","geometry":{"type":"LineString","coordinates":[[23.557918,46.843594],[23.557801,46.843666],[23.557724,46.843714],[23.557701,46.843729],[23.557657,46.843757],[23.557601,46.843791],[23.55754,46.843835],[23.557518,46.84385],[23.557516,46.843852],[23.557471,46.843892],[23.557446,46.843915],[23.557411,46.843946],[23.55734,46.84401],[23.55726,46.844119],[23.557238,46.844188],[23.557226,46.844346],[23.557248,46.844513],[23.557331,46.844755],[23.557446,46.844952],[23.557576,46.845146],[23.557765,46.845354]]},"properties":{"name":"Strada Valea Chintăului","lines":"M39L","arr":["M39L"],"roundabout":0,"mode":"bus","color":"#0059a9"}},{"type":"Feature","geometry":{"type":"LineString","coordinates":[[23.596118,46.754962],[23.5961,46.754887],[23.596084,46.75482],[23.595997,46.75442],[23.595951,46.754225],[23.59586,46.753821],[23.595819,46.753631],[23.595772,46.753457],[23.595716,46.753302],[23.595687,46.753215],[23.595614,46.753055],[23.595498,46.752818],[23.595363,46.752542],[23.595308,46.752433],[23.595186,46.752182],[23.595089,46.751996],[23.594889,46.751608],[23.594856,46.751542],[23.594721,46.751268],[23.594692,46.751209],[23.594599,46.751042],[23.594529,46.750894],[23.594328,46.750509],[23.594296,46.750432],[23.59419,46.750199],[23.594157,46.750132],[23.594134,46.750087],[23.59398,46.749774],[23.593904,46.749616],[23.59382,46.749437],[23.593598,46.748965],[23.593476,46.748709],[23.593323,46.748414],[23.593284,46.748337],[23.593259,46.748289],[23.593155,46.748082],[23.593132,46.748038],[23.593042,46.747844],[23.592952,46.74762],[23.592932,46.74756],[23.59287,46.74736],[23.592822,46.747196],[23.592811,46.747158],[23.592786,46.747101]]},"properties":{"name":"Calea Turzii","lines":"40, 43B, 45, M11, M12, M16","arr":["40","43B","45","M11","M12","M16"],"roundabout":0,"mode":"bus","color":"#0059a9"}},{"type":"Feature","geometry":{"type":"LineString","coordinates":[[23.591084,46.738217],[23.590915,46.738043]]},"properties":{"name":"Strada Făgetului","lines":"40, M16, M17, M18, M71","arr":["40","M16","M17","M18","M71"],"roundabout":0,"mode":"bus","color":"#0059a9"}},{"type":"Feature","geometry":{"type":"LineString","coordinates":[[23.590915,46.738043],[23.590744,46.73796],[23.590711,46.737938],[23.590656,46.737895],[23.590608,46.737842],[23.590563,46.737781],[23.590476,46.737629],[23.59045,46.737588],[23.590339,46.737405],[23.590188,46.737173],[23.590071,46.737008],[23.590005,46.736951],[23.589946,46.736905],[23.589857,46.73687],[23.589733,46.736839],[23.589588,46.736817],[23.589483,46.736793],[23.589445,46.736778],[23.589374,46.736751],[23.589275,46.736695],[23.58921,46.736652],[23.58917,46.736608],[23.58907,46.736477],[23.58898,46.736355],[23.588877,46.736188],[23.588819,46.736066],[23.588706,46.735846],[23.588599,46.735644],[23.588481,46.735399],[23.588256,46.734935],[23.588172,46.734773],[23.588068,46.734563],[23.588014,46.734455],[23.587969,46.734374],[23.58795,46.734337],[23.587785,46.734011],[23.587449,46.733339],[23.587389,46.733193],[23.58736,46.733019],[23.587353,46.732925],[23.587346,46.732731],[23.587333,46.732516],[23.587321,46.732211],[23.587302,46.732086],[23.587277,46.731941],[23.5872,46.731619],[23.587142,46.731279],[23.587121,46.730673],[23.587077,46.730368],[23.586815,46.729732],[23.586671,46.729393],[23.586596,46.729115],[23.58657,46.728872],[23.586555,46.728657],[23.586545,46.728566],[23.586533,46.728399],[23.586511,46.728346],[23.586465,46.728272],[23.586399,46.728202],[23.586303,46.72814],[23.586187,46.728085],[23.586018,46.72802],[23.585835,46.727978],[23.585701,46.72795],[23.585457,46.727901],[23.585184,46.727829],[23.584569,46.727637],[23.584258,46.727547],[23.583533,46.727361],[23.582829,46.727222],[23.582582,46.727159],[23.582435,46.727115],[23.582292,46.727059],[23.582173,46.726985],[23.582082,46.726919],[23.582014,46.726848],[23.581948,46.726702],[23.581874,46.726433],[23.581807,46.726292],[23.581771,46.726216],[23.581677,46.72608],[23.581582,46.725963],[23.581454,46.725851],[23.58108,46.725642],[23.580699,46.725457],[23.580438,46.725331],[23.580344,46.725278],[23.580244,46.725216],[23.580166,46.725151],[23.580089,46.72508],[23.579977,46.724963],[23.57984,46.724792],[23.579548,46.724356],[23.579333,46.724],[23.579294,46.723935],[23.579093,46.723603],[23.578962,46.723368],[23.578518,46.722574],[23.578485,46.722522],[23.578415,46.722415],[23.578329,46.722309],[23.578251,46.722215],[23.578183,46.722139],[23.578111,46.722066],[23.578032,46.721992],[23.577593,46.721646],[23.576801,46.72108],[23.57657,46.720869],[23.576329,46.72059],[23.576221,46.720464],[23.576085,46.720326],[23.57593,46.720209],[23.5756,46.720042],[23.575144,46.719845],[23.574871,46.719708],[23.574695,46.719583],[23.574569,46.719435],[23.574469,46.719244],[23.574415,46.719019],[23.574405,46.718712],[23.574446,46.718491],[23.574588,46.718011],[23.574676,46.717714],[23.574744,46.717585],[23.574983,46.717164],[23.575052,46.717024]]},"properties":{"name":"Strada Făgetului","lines":"40, 46L, M16, M17, M18, M71","arr":["40","46L","M16","M17","M18","M71"],"roundabout":0,"mode":"bus","color":"#0059a9"}},{"type":"Feature","geometry":{"type":"LineString","coordinates":[[23.575052,46.717024],[23.57511,46.717028],[23.575143,46.717031]]},"properties":{"name":"Strada Liviu Rusu","lines":"40, 46L","arr":["40","46L"],"roundabout":0,"mode":"bus","color":"#0059a9"}},{"type":"Feature","geometry":{"type":"LineString","coordinates":[[23.575143,46.717031],[23.575609,46.717083]]},"properties":{"name":"Strada Liviu Rusu","lines":"40, 46L, M16","arr":["40","46L","M16"],"roundabout":0,"mode":"bus","color":"#0059a9"}},{"type":"Feature","geometry":{"type":"LineString","coordinates":[[23.593024,46.747128],[23.592988,46.747201],[23.592979,46.747277],[23.592987,46.747334],[23.592997,46.74739],[23.593047,46.747556],[23.59311,46.747724],[23.593152,46.747827],[23.593242,46.748032],[23.593394,46.748332],[23.593442,46.748426],[23.593602,46.748744],[23.593795,46.749161],[23.593812,46.749195],[23.593973,46.749531],[23.59399,46.749565],[23.594024,46.749636],[23.594047,46.749687],[23.594191,46.749979],[23.594215,46.750027],[23.59438,46.750356],[23.594575,46.750761],[23.594798,46.751208],[23.594901,46.751411],[23.594957,46.751522],[23.595057,46.75172],[23.595112,46.75183],[23.595288,46.752178],[23.595356,46.752308],[23.595452,46.752499],[23.595529,46.752661],[23.595699,46.753006],[23.595821,46.753276],[23.595877,46.753453],[23.595894,46.753504],[23.595935,46.753672],[23.59595,46.753738],[23.596027,46.754092],[23.596091,46.754357],[23.596143,46.75458],[23.596241,46.755006],[23.596257,46.75508]]},"properties":{"name":"Calea Turzii","lines":"40, 43B, 45, M11, M12, M16, M17, M18, M71","arr":["40","43B","45","M11","M12","M16","M17","M18","M71"],"roundabout":0,"mode":"bus","color":"#0059a9"}},{"type":"Feature","geometry":{"type":"LineString","coordinates":[[23.596257,46.75508],[23.596416,46.755493],[23.596473,46.755617],[23.59652,46.755689],[23.596585,46.755782],[23.596651,46.755866],[23.59673,46.755941],[23.59685,46.756065],[23.597037,46.756263]]},"properties":{"name":"DN1","lines":"40, M11, M12, M16, M17, M18, M71","arr":["40","M11","M12","M16","M17","M18","M71"],"roundabout":0,"mode":"bus","color":"#0059a9"}},{"type":"Feature","geometry":{"type":"LineString","coordinates":[[23.597734,46.757652],[23.597737,46.757711],[23.597733,46.757763],[23.597727,46.757825],[23.597727,46.757879],[23.597739,46.757937],[23.597777,46.758025],[23.597796,46.758054],[23.597808,46.758073],[23.597857,46.758118],[23.597923,46.758169],[23.598005,46.758222],[23.598174,46.758318],[23.598322,46.758402],[23.598412,46.758466],[23.598489,46.758535],[23.59855,46.758607],[23.598597,46.758708],[23.598617,46.758776],[23.598623,46.75884],[23.59861,46.758937],[23.598558,46.759063],[23.598507,46.759146]]},"properties":{"name":"Calea Turzii","lines":"40, 46B, 46L, 50D, 50L, 54N, M11, M12, M16, M17, M18, M71","arr":["40","46B","46L","50D","50L","54N","M11","M12","M16","M17","M18","M71"],"roundabout":0,"mode":"bus","color":"#0059a9"}},{"type":"Feature","geometry":{"type":"LineString","coordinates":[[23.597743,46.76098],[23.597869,46.761073],[23.597867,46.761832],[23.597919,46.762066],[23.597937,46.762123],[23.59799,46.762309],[23.598246,46.763304],[23.598257,46.763351],[23.59827,46.763403],[23.598408,46.763971],[23.598417,46.764018],[23.598361,46.764283],[23.598355,46.76431]]},"properties":{"name":"Calea Turzii","lines":"40, 46B, 50L, 54N, M11, M16, M17, M18, M71","arr":["40","46B","50L","54N","M11","M16","M17","M18","M71"],"roundabout":0,"mode":"bus","color":"#0059a9"}},{"type":"Feature","geometry":{"type":"LineString","coordinates":[[23.564955,46.752283],[23.56513,46.752119],[23.56531,46.751901],[23.565428,46.751777],[23.565481,46.751719],[23.565739,46.751439],[23.565883,46.751233],[23.565893,46.751216],[23.565981,46.751065],[23.566049,46.750921],[23.566434,46.750162],[23.566743,46.749706],[23.566774,46.749661],[23.567436,46.748683],[23.56746,46.748654],[23.567533,46.748551],[23.567603,46.748453],[23.567816,46.74819],[23.567943,46.748058],[23.568049,46.747948],[23.568201,46.747803],[23.568294,46.747708],[23.568605,46.747389],[23.568847,46.747128],[23.568948,46.747003],[23.568983,46.746949],[23.569017,46.746886],[23.569119,46.746702],[23.56934,46.746258],[23.569389,46.746146],[23.569411,46.74607],[23.569465,46.745829],[23.569539,46.745395],[23.569574,46.745202],[23.569613,46.745042],[23.569653,46.744932],[23.5697,46.744849],[23.569757,46.74478],[23.569837,46.744692],[23.570015,46.744529],[23.570199,46.744376],[23.570481,46.744156],[23.570581,46.744073],[23.57069,46.743971],[23.570809,46.74386],[23.57104,46.743601],[23.571071,46.743555],[23.571154,46.743434],[23.571323,46.743178],[23.571434,46.742997],[23.571523,46.742828],[23.57156,46.742757],[23.571669,46.742526],[23.57171,46.742397],[23.571744,46.742249],[23.571756,46.742152],[23.571752,46.742088],[23.571741,46.741984],[23.571731,46.741901],[23.571698,46.741793],[23.571625,46.74159],[23.571591,46.741513],[23.571171,46.740713],[23.571057,46.740476],[23.570951,46.740218],[23.570905,46.740028],[23.570903,46.739883],[23.57092,46.739758],[23.570968,46.739629],[23.571119,46.739297],[23.571154,46.739217],[23.571252,46.738994],[23.571292,46.738906],[23.571396,46.738677],[23.571451,46.738576],[23.571496,46.738514],[23.571544,46.738478],[23.571698,46.738389],[23.571815,46.73832],[23.571864,46.73828],[23.571946,46.738209],[23.572221,46.737991],[23.572404,46.737831],[23.57243,46.737802],[23.572669,46.737535],[23.572702,46.737482],[23.572995,46.737011],[23.57303,46.736911],[23.573202,46.736343],[23.573482,46.735666],[23.573616,46.735427],[23.573745,46.735247],[23.573924,46.735054],[23.574146,46.734889],[23.574265,46.734824],[23.574626,46.73468],[23.574723,46.734632],[23.574807,46.734582],[23.575228,46.734307],[23.575407,46.7342],[23.575442,46.734169],[23.575467,46.734129],[23.575469,46.734085],[23.57545,46.734037],[23.575412,46.733999],[23.575366,46.733962]]},"properties":{"name":"Strada Câmpului","lines":"42","arr":["42"],"roundabout":0,"mode":"bus","color":"#0059a9"}},{"type":"Feature","geometry":{"type":"LineString","coordinates":[[23.564119,46.75527],[23.564161,46.755347],[23.564182,46.755385],[23.564231,46.755473]]},"properties":{"name":"Strada Câmpului","lines":"42","arr":["42"],"roundabout":0,"mode":"bus","color":"#0059a9"}},{"type":"Feature","geometry":{"type":"LineString","coordinates":[[23.563991,46.755619],[23.563645,46.755563]]},"properties":{"name":"Strada Izlazului","lines":"43, 43B, 43P","arr":["43","43B","43P"],"roundabout":0,"mode":"bus","color":"#0059a9"}},{"type":"Feature","geometry":{"type":"LineString","coordinates":[[23.564615,46.755578],[23.564408,46.755614],[23.564301,46.755632]]},"properties":{"name":"Strada Izlazului","lines":"43, 43B, 43P","arr":["43","43B","43P"],"roundabout":0,"mode":"bus","color":"#0059a9"}},{"type":"Feature","geometry":{"type":"LineString","coordinates":[[23.561032,46.755453],[23.560868,46.755478],[23.56078,46.755493]]},"properties":{"name":"Strada Izlazului","lines":"43, 43B, 43P","arr":["43","43B","43P"],"roundabout":0,"mode":"bus","color":"#0059a9"}},{"type":"Feature","geometry":{"type":"LineString","coordinates":[[23.564615,46.755578],[23.56492,46.755574],[23.56522,46.75557],[23.565249,46.75557],[23.565542,46.75556],[23.565849,46.755543],[23.565916,46.755539],[23.566058,46.755496],[23.566149,46.755478],[23.566344,46.755445],[23.566508,46.755406],[23.566634,46.755363],[23.566728,46.755318],[23.566812,46.755264],[23.56687,46.755212],[23.566906,46.755163],[23.566961,46.755072],[23.567011,46.754982],[23.567136,46.754871],[23.567344,46.754436],[23.567416,46.754278],[23.567424,46.754261],[23.567452,46.754202],[23.56748,46.754143],[23.567509,46.754087],[23.567617,46.753872],[23.56763,46.753848],[23.567697,46.753718],[23.567887,46.753381],[23.568057,46.753171],[23.568197,46.753038],[23.568363,46.752917],[23.568459,46.752858],[23.568559,46.752802],[23.568663,46.752748],[23.568808,46.752683],[23.568943,46.752633],[23.569862,46.752319],[23.570059,46.752246],[23.570245,46.752167],[23.570397,46.752086],[23.570535,46.751995],[23.570682,46.751881],[23.570809,46.751751],[23.570912,46.751619],[23.570959,46.751549],[23.570998,46.751472],[23.571048,46.751351],[23.57108,46.751253],[23.571093,46.751212],[23.571208,46.750733],[23.571246,46.750576],[23.57132,46.750381],[23.571377,46.750268],[23.571469,46.750117],[23.571571,46.749984],[23.571675,46.74986],[23.571712,46.749825],[23.571813,46.749727],[23.571969,46.749598],[23.57214,46.749481],[23.572197,46.749449],[23.572342,46.749367],[23.572413,46.749331],[23.572435,46.74932],[23.572538,46.749276],[23.572641,46.749236],[23.572748,46.749196],[23.572846,46.749163],[23.573256,46.749037],[23.573371,46.749002],[23.573562,46.748937],[23.573766,46.748863],[23.57382,46.748844],[23.573999,46.748812],[23.574048,46.748802],[23.574123,46.748775],[23.57416,46.748762],[23.574205,46.748739],[23.574277,46.748699],[23.574457,46.748519],[23.574515,46.748455],[23.574628,46.748335],[23.574676,46.74829],[23.574743,46.748254],[23.574816,46.748237],[23.574898,46.748229],[23.575008,46.748235],[23.57512,46.748258]]},"properties":{"name":"Strada Frunzișului","lines":"43, 43B, 43P","arr":["43","43B","43P"],"roundabout":0,"mode":"bus","color":"#0059a9"}},{"type":"Feature","geometry":{"type":"LineString","coordinates":[[23.575369,46.748336],[23.57541,46.748361],[23.575486,46.748406],[23.575527,46.748441],[23.575551,46.748477],[23.575576,46.748526],[23.57559,46.748573],[23.575592,46.748643],[23.575581,46.748697],[23.57555,46.748748],[23.575524,46.748779],[23.575486,46.748812],[23.575412,46.748872],[23.575309,46.748962],[23.575218,46.749037],[23.575089,46.749156],[23.575001,46.749254],[23.574917,46.74935],[23.574855,46.74944],[23.57482,46.749561],[23.574772,46.749655],[23.574736,46.749751],[23.574704,46.749851],[23.574687,46.749952],[23.574682,46.750045],[23.574691,46.75016],[23.574725,46.750307],[23.574772,46.750442],[23.574824,46.750577],[23.574964,46.750857],[23.575097,46.751124],[23.575245,46.751388],[23.575315,46.75153],[23.575413,46.751666],[23.575524,46.751811],[23.57559,46.751884],[23.575722,46.751995],[23.575843,46.752085],[23.575919,46.752132],[23.576021,46.75219],[23.576197,46.752268],[23.576294,46.752313],[23.576384,46.752344],[23.576436,46.752362],[23.576516,46.752385],[23.576641,46.75241],[23.576736,46.752424],[23.576739,46.752425],[23.576825,46.752433],[23.576932,46.75244],[23.57704,46.752442]]},"properties":{"name":"Strada Frunzișului","lines":"43, 43B, 43P","arr":["43","43B","43P"],"roundabout":0,"mode":"bus","color":"#0059a9"}},{"type":"Feature","geometry":{"type":"LineString","coordinates":[[23.584109,46.754338],[23.584224,46.754366],[23.584316,46.754387],[23.584423,46.754411],[23.584501,46.754426],[23.58485,46.7545],[23.585003,46.754564]]},"properties":{"name":"Strada Observatorului","lines":"43, 43B, 43P, 45, 46B, 50D, 50L, 54N","arr":["43","43B","43P","45","46B","50D","50L","54N"],"roundabout":0,"mode":"bus","color":"#0059a9"}},{"type":"Feature","geometry":{"type":"LineString","coordinates":[[23.594749,46.755878],[23.594984,46.755856],[23.595263,46.755851],[23.595508,46.75586],[23.595604,46.755867],[23.595685,46.755868],[23.59575,46.755858],[23.595807,46.755839],[23.595851,46.755818],[23.595895,46.755792],[23.595937,46.755762],[23.595977,46.755719],[23.596002,46.755677],[23.596043,46.755593],[23.596094,46.75543],[23.596103,46.755373],[23.596108,46.755296],[23.596114,46.755156],[23.596118,46.754962]]},"properties":{"name":"","lines":"43B, 45","arr":["43B","45"],"roundabout":0,"mode":"bus","color":"#0059a9"}},{"type":"Feature","geometry":{"type":"LineString","coordinates":[[23.596257,46.75508],[23.596276,46.755271],[23.596284,46.755353],[23.596293,46.755492],[23.596316,46.755585],[23.596339,46.755641],[23.596359,46.755678],[23.5964,46.755744]]},"properties":{"name":"Calea Turzii","lines":"43B, 45, M11","arr":["43B","45","M11"],"roundabout":0,"mode":"bus","color":"#0059a9"}},{"type":"Feature","geometry":{"type":"LineString","coordinates":[[23.595996,46.755827],[23.595967,46.755863],[23.59593,46.755889],[23.595886,46.755909],[23.595836,46.755924],[23.595788,46.755933],[23.595739,46.755938],[23.595681,46.755938],[23.595622,46.755934],[23.595354,46.755913],[23.595103,46.755894],[23.595054,46.755891],[23.594931,46.755885],[23.594749,46.755878]]},"properties":{"name":"Strada Observatorului","lines":"43B, 46L, 50D","arr":["43B","46L","50D"],"roundabout":0,"mode":"bus","color":"#0059a9"}},{"type":"Feature","geometry":{"type":"LineString","coordinates":[[23.594271,46.755951],[23.594299,46.755838]]},"properties":{"name":"Strada Republicii","lines":"43B, 45, 46B, 50L, 54N","arr":["43B","45","46B","50L","54N"],"roundabout":0,"mode":"bus","color":"#0059a9"}},{"type":"Feature","geometry":{"type":"LineString","coordinates":[[23.59288,46.75574],[23.592885,46.755702]]},"properties":{"name":"","lines":"43B","arr":["43B"],"roundabout":0,"mode":"bus","color":"#0059a9"}},{"type":"Feature","geometry":{"type":"LineString","coordinates":[[23.550637,46.753641],[23.550626,46.753652],[23.5506,46.753682],[23.550573,46.753718]]},"properties":{"name":"Strada Răvașului","lines":"43B","arr":["43B"],"roundabout":0,"mode":"bus","color":"#0059a9"}},{"type":"Feature","geometry":{"type":"LineString","coordinates":[[23.538173,46.755931],[23.538894,46.755992],[23.540359,46.756105],[23.540645,46.756108],[23.540933,46.756101],[23.541036,46.756091],[23.541139,46.756075],[23.541349,46.756019],[23.541517,46.755962],[23.5416,46.755926],[23.541673,46.755887],[23.541804,46.755816],[23.541916,46.755734],[23.542006,46.75566],[23.542083,46.755581],[23.542147,46.75551],[23.542198,46.755435],[23.542355,46.755087],[23.542481,46.754969]]},"properties":{"name":"","lines":"43P, M21, M22, M24, M27, M51, M81","arr":["43P","M21","M22","M24","M27","M51","M81"],"roundabout":0,"mode":"bus","color":"#0059a9"}},{"type":"Feature","geometry":{"type":"LineString","coordinates":[[23.564319,46.755555],[23.564615,46.755578]]},"properties":{"name":"Strada Izlazului","lines":"43P","arr":["43P"],"roundabout":0,"mode":"bus","color":"#0059a9"}},{"type":"Feature","geometry":{"type":"LineString","coordinates":[[23.560588,46.75549],[23.560496,46.755458],[23.560329,46.755408]]},"properties":{"name":"Strada Izlazului","lines":"43P","arr":["43P"],"roundabout":0,"mode":"bus","color":"#0059a9"}},{"type":"Feature","geometry":{"type":"LineString","coordinates":[[23.574277,46.748699],[23.574284,46.74876]]},"properties":{"name":"","lines":"43P","arr":["43P"],"roundabout":0,"mode":"bus","color":"#0059a9"}},{"type":"Feature","geometry":{"type":"LineString","coordinates":[[23.542333,46.757281],[23.542454,46.757447],[23.542504,46.757495],[23.542571,46.75756],[23.542601,46.757579],[23.542632,46.757594],[23.542672,46.757612],[23.542712,46.757628],[23.542744,46.757637],[23.542778,46.757643],[23.542817,46.757648],[23.542855,46.757649],[23.542893,46.75765],[23.542929,46.757649],[23.542974,46.757643],[23.54302,46.757633],[23.543053,46.757625],[23.543089,46.757612],[23.543122,46.757598],[23.54315,46.757583],[23.543182,46.757561],[23.543212,46.757537],[23.543233,46.75751],[23.543251,46.757482],[23.543271,46.757432],[23.543276,46.757379],[23.543257,46.757317],[23.543237,46.757273],[23.543203,46.757228],[23.543134,46.757187],[23.543055,46.75715],[23.542882,46.757081],[23.542594,46.756969]]},"properties":{"name":"","lines":"43P, M21, M24, M25, M27, M51, M52","arr":["43P","M21","M24","M25","M27","M51","M52"],"roundabout":0,"mode":"bus","color":"#0059a9"}},{"type":"Feature","geometry":{"type":"LineString","coordinates":[[23.584506,46.771642],[23.584442,46.771719]]},"properties":{"name":"Strada Emil Isac","lines":"44","arr":["44"],"roundabout":0,"mode":"bus","color":"#0059a9"}},{"type":"Feature","geometry":{"type":"LineString","coordinates":[[23.596576,46.770648],[23.596798,46.770708],[23.596862,46.770728],[23.596922,46.770743],[23.597001,46.770763],[23.597073,46.770784],[23.597148,46.770805],[23.597291,46.770844],[23.597345,46.770858],[23.597386,46.770869],[23.597537,46.770911]]},"properties":{"name":"Piața Avram Iancu","lines":"44","arr":["44"],"roundabout":0,"mode":"bus","color":"#0059a9"}},{"type":"Feature","geometry":{"type":"LineString","coordinates":[[23.597537,46.770911],[23.597696,46.770949],[23.597961,46.77101],[23.598498,46.771124],[23.599168,46.771266],[23.599401,46.771316],[23.599896,46.771427],[23.600685,46.771613],[23.600926,46.771667],[23.601186,46.771727],[23.601259,46.771742],[23.60148,46.77179],[23.601773,46.771859],[23.601921,46.771894],[23.602533,46.772039],[23.603018,46.772153],[23.603438,46.772252],[23.603487,46.772264],[23.603619,46.772297],[23.603741,46.772326],[23.603885,46.772367],[23.603936,46.772381],[23.604025,46.772406],[23.604605,46.77257],[23.605427,46.772836],[23.605665,46.772923],[23.605814,46.77298],[23.605921,46.773021],[23.606008,46.773054],[23.606021,46.773059],[23.606074,46.773079],[23.606193,46.773123],[23.606533,46.77325],[23.606606,46.773278],[23.606892,46.773387],[23.607531,46.773614],[23.607667,46.773664],[23.607692,46.773674],[23.608024,46.773811],[23.608093,46.773845],[23.608194,46.773899],[23.608518,46.774083],[23.608561,46.774113],[23.609481,46.774712],[23.609927,46.774994],[23.610404,46.775292],[23.610805,46.775558],[23.611059,46.775721],[23.611294,46.775872],[23.611376,46.77592],[23.611548,46.776024],[23.611609,46.776061],[23.611759,46.77614],[23.611819,46.77617],[23.611905,46.776211],[23.611922,46.776219],[23.612022,46.776257],[23.612117,46.776288],[23.612459,46.776405],[23.612914,46.776491],[23.613723,46.776631],[23.613902,46.776661],[23.614438,46.776759],[23.614791,46.776821],[23.614804,46.776823],[23.614828,46.776827],[23.614996,46.776857]]},"properties":{"name":"Calea Dorobanților","lines":"44, 45, 46B","arr":["44","45","46B"],"roundabout":0,"mode":"bus","color":"#0059a9"}},{"type":"Feature","geometry":{"type":"LineString","coordinates":[[23.614996,46.776857],[23.615281,46.776907],[23.615401,46.776929],[23.615483,46.776942],[23.615624,46.776965],[23.615708,46.776978],[23.615814,46.776995],[23.616058,46.777035],[23.61623,46.777061],[23.616273,46.777069],[23.616374,46.777088],[23.616713,46.777144],[23.617377,46.777258],[23.618348,46.77743],[23.61849,46.777463],[23.61878,46.777508],[23.619417,46.777626],[23.619907,46.777716],[23.620097,46.777751]]},"properties":{"name":"Calea Dorobanților","lines":"44, 45","arr":["44","45"],"roundabout":0,"mode":"bus","color":"#0059a9"}},{"type":"Feature","geometry":{"type":"LineString","coordinates":[[23.630698,46.768725],[23.630821,46.76869],[23.630878,46.768654],[23.630906,46.76862],[23.63093,46.76858],[23.630945,46.768519],[23.630911,46.768341],[23.630908,46.76827],[23.630905,46.768213],[23.630917,46.768163],[23.630945,46.768112],[23.630987,46.768049],[23.631058,46.767975],[23.631133,46.767895]]},"properties":{"name":"Strada Alexandru Vaida Voevod","lines":"44","arr":["44"],"roundabout":0,"mode":"bus","color":"#0059a9"}},{"type":"Feature","geometry":{"type":"LineString","coordinates":[[23.631133,46.767895],[23.631228,46.767843],[23.631354,46.767804],[23.631664,46.767742],[23.633047,46.767469],[23.633187,46.767442],[23.633567,46.76737],[23.633781,46.767338],[23.633885,46.76733],[23.633994,46.76733],[23.634106,46.767332],[23.634184,46.767337],[23.634572,46.767375],[23.634957,46.76743],[23.635395,46.767497],[23.63561,46.767534],[23.635768,46.767562],[23.635928,46.767599],[23.635961,46.76761],[23.636094,46.76765],[23.636152,46.76767],[23.636179,46.76768],[23.636258,46.767708],[23.63638,46.767754],[23.636547,46.76781],[23.636824,46.7679],[23.63697,46.767936],[23.637149,46.767997],[23.63717,46.768006],[23.637279,46.768053],[23.63732,46.768071],[23.637483,46.768145],[23.637611,46.768189],[23.637657,46.768203],[23.637695,46.768214],[23.637837,46.768249],[23.638039,46.76829],[23.638129,46.768303],[23.638225,46.768317],[23.638362,46.768328],[23.638474,46.768333],[23.638622,46.768326],[23.638654,46.768321],[23.638774,46.768304],[23.639412,46.768216],[23.639553,46.768204],[23.639675,46.768205],[23.639795,46.768217],[23.639901,46.76824],[23.64025,46.768333],[23.640321,46.768354],[23.640366,46.768355],[23.6405,46.768362]]},"properties":{"name":"Strada Soporului","lines":"44","arr":["44"],"roundabout":0,"mode":"bus","color":"#0059a9"}},{"type":"Feature","geometry":{"type":"LineString","coordinates":[[23.623661,46.772166],[23.623594,46.772114],[23.623527,46.772076],[23.623457,46.772045],[23.623381,46.772013],[23.623204,46.771936],[23.622971,46.771841],[23.622446,46.771634],[23.622341,46.771595],[23.622141,46.77152],[23.621952,46.771462],[23.621704,46.771399],[23.621452,46.771344],[23.621116,46.77127],[23.621019,46.771246],[23.620563,46.771085],[23.620406,46.771006],[23.620285,46.770935],[23.619698,46.770564],[23.619546,46.770456],[23.619388,46.770335],[23.619314,46.770271],[23.619283,46.770242],[23.619239,46.770201],[23.619172,46.770125],[23.619114,46.770039],[23.619081,46.769986],[23.619052,46.769939],[23.619028,46.769895],[23.618984,46.769767],[23.618951,46.769614],[23.618928,46.769448],[23.618896,46.769295],[23.618863,46.769184],[23.618838,46.769102],[23.618803,46.768999],[23.618747,46.768901]]},"properties":{"name":"Aleea Slănic","lines":"44, 45","arr":["44","45"],"roundabout":0,"mode":"bus","color":"#0059a9"}},{"type":"Feature","geometry":{"type":"LineString","coordinates":[[23.586233,46.774775],[23.586145,46.774439],[23.586103,46.774243],[23.586043,46.77396]]},"properties":{"name":"Strada Ștefan Ludwig Roth","lines":"44","arr":["44"],"roundabout":0,"mode":"bus","color":"#0059a9"}},{"type":"Feature","geometry":{"type":"LineString","coordinates":[[23.581322,46.753609],[23.581307,46.75367]]},"properties":{"name":"Strada Rapsodiei","lines":"45, 54N","arr":["45","54N"],"roundabout":0,"mode":"bus","color":"#0059a9"}},{"type":"Feature","geometry":{"type":"LineString","coordinates":[[23.611776,46.754103],[23.61185,46.754158],[23.611957,46.754202],[23.612272,46.754308],[23.61326,46.754649],[23.613434,46.754699],[23.613505,46.754719],[23.613596,46.754745],[23.613706,46.754779],[23.613723,46.754784],[23.613972,46.754862],[23.614097,46.754901],[23.614241,46.754946],[23.61444,46.755009],[23.614704,46.755092],[23.614747,46.755105],[23.615236,46.755247],[23.615378,46.755285],[23.615554,46.755336],[23.615806,46.755417],[23.616133,46.755521],[23.616242,46.755555],[23.61632,46.755561],[23.616418,46.755522],[23.616635,46.755421],[23.616716,46.75539],[23.616779,46.755376],[23.616869,46.755376],[23.616985,46.755393],[23.617772,46.755482],[23.617917,46.755492],[23.618059,46.755503],[23.618223,46.755509],[23.618647,46.755535],[23.618703,46.755544],[23.618763,46.755561],[23.618808,46.755581],[23.618846,46.755603],[23.618869,46.755624],[23.618886,46.755651],[23.618906,46.755688],[23.618919,46.755719],[23.618973,46.756042],[23.619078,46.756674],[23.619132,46.756906],[23.619167,46.75698]]},"properties":{"name":"Strada Fagului","lines":"45","arr":["45"],"roundabout":0,"mode":"bus","color":"#0059a9"}},{"type":"Feature","geometry":{"type":"LineString","coordinates":[[23.614241,46.754946],[23.614297,46.754904]]},"properties":{"name":"","lines":"45","arr":["45"],"roundabout":0,"mode":"bus","color":"#0059a9"}},{"type":"Feature","geometry":{"type":"LineString","coordinates":[[23.607246,46.750411],[23.607017,46.750311]]},"properties":{"name":"Strada Bună Ziua","lines":"45","arr":["45"],"roundabout":0,"mode":"bus","color":"#0059a9"}},{"type":"Feature","geometry":{"type":"LineString","coordinates":[[23.593202,46.747086],[23.593144,46.747096],[23.593099,46.747106],[23.593037,46.747119]]},"properties":{"name":"Strada Bună Ziua","lines":"45","arr":["45"],"roundabout":0,"mode":"bus","color":"#0059a9"}},{"type":"Feature","geometry":{"type":"LineString","coordinates":[[23.586444,46.739215],[23.586516,46.739207],[23.586551,46.739203],[23.58696,46.739148],[23.587544,46.739064],[23.587739,46.739026],[23.58801,46.738972],[23.588197,46.738931],[23.588594,46.738841],[23.588993,46.738703],[23.589651,46.738487],[23.589995,46.738378],[23.590384,46.738252]]},"properties":{"name":"Strada Kós Károly","lines":"46, 46L","arr":["46","46L"],"roundabout":0,"mode":"bus","color":"#0059a9"}},{"type":"Feature","geometry":{"type":"LineString","coordinates":[[23.590384,46.738252],[23.590675,46.738158],[23.590772,46.738119],[23.590915,46.738043]]},"properties":{"name":"Strada Kós Károly","lines":"46L","arr":["46L"],"roundabout":0,"mode":"bus","color":"#0059a9"}},{"type":"Feature","geometry":{"type":"LineString","coordinates":[[23.586444,46.739215],[23.586429,46.739372],[23.586424,46.739485],[23.586433,46.7398],[23.586451,46.739989],[23.586455,46.740052],[23.586469,46.740231],[23.586476,46.740315],[23.586476,46.740356],[23.586478,46.74041],[23.586468,46.740541],[23.586463,46.740643],[23.586447,46.740772],[23.586423,46.740916],[23.586387,46.741064],[23.586351,46.741215],[23.586341,46.741253],[23.586328,46.741284],[23.586293,46.741362],[23.58611,46.741791],[23.585787,46.742499],[23.585704,46.742669],[23.585477,46.743163],[23.585449,46.743224],[23.585401,46.743331],[23.585344,46.743454],[23.585256,46.743606],[23.585163,46.743758],[23.585059,46.743922],[23.584918,46.744165],[23.584788,46.744393],[23.584551,46.744759],[23.584478,46.744872],[23.584213,46.745251],[23.583971,46.74552],[23.583781,46.745727],[23.583525,46.74604],[23.583331,46.746312],[23.582866,46.74695],[23.582782,46.747076],[23.582638,46.747291],[23.582551,46.747425],[23.582535,46.747452],[23.58239,46.747685],[23.582138,46.748036],[23.581783,46.748461],[23.581568,46.748727],[23.581522,46.748782],[23.58117,46.749226],[23.580997,46.749441],[23.580763,46.749728],[23.58071,46.749805],[23.580484,46.750118],[23.58043,46.7502],[23.580365,46.750299],[23.580241,46.750524],[23.58021,46.750584],[23.580066,46.750901],[23.580046,46.751001]]},"properties":{"name":"Strada Eugen Ionesco","lines":"46, 46L","arr":["46","46L"],"roundabout":0,"mode":"bus","color":"#0059a9"}},{"type":"Feature","geometry":{"type":"LineString","coordinates":[[23.580046,46.751001],[23.579237,46.751241],[23.578815,46.751374],[23.578409,46.751502],[23.578077,46.751612],[23.578042,46.751624],[23.577792,46.751738],[23.57769,46.751805],[23.577607,46.751877],[23.577558,46.751927],[23.577524,46.751965],[23.577356,46.752229],[23.577347,46.752239]]},"properties":{"name":"Strada Lunii","lines":"46, 46L","arr":["46","46L"],"roundabout":0,"mode":"bus","color":"#0059a9"}},{"type":"Feature","geometry":{"type":"LineString","coordinates":[[23.577297,46.752495],[23.577291,46.752447],[23.577293,46.752411],[23.577301,46.752376],[23.577305,46.752365],[23.577347,46.752239],[23.577215,46.752352],[23.577192,46.752371],[23.577162,46.752392],[23.577128,46.752409],[23.577093,46.752428]]},"properties":{"name":"Strada Lunii","lines":"46, 46L","arr":["46","46L"],"roundabout":0,"mode":"bus","color":"#0059a9"}},{"type":"Feature","geometry":{"type":"LineString","coordinates":[[23.597037,46.756263],[23.596881,46.756215],[23.59678,46.756195],[23.59668,46.75618],[23.596257,46.756124],[23.596061,46.756095],[23.595992,46.756086],[23.595931,46.756079],[23.595847,46.756061]]},"properties":{"name":"","lines":"46B, 50L, 54N","arr":["46B","50L","54N"],"roundabout":0,"mode":"bus","color":"#0059a9"}},{"type":"Feature","geometry":{"type":"LineString","coordinates":[[23.614518,46.778083],[23.614587,46.777888]]},"properties":{"name":"Aleea Bibliotecii","lines":"46B, 48","arr":["46B","48"],"roundabout":0,"mode":"bus","color":"#0059a9"}},{"type":"Feature","geometry":{"type":"LineString","coordinates":[[23.614587,46.777888],[23.614963,46.776941],[23.614996,46.776857]]},"properties":{"name":"Aleea Bibliotecii","lines":"46B","arr":["46B"],"roundabout":0,"mode":"bus","color":"#0059a9"}},{"type":"Feature","geometry":{"type":"LineString","coordinates":[[23.61501,46.777977],[23.61498,46.778051]]},"properties":{"name":"Aleea Bibliotecii","lines":"46B","arr":["46B"],"roundabout":0,"mode":"bus","color":"#0059a9"}},{"type":"Feature","geometry":{"type":"LineString","coordinates":[[23.614952,46.778119],[23.614939,46.778151]]},"properties":{"name":"Aleea Bibliotecii","lines":"48","arr":["48"],"roundabout":0,"mode":"bus","color":"#0059a9"}},{"type":"Feature","geometry":{"type":"LineString","coordinates":[[23.598355,46.76431],[23.598206,46.764189],[23.598089,46.764052],[23.598063,46.763986],[23.597995,46.763776],[23.597982,46.763736],[23.597919,46.763487],[23.597838,46.763195],[23.597606,46.762427],[23.597608,46.762355],[23.597623,46.762261],[23.597671,46.762245],[23.59776,46.762223]]},"properties":{"name":"Calea Turzii","lines":"46B, 50L, 54N, M11, M16","arr":["46B","50L","54N","M11","M16"],"roundabout":0,"mode":"bus","color":"#0059a9"}},{"type":"Feature","geometry":{"type":"LineString","coordinates":[[23.576952,46.752585],[23.576877,46.752548]]},"properties":{"name":"Strada Frunzișului","lines":"46L","arr":["46L"],"roundabout":0,"mode":"bus","color":"#0059a9"}},{"type":"Feature","geometry":{"type":"LineString","coordinates":[[23.59646,46.755839],[23.596509,46.755894],[23.596551,46.75593],[23.596626,46.755981],[23.59695,46.756215]]},"properties":{"name":"Calea Turzii","lines":"46L, 50D","arr":["46L","50D"],"roundabout":0,"mode":"bus","color":"#0059a9"}},{"type":"Feature","geometry":{"type":"LineString","coordinates":[[23.592535,46.77399],[23.59241,46.773999]]},"properties":{"name":"Strada Argeș","lines":"47, A1","arr":["47","A1"],"roundabout":0,"mode":"bus","color":"#0059a9"}},{"type":"Feature","geometry":{"type":"LineString","coordinates":[[23.595927,46.772721],[23.595859,46.772826]]},"properties":{"name":"","lines":"47","arr":["47"],"roundabout":0,"mode":"bus","color":"#0059a9"}},{"type":"Feature","geometry":{"type":"LineString","coordinates":[[23.610363,46.777707],[23.610078,46.777671]]},"properties":{"name":"","lines":"47","arr":["47"],"roundabout":0,"mode":"bus","color":"#0059a9"}},{"type":"Feature","geometry":{"type":"LineString","coordinates":[[23.619921,46.77819],[23.620024,46.778217],[23.620309,46.778274],[23.620521,46.778313],[23.620638,46.778335],[23.620645,46.778336],[23.620795,46.778362],[23.62082,46.778364],[23.620927,46.778374],[23.620957,46.778377],[23.62109,46.77838],[23.621156,46.778373],[23.621222,46.778367],[23.62133,46.778343],[23.621435,46.77831],[23.621562,46.778264],[23.621706,46.778204],[23.622037,46.778081],[23.62208,46.778065],[23.622235,46.778004],[23.622296,46.777977],[23.622333,46.777959],[23.62237,46.777941],[23.622411,46.777921],[23.622517,46.777862],[23.622603,46.777813],[23.622777,46.777704],[23.622903,46.777617],[23.623008,46.777528],[23.6231,46.777443],[23.623163,46.777382],[23.62356,46.776981],[23.623563,46.776978],[23.623652,46.776874],[23.623788,46.776692],[23.62381,46.77666],[23.623855,46.776591],[23.623891,46.77654],[23.623936,46.776475],[23.623964,46.776443],[23.623993,46.776414],[23.624023,46.776389],[23.624058,46.776364],[23.624099,46.776338],[23.624333,46.776215],[23.624823,46.775982],[23.625075,46.775849],[23.625158,46.775806]]},"properties":{"name":"Strada Între Lacuri","lines":"47, 57, 57L","arr":["47","57","57L"],"roundabout":0,"mode":"bus","color":"#0059a9"}},{"type":"Feature","geometry":{"type":"LineString","coordinates":[[23.625158,46.775806],[23.625248,46.775819],[23.625428,46.775847],[23.625698,46.775882],[23.626023,46.775936],[23.626524,46.776011],[23.627756,46.776203],[23.62803,46.776244],[23.628156,46.776264],[23.62851,46.776319],[23.628902,46.776381],[23.628971,46.776393],[23.629041,46.776404],[23.629218,46.776429],[23.629399,46.776457],[23.630041,46.776557],[23.630361,46.776613],[23.630766,46.776676],[23.630825,46.776685],[23.6312,46.776743],[23.631393,46.776775],[23.631907,46.776858],[23.632247,46.776909],[23.633402,46.777073],[23.633856,46.777145],[23.634153,46.777192],[23.635628,46.777432],[23.636169,46.777514],[23.636261,46.777527],[23.636324,46.777536],[23.636841,46.777613],[23.637028,46.777639],[23.63748,46.777708],[23.638233,46.777824],[23.638353,46.77784],[23.638663,46.777883],[23.638817,46.77791],[23.639351,46.778006]]},"properties":{"name":"Strada Dunării","lines":"47, 57, 57L","arr":["47","57","57L"],"roundabout":0,"mode":"bus","color":"#0059a9"}},{"type":"Feature","geometry":{"type":"LineString","coordinates":[[23.639351,46.778006],[23.638864,46.778879],[23.638842,46.77892]]},"properties":{"name":"Strada Harghita","lines":"47, 57, 57L","arr":["47","57","57L"],"roundabout":0,"mode":"bus","color":"#0059a9"}},{"type":"Feature","geometry":{"type":"LineString","coordinates":[[23.638842,46.77892],[23.642017,46.77945]]},"properties":{"name":"Strada Jiului","lines":"47, 57, 57L","arr":["47","57","57L"],"roundabout":0,"mode":"bus","color":"#0059a9"}},{"type":"Feature","geometry":{"type":"LineString","coordinates":[[23.642017,46.77945],[23.64187,46.779841],[23.64166,46.780339],[23.641201,46.781099],[23.640798,46.781829]]},"properties":{"name":"Strada Meșterul Manole","lines":"47, 57, 57L","arr":["47","57","57L"],"roundabout":0,"mode":"bus","color":"#0059a9"}},{"type":"Feature","geometry":{"type":"LineString","coordinates":[[23.640798,46.781829],[23.640754,46.781884],[23.640731,46.781908],[23.640644,46.781957]]},"properties":{"name":"Strada Meșterul Manole","lines":"47, 57L","arr":["47","57L"],"roundabout":0,"mode":"bus","color":"#0059a9"}},{"type":"Feature","geometry":{"type":"LineString","coordinates":[[23.619036,46.76887],[23.619028,46.7689]]},"properties":{"name":"Aleea Slănic","lines":"48","arr":["48"],"roundabout":0,"mode":"bus","color":"#0059a9"}},{"type":"Feature","geometry":{"type":"LineString","coordinates":[[23.621306,46.762113],[23.621267,46.762106]]},"properties":{"name":"Aleea Văleni","lines":"48","arr":["48"],"roundabout":0,"mode":"bus","color":"#0059a9"}},{"type":"Feature","geometry":{"type":"LineString","coordinates":[[23.624978,46.771693],[23.625054,46.771749]]},"properties":{"name":"","lines":"48L","arr":["48L"],"roundabout":0,"mode":"bus","color":"#0059a9"}},{"type":"Feature","geometry":{"type":"LineString","coordinates":[[23.615826,46.785225],[23.615914,46.785227]]},"properties":{"name":"Strada Câmpul Pâinii","lines":"50","arr":["50"],"roundabout":0,"mode":"bus","color":"#0059a9"}},{"type":"Feature","geometry":{"type":"LineString","coordinates":[[23.622189,46.795673],[23.622196,46.795723]]},"properties":{"name":"","lines":"50","arr":["50"],"roundabout":0,"mode":"bus","color":"#0059a9"}},{"type":"Feature","geometry":{"type":"LineString","coordinates":[[23.59942,46.768421],[23.599332,46.768543]]},"properties":{"name":"Strada Voltaire","lines":"50D","arr":["50D"],"roundabout":0,"mode":"bus","color":"#0059a9"}},{"type":"Feature","geometry":{"type":"LineString","coordinates":[[23.643764,46.805105],[23.643864,46.805069],[23.643902,46.805041],[23.643917,46.805004],[23.643917,46.804957],[23.643882,46.804912],[23.643699,46.804692],[23.643546,46.804422],[23.643482,46.80426],[23.64346,46.804169],[23.643396,46.80391],[23.643377,46.803693],[23.643373,46.803616],[23.643376,46.803516],[23.643388,46.803403],[23.643477,46.803139],[23.643643,46.802792],[23.643711,46.802705],[23.643861,46.80253],[23.644019,46.802364],[23.644365,46.802028],[23.644401,46.802003],[23.644683,46.80181],[23.645123,46.801556],[23.645416,46.801387],[23.645902,46.801018],[23.646084,46.800884],[23.646459,46.800607],[23.646602,46.800485],[23.646626,46.800403],[23.646619,46.800318],[23.64653,46.800228],[23.646409,46.800158],[23.645794,46.799851],[23.645723,46.799816],[23.644808,46.79933],[23.644733,46.799253],[23.644699,46.799173],[23.644689,46.799106],[23.644723,46.799053],[23.644789,46.798975],[23.644886,46.798937],[23.644958,46.798909],[23.645056,46.7989],[23.645571,46.798905],[23.6465,46.798904],[23.646785,46.798896],[23.646896,46.798879],[23.646991,46.798837],[23.647043,46.79878],[23.64707,46.798703],[23.647058,46.798629],[23.647008,46.798557],[23.646973,46.798527],[23.646809,46.798387],[23.646524,46.798155],[23.646346,46.797991],[23.64619,46.797799],[23.646083,46.797578],[23.645997,46.797274],[23.645931,46.797005],[23.645915,46.796943],[23.645892,46.796853],[23.645823,46.796557],[23.645786,46.796464],[23.645764,46.79643],[23.645756,46.796405]]},"properties":{"name":"Strada Voroneț","lines":"50D","arr":["50D"],"roundabout":0,"mode":"bus","color":"#0059a9"}},{"type":"Feature","geometry":{"type":"LineString","coordinates":[[23.641208,46.805176],[23.642758,46.805142],[23.643764,46.805105]]},"properties":{"name":"Strada Romaniței","lines":"50D","arr":["50D"],"roundabout":0,"mode":"bus","color":"#0059a9"}},{"type":"Feature","geometry":{"type":"LineString","coordinates":[[23.641208,46.805176],[23.641113,46.805311],[23.641007,46.805544],[23.640952,46.805702],[23.640926,46.805815],[23.640973,46.805938],[23.641041,46.806019],[23.641037,46.806069],[23.64099,46.806139],[23.640896,46.806177],[23.640692,46.806264],[23.640475,46.806462],[23.640236,46.806719],[23.640145,46.806866],[23.640113,46.806917],[23.640032,46.807019],[23.639756,46.807433],[23.639617,46.807767],[23.639602,46.807807]]},"properties":{"name":"Strada Oleandrului","lines":"50D","arr":["50D"],"roundabout":0,"mode":"bus","color":"#0059a9"}},{"type":"Feature","geometry":{"type":"LineString","coordinates":[[23.64093,46.807687],[23.640465,46.80773],[23.639602,46.807807]]},"properties":{"name":"Strada Panseluțelor","lines":"50D","arr":["50D"],"roundabout":0,"mode":"bus","color":"#0059a9"}},{"type":"Feature","geometry":{"type":"LineString","coordinates":[[23.592122,46.774492],[23.592172,46.774607],[23.592202,46.774712],[23.592228,46.774809],[23.59227,46.774921],[23.59236,46.775088],[23.592434,46.775217],[23.592519,46.775338],[23.592608,46.775438],[23.592721,46.775545],[23.592991,46.775779],[23.593062,46.775841],[23.593138,46.775924],[23.593195,46.776017],[23.593391,46.776418],[23.593466,46.776527],[23.593537,46.776602]]},"properties":{"name":"Strada Croitorilor","lines":"50L","arr":["50L"],"roundabout":0,"mode":"bus","color":"#0059a9"}},{"type":"Feature","geometry":{"type":"LineString","coordinates":[[23.593537,46.776602],[23.593425,46.776857],[23.59342,46.776877],[23.59341,46.776906],[23.5934,46.776939],[23.593349,46.777098],[23.593341,46.777158],[23.593333,46.777221]]},"properties":{"name":"Strada Constanța","lines":"50L","arr":["50L"],"roundabout":0,"mode":"bus","color":"#0059a9"}},{"type":"Feature","geometry":{"type":"LineString","coordinates":[[23.595529,46.780955],[23.595665,46.780534],[23.59569,46.780488],[23.595715,46.780445],[23.595787,46.780365],[23.596009,46.780116],[23.596059,46.780059]]},"properties":{"name":"Strada Anton Pann","lines":"50L","arr":["50L"],"roundabout":0,"mode":"bus","color":"#0059a9"}},{"type":"Feature","geometry":{"type":"LineString","coordinates":[[23.599423,46.781707],[23.597459,46.781341],[23.595529,46.780955]]},"properties":{"name":"Strada Porumbeilor","lines":"50L","arr":["50L"],"roundabout":0,"mode":"bus","color":"#0059a9"}},{"type":"Feature","geometry":{"type":"LineString","coordinates":[[23.543699,46.752342],[23.543583,46.752311],[23.543549,46.752302],[23.543337,46.752244]]},"properties":{"name":"Strada Johannes Guttenberg","lines":"52","arr":["52"],"roundabout":0,"mode":"bus","color":"#0059a9"}},{"type":"Feature","geometry":{"type":"LineString","coordinates":[[23.547554,46.757992],[23.547617,46.757893]]},"properties":{"name":"Strada Ciobanului","lines":"52L, M26","arr":["52L","M26"],"roundabout":0,"mode":"bus","color":"#0059a9"}},{"type":"Feature","geometry":{"type":"LineString","coordinates":[[23.599496,46.774045],[23.599541,46.77398]]},"properties":{"name":"Strada Pitești","lines":"52L","arr":["52L"],"roundabout":0,"mode":"bus","color":"#0059a9"}},{"type":"Feature","geometry":{"type":"LineString","coordinates":[[23.588036,46.773801],[23.587987,46.773765]]},"properties":{"name":"Strada George Barițiu","lines":"52L","arr":["52L"],"roundabout":0,"mode":"bus","color":"#0059a9"}},{"type":"Feature","geometry":{"type":"LineString","coordinates":[[23.550606,46.758691],[23.550562,46.758793]]},"properties":{"name":"","lines":"52L","arr":["52L"],"roundabout":0,"mode":"bus","color":"#0059a9"}},{"type":"Feature","geometry":{"type":"LineString","coordinates":[[23.636938,46.783303],[23.636887,46.783271],[23.636836,46.783246],[23.635885,46.782911],[23.635783,46.782872],[23.635689,46.782839],[23.635647,46.782822],[23.635568,46.782792],[23.63468,46.782445],[23.634607,46.782424],[23.634515,46.782399],[23.63444,46.782387],[23.634348,46.782375],[23.634178,46.782361],[23.633949,46.782346],[23.633717,46.782329],[23.633515,46.78232],[23.633071,46.782297],[23.632783,46.782285],[23.632495,46.782274],[23.632455,46.782274],[23.631677,46.782259],[23.631254,46.782251],[23.63109,46.78225],[23.630899,46.782246],[23.630297,46.782225],[23.630061,46.782212],[23.629715,46.782195],[23.62965,46.78219],[23.629571,46.782183],[23.629434,46.782173],[23.629246,46.782155],[23.62914,46.782142],[23.628736,46.782086],[23.628397,46.782041],[23.628191,46.782008],[23.627557,46.781896],[23.627277,46.781851],[23.627036,46.781809],[23.626415,46.78171],[23.626257,46.781685],[23.626114,46.781659],[23.626053,46.781649],[23.625972,46.781634],[23.625364,46.781526],[23.625159,46.781482],[23.624905,46.781428],[23.62462,46.78136],[23.623975,46.781216],[23.623756,46.781165],[23.623132,46.781024],[23.622843,46.780956],[23.622123,46.780792],[23.621131,46.780567],[23.620244,46.780354],[23.620064,46.780311]]},"properties":{"name":"Strada Dâmboviței","lines":"53","arr":["53"],"roundabout":0,"mode":"bus","color":"#0059a9"}},{"type":"Feature","geometry":{"type":"LineString","coordinates":[[23.620015,46.780238],[23.62011,46.780023],[23.620265,46.779749],[23.620319,46.77966],[23.620343,46.779622],[23.620381,46.779586],[23.620465,46.779514],[23.620499,46.779475],[23.620527,46.77943]]},"properties":{"name":"Strada Ialomiței","lines":"53","arr":["53"],"roundabout":0,"mode":"bus","color":"#0059a9"}},{"type":"Feature","geometry":{"type":"LineString","coordinates":[[23.62011,46.780023],[23.620181,46.779754],[23.620183,46.77971],[23.620174,46.779675],[23.620141,46.779644],[23.620103,46.779617],[23.619906,46.779546]]},"properties":{"name":"","lines":"53","arr":["53"],"roundabout":0,"mode":"bus","color":"#0059a9"}},{"type":"Feature","geometry":{"type":"LineString","coordinates":[[23.61861,46.778942],[23.618846,46.778955],[23.618879,46.778957],[23.619916,46.779059],[23.620195,46.7791],[23.620379,46.779134]]},"properties":{"name":"","lines":"53","arr":["53"],"roundabout":0,"mode":"bus","color":"#0059a9"}},{"type":"Feature","geometry":{"type":"LineString","coordinates":[[23.554212,46.769119],[23.554272,46.76906]]},"properties":{"name":"Strada Petuniei","lines":"54N","arr":["54N"],"roundabout":0,"mode":"bus","color":"#0059a9"}},{"type":"Feature","geometry":{"type":"LineString","coordinates":[[23.59583,46.756059],[23.595818,46.756125]]},"properties":{"name":"","lines":"54N","arr":["54N"],"roundabout":0,"mode":"bus","color":"#0059a9"}},{"type":"Feature","geometry":{"type":"LineString","coordinates":[[23.586532,46.754863],[23.586436,46.754923],[23.586389,46.754952],[23.586376,46.754991],[23.586027,46.754927],[23.58588,46.754898],[23.585824,46.754808],[23.585766,46.754716]]},"properties":{"name":"","lines":"54N","arr":["54N"],"roundabout":0,"mode":"bus","color":"#0059a9"}},{"type":"Feature","geometry":{"type":"LineString","coordinates":[[23.579131,46.78868],[23.57897,46.788718],[23.578827,46.788756],[23.578585,46.788819],[23.578275,46.7889],[23.577974,46.78897],[23.577775,46.789011],[23.57752,46.789056],[23.577213,46.789107],[23.576947,46.789142],[23.575454,46.789335],[23.575061,46.789381],[23.57415,46.789492]]},"properties":{"name":"Strada Giordano Bruno","lines":"56, M35","arr":["56","M35"],"roundabout":0,"mode":"bus","color":"#0059a9"}},{"type":"Feature","geometry":{"type":"LineString","coordinates":[[23.57415,46.789492],[23.574011,46.789501],[23.57385,46.789469],[23.573741,46.789446],[23.573452,46.789386],[23.572683,46.789225],[23.571883,46.789056],[23.571496,46.788978],[23.570566,46.788767],[23.570388,46.788709],[23.57022,46.788633],[23.569786,46.78838],[23.569459,46.788228],[23.569103,46.788096],[23.568861,46.788012],[23.568748,46.787977],[23.56858,46.787938],[23.568463,46.787922],[23.568325,46.787908],[23.568222,46.787901],[23.568138,46.787897],[23.568007,46.787892],[23.56768,46.787876],[23.567485,46.787856],[23.567361,46.787833],[23.566499,46.787616],[23.565668,46.787405],[23.565261,46.787286],[23.565038,46.787219],[23.563877,46.786871],[23.563723,46.786824],[23.563586,46.786782],[23.563378,46.786726],[23.562877,46.78665],[23.562415,46.786583],[23.561178,46.786421],[23.560615,46.786337],[23.560445,46.786339]]},"properties":{"name":"Strada Partizanilor","lines":"56, M35","arr":["56","M35"],"roundabout":0,"mode":"bus","color":"#0059a9"}},{"type":"Feature","geometry":{"type":"LineString","coordinates":[[23.556461,46.790677],[23.556502,46.790602],[23.556532,46.790525],[23.556548,46.790428],[23.556577,46.790079],[23.556617,46.789582],[23.556651,46.789445],[23.55669,46.789363],[23.556742,46.789297],[23.556827,46.789214],[23.557254,46.788863],[23.557717,46.78848],[23.557759,46.788446],[23.557834,46.788384],[23.558003,46.788253],[23.559166,46.787353],[23.55932,46.787236],[23.559839,46.786832],[23.560393,46.786411],[23.560445,46.786339]]},"properties":{"name":"Strada Lombului","lines":"56, M35","arr":["56","M35"],"roundabout":0,"mode":"bus","color":"#0059a9"}},{"type":"Feature","geometry":{"type":"LineString","coordinates":[[23.556461,46.790677],[23.557306,46.790997],[23.558633,46.791421],[23.558843,46.791488],[23.559909,46.791852],[23.560166,46.79194],[23.561454,46.79238],[23.561744,46.792466],[23.562218,46.792611],[23.562803,46.792738],[23.563271,46.792805],[23.563452,46.792834],[23.563591,46.792863],[23.563833,46.792927],[23.564341,46.793137],[23.564814,46.79333],[23.56567,46.793768],[23.565988,46.793889],[23.56609,46.793915],[23.566218,46.793919]]},"properties":{"name":"Strada Gheorghe Sion","lines":"56","arr":["56"],"roundabout":0,"mode":"bus","color":"#0059a9"}},{"type":"Feature","geometry":{"type":"LineString","coordinates":[[23.566218,46.793919],[23.566424,46.793843],[23.566637,46.793744],[23.566819,46.793645],[23.567066,46.793483],[23.567424,46.793228],[23.567687,46.793037],[23.568115,46.792714],[23.568269,46.792594],[23.568629,46.792369],[23.568896,46.79225],[23.569021,46.792224],[23.569425,46.792137],[23.569791,46.792047],[23.570096,46.791968],[23.570513,46.791847],[23.570896,46.791718],[23.571235,46.791585],[23.571492,46.791465],[23.57174,46.791329],[23.572182,46.790996],[23.572613,46.790646],[23.573057,46.790282],[23.573163,46.790196],[23.573555,46.789881],[23.574011,46.789501]]},"properties":{"name":"Strada Spicului","lines":"56","arr":["56"],"roundabout":0,"mode":"bus","color":"#0059a9"}},{"type":"Feature","geometry":{"type":"LineString","coordinates":[[23.638842,46.77892],[23.637959,46.778777],[23.636628,46.778558],[23.635922,46.778452],[23.636261,46.777527]]},"properties":{"name":"Strada Jiului","lines":"57","arr":["57"],"roundabout":0,"mode":"bus","color":"#0059a9"}},{"type":"Feature","geometry":{"type":"LineString","coordinates":[[23.621225,46.775294],[23.621277,46.7753],[23.621333,46.775306],[23.621822,46.775372],[23.621892,46.775381],[23.622037,46.775402],[23.622196,46.775425],[23.622441,46.77546],[23.622973,46.775532],[23.623059,46.775543],[23.624059,46.77567],[23.62494,46.775776],[23.625031,46.775788],[23.625094,46.775796],[23.625158,46.775806]]},"properties":{"name":"Strada Sarmisegetuza","lines":"57, 57L","arr":["57","57L"],"roundabout":0,"mode":"bus","color":"#0059a9"}},{"type":"Feature","geometry":{"type":"LineString","coordinates":[[23.601546,46.767473],[23.601503,46.76755],[23.601485,46.767601],[23.60148,46.767656],[23.601503,46.767712],[23.601529,46.767745],[23.601558,46.767767],[23.601771,46.76786]]},"properties":{"name":"DJ103G","lines":"57, 57L","arr":["57","57L"],"roundabout":0,"mode":"bus","color":"#0059a9"}},{"type":"Feature","geometry":{"type":"LineString","coordinates":[[23.626679,46.770843],[23.626761,46.7709]]},"properties":{"name":"","lines":"57L","arr":["57L"],"roundabout":0,"mode":"bus","color":"#0059a9"}},{"type":"Feature","geometry":{"type":"LineString","coordinates":[[23.624762,46.771805],[23.624873,46.771824],[23.624901,46.771834],[23.62497,46.771858],[23.624909,46.771889],[23.624101,46.772291],[23.62407,46.772274],[23.623999,46.772218]]},"properties":{"name":"","lines":"57L","arr":["57L"],"roundabout":0,"mode":"bus","color":"#0059a9"}},{"type":"Feature","geometry":{"type":"LineString","coordinates":[[23.622661,46.772807],[23.622696,46.772881],[23.622678,46.772945],[23.622596,46.773083],[23.62254,46.773156],[23.622203,46.773591],[23.622029,46.773644],[23.62194,46.773645]]},"properties":{"name":"","lines":"57L","arr":["57L"],"roundabout":0,"mode":"bus","color":"#0059a9"}},{"type":"Feature","geometry":{"type":"LineString","coordinates":[[23.62499,46.771666],[23.625007,46.77168]]},"properties":{"name":"","lines":"57L","arr":["57L"],"roundabout":0,"mode":"bus","color":"#0059a9"}},{"type":"Feature","geometry":{"type":"LineString","coordinates":[[23.625409,46.771475],[23.625371,46.771552]]},"properties":{"name":"Taxi","lines":"57L","arr":["57L"],"roundabout":0,"mode":"bus","color":"#0059a9"}},{"type":"Feature","geometry":{"type":"LineString","coordinates":[[23.639602,46.781933],[23.639235,46.781967],[23.639047,46.781976],[23.638828,46.781975],[23.638723,46.781978],[23.638686,46.781983],[23.638656,46.781992],[23.638623,46.782005],[23.638603,46.782024],[23.638587,46.782052],[23.638563,46.782118],[23.638546,46.782163]]},"properties":{"name":"","lines":"57L, A1, M41, M41L, M42L, M43, M44","arr":["57L","A1","M41","M41L","M42L","M43","M44"],"roundabout":0,"mode":"bus","color":"#0059a9"}},{"type":"Feature","geometry":{"type":"LineString","coordinates":[[23.648023,46.784182],[23.64804,46.783888]]},"properties":{"name":"Strada Banatului","lines":"57L, M41, M41L, M43","arr":["57L","M41","M41L","M43"],"roundabout":0,"mode":"bus","color":"#0059a9"}},{"type":"Feature","geometry":{"type":"LineString","coordinates":[[23.656641,46.784662],[23.656682,46.784771],[23.65696,46.785506],[23.657149,46.786031],[23.657163,46.786134],[23.65716,46.786214],[23.65715,46.786292],[23.657132,46.786348],[23.657101,46.786406],[23.657031,46.786509],[23.656968,46.786646],[23.656802,46.786994],[23.656708,46.787224],[23.656669,46.78734],[23.656652,46.787459],[23.656531,46.789978],[23.656521,46.790202],[23.656513,46.790418],[23.656515,46.790533],[23.656527,46.790674],[23.656545,46.79077],[23.65662,46.791035],[23.656631,46.791082],[23.656637,46.791136],[23.656637,46.791193]]},"properties":{"name":"Strada Căpitan Grigore Ignat","lines":"57L","arr":["57L"],"roundabout":0,"mode":"bus","color":"#0059a9"}},{"type":"Feature","geometry":{"type":"LineString","coordinates":[[23.637632,46.78197],[23.637526,46.78199],[23.637458,46.782007],[23.637416,46.782023],[23.637387,46.782047],[23.63737,46.78208],[23.637377,46.782115],[23.637416,46.78219]]},"properties":{"name":"Calea Someșeni","lines":"57L, A1, M41, M43","arr":["57L","A1","M41","M43"],"roundabout":0,"mode":"bus","color":"#0059a9"}},{"type":"Feature","geometry":{"type":"LineString","coordinates":[[23.596528,46.772929],[23.596485,46.772995]]},"properties":{"name":"Strada Constanța","lines":"A1","arr":["A1"],"roundabout":0,"mode":"bus","color":"#0059a9"}},{"type":"Feature","geometry":{"type":"LineString","coordinates":[[23.631812,46.781106],[23.631792,46.781179]]},"properties":{"name":"","lines":"A1","arr":["A1"],"roundabout":0,"mode":"bus","color":"#0059a9"}},{"type":"Feature","geometry":{"type":"LineString","coordinates":[[23.688499,46.781925],[23.688505,46.781827],[23.688508,46.781732],[23.688514,46.781707],[23.688523,46.781677],[23.688532,46.781641],[23.688528,46.781607]]},"properties":{"name":"","lines":"A1","arr":["A1"],"roundabout":0,"mode":"bus","color":"#0059a9"}},{"type":"Feature","geometry":{"type":"LineString","coordinates":[[23.591263,46.738095],[23.591522,46.737904],[23.591559,46.737876],[23.591721,46.73778]]},"properties":{"name":"Calea Turzii","lines":"M11","arr":["M11"],"roundabout":0,"mode":"bus","color":"#0059a9"}},{"type":"Feature","geometry":{"type":"LineString","coordinates":[[23.591263,46.738095],[23.591522,46.737904],[23.591559,46.737876],[23.591721,46.73778]]},"properties":{"name":"Calea Turzii","lines":"M12","arr":["M12"],"roundabout":0,"mode":"bus","color":"#0059a9"}},{"type":"Feature","geometry":{"type":"LineString","coordinates":[[23.603792,46.723277],[23.60376,46.723398],[23.603738,46.72357],[23.603733,46.723741],[23.603734,46.723937],[23.603741,46.725237],[23.603723,46.725419],[23.603691,46.725553],[23.603648,46.72568],[23.603577,46.725797],[23.603458,46.725928],[23.603333,46.726045],[23.603182,46.726149],[23.603007,46.726244],[23.602777,46.726335],[23.602564,46.726387],[23.602404,46.726417],[23.602192,46.726439],[23.601988,46.726451],[23.600499,46.726491],[23.600413,46.726524],[23.600158,46.726532],[23.599608,46.726548],[23.59935,46.726582],[23.599139,46.726626],[23.598871,46.726702],[23.598733,46.726755],[23.598622,46.726813],[23.598523,46.726904],[23.598479,46.726985],[23.598458,46.727033],[23.598435,46.72713],[23.598447,46.727227],[23.5985,46.727318],[23.598601,46.727416],[23.598742,46.727508],[23.598901,46.727584],[23.599198,46.727724],[23.599447,46.72783],[23.599689,46.727931],[23.599733,46.727993],[23.60002,46.728121],[23.60025,46.728227],[23.600346,46.728278],[23.60049,46.728391],[23.600563,46.728456],[23.600645,46.72861],[23.600675,46.728726],[23.600683,46.728859],[23.600633,46.729005],[23.600562,46.729144],[23.600495,46.729252],[23.600425,46.729357],[23.60026,46.72955],[23.600168,46.729633],[23.600064,46.729711],[23.599854,46.729836],[23.599562,46.729979],[23.599135,46.730188],[23.597611,46.730968],[23.597063,46.731242],[23.596871,46.731338],[23.59646,46.731577],[23.595913,46.731848],[23.595598,46.732006],[23.595328,46.732155],[23.595135,46.732271],[23.595018,46.732373],[23.594957,46.732449],[23.594894,46.732564],[23.594865,46.73264],[23.594843,46.73271],[23.594816,46.73284],[23.594776,46.733001],[23.594672,46.733331],[23.594636,46.733526],[23.594621,46.733603],[23.594586,46.733824],[23.594577,46.733966],[23.594577,46.734093],[23.594601,46.734354],[23.594655,46.734613],[23.594682,46.734868],[23.594683,46.735013],[23.594664,46.735155],[23.594625,46.73529],[23.59457,46.735411],[23.594431,46.735606],[23.594279,46.73576],[23.594091,46.735898],[23.59382,46.736087],[23.593555,46.736283],[23.593334,46.736447],[23.593082,46.736655],[23.592353,46.737268],[23.592201,46.737401],[23.591721,46.73778],[23.591627,46.737916],[23.591438,46.738133],[23.591383,46.73822]]},"properties":{"name":"Calea Turzii","lines":"M11","arr":["M11"],"roundabout":0,"mode":"bus","color":"#0059a9"}},{"type":"Feature","geometry":{"type":"LineString","coordinates":[[23.603792,46.723277],[23.60376,46.723398],[23.603738,46.72357],[23.603733,46.723741],[23.603734,46.723937],[23.603741,46.725237],[23.603723,46.725419],[23.603691,46.725553],[23.603648,46.72568],[23.603577,46.725797],[23.603458,46.725928],[23.603333,46.726045],[23.603182,46.726149],[23.603007,46.726244],[23.602777,46.726335],[23.602564,46.726387],[23.602404,46.726417],[23.602192,46.726439],[23.601988,46.726451],[23.600499,46.726491],[23.600413,46.726524],[23.600158,46.726532],[23.599608,46.726548],[23.59935,46.726582],[23.599139,46.726626],[23.598871,46.726702],[23.598733,46.726755],[23.598622,46.726813],[23.598523,46.726904],[23.598479,46.726985],[23.598458,46.727033],[23.598435,46.72713],[23.598447,46.727227],[23.5985,46.727318],[23.598601,46.727416],[23.598742,46.727508],[23.598901,46.727584],[23.599198,46.727724],[23.599447,46.72783],[23.599689,46.727931],[23.599733,46.727993],[23.60002,46.728121],[23.60025,46.728227],[23.600346,46.728278],[23.60049,46.728391],[23.600563,46.728456],[23.600645,46.72861],[23.600675,46.728726],[23.600683,46.728859],[23.600633,46.729005],[23.600562,46.729144],[23.600495,46.729252],[23.600425,46.729357],[23.60026,46.72955],[23.600168,46.729633],[23.600064,46.729711],[23.599854,46.729836],[23.599562,46.729979],[23.599135,46.730188],[23.597611,46.730968],[23.597063,46.731242],[23.596871,46.731338],[23.59646,46.731577],[23.595913,46.731848],[23.595598,46.732006],[23.595328,46.732155],[23.595135,46.732271],[23.595018,46.732373],[23.594957,46.732449],[23.594894,46.732564],[23.594865,46.73264],[23.594843,46.73271],[23.594816,46.73284],[23.594776,46.733001],[23.594672,46.733331],[23.594636,46.733526],[23.594621,46.733603],[23.594586,46.733824],[23.594577,46.733966],[23.594577,46.734093],[23.594601,46.734354],[23.594655,46.734613],[23.594682,46.734868],[23.594683,46.735013],[23.594664,46.735155],[23.594625,46.73529],[23.59457,46.735411],[23.594431,46.735606],[23.594279,46.73576],[23.594091,46.735898],[23.59382,46.736087],[23.593555,46.736283],[23.593334,46.736447],[23.593082,46.736655],[23.592353,46.737268],[23.592201,46.737401],[23.591721,46.73778],[23.591627,46.737916],[23.591438,46.738133],[23.591383,46.73822]]},"properties":{"name":"Calea Turzii","lines":"M12","arr":["M12"],"roundabout":0,"mode":"bus","color":"#0059a9"}},{"type":"Feature","geometry":{"type":"LineString","coordinates":[[23.594001,46.735766],[23.594091,46.735898]]},"properties":{"name":"Strada Gherase Dendrino","lines":"M11","arr":["M11"],"roundabout":0,"mode":"bus","color":"#0059a9"}},{"type":"Feature","geometry":{"type":"LineString","coordinates":[[23.603792,46.723277],[23.603899,46.723022],[23.603946,46.722923],[23.6042,46.722445],[23.604327,46.722242],[23.604484,46.722025],[23.604649,46.721842],[23.604921,46.721631],[23.605119,46.721482],[23.605344,46.721336],[23.60564,46.721174],[23.606004,46.721012],[23.606411,46.720865],[23.606688,46.720775],[23.607013,46.720685],[23.607378,46.720597],[23.607737,46.720535],[23.608042,46.720497],[23.608396,46.720459],[23.609277,46.720388],[23.609859,46.720354],[23.61046,46.720333],[23.612264,46.720361],[23.612354,46.720364],[23.612649,46.720372],[23.612859,46.720387],[23.613079,46.720424],[23.613352,46.720489],[23.613787,46.720598],[23.614013,46.720654],[23.614206,46.720699]]},"properties":{"name":"DN1","lines":"M11","arr":["M11"],"roundabout":0,"mode":"bus","color":"#0059a9"}},{"type":"Feature","geometry":{"type":"LineString","coordinates":[[23.603792,46.723277],[23.603899,46.723022],[23.603946,46.722923],[23.6042,46.722445],[23.604327,46.722242],[23.604484,46.722025],[23.604649,46.721842],[23.604921,46.721631],[23.605119,46.721482],[23.605344,46.721336],[23.60564,46.721174],[23.606004,46.721012],[23.606411,46.720865],[23.606688,46.720775],[23.607013,46.720685],[23.607378,46.720597],[23.607737,46.720535],[23.608042,46.720497],[23.608396,46.720459],[23.609277,46.720388],[23.609859,46.720354],[23.61046,46.720333],[23.612264,46.720361],[23.612354,46.720364],[23.612649,46.720372],[23.612859,46.720387],[23.613079,46.720424],[23.613352,46.720489],[23.613787,46.720598],[23.614013,46.720654],[23.614206,46.720699]]},"properties":{"name":"DN1","lines":"M12","arr":["M12"],"roundabout":0,"mode":"bus","color":"#0059a9"}},{"type":"Feature","geometry":{"type":"LineString","coordinates":[[23.6163,46.720651],[23.616219,46.720675],[23.616113,46.720708],[23.616008,46.72073],[23.615874,46.720747],[23.61572,46.72076],[23.615566,46.720765],[23.615375,46.720765],[23.615185,46.720762],[23.614956,46.720748],[23.614782,46.720734],[23.614577,46.720717],[23.614348,46.720701],[23.614206,46.720699],[23.614413,46.720771],[23.614571,46.720799],[23.614745,46.720816],[23.614932,46.720829],[23.615162,46.720841],[23.615346,46.720849],[23.615556,46.720848],[23.615713,46.720843],[23.615859,46.720833],[23.615997,46.720816],[23.616178,46.720783],[23.616267,46.720777],[23.61638,46.720781]]},"properties":{"name":"DN1","lines":"M11","arr":["M11"],"roundabout":0,"mode":"bus","color":"#0059a9"}},{"type":"Feature","geometry":{"type":"LineString","coordinates":[[23.6163,46.720651],[23.616219,46.720675],[23.616113,46.720708],[23.616008,46.72073],[23.615874,46.720747],[23.61572,46.72076],[23.615566,46.720765],[23.615375,46.720765],[23.615185,46.720762],[23.614956,46.720748],[23.614782,46.720734],[23.614577,46.720717],[23.614348,46.720701],[23.614206,46.720699],[23.614413,46.720771],[23.614571,46.720799],[23.614745,46.720816],[23.614932,46.720829],[23.615162,46.720841],[23.615346,46.720849],[23.615556,46.720848],[23.615713,46.720843],[23.615859,46.720833],[23.615997,46.720816],[23.616178,46.720783],[23.616267,46.720777],[23.61638,46.720781]]},"properties":{"name":"DN1","lines":"M12","arr":["M12"],"roundabout":0,"mode":"bus","color":"#0059a9"}},{"type":"Feature","geometry":{"type":"LineString","coordinates":[[23.629976,46.716178],[23.629826,46.716197],[23.628925,46.716231],[23.628407,46.716286],[23.628074,46.716385],[23.627619,46.716592],[23.627385,46.716746],[23.626547,46.717342],[23.62563,46.717573],[23.625456,46.717641],[23.624727,46.717968],[23.624624,46.718105],[23.624351,46.718586],[23.624092,46.718908],[23.623901,46.719104],[23.623341,46.719509],[23.622909,46.719741],[23.622234,46.719992],[23.621719,46.720114],[23.621193,46.72031],[23.620461,46.720627],[23.620078,46.720741],[23.619724,46.720798],[23.619278,46.720818],[23.618953,46.720861],[23.618678,46.72096],[23.61839,46.721144],[23.618299,46.721197],[23.618147,46.721262],[23.618036,46.721261],[23.617927,46.721249],[23.61783,46.721222],[23.617679,46.721174],[23.617516,46.721111],[23.617211,46.720984],[23.616565,46.720721]]},"properties":{"name":"Strada Principală","lines":"M11","arr":["M11"],"roundabout":0,"mode":"bus","color":"#0059a9"}},{"type":"Feature","geometry":{"type":"LineString","coordinates":[[23.594672,46.733331],[23.594693,46.732991],[23.594732,46.732831],[23.594759,46.7327],[23.594782,46.732627],[23.594813,46.732546],[23.594879,46.732424],[23.594947,46.732341],[23.595071,46.732232],[23.595143,46.732188],[23.595265,46.732113],[23.595533,46.731965],[23.595846,46.73179],[23.596203,46.731625],[23.596419,46.731525],[23.596871,46.731338]]},"properties":{"name":"Calea Turzii","lines":"M12","arr":["M12"],"roundabout":0,"mode":"bus","color":"#0059a9"}},{"type":"Feature","geometry":{"type":"LineString","coordinates":[[23.599733,46.727993],[23.599627,46.72799],[23.599382,46.727888],[23.599146,46.727783],[23.598932,46.727685],[23.598668,46.727557],[23.598514,46.727454],[23.598411,46.727345],[23.598342,46.72724],[23.598328,46.727152],[23.598327,46.7271],[23.598356,46.726971],[23.598387,46.72692],[23.598443,46.726848],[23.598539,46.726763],[23.598664,46.726698],[23.59881,46.726642],[23.59909,46.726562],[23.599311,46.726516],[23.599582,46.72648],[23.600138,46.726465],[23.600428,46.726455],[23.600499,46.726491]]},"properties":{"name":"Calea Turzii","lines":"M12","arr":["M12"],"roundabout":0,"mode":"bus","color":"#0059a9"}},{"type":"Feature","geometry":{"type":"LineString","coordinates":[[23.616414,46.720593],[23.616546,46.720523],[23.616663,46.72044],[23.616729,46.720361],[23.616773,46.720295],[23.616845,46.720061],[23.616853,46.719951],[23.616877,46.719271],[23.616889,46.717849],[23.616878,46.717696],[23.616856,46.717543],[23.616824,46.717412],[23.616777,46.717257],[23.616708,46.717093],[23.616633,46.716943],[23.616194,46.716232],[23.615722,46.715477],[23.615641,46.715348],[23.61501,46.714309],[23.614942,46.714176],[23.614899,46.714024],[23.614864,46.713818],[23.614796,46.713349],[23.614747,46.71298],[23.614709,46.712683],[23.614701,46.712613],[23.614661,46.712319],[23.614616,46.711988],[23.614548,46.711535],[23.614469,46.710962],[23.614432,46.710731],[23.614416,46.710614],[23.614397,46.71048],[23.614358,46.710242],[23.614315,46.709946],[23.614271,46.709684],[23.614243,46.709459],[23.614239,46.709259],[23.614263,46.709062],[23.614274,46.709012],[23.614299,46.708895],[23.614364,46.708657],[23.614436,46.708437],[23.614572,46.708053],[23.614666,46.707774],[23.614702,46.707637],[23.614727,46.707514],[23.61475,46.707385],[23.614773,46.707208],[23.614826,46.706747],[23.614877,46.70636],[23.614896,46.706254],[23.614918,46.706185],[23.615024,46.705917],[23.61518,46.705579],[23.615258,46.705415],[23.615322,46.705259],[23.615365,46.70513],[23.615397,46.705031],[23.615428,46.704801],[23.615434,46.704687],[23.615413,46.70432],[23.615383,46.704007],[23.615378,46.703901],[23.615358,46.703616],[23.615358,46.703513],[23.615371,46.703422],[23.615397,46.703322],[23.615461,46.703174],[23.615578,46.702947],[23.615658,46.702778],[23.615673,46.702747],[23.6157,46.702675],[23.61577,46.702487],[23.615854,46.702201],[23.616015,46.701596],[23.616112,46.701235],[23.616171,46.700968],[23.616191,46.700777],[23.616187,46.70057],[23.616117,46.700095]]},"properties":{"name":"DN1","lines":"M12","arr":["M12"],"roundabout":0,"mode":"bus","color":"#0059a9"}},{"type":"Feature","geometry":{"type":"LineString","coordinates":[[23.616572,46.720696],[23.616789,46.720486],[23.616836,46.720424],[23.616865,46.720384],[23.616905,46.720305],[23.616931,46.720248],[23.61695,46.720167],[23.61695,46.720064],[23.616961,46.719284],[23.616967,46.717842],[23.616956,46.717693],[23.616934,46.717548],[23.616901,46.717403],[23.616853,46.717244],[23.616783,46.717077],[23.616707,46.716924],[23.616267,46.716211],[23.615802,46.715465],[23.615763,46.715402],[23.615715,46.715319],[23.615077,46.714279],[23.615013,46.714151],[23.614976,46.714011],[23.614942,46.713811],[23.614866,46.713288],[23.614823,46.712975],[23.614787,46.712679],[23.61478,46.712618],[23.614738,46.712319],[23.614711,46.712113],[23.614694,46.711988],[23.614626,46.711534],[23.614546,46.710961],[23.614505,46.710717],[23.614484,46.710579],[23.614471,46.710496],[23.614436,46.710241],[23.614393,46.709946],[23.614349,46.709684],[23.614321,46.709461],[23.614316,46.709264],[23.614341,46.70907],[23.614351,46.709021],[23.614376,46.708906],[23.61444,46.708669],[23.614505,46.708472],[23.614648,46.708066],[23.614742,46.707786],[23.614776,46.707646],[23.614804,46.707528],[23.614825,46.707393],[23.614851,46.707215],[23.614904,46.706754],[23.614954,46.706368],[23.614974,46.706267],[23.614995,46.706197],[23.615099,46.705932],[23.615255,46.705596],[23.615336,46.705425],[23.615393,46.705288],[23.615441,46.705142],[23.615474,46.705041],[23.615505,46.704808],[23.615512,46.704691],[23.615491,46.704322],[23.615464,46.704007],[23.615456,46.703902],[23.615433,46.703626],[23.615432,46.703512],[23.615446,46.703432],[23.615473,46.703339],[23.615535,46.703195],[23.615653,46.702965],[23.615728,46.702805],[23.615748,46.702762],[23.615781,46.702675],[23.615846,46.7025],[23.61593,46.702212],[23.616091,46.701607],[23.616187,46.701262],[23.616189,46.701246],[23.616248,46.700976],[23.616268,46.700782],[23.616269,46.700675],[23.616254,46.70056],[23.616117,46.700095],[23.616049,46.699883],[23.616019,46.699744],[23.616005,46.699591],[23.616018,46.699494],[23.616043,46.699392],[23.616095,46.699267],[23.616194,46.699102],[23.616284,46.698961],[23.616424,46.698758],[23.616513,46.698646],[23.616629,46.69853],[23.616767,46.698424],[23.61696,46.6983],[23.617141,46.698197],[23.617333,46.698111],[23.617637,46.697978],[23.617969,46.697845],[23.618442,46.697664],[23.6188,46.697522],[23.619194,46.697366]]},"properties":{"name":"DN1","lines":"M12","arr":["M12"],"roundabout":0,"mode":"bus","color":"#0059a9"}},{"type":"Feature","geometry":{"type":"LineString","coordinates":[[23.648161,46.674093],[23.647578,46.67443],[23.647049,46.674724],[23.646754,46.674897],[23.646461,46.675063],[23.646209,46.675209]]},"properties":{"name":"DN1","lines":"M12","arr":["M12"],"roundabout":0,"mode":"bus","color":"#0059a9"}},{"type":"Feature","geometry":{"type":"LineString","coordinates":[[23.619194,46.697366],[23.619283,46.697294],[23.619524,46.697199],[23.619767,46.697091],[23.620016,46.696965],[23.62019,46.696862],[23.620207,46.696851],[23.620465,46.696628],[23.620738,46.696381],[23.620794,46.696331],[23.621154,46.696039],[23.621393,46.695854],[23.62176,46.6956],[23.62218,46.695361],[23.622731,46.695087],[23.623408,46.694794],[23.624073,46.694499],[23.625293,46.693923],[23.625923,46.693628],[23.62612,46.693537],[23.626259,46.693458],[23.626377,46.693375],[23.626463,46.693293],[23.626543,46.693208],[23.626657,46.693032],[23.626813,46.692719],[23.627046,46.692264],[23.627298,46.691875],[23.627429,46.691678],[23.627565,46.69156]]},"properties":{"name":"DN1","lines":"M12","arr":["M12"],"roundabout":0,"mode":"bus","color":"#0059a9"}},{"type":"Feature","geometry":{"type":"LineString","coordinates":[[23.627613,46.691499],[23.627565,46.69156],[23.627525,46.691718],[23.627457,46.69182],[23.6274,46.691906],[23.627284,46.692085],[23.62715,46.692293],[23.626918,46.692744],[23.62674,46.693075],[23.626622,46.693265],[23.626538,46.693365],[23.626443,46.693456],[23.626325,46.693532],[23.626191,46.693612],[23.625945,46.693721],[23.625462,46.693947],[23.62467,46.694319],[23.624149,46.694565],[23.623466,46.694866],[23.622945,46.695097],[23.622475,46.695319],[23.62226,46.695427],[23.621848,46.695661],[23.621472,46.695919],[23.621237,46.69609],[23.620881,46.696379],[23.620553,46.696674],[23.620288,46.696904],[23.620086,46.697025],[23.61983,46.697154],[23.619582,46.697265],[23.619352,46.697355],[23.619194,46.697366]]},"properties":{"name":"DN1","lines":"M12","arr":["M12"],"roundabout":0,"mode":"bus","color":"#0059a9"}},{"type":"Feature","geometry":{"type":"LineString","coordinates":[[23.628547,46.690454],[23.627894,46.69118],[23.627873,46.691202],[23.627613,46.691499]]},"properties":{"name":"DN1","lines":"M12","arr":["M12"],"roundabout":0,"mode":"bus","color":"#0059a9"}},{"type":"Feature","geometry":{"type":"LineString","coordinates":[[23.630369,46.688294],[23.630101,46.688571],[23.629192,46.689674],[23.628547,46.690454]]},"properties":{"name":"DN1","lines":"M12","arr":["M12"],"roundabout":0,"mode":"bus","color":"#0059a9"}},{"type":"Feature","geometry":{"type":"LineString","coordinates":[[23.631904,46.687053],[23.630369,46.688294]]},"properties":{"name":"DN1","lines":"M12","arr":["M12"],"roundabout":0,"mode":"bus","color":"#0059a9"}},{"type":"Feature","geometry":{"type":"LineString","coordinates":[[23.633845,46.685329],[23.633714,46.685464],[23.633508,46.685688],[23.633217,46.685963],[23.633012,46.686146],[23.632911,46.686236],[23.631904,46.687053]]},"properties":{"name":"DN1","lines":"M12","arr":["M12"],"roundabout":0,"mode":"bus","color":"#0059a9"}},{"type":"Feature","geometry":{"type":"LineString","coordinates":[[23.633897,46.685266],[23.633845,46.685329]]},"properties":{"name":"DN1","lines":"M12","arr":["M12"],"roundabout":0,"mode":"bus","color":"#0059a9"}},{"type":"Feature","geometry":{"type":"LineString","coordinates":[[23.633897,46.685266],[23.63394,46.685157],[23.634054,46.685042],[23.634343,46.684741],[23.634567,46.684527],[23.634678,46.684432],[23.63484,46.684325],[23.635017,46.684198],[23.635333,46.683979],[23.635683,46.683759],[23.635917,46.683629],[23.636172,46.68348],[23.636334,46.683389],[23.636557,46.68324],[23.636679,46.683142],[23.636802,46.683047],[23.636958,46.682907],[23.637113,46.682748],[23.637285,46.682559],[23.637478,46.682335],[23.637691,46.682091],[23.638016,46.681709],[23.63817,46.681522],[23.638289,46.68137],[23.638362,46.68127],[23.638452,46.681135],[23.638523,46.681016],[23.638633,46.680816],[23.638754,46.680568],[23.638876,46.680302],[23.639021,46.679962],[23.639191,46.679577],[23.639254,46.679478],[23.639335,46.679371],[23.639451,46.679265],[23.639552,46.679171],[23.639701,46.679046],[23.639799,46.678984],[23.640074,46.678792],[23.640498,46.678518],[23.640782,46.678355],[23.64113,46.678146],[23.641544,46.677883],[23.642092,46.677534],[23.642665,46.677182],[23.643262,46.676815],[23.643801,46.676502],[23.643864,46.676464],[23.64389,46.676453],[23.644002,46.676395],[23.644028,46.676378],[23.644864,46.675914],[23.645286,46.67568],[23.645996,46.67528],[23.646209,46.675209],[23.646058,46.675342],[23.645275,46.67577],[23.644102,46.676417],[23.643957,46.6765],[23.643849,46.676564],[23.643312,46.67688],[23.642749,46.677219],[23.642166,46.677583],[23.641638,46.67791],[23.641242,46.678166],[23.640852,46.678419],[23.640616,46.678557],[23.640152,46.678848],[23.639922,46.678997],[23.639757,46.679105],[23.63966,46.67918],[23.639548,46.679275],[23.639443,46.679381],[23.63937,46.679471],[23.639312,46.679565],[23.639216,46.679757],[23.639133,46.679964],[23.638997,46.680275],[23.638916,46.680474],[23.638849,46.680625],[23.638764,46.680791],[23.638693,46.680925],[23.638603,46.681071],[23.638504,46.681219],[23.638404,46.681359],[23.638237,46.681566],[23.638049,46.681785],[23.63788,46.681984],[23.637723,46.682165],[23.637573,46.68234],[23.6373,46.682669],[23.637129,46.682856],[23.637006,46.68298],[23.63691,46.683068],[23.636756,46.68319],[23.636589,46.683311],[23.636232,46.68354],[23.635841,46.683759],[23.635441,46.683996],[23.634972,46.684337],[23.634746,46.684529],[23.634142,46.685074],[23.634026,46.685181],[23.633897,46.685266]]},"properties":{"name":"DN1","lines":"M12","arr":["M12"],"roundabout":0,"mode":"bus","color":"#0059a9"}},{"type":"Feature","geometry":{"type":"LineString","coordinates":[[23.618442,46.697664],[23.61844,46.697605]]},"properties":{"name":"","lines":"M12","arr":["M12"],"roundabout":0,"mode":"bus","color":"#0059a9"}},{"type":"Feature","geometry":{"type":"LineString","coordinates":[[23.618478,46.697522],[23.618523,46.697494],[23.618586,46.697481]]},"properties":{"name":"","lines":"M12","arr":["M12"],"roundabout":0,"mode":"bus","color":"#0059a9"}},{"type":"Feature","geometry":{"type":"LineString","coordinates":[[23.618721,46.697493],[23.6188,46.697522]]},"properties":{"name":"","lines":"M12","arr":["M12"],"roundabout":0,"mode":"bus","color":"#0059a9"}},{"type":"Feature","geometry":{"type":"LineString","coordinates":[[23.653913,46.687786],[23.653624,46.687661],[23.653259,46.68751],[23.652867,46.687296],[23.652572,46.687076],[23.651916,46.686645],[23.65168,46.686428],[23.651471,46.686056],[23.651428,46.685916]]},"properties":{"name":"","lines":"M12","arr":["M12"],"roundabout":0,"mode":"bus","color":"#0059a9"}},{"type":"Feature","geometry":{"type":"LineString","coordinates":[[23.648161,46.674093],[23.648261,46.674232],[23.6497,46.676508],[23.64977,46.676618],[23.649981,46.676941],[23.65013,46.677167],[23.650226,46.677218]]},"properties":{"name":"DJ103M","lines":"M12","arr":["M12"],"roundabout":0,"mode":"bus","color":"#0059a9"}},{"type":"Feature","geometry":{"type":"LineString","coordinates":[[23.651428,46.685916],[23.651451,46.685843],[23.651499,46.685769],[23.651569,46.685585],[23.651569,46.685427],[23.65151,46.68518],[23.651317,46.684536],[23.651178,46.684286],[23.650743,46.683627],[23.650695,46.683513],[23.650448,46.683046],[23.650065,46.682453],[23.649637,46.681738],[23.649549,46.681505],[23.649512,46.681139],[23.649542,46.680869],[23.649616,46.680608],[23.64999,46.679675],[23.650081,46.679285],[23.650242,46.678858],[23.650301,46.678622],[23.650296,46.678471],[23.650196,46.678149],[23.650143,46.677822],[23.650148,46.677579],[23.650164,46.677373],[23.650226,46.677218]]},"properties":{"name":"DC75","lines":"M12","arr":["M12"],"roundabout":0,"mode":"bus","color":"#0059a9"}},{"type":"Feature","geometry":{"type":"LineString","coordinates":[[23.653913,46.687786],[23.653929,46.687742],[23.65401,46.687657],[23.654208,46.68751]]},"properties":{"name":"DC75","lines":"M12","arr":["M12"],"roundabout":0,"mode":"bus","color":"#0059a9"}},{"type":"Feature","geometry":{"type":"LineString","coordinates":[[23.597843,46.731191],[23.597611,46.730968]]},"properties":{"name":"Strada Iosif Sava","lines":"M12","arr":["M12"],"roundabout":0,"mode":"bus","color":"#0059a9"}},{"type":"Feature","geometry":{"type":"LineString","coordinates":[[23.654535,46.728061],[23.654658,46.727998],[23.654752,46.727924],[23.654955,46.727767],[23.655324,46.727409],[23.655486,46.727259],[23.65645,46.725944],[23.656624,46.725769],[23.656786,46.725674],[23.656997,46.72556],[23.657448,46.725407],[23.657716,46.725289],[23.658424,46.724885],[23.658982,46.724635],[23.659958,46.724333],[23.66013,46.724267],[23.660366,46.72412],[23.660602,46.723921],[23.661224,46.723326],[23.662469,46.722369],[23.663349,46.721935],[23.664947,46.721354],[23.665408,46.721237],[23.666526,46.72109],[23.667518,46.720817],[23.667928,46.720619],[23.66859,46.72017],[23.668815,46.720067],[23.669147,46.719986],[23.670112,46.719807],[23.670533,46.71977],[23.670765,46.71973],[23.671712,46.719542],[23.67286,46.719282],[23.673337,46.719111],[23.673717,46.718979],[23.673903,46.718914],[23.674321,46.71878],[23.674883,46.718647],[23.675072,46.718614],[23.676084,46.718539],[23.676462,46.718474],[23.676701,46.718427],[23.678044,46.718051],[23.678201,46.718023],[23.67843,46.718006],[23.678963,46.717962],[23.679244,46.717927],[23.679511,46.717865],[23.679691,46.717819],[23.679951,46.717728],[23.680622,46.717449],[23.680877,46.717329],[23.681534,46.716858],[23.681926,46.716602],[23.68212,46.716507],[23.68332,46.716047],[23.683605,46.715897],[23.683857,46.71575],[23.685167,46.71491],[23.685318,46.71483],[23.685494,46.714736],[23.686635,46.714128],[23.686979,46.713991],[23.687156,46.713907],[23.687295,46.713745],[23.687542,46.713465],[23.687708,46.713366],[23.687939,46.713285],[23.688817,46.713066],[23.689275,46.712917],[23.689827,46.712682],[23.691265,46.712281],[23.691357,46.712264],[23.691395,46.712257],[23.691699,46.7122]]},"properties":{"name":"DJ103G","lines":"M13","arr":["M13"],"roundabout":0,"mode":"bus","color":"#0059a9"}},{"type":"Feature","geometry":{"type":"LineString","coordinates":[[23.654535,46.728061],[23.654658,46.727998],[23.654752,46.727924],[23.654955,46.727767],[23.655324,46.727409],[23.655486,46.727259],[23.65645,46.725944],[23.656624,46.725769],[23.656786,46.725674],[23.656997,46.72556],[23.657448,46.725407],[23.657716,46.725289],[23.658424,46.724885],[23.658982,46.724635],[23.659958,46.724333],[23.66013,46.724267],[23.660366,46.72412],[23.660602,46.723921],[23.661224,46.723326],[23.662469,46.722369],[23.663349,46.721935],[23.664947,46.721354],[23.665408,46.721237],[23.666526,46.72109],[23.667518,46.720817],[23.667928,46.720619],[23.66859,46.72017],[23.668815,46.720067],[23.669147,46.719986],[23.670112,46.719807],[23.670533,46.71977],[23.670765,46.71973],[23.671712,46.719542],[23.67286,46.719282],[23.673337,46.719111],[23.673717,46.718979],[23.673903,46.718914],[23.674321,46.71878],[23.674883,46.718647],[23.675072,46.718614],[23.676084,46.718539],[23.676462,46.718474],[23.676701,46.718427],[23.678044,46.718051],[23.678201,46.718023],[23.67843,46.718006],[23.678963,46.717962],[23.679244,46.717927],[23.679511,46.717865],[23.679691,46.717819],[23.679951,46.717728],[23.680622,46.717449],[23.680877,46.717329],[23.681534,46.716858],[23.681926,46.716602],[23.68212,46.716507],[23.68332,46.716047],[23.683605,46.715897],[23.683857,46.71575],[23.685167,46.71491],[23.685318,46.71483],[23.685494,46.714736],[23.686635,46.714128],[23.686979,46.713991],[23.687156,46.713907],[23.687295,46.713745],[23.687542,46.713465],[23.687708,46.713366],[23.687939,46.713285],[23.688817,46.713066],[23.689275,46.712917],[23.689827,46.712682],[23.691265,46.712281],[23.691357,46.712264],[23.691395,46.712257],[23.691699,46.7122]]},"properties":{"name":"DJ103G","lines":"M61","arr":["M61"],"roundabout":0,"mode":"bus","color":"#0059a9"}},{"type":"Feature","geometry":{"type":"LineString","coordinates":[[23.691699,46.7122],[23.691882,46.712192],[23.692552,46.712163],[23.69289,46.712134],[23.693263,46.712053],[23.693467,46.711999],[23.69466,46.711683],[23.694897,46.711604],[23.695004,46.711545],[23.695133,46.711435],[23.695471,46.711093],[23.695583,46.711027],[23.695635,46.711008],[23.695771,46.710961],[23.696399,46.710832],[23.697139,46.710644],[23.697439,46.710611],[23.697724,46.710541],[23.69819,46.710365],[23.698721,46.710126],[23.698888,46.710078],[23.698977,46.710064],[23.69922,46.710026],[23.69999,46.709936],[23.700597,46.709823],[23.702314,46.709506],[23.702611,46.709457],[23.702869,46.709425],[23.703623,46.709372],[23.70379,46.709336],[23.704322,46.709138],[23.704413,46.709127],[23.70451,46.709127],[23.705041,46.70918],[23.705402,46.709208],[23.705792,46.709199],[23.706104,46.709191],[23.70648,46.709133],[23.706929,46.709046],[23.707209,46.709002],[23.707531,46.708987],[23.708662,46.709],[23.710412,46.709088],[23.710744,46.709092],[23.710801,46.709086],[23.710981,46.709066],[23.711497,46.708947],[23.713624,46.70836],[23.71393,46.708257],[23.714215,46.708132],[23.716613,46.707056],[23.719136,46.705942],[23.720225,46.705451],[23.721556,46.704862],[23.723024,46.704175],[23.723264,46.704077],[23.723474,46.704036],[23.724458,46.703898],[23.724872,46.703846],[23.725078,46.70382],[23.72537,46.703763],[23.727749,46.703159],[23.729565,46.702686],[23.731809,46.702087],[23.734732,46.701269],[23.735521,46.701059],[23.736489,46.700785],[23.73731,46.700563],[23.73832,46.700295],[23.738427,46.70027],[23.738545,46.700251],[23.738707,46.700231],[23.738943,46.700216],[23.739564,46.700194],[23.739938,46.700176],[23.740528,46.700178],[23.740708,46.700178],[23.740932,46.700156],[23.741098,46.700136],[23.741497,46.700065],[23.741777,46.700001],[23.741974,46.699948],[23.742185,46.699862],[23.742293,46.699796],[23.742402,46.699714],[23.742493,46.699625],[23.742563,46.699537],[23.742633,46.699392],[23.742769,46.699069],[23.742826,46.698914],[23.742877,46.698819],[23.742921,46.69875],[23.742993,46.698686],[23.743138,46.69856],[23.743287,46.698426],[23.743349,46.698353],[23.74342,46.698267],[23.74344,46.698214],[23.743468,46.698116],[23.743491,46.697932],[23.743549,46.697323],[23.743594,46.697135],[23.743634,46.696974],[23.743708,46.696722],[23.744033,46.695607],[23.744065,46.695486],[23.744093,46.695372],[23.744089,46.695284],[23.744065,46.695211],[23.744023,46.695136],[23.743928,46.695041],[23.743884,46.695],[23.743817,46.694938],[23.743663,46.694809]]},"properties":{"name":"DJ103G","lines":"M61","arr":["M61"],"roundabout":0,"mode":"bus","color":"#0059a9"}},{"type":"Feature","geometry":{"type":"LineString","coordinates":[[23.654955,46.727767],[23.654891,46.727892],[23.654879,46.727936],[23.654879,46.727959],[23.654887,46.72798],[23.654936,46.728027],[23.654991,46.728053]]},"properties":{"name":"DJ103G","lines":"M13","arr":["M13"],"roundabout":0,"mode":"bus","color":"#0059a9"}},{"type":"Feature","geometry":{"type":"LineString","coordinates":[[23.654174,46.728432],[23.654053,46.728499],[23.65386,46.728603]]},"properties":{"name":"Strada Borhanciului","lines":"M13","arr":["M13"],"roundabout":0,"mode":"bus","color":"#0059a9"}},{"type":"Feature","geometry":{"type":"LineString","coordinates":[[23.575052,46.717024],[23.575053,46.716973],[23.574996,46.716833],[23.574939,46.716781],[23.574894,46.716759],[23.574836,46.716731],[23.57474,46.716705],[23.574579,46.716701],[23.574386,46.716712],[23.574286,46.716715],[23.574257,46.716716],[23.574107,46.716694],[23.574021,46.716661],[23.573924,46.71658],[23.573822,46.716444],[23.573737,46.716157],[23.573661,46.715635],[23.57365,46.715506],[23.573629,46.715282],[23.573603,46.715171],[23.573532,46.714868],[23.573353,46.71449],[23.57309,46.714174],[23.573024,46.714095],[23.572524,46.713454],[23.572469,46.713288],[23.572464,46.71323],[23.572462,46.713153],[23.572523,46.712824],[23.572545,46.712679],[23.572518,46.712495],[23.572471,46.712403],[23.57242,46.712305],[23.572379,46.712268],[23.572335,46.712228],[23.57222,46.712163],[23.572103,46.712121]]},"properties":{"name":"Strada Făgetului","lines":"M16","arr":["M16"],"roundabout":0,"mode":"bus","color":"#0059a9"}},{"type":"Feature","geometry":{"type":"LineString","coordinates":[[23.575052,46.717024],[23.575053,46.716973],[23.574996,46.716833],[23.574939,46.716781],[23.574894,46.716759],[23.574836,46.716731],[23.57474,46.716705],[23.574579,46.716701],[23.574386,46.716712],[23.574286,46.716715],[23.574257,46.716716],[23.574107,46.716694],[23.574021,46.716661],[23.573924,46.71658],[23.573822,46.716444],[23.573737,46.716157],[23.573661,46.715635],[23.57365,46.715506],[23.573629,46.715282],[23.573603,46.715171],[23.573532,46.714868],[23.573353,46.71449],[23.57309,46.714174],[23.573024,46.714095],[23.572524,46.713454],[23.572469,46.713288],[23.572464,46.71323],[23.572462,46.713153],[23.572523,46.712824],[23.572545,46.712679],[23.572518,46.712495],[23.572471,46.712403],[23.57242,46.712305],[23.572379,46.712268],[23.572335,46.712228],[23.57222,46.712163],[23.572103,46.712121]]},"properties":{"name":"Strada Făgetului","lines":"M17","arr":["M17"],"roundabout":0,"mode":"bus","color":"#0059a9"}},{"type":"Feature","geometry":{"type":"LineString","coordinates":[[23.575052,46.717024],[23.575053,46.716973],[23.574996,46.716833],[23.574939,46.716781],[23.574894,46.716759],[23.574836,46.716731],[23.57474,46.716705],[23.574579,46.716701],[23.574386,46.716712],[23.574286,46.716715],[23.574257,46.716716],[23.574107,46.716694],[23.574021,46.716661],[23.573924,46.71658],[23.573822,46.716444],[23.573737,46.716157],[23.573661,46.715635],[23.57365,46.715506],[23.573629,46.715282],[23.573603,46.715171],[23.573532,46.714868],[23.573353,46.71449],[23.57309,46.714174],[23.573024,46.714095],[23.572524,46.713454],[23.572469,46.713288],[23.572464,46.71323],[23.572462,46.713153],[23.572523,46.712824],[23.572545,46.712679],[23.572518,46.712495],[23.572471,46.712403],[23.57242,46.712305],[23.572379,46.712268],[23.572335,46.712228],[23.57222,46.712163],[23.572103,46.712121]]},"properties":{"name":"Strada Făgetului","lines":"M18","arr":["M18"],"roundabout":0,"mode":"bus","color":"#0059a9"}},{"type":"Feature","geometry":{"type":"LineString","coordinates":[[23.575052,46.717024],[23.575053,46.716973],[23.574996,46.716833],[23.574939,46.716781],[23.574894,46.716759],[23.574836,46.716731],[23.57474,46.716705],[23.574579,46.716701],[23.574386,46.716712],[23.574286,46.716715],[23.574257,46.716716],[23.574107,46.716694],[23.574021,46.716661],[23.573924,46.71658],[23.573822,46.716444],[23.573737,46.716157],[23.573661,46.715635],[23.57365,46.715506],[23.573629,46.715282],[23.573603,46.715171],[23.573532,46.714868],[23.573353,46.71449],[23.57309,46.714174],[23.573024,46.714095],[23.572524,46.713454],[23.572469,46.713288],[23.572464,46.71323],[23.572462,46.713153],[23.572523,46.712824],[23.572545,46.712679],[23.572518,46.712495],[23.572471,46.712403],[23.57242,46.712305],[23.572379,46.712268],[23.572335,46.712228],[23.57222,46.712163],[23.572103,46.712121]]},"properties":{"name":"Strada Făgetului","lines":"M71","arr":["M71"],"roundabout":0,"mode":"bus","color":"#0059a9"}},{"type":"Feature","geometry":{"type":"LineString","coordinates":[[23.572103,46.712121],[23.571811,46.712082],[23.571532,46.712038],[23.571317,46.711994],[23.57107,46.711883],[23.570641,46.711685],[23.570116,46.71139],[23.569719,46.711221],[23.569397,46.711155],[23.569053,46.711133],[23.568699,46.711133],[23.56842,46.711133],[23.568077,46.711022],[23.567905,46.710912],[23.567659,46.71064],[23.56739,46.71025],[23.56724,46.710132],[23.567069,46.710103],[23.566904,46.710116],[23.566698,46.710246],[23.566408,46.710337],[23.566164,46.710326],[23.565964,46.710253],[23.565685,46.710096],[23.564993,46.709736],[23.564601,46.70953],[23.564303,46.709366],[23.564008,46.70919],[23.563745,46.709022],[23.56352,46.708918],[23.563327,46.708844],[23.563056,46.708772],[23.562715,46.70868],[23.562528,46.708588],[23.562404,46.708504],[23.562289,46.708373],[23.562211,46.708224],[23.562163,46.708022],[23.562132,46.707468],[23.562119,46.707297],[23.562072,46.707108],[23.561997,46.706946],[23.561924,46.706837],[23.561822,46.706729],[23.561626,46.706543],[23.561366,46.706379],[23.561103,46.706234],[23.560808,46.706085],[23.560336,46.705885],[23.559408,46.705471],[23.559038,46.7053],[23.55885,46.705195],[23.558483,46.704941],[23.558115,46.704698],[23.557914,46.704608],[23.557729,46.704564],[23.55759,46.704549],[23.55735,46.704535],[23.557221,46.704525],[23.55713,46.704512],[23.557043,46.704485],[23.556884,46.704417],[23.556375,46.704146],[23.555532,46.703696],[23.555378,46.703603],[23.555292,46.703543],[23.555252,46.703509],[23.555082,46.703337],[23.55498,46.703195],[23.554878,46.703059],[23.554763,46.702923],[23.554634,46.702804],[23.55424,46.702471],[23.553918,46.702256],[23.553671,46.702123],[23.553491,46.702059],[23.55336,46.70205],[23.553183,46.702062],[23.552872,46.702145],[23.552845,46.702153],[23.552657,46.702182],[23.552502,46.702178],[23.552343,46.702156],[23.552118,46.70207],[23.551965,46.701985],[23.551772,46.701856],[23.551429,46.70165],[23.551222,46.701544],[23.550981,46.701443],[23.550463,46.701181],[23.550286,46.701078],[23.550176,46.700979],[23.550144,46.700885],[23.550098,46.700734],[23.550088,46.700552],[23.550098,46.700427],[23.550141,46.700308],[23.550281,46.700153],[23.550356,46.700032],[23.550394,46.699931],[23.550399,46.699787],[23.550324,46.699439],[23.550122,46.698786],[23.550026,46.698503],[23.549994,46.698251],[23.549972,46.697835],[23.549991,46.697385],[23.55001,46.697162],[23.550071,46.696939],[23.55012,46.696792],[23.550152,46.696705],[23.550176,46.696641],[23.550332,46.696221],[23.550696,46.695238],[23.550742,46.695044],[23.550737,46.694901],[23.550629,46.694533],[23.550383,46.694052],[23.550314,46.693878],[23.55031,46.69376],[23.550332,46.693638],[23.550396,46.693479],[23.550586,46.693037],[23.550694,46.692736],[23.550739,46.692544],[23.55079,46.692127],[23.550827,46.691972],[23.550861,46.691861],[23.550935,46.691749],[23.551201,46.691503],[23.551348,46.691395],[23.551522,46.691215],[23.551563,46.691126],[23.551598,46.691024],[23.551608,46.690915],[23.551599,46.690819],[23.551572,46.690712],[23.551532,46.690601],[23.551483,46.690532],[23.551402,46.690447],[23.551317,46.690388],[23.551234,46.690348],[23.551146,46.690317],[23.551019,46.690282],[23.550754,46.690214],[23.550608,46.690164],[23.550491,46.690106],[23.550391,46.690037],[23.550313,46.689979],[23.550235,46.689893],[23.55018,46.689826],[23.55009,46.689669],[23.550002,46.689481],[23.549896,46.689299],[23.54976,46.689136],[23.549559,46.688943]]},"properties":{"name":"DJ107R","lines":"M16","arr":["M16"],"roundabout":0,"mode":"bus","color":"#0059a9"}},{"type":"Feature","geometry":{"type":"LineString","coordinates":[[23.572103,46.712121],[23.571811,46.712082],[23.571532,46.712038],[23.571317,46.711994],[23.57107,46.711883],[23.570641,46.711685],[23.570116,46.71139],[23.569719,46.711221],[23.569397,46.711155],[23.569053,46.711133],[23.568699,46.711133],[23.56842,46.711133],[23.568077,46.711022],[23.567905,46.710912],[23.567659,46.71064],[23.56739,46.71025],[23.56724,46.710132],[23.567069,46.710103],[23.566904,46.710116],[23.566698,46.710246],[23.566408,46.710337],[23.566164,46.710326],[23.565964,46.710253],[23.565685,46.710096],[23.564993,46.709736],[23.564601,46.70953],[23.564303,46.709366],[23.564008,46.70919],[23.563745,46.709022],[23.56352,46.708918],[23.563327,46.708844],[23.563056,46.708772],[23.562715,46.70868],[23.562528,46.708588],[23.562404,46.708504],[23.562289,46.708373],[23.562211,46.708224],[23.562163,46.708022],[23.562132,46.707468],[23.562119,46.707297],[23.562072,46.707108],[23.561997,46.706946],[23.561924,46.706837],[23.561822,46.706729],[23.561626,46.706543],[23.561366,46.706379],[23.561103,46.706234],[23.560808,46.706085],[23.560336,46.705885],[23.559408,46.705471],[23.559038,46.7053],[23.55885,46.705195],[23.558483,46.704941],[23.558115,46.704698],[23.557914,46.704608],[23.557729,46.704564],[23.55759,46.704549],[23.55735,46.704535],[23.557221,46.704525],[23.55713,46.704512],[23.557043,46.704485],[23.556884,46.704417],[23.556375,46.704146],[23.555532,46.703696],[23.555378,46.703603],[23.555292,46.703543],[23.555252,46.703509],[23.555082,46.703337],[23.55498,46.703195],[23.554878,46.703059],[23.554763,46.702923],[23.554634,46.702804],[23.55424,46.702471],[23.553918,46.702256],[23.553671,46.702123],[23.553491,46.702059],[23.55336,46.70205],[23.553183,46.702062],[23.552872,46.702145],[23.552845,46.702153],[23.552657,46.702182],[23.552502,46.702178],[23.552343,46.702156],[23.552118,46.70207],[23.551965,46.701985],[23.551772,46.701856],[23.551429,46.70165],[23.551222,46.701544],[23.550981,46.701443],[23.550463,46.701181],[23.550286,46.701078],[23.550176,46.700979],[23.550144,46.700885],[23.550098,46.700734],[23.550088,46.700552],[23.550098,46.700427],[23.550141,46.700308],[23.550281,46.700153],[23.550356,46.700032],[23.550394,46.699931],[23.550399,46.699787],[23.550324,46.699439],[23.550122,46.698786],[23.550026,46.698503],[23.549994,46.698251],[23.549972,46.697835],[23.549991,46.697385],[23.55001,46.697162],[23.550071,46.696939],[23.55012,46.696792],[23.550152,46.696705],[23.550176,46.696641],[23.550332,46.696221],[23.550696,46.695238],[23.550742,46.695044],[23.550737,46.694901],[23.550629,46.694533],[23.550383,46.694052],[23.550314,46.693878],[23.55031,46.69376],[23.550332,46.693638],[23.550396,46.693479],[23.550586,46.693037],[23.550694,46.692736],[23.550739,46.692544],[23.55079,46.692127],[23.550827,46.691972],[23.550861,46.691861],[23.550935,46.691749],[23.551201,46.691503],[23.551348,46.691395],[23.551522,46.691215],[23.551563,46.691126],[23.551598,46.691024],[23.551608,46.690915],[23.551599,46.690819],[23.551572,46.690712],[23.551532,46.690601],[23.551483,46.690532],[23.551402,46.690447],[23.551317,46.690388],[23.551234,46.690348],[23.551146,46.690317],[23.551019,46.690282],[23.550754,46.690214],[23.550608,46.690164],[23.550491,46.690106],[23.550391,46.690037],[23.550313,46.689979],[23.550235,46.689893],[23.55018,46.689826],[23.55009,46.689669],[23.550002,46.689481],[23.549896,46.689299],[23.54976,46.689136],[23.549559,46.688943]]},"properties":{"name":"DJ107R","lines":"M17","arr":["M17"],"roundabout":0,"mode":"bus","color":"#0059a9"}},{"type":"Feature","geometry":{"type":"LineString","coordinates":[[23.572103,46.712121],[23.571811,46.712082],[23.571532,46.712038],[23.571317,46.711994],[23.57107,46.711883],[23.570641,46.711685],[23.570116,46.71139],[23.569719,46.711221],[23.569397,46.711155],[23.569053,46.711133],[23.568699,46.711133],[23.56842,46.711133],[23.568077,46.711022],[23.567905,46.710912],[23.567659,46.71064],[23.56739,46.71025],[23.56724,46.710132],[23.567069,46.710103],[23.566904,46.710116],[23.566698,46.710246],[23.566408,46.710337],[23.566164,46.710326],[23.565964,46.710253],[23.565685,46.710096],[23.564993,46.709736],[23.564601,46.70953],[23.564303,46.709366],[23.564008,46.70919],[23.563745,46.709022],[23.56352,46.708918],[23.563327,46.708844],[23.563056,46.708772],[23.562715,46.70868],[23.562528,46.708588],[23.562404,46.708504],[23.562289,46.708373],[23.562211,46.708224],[23.562163,46.708022],[23.562132,46.707468],[23.562119,46.707297],[23.562072,46.707108],[23.561997,46.706946],[23.561924,46.706837],[23.561822,46.706729],[23.561626,46.706543],[23.561366,46.706379],[23.561103,46.706234],[23.560808,46.706085],[23.560336,46.705885],[23.559408,46.705471],[23.559038,46.7053],[23.55885,46.705195],[23.558483,46.704941],[23.558115,46.704698],[23.557914,46.704608],[23.557729,46.704564],[23.55759,46.704549],[23.55735,46.704535],[23.557221,46.704525],[23.55713,46.704512],[23.557043,46.704485],[23.556884,46.704417],[23.556375,46.704146],[23.555532,46.703696],[23.555378,46.703603],[23.555292,46.703543],[23.555252,46.703509],[23.555082,46.703337],[23.55498,46.703195],[23.554878,46.703059],[23.554763,46.702923],[23.554634,46.702804],[23.55424,46.702471],[23.553918,46.702256],[23.553671,46.702123],[23.553491,46.702059],[23.55336,46.70205],[23.553183,46.702062],[23.552872,46.702145],[23.552845,46.702153],[23.552657,46.702182],[23.552502,46.702178],[23.552343,46.702156],[23.552118,46.70207],[23.551965,46.701985],[23.551772,46.701856],[23.551429,46.70165],[23.551222,46.701544],[23.550981,46.701443],[23.550463,46.701181],[23.550286,46.701078],[23.550176,46.700979],[23.550144,46.700885],[23.550098,46.700734],[23.550088,46.700552],[23.550098,46.700427],[23.550141,46.700308],[23.550281,46.700153],[23.550356,46.700032],[23.550394,46.699931],[23.550399,46.699787],[23.550324,46.699439],[23.550122,46.698786],[23.550026,46.698503],[23.549994,46.698251],[23.549972,46.697835],[23.549991,46.697385],[23.55001,46.697162],[23.550071,46.696939],[23.55012,46.696792],[23.550152,46.696705],[23.550176,46.696641],[23.550332,46.696221],[23.550696,46.695238],[23.550742,46.695044],[23.550737,46.694901],[23.550629,46.694533],[23.550383,46.694052],[23.550314,46.693878],[23.55031,46.69376],[23.550332,46.693638],[23.550396,46.693479],[23.550586,46.693037],[23.550694,46.692736],[23.550739,46.692544],[23.55079,46.692127],[23.550827,46.691972],[23.550861,46.691861],[23.550935,46.691749],[23.551201,46.691503],[23.551348,46.691395],[23.551522,46.691215],[23.551563,46.691126],[23.551598,46.691024],[23.551608,46.690915],[23.551599,46.690819],[23.551572,46.690712],[23.551532,46.690601],[23.551483,46.690532],[23.551402,46.690447],[23.551317,46.690388],[23.551234,46.690348],[23.551146,46.690317],[23.551019,46.690282],[23.550754,46.690214],[23.550608,46.690164],[23.550491,46.690106],[23.550391,46.690037],[23.550313,46.689979],[23.550235,46.689893],[23.55018,46.689826],[23.55009,46.689669],[23.550002,46.689481],[23.549896,46.689299],[23.54976,46.689136],[23.549559,46.688943]]},"properties":{"name":"DJ107R","lines":"M18","arr":["M18"],"roundabout":0,"mode":"bus","color":"#0059a9"}},{"type":"Feature","geometry":{"type":"LineString","coordinates":[[23.572103,46.712121],[23.571811,46.712082],[23.571532,46.712038],[23.571317,46.711994],[23.57107,46.711883],[23.570641,46.711685],[23.570116,46.71139],[23.569719,46.711221],[23.569397,46.711155],[23.569053,46.711133],[23.568699,46.711133],[23.56842,46.711133],[23.568077,46.711022],[23.567905,46.710912],[23.567659,46.71064],[23.56739,46.71025],[23.56724,46.710132],[23.567069,46.710103],[23.566904,46.710116],[23.566698,46.710246],[23.566408,46.710337],[23.566164,46.710326],[23.565964,46.710253],[23.565685,46.710096],[23.564993,46.709736],[23.564601,46.70953],[23.564303,46.709366],[23.564008,46.70919],[23.563745,46.709022],[23.56352,46.708918],[23.563327,46.708844],[23.563056,46.708772],[23.562715,46.70868],[23.562528,46.708588],[23.562404,46.708504],[23.562289,46.708373],[23.562211,46.708224],[23.562163,46.708022],[23.562132,46.707468],[23.562119,46.707297],[23.562072,46.707108],[23.561997,46.706946],[23.561924,46.706837],[23.561822,46.706729],[23.561626,46.706543],[23.561366,46.706379],[23.561103,46.706234],[23.560808,46.706085],[23.560336,46.705885],[23.559408,46.705471],[23.559038,46.7053],[23.55885,46.705195],[23.558483,46.704941],[23.558115,46.704698],[23.557914,46.704608],[23.557729,46.704564],[23.55759,46.704549],[23.55735,46.704535],[23.557221,46.704525],[23.55713,46.704512],[23.557043,46.704485],[23.556884,46.704417],[23.556375,46.704146],[23.555532,46.703696],[23.555378,46.703603],[23.555292,46.703543],[23.555252,46.703509],[23.555082,46.703337],[23.55498,46.703195],[23.554878,46.703059],[23.554763,46.702923],[23.554634,46.702804],[23.55424,46.702471],[23.553918,46.702256],[23.553671,46.702123],[23.553491,46.702059],[23.55336,46.70205],[23.553183,46.702062],[23.552872,46.702145],[23.552845,46.702153],[23.552657,46.702182],[23.552502,46.702178],[23.552343,46.702156],[23.552118,46.70207],[23.551965,46.701985],[23.551772,46.701856],[23.551429,46.70165],[23.551222,46.701544],[23.550981,46.701443],[23.550463,46.701181],[23.550286,46.701078],[23.550176,46.700979],[23.550144,46.700885],[23.550098,46.700734],[23.550088,46.700552],[23.550098,46.700427],[23.550141,46.700308],[23.550281,46.700153],[23.550356,46.700032],[23.550394,46.699931],[23.550399,46.699787],[23.550324,46.699439],[23.550122,46.698786],[23.550026,46.698503],[23.549994,46.698251],[23.549972,46.697835],[23.549991,46.697385],[23.55001,46.697162],[23.550071,46.696939],[23.55012,46.696792],[23.550152,46.696705],[23.550176,46.696641],[23.550332,46.696221],[23.550696,46.695238],[23.550742,46.695044],[23.550737,46.694901],[23.550629,46.694533],[23.550383,46.694052],[23.550314,46.693878],[23.55031,46.69376],[23.550332,46.693638],[23.550396,46.693479],[23.550586,46.693037],[23.550694,46.692736],[23.550739,46.692544],[23.55079,46.692127],[23.550827,46.691972],[23.550861,46.691861],[23.550935,46.691749],[23.551201,46.691503],[23.551348,46.691395],[23.551522,46.691215],[23.551563,46.691126],[23.551598,46.691024],[23.551608,46.690915],[23.551599,46.690819],[23.551572,46.690712],[23.551532,46.690601],[23.551483,46.690532],[23.551402,46.690447],[23.551317,46.690388],[23.551234,46.690348],[23.551146,46.690317],[23.551019,46.690282],[23.550754,46.690214],[23.550608,46.690164],[23.550491,46.690106],[23.550391,46.690037],[23.550313,46.689979],[23.550235,46.689893],[23.55018,46.689826],[23.55009,46.689669],[23.550002,46.689481],[23.549896,46.689299],[23.54976,46.689136],[23.549559,46.688943]]},"properties":{"name":"DJ107R","lines":"M71","arr":["M71"],"roundabout":0,"mode":"bus","color":"#0059a9"}},{"type":"Feature","geometry":{"type":"LineString","coordinates":[[23.549559,46.688943],[23.549424,46.688843],[23.549177,46.688662],[23.548832,46.688329],[23.548604,46.688091],[23.548315,46.687795],[23.54802,46.687484],[23.547818,46.687255],[23.547703,46.687113],[23.547593,46.686948],[23.547517,46.686821],[23.547476,46.686706],[23.547404,46.68641],[23.547366,46.686325],[23.547311,46.686262],[23.547059,46.686142],[23.546888,46.686059],[23.546767,46.68599],[23.546708,46.685927],[23.546668,46.685862],[23.546638,46.685795],[23.546628,46.685693],[23.546717,46.685222],[23.54672,46.685084],[23.5467,46.684964],[23.546652,46.68483],[23.546567,46.684727],[23.546433,46.684635],[23.546273,46.684575],[23.546115,46.684529],[23.545641,46.684429],[23.545591,46.684418],[23.54536,46.684364],[23.545158,46.684298],[23.545026,46.684237],[23.54493,46.68419],[23.544887,46.684168],[23.544553,46.683968],[23.544291,46.683773],[23.544104,46.683598],[23.543917,46.683393],[23.543544,46.682903],[23.543461,46.682805],[23.543326,46.68267],[23.543197,46.68259],[23.542977,46.682484],[23.542728,46.682388],[23.542566,46.682339],[23.54234,46.682271],[23.542028,46.682261],[23.541333,46.682237],[23.540941,46.682209],[23.540515,46.68216],[23.540273,46.682116],[23.540039,46.682057],[23.539654,46.681907],[23.539462,46.681807],[23.539158,46.681622],[23.538275,46.680906],[23.538085,46.680783],[23.53775,46.680604],[23.537481,46.680468],[23.537256,46.680368],[23.537068,46.6803],[23.536892,46.680247],[23.536797,46.680246],[23.536652,46.680254],[23.536129,46.680314],[23.535889,46.680338],[23.535699,46.680341],[23.535495,46.680331],[23.535396,46.680316],[23.535255,46.680296],[23.535007,46.680243],[23.534743,46.680183],[23.534506,46.680127],[23.533859,46.679968],[23.533029,46.679774],[23.532271,46.679604],[23.532035,46.679558],[23.531744,46.679525],[23.531455,46.679531],[23.53098,46.679607],[23.530532,46.67967],[23.530238,46.679665],[23.529964,46.679646]]},"properties":{"name":"DJ107R","lines":"M16","arr":["M16"],"roundabout":0,"mode":"bus","color":"#0059a9"}},{"type":"Feature","geometry":{"type":"LineString","coordinates":[[23.549559,46.688943],[23.549424,46.688843],[23.549177,46.688662],[23.548832,46.688329],[23.548604,46.688091],[23.548315,46.687795],[23.54802,46.687484],[23.547818,46.687255],[23.547703,46.687113],[23.547593,46.686948],[23.547517,46.686821],[23.547476,46.686706],[23.547404,46.68641],[23.547366,46.686325],[23.547311,46.686262],[23.547059,46.686142],[23.546888,46.686059],[23.546767,46.68599],[23.546708,46.685927],[23.546668,46.685862],[23.546638,46.685795],[23.546628,46.685693],[23.546717,46.685222],[23.54672,46.685084],[23.5467,46.684964],[23.546652,46.68483],[23.546567,46.684727],[23.546433,46.684635],[23.546273,46.684575],[23.546115,46.684529],[23.545641,46.684429],[23.545591,46.684418],[23.54536,46.684364],[23.545158,46.684298],[23.545026,46.684237],[23.54493,46.68419],[23.544887,46.684168],[23.544553,46.683968],[23.544291,46.683773],[23.544104,46.683598],[23.543917,46.683393],[23.543544,46.682903],[23.543461,46.682805],[23.543326,46.68267],[23.543197,46.68259],[23.542977,46.682484],[23.542728,46.682388],[23.542566,46.682339],[23.54234,46.682271],[23.542028,46.682261],[23.541333,46.682237],[23.540941,46.682209],[23.540515,46.68216],[23.540273,46.682116],[23.540039,46.682057],[23.539654,46.681907],[23.539462,46.681807],[23.539158,46.681622],[23.538275,46.680906],[23.538085,46.680783],[23.53775,46.680604],[23.537481,46.680468],[23.537256,46.680368],[23.537068,46.6803],[23.536892,46.680247],[23.536797,46.680246],[23.536652,46.680254],[23.536129,46.680314],[23.535889,46.680338],[23.535699,46.680341],[23.535495,46.680331],[23.535396,46.680316],[23.535255,46.680296],[23.535007,46.680243],[23.534743,46.680183],[23.534506,46.680127],[23.533859,46.679968],[23.533029,46.679774],[23.532271,46.679604],[23.532035,46.679558],[23.531744,46.679525],[23.531455,46.679531],[23.53098,46.679607],[23.530532,46.67967],[23.530238,46.679665],[23.529964,46.679646]]},"properties":{"name":"DJ107R","lines":"M18","arr":["M18"],"roundabout":0,"mode":"bus","color":"#0059a9"}},{"type":"Feature","geometry":{"type":"LineString","coordinates":[[23.549559,46.688943],[23.549424,46.688843],[23.549177,46.688662],[23.548832,46.688329],[23.548604,46.688091],[23.548315,46.687795],[23.54802,46.687484],[23.547818,46.687255],[23.547703,46.687113],[23.547593,46.686948],[23.547517,46.686821],[23.547476,46.686706],[23.547404,46.68641],[23.547366,46.686325],[23.547311,46.686262],[23.547059,46.686142],[23.546888,46.686059],[23.546767,46.68599],[23.546708,46.685927],[23.546668,46.685862],[23.546638,46.685795],[23.546628,46.685693],[23.546717,46.685222],[23.54672,46.685084],[23.5467,46.684964],[23.546652,46.68483],[23.546567,46.684727],[23.546433,46.684635],[23.546273,46.684575],[23.546115,46.684529],[23.545641,46.684429],[23.545591,46.684418],[23.54536,46.684364],[23.545158,46.684298],[23.545026,46.684237],[23.54493,46.68419],[23.544887,46.684168],[23.544553,46.683968],[23.544291,46.683773],[23.544104,46.683598],[23.543917,46.683393],[23.543544,46.682903],[23.543461,46.682805],[23.543326,46.68267],[23.543197,46.68259],[23.542977,46.682484],[23.542728,46.682388],[23.542566,46.682339],[23.54234,46.682271],[23.542028,46.682261],[23.541333,46.682237],[23.540941,46.682209],[23.540515,46.68216],[23.540273,46.682116],[23.540039,46.682057],[23.539654,46.681907],[23.539462,46.681807],[23.539158,46.681622],[23.538275,46.680906],[23.538085,46.680783],[23.53775,46.680604],[23.537481,46.680468],[23.537256,46.680368],[23.537068,46.6803],[23.536892,46.680247],[23.536797,46.680246],[23.536652,46.680254],[23.536129,46.680314],[23.535889,46.680338],[23.535699,46.680341],[23.535495,46.680331],[23.535396,46.680316],[23.535255,46.680296],[23.535007,46.680243],[23.534743,46.680183],[23.534506,46.680127],[23.533859,46.679968],[23.533029,46.679774],[23.532271,46.679604],[23.532035,46.679558],[23.531744,46.679525],[23.531455,46.679531],[23.53098,46.679607],[23.530532,46.67967],[23.530238,46.679665],[23.529964,46.679646]]},"properties":{"name":"DJ107R","lines":"M71","arr":["M71"],"roundabout":0,"mode":"bus","color":"#0059a9"}},{"type":"Feature","geometry":{"type":"LineString","coordinates":[[23.525187,46.677145],[23.524969,46.676829],[23.524812,46.67657]]},"properties":{"name":"DJ107R","lines":"M16","arr":["M16"],"roundabout":0,"mode":"bus","color":"#0059a9"}},{"type":"Feature","geometry":{"type":"LineString","coordinates":[[23.525187,46.677145],[23.524969,46.676829],[23.524812,46.67657]]},"properties":{"name":"DJ107R","lines":"M18","arr":["M18"],"roundabout":0,"mode":"bus","color":"#0059a9"}},{"type":"Feature","geometry":{"type":"LineString","coordinates":[[23.525187,46.677145],[23.524969,46.676829],[23.524812,46.67657]]},"properties":{"name":"DJ107R","lines":"M71","arr":["M71"],"roundabout":0,"mode":"bus","color":"#0059a9"}},{"type":"Feature","geometry":{"type":"LineString","coordinates":[[23.524849,46.673971],[23.524877,46.673849],[23.524896,46.673665],[23.524933,46.673494],[23.524985,46.673312],[23.525046,46.673157],[23.525201,46.672806],[23.525248,46.672701],[23.525274,46.672573],[23.525282,46.672349],[23.525271,46.672126],[23.525273,46.671681],[23.525303,46.671512],[23.525349,46.671359],[23.525409,46.671195],[23.525499,46.671039],[23.526055,46.669912],[23.526353,46.669336],[23.526608,46.668756],[23.526715,46.668571],[23.526948,46.66828],[23.526993,46.668222],[23.527125,46.668052],[23.527289,46.667799],[23.527769,46.666912],[23.529067,46.664617],[23.529773,46.663477],[23.529885,46.663334],[23.530033,46.663179],[23.530132,46.663106],[23.530243,46.663042],[23.530368,46.66299],[23.530489,46.662951],[23.531587,46.662683],[23.531749,46.662633],[23.531905,46.66257],[23.532044,46.662502],[23.532172,46.66241],[23.532385,46.662207],[23.532806,46.661677],[23.533346,46.661007],[23.533412,46.66086],[23.533439,46.660708],[23.533444,46.660543],[23.533428,46.660366],[23.533384,46.660074],[23.533275,46.659348],[23.533123,46.658319],[23.533078,46.658133],[23.532997,46.657931],[23.532832,46.6576],[23.532244,46.656557],[23.532211,46.656432],[23.532205,46.656304],[23.532213,46.656188],[23.532232,46.656072],[23.532307,46.655902],[23.532434,46.655668],[23.532552,46.655325],[23.532987,46.654523]]},"properties":{"name":"DJ107R","lines":"M16","arr":["M16"],"roundabout":0,"mode":"bus","color":"#0059a9"}},{"type":"Feature","geometry":{"type":"LineString","coordinates":[[23.524849,46.673971],[23.524877,46.673849],[23.524896,46.673665],[23.524933,46.673494],[23.524985,46.673312],[23.525046,46.673157],[23.525201,46.672806],[23.525248,46.672701],[23.525274,46.672573],[23.525282,46.672349],[23.525271,46.672126],[23.525273,46.671681],[23.525303,46.671512],[23.525349,46.671359],[23.525409,46.671195],[23.525499,46.671039],[23.526055,46.669912],[23.526353,46.669336],[23.526608,46.668756],[23.526715,46.668571],[23.526948,46.66828],[23.526993,46.668222],[23.527125,46.668052],[23.527289,46.667799],[23.527769,46.666912],[23.529067,46.664617],[23.529773,46.663477],[23.529885,46.663334],[23.530033,46.663179],[23.530132,46.663106],[23.530243,46.663042],[23.530368,46.66299],[23.530489,46.662951],[23.531587,46.662683],[23.531749,46.662633],[23.531905,46.66257],[23.532044,46.662502],[23.532172,46.66241],[23.532385,46.662207],[23.532806,46.661677],[23.533346,46.661007],[23.533412,46.66086],[23.533439,46.660708],[23.533444,46.660543],[23.533428,46.660366],[23.533384,46.660074],[23.533275,46.659348],[23.533123,46.658319],[23.533078,46.658133],[23.532997,46.657931],[23.532832,46.6576],[23.532244,46.656557],[23.532211,46.656432],[23.532205,46.656304],[23.532213,46.656188],[23.532232,46.656072],[23.532307,46.655902],[23.532434,46.655668],[23.532552,46.655325],[23.532987,46.654523]]},"properties":{"name":"DJ107R","lines":"M18","arr":["M18"],"roundabout":0,"mode":"bus","color":"#0059a9"}},{"type":"Feature","geometry":{"type":"LineString","coordinates":[[23.524849,46.673971],[23.524877,46.673849],[23.524896,46.673665],[23.524933,46.673494],[23.524985,46.673312],[23.525046,46.673157],[23.525201,46.672806],[23.525248,46.672701],[23.525274,46.672573],[23.525282,46.672349],[23.525271,46.672126],[23.525273,46.671681],[23.525303,46.671512],[23.525349,46.671359],[23.525409,46.671195],[23.525499,46.671039],[23.526055,46.669912],[23.526353,46.669336],[23.526608,46.668756],[23.526715,46.668571],[23.526948,46.66828],[23.526993,46.668222],[23.527125,46.668052],[23.527289,46.667799],[23.527769,46.666912],[23.529067,46.664617],[23.529773,46.663477],[23.529885,46.663334],[23.530033,46.663179],[23.530132,46.663106],[23.530243,46.663042],[23.530368,46.66299],[23.530489,46.662951],[23.531587,46.662683],[23.531749,46.662633],[23.531905,46.66257],[23.532044,46.662502],[23.532172,46.66241],[23.532385,46.662207],[23.532806,46.661677],[23.533346,46.661007],[23.533412,46.66086],[23.533439,46.660708],[23.533444,46.660543],[23.533428,46.660366],[23.533384,46.660074],[23.533275,46.659348],[23.533123,46.658319],[23.533078,46.658133],[23.532997,46.657931],[23.532832,46.6576],[23.532244,46.656557],[23.532211,46.656432],[23.532205,46.656304],[23.532213,46.656188],[23.532232,46.656072],[23.532307,46.655902],[23.532434,46.655668],[23.532552,46.655325],[23.532987,46.654523]]},"properties":{"name":"DJ107R","lines":"M71","arr":["M71"],"roundabout":0,"mode":"bus","color":"#0059a9"}},{"type":"Feature","geometry":{"type":"LineString","coordinates":[[23.529964,46.679646],[23.529786,46.679615],[23.528283,46.679278],[23.526983,46.678987],[23.526801,46.678913],[23.526711,46.678836],[23.526487,46.678528],[23.526312,46.678306],[23.526106,46.678111],[23.525664,46.677714],[23.525446,46.677493],[23.52529,46.677276],[23.525187,46.677145]]},"properties":{"name":"DJ107R","lines":"M16","arr":["M16"],"roundabout":0,"mode":"bus","color":"#0059a9"}},{"type":"Feature","geometry":{"type":"LineString","coordinates":[[23.524812,46.67657],[23.524701,46.676476],[23.524556,46.676389],[23.524405,46.676344],[23.524092,46.676295],[23.5238,46.676224],[23.523596,46.676136],[23.523429,46.676032],[23.523349,46.675947],[23.523299,46.675855],[23.523303,46.675774],[23.523326,46.675686],[23.523459,46.675539],[23.523795,46.675233],[23.523987,46.674972],[23.524189,46.674723],[23.52445,46.674467],[23.524632,46.674283],[23.524732,46.674163],[23.5248,46.674068],[23.524849,46.673971]]},"properties":{"name":"DJ107R","lines":"M16","arr":["M16"],"roundabout":0,"mode":"bus","color":"#0059a9"}},{"type":"Feature","geometry":{"type":"LineString","coordinates":[[23.532987,46.654523],[23.533426,46.653766],[23.533589,46.653524],[23.533822,46.65328],[23.534536,46.652828],[23.534896,46.652601],[23.535078,46.652482],[23.535244,46.652356],[23.535473,46.652177],[23.536046,46.651662],[23.536644,46.651101],[23.536736,46.650992],[23.536805,46.650876],[23.536862,46.65076],[23.536919,46.650593],[23.536993,46.650125],[23.537031,46.649891],[23.537053,46.64965],[23.537036,46.64949],[23.536993,46.649342],[23.536923,46.649178],[23.536898,46.649019],[23.536896,46.64893],[23.536923,46.648836],[23.536969,46.648738],[23.53703,46.648645],[23.537092,46.64858],[23.53717,46.648517],[23.537253,46.648455],[23.537381,46.648381],[23.537589,46.648279],[23.537748,46.648248],[23.537993,46.648217],[23.538262,46.648212],[23.538541,46.648212],[23.538831,46.648224],[23.539053,46.648252],[23.539313,46.648308],[23.540273,46.648582],[23.540486,46.648633],[23.541173,46.648767],[23.541353,46.648794],[23.54158,46.6488],[23.541991,46.648767],[23.542364,46.648733]]},"properties":{"name":"DJ107R","lines":"M16","arr":["M16"],"roundabout":0,"mode":"bus","color":"#0059a9"}},{"type":"Feature","geometry":{"type":"LineString","coordinates":[[23.532987,46.654523],[23.533426,46.653766],[23.533589,46.653524],[23.533822,46.65328],[23.534536,46.652828],[23.534896,46.652601],[23.535078,46.652482],[23.535244,46.652356],[23.535473,46.652177],[23.536046,46.651662],[23.536644,46.651101],[23.536736,46.650992],[23.536805,46.650876],[23.536862,46.65076],[23.536919,46.650593],[23.536993,46.650125],[23.537031,46.649891],[23.537053,46.64965],[23.537036,46.64949],[23.536993,46.649342],[23.536923,46.649178],[23.536898,46.649019],[23.536896,46.64893],[23.536923,46.648836],[23.536969,46.648738],[23.53703,46.648645],[23.537092,46.64858],[23.53717,46.648517],[23.537253,46.648455],[23.537381,46.648381],[23.537589,46.648279],[23.537748,46.648248],[23.537993,46.648217],[23.538262,46.648212],[23.538541,46.648212],[23.538831,46.648224],[23.539053,46.648252],[23.539313,46.648308],[23.540273,46.648582],[23.540486,46.648633],[23.541173,46.648767],[23.541353,46.648794],[23.54158,46.6488],[23.541991,46.648767],[23.542364,46.648733]]},"properties":{"name":"DJ107R","lines":"M71","arr":["M71"],"roundabout":0,"mode":"bus","color":"#0059a9"}},{"type":"Feature","geometry":{"type":"LineString","coordinates":[[23.542364,46.648733],[23.542589,46.648694],[23.542777,46.648651],[23.542917,46.648607],[23.543008,46.648554],[23.543101,46.648455],[23.543082,46.648325],[23.543024,46.64819],[23.542608,46.647597],[23.542545,46.647479],[23.542506,46.647357],[23.542492,46.647279],[23.542486,46.647243],[23.542488,46.647146],[23.5425,46.647057],[23.542502,46.646866],[23.542489,46.64667],[23.542411,46.646204],[23.542368,46.645947],[23.54232,46.645577],[23.542282,46.64523],[23.542317,46.644632],[23.542328,46.644467],[23.542297,46.644258],[23.542097,46.643429],[23.54191,46.642873],[23.541651,46.642254],[23.541618,46.642024],[23.541638,46.64184],[23.541727,46.641661],[23.541934,46.641397],[23.54219,46.64115],[23.54273,46.640671],[23.543096,46.640325],[23.543312,46.64008],[23.543642,46.639662],[23.5438,46.639447],[23.543965,46.639289],[23.544554,46.638907],[23.544828,46.638727],[23.545053,46.638552],[23.545217,46.638399],[23.545383,46.638194],[23.545514,46.637992],[23.54561,46.637767],[23.545843,46.636853],[23.546091,46.636134],[23.546373,46.635382],[23.546879,46.633908],[23.546987,46.633636],[23.54715,46.633388],[23.547269,46.633214],[23.547427,46.63305],[23.547574,46.632896],[23.547687,46.632728],[23.547819,46.632468],[23.548295,46.631598],[23.548464,46.631395],[23.548662,46.631235],[23.548893,46.631133],[23.549203,46.631074],[23.550753,46.630901],[23.550908,46.630854],[23.551091,46.630791],[23.551249,46.630697],[23.5514,46.630532],[23.551466,46.630326],[23.551459,46.630164],[23.55145,46.630143],[23.551352,46.629921],[23.551339,46.629904],[23.551258,46.629801],[23.551167,46.629704],[23.551087,46.629636],[23.551032,46.629606],[23.550969,46.629576],[23.550896,46.629544],[23.550821,46.629515],[23.550734,46.629493],[23.550629,46.629477],[23.55055,46.629477],[23.550475,46.629481],[23.550404,46.629482],[23.550333,46.629489],[23.549838,46.629554],[23.549762,46.62956],[23.54969,46.629561],[23.549593,46.629554],[23.549508,46.629536],[23.549414,46.629506],[23.54933,46.629459],[23.549265,46.629412],[23.549214,46.629356],[23.549084,46.62919]]},"properties":{"name":"DJ107R","lines":"M71","arr":["M71"],"roundabout":0,"mode":"bus","color":"#0059a9"}},{"type":"Feature","geometry":{"type":"LineString","coordinates":[[23.571194,46.662921],[23.570999,46.66288],[23.570709,46.662837],[23.570354,46.662778],[23.570141,46.662746],[23.569979,46.662732],[23.569843,46.662718],[23.569696,46.662676],[23.569622,46.662639],[23.569546,46.662585],[23.569457,46.662469],[23.569382,46.662342],[23.569221,46.662188],[23.569082,46.662124],[23.568938,46.662088],[23.568752,46.662086],[23.568582,46.662104],[23.568385,46.66218],[23.567958,46.662458],[23.567005,46.663383],[23.566478,46.663684],[23.56593,46.663971],[23.565805,46.664026],[23.56565,46.664079],[23.565362,46.664126],[23.564518,46.664195],[23.564062,46.664252],[23.563656,46.664277],[23.563356,46.664277],[23.563086,46.664292],[23.562945,46.664308],[23.562821,46.664322],[23.562691,46.66435],[23.562447,46.664411],[23.562325,46.664452],[23.562237,46.664483],[23.562151,46.664522],[23.561968,46.664624],[23.561706,46.664801],[23.561633,46.664854],[23.561577,46.66491],[23.56146,46.665039],[23.561376,46.665116],[23.56128,46.665189],[23.561178,46.665258],[23.560973,46.665353],[23.560698,46.665443],[23.560436,46.665508],[23.560169,46.665576],[23.5599,46.665635],[23.559569,46.665688],[23.55934,46.665745],[23.559132,46.665813],[23.558936,46.665897],[23.55887,46.665934],[23.558797,46.665983],[23.558668,46.6661],[23.55854,46.666195],[23.558341,46.66632],[23.558145,46.666451],[23.557969,46.666603],[23.557883,46.6667],[23.557824,46.666788],[23.557717,46.666972],[23.557604,46.667175],[23.557481,46.667359],[23.557364,46.667549],[23.557318,46.667652],[23.557299,46.667732],[23.5573,46.667817],[23.557319,46.667888],[23.557342,46.66795],[23.557368,46.668017],[23.557385,46.668077],[23.55738,46.668137],[23.557374,46.668184],[23.557326,46.668278],[23.557214,46.668397],[23.556992,46.668615],[23.556806,46.668832],[23.556661,46.669012],[23.55656,46.669159],[23.556489,46.669318],[23.556459,46.66947],[23.556444,46.669675],[23.556479,46.669882],[23.556538,46.670057],[23.556549,46.670089],[23.556578,46.670169],[23.556612,46.670286],[23.55663,46.670402],[23.556621,46.670516],[23.556601,46.670612],[23.556535,46.670816],[23.556499,46.670932],[23.556497,46.670987],[23.556506,46.671046],[23.556554,46.671169],[23.556603,46.67129],[23.556623,46.671404],[23.556617,46.671465],[23.556529,46.671616],[23.556509,46.671637],[23.556434,46.671759],[23.556378,46.671857],[23.556294,46.672082],[23.556257,46.672202],[23.556225,46.672324],[23.556214,46.672453],[23.556223,46.672988],[23.556234,46.673061],[23.556259,46.67312],[23.556289,46.673187],[23.556332,46.673248],[23.556446,46.673376],[23.556572,46.673495],[23.556705,46.673634],[23.556774,46.673717],[23.556813,46.673785],[23.556841,46.673871],[23.556842,46.673953],[23.55682,46.674045],[23.556784,46.67413],[23.55665,46.674348],[23.556582,46.674435],[23.556237,46.674714],[23.556128,46.674828],[23.55606,46.674927],[23.556015,46.675032],[23.555997,46.675127],[23.555946,46.675523],[23.55591,46.675678],[23.555876,46.675779],[23.555832,46.675865],[23.555778,46.675931],[23.555727,46.675987],[23.555414,46.676279],[23.55511,46.67656],[23.555026,46.676674],[23.554991,46.676772],[23.554975,46.676878],[23.554976,46.677325],[23.554952,46.677774],[23.554883,46.678097],[23.554831,46.678273],[23.554785,46.678401],[23.554747,46.67847],[23.554701,46.678531],[23.554618,46.678637],[23.554552,46.678715],[23.554472,46.678783],[23.554029,46.67913],[23.553147,46.679753],[23.553073,46.679831],[23.553018,46.679917],[23.552964,46.680087],[23.552923,46.680278],[23.552877,46.680548],[23.552853,46.680658],[23.552789,46.680761],[23.552724,46.680825],[23.552621,46.680902],[23.552461,46.68098],[23.552035,46.68109],[23.55178,46.681163],[23.551673,46.681191],[23.551602,46.681206],[23.551545,46.681211],[23.551217,46.681206],[23.551116,46.681211],[23.550993,46.681239],[23.55093,46.681279],[23.550883,46.681356],[23.550833,46.681597],[23.550825,46.681678],[23.550833,46.681746],[23.550868,46.681908],[23.550863,46.682001],[23.550841,46.682086],[23.550806,46.682174],[23.55056,46.682542],[23.550477,46.682787],[23.550447,46.682896],[23.550396,46.683015],[23.550124,46.683848],[23.54986,46.684764],[23.54977,46.684986],[23.549607,46.685303],[23.549515,46.685567],[23.549484,46.685663],[23.549476,46.685763],[23.549492,46.685858],[23.549528,46.685971],[23.549575,46.686071],[23.549683,46.68622],[23.549743,46.686305],[23.549772,46.686386],[23.549776,46.686505],[23.549768,46.686591],[23.549742,46.686734],[23.549664,46.687027],[23.549586,46.687492],[23.54953,46.687798],[23.549479,46.68804],[23.549459,46.688182],[23.549469,46.688492],[23.549483,46.688676],[23.549559,46.688943]]},"properties":{"name":"DJ103Z","lines":"M17","arr":["M17"],"roundabout":0,"mode":"bus","color":"#0059a9"}},{"type":"Feature","geometry":{"type":"LineString","coordinates":[[23.579259,46.654474],[23.579135,46.654519],[23.578927,46.654576],[23.57882,46.654616],[23.578508,46.654781],[23.578276,46.654928],[23.57824,46.654951],[23.577992,46.655147],[23.577771,46.655348],[23.577655,46.655434],[23.577445,46.655561],[23.577219,46.655659],[23.576617,46.655886],[23.576033,46.656132],[23.575155,46.656495],[23.575027,46.656556],[23.574914,46.656622],[23.574788,46.656697],[23.574682,46.656785],[23.574563,46.656926],[23.574467,46.657066],[23.574379,46.657216],[23.574305,46.657403],[23.574243,46.657603],[23.574233,46.657964],[23.574233,46.65824],[23.574234,46.658322],[23.574238,46.658494],[23.57427,46.658656],[23.574309,46.658819],[23.574373,46.658979],[23.574789,46.659906],[23.57483,46.660002],[23.574851,46.660114],[23.574825,46.660379],[23.574687,46.66066],[23.574584,46.660908],[23.574493,46.661063],[23.574389,46.661211],[23.574095,46.661477],[23.573768,46.661796],[23.573075,46.662381],[23.572883,46.662517],[23.572277,46.662807],[23.571791,46.662901],[23.571194,46.662921]]},"properties":{"name":"DC91","lines":"M17","arr":["M17"],"roundabout":0,"mode":"bus","color":"#0059a9"}},{"type":"Feature","geometry":{"type":"LineString","coordinates":[[23.579259,46.654474],[23.579471,46.654383],[23.579686,46.654281],[23.579755,46.654182],[23.579868,46.654058],[23.580107,46.653851],[23.580277,46.653715],[23.580463,46.653597],[23.580473,46.653563],[23.580523,46.653511],[23.580635,46.653396],[23.580697,46.653301],[23.580776,46.653159],[23.580879,46.653059],[23.581012,46.652982],[23.581196,46.652912],[23.581456,46.652827],[23.581612,46.652761],[23.58172,46.652697],[23.581842,46.652585],[23.581933,46.652508],[23.582305,46.652332],[23.58253,46.652238],[23.58282,46.652158],[23.583123,46.652076],[23.58333,46.652004],[23.58359,46.651879],[23.583609,46.651786],[23.583429,46.651624],[23.583279,46.651468],[23.583037,46.651122],[23.582979,46.651068],[23.582823,46.650918],[23.582706,46.650752],[23.582586,46.650325]]},"properties":{"name":"","lines":"M17","arr":["M17"],"roundabout":0,"mode":"bus","color":"#0059a9"}},{"type":"Feature","geometry":{"type":"LineString","coordinates":[[23.525187,46.677145],[23.525856,46.677362],[23.526303,46.67754],[23.527092,46.67773],[23.528003,46.678333],[23.528426,46.678567],[23.528499,46.678654],[23.528856,46.67908],[23.529964,46.679646]]},"properties":{"name":"","lines":"M18","arr":["M18"],"roundabout":0,"mode":"bus","color":"#0059a9"}},{"type":"Feature","geometry":{"type":"LineString","coordinates":[[23.525187,46.677145],[23.525856,46.677362],[23.526303,46.67754],[23.527092,46.67773],[23.528003,46.678333],[23.528426,46.678567],[23.528499,46.678654],[23.528856,46.67908],[23.529964,46.679646]]},"properties":{"name":"","lines":"M71","arr":["M71"],"roundabout":0,"mode":"bus","color":"#0059a9"}},{"type":"Feature","geometry":{"type":"LineString","coordinates":[[23.524812,46.67657],[23.52502,46.676364],[23.525212,46.675892],[23.525054,46.675353],[23.524978,46.675211],[23.525164,46.674942],[23.525426,46.674696],[23.525591,46.67455],[23.525626,46.674371],[23.525061,46.674068],[23.524849,46.673971]]},"properties":{"name":"","lines":"M18","arr":["M18"],"roundabout":0,"mode":"bus","color":"#0059a9"}},{"type":"Feature","geometry":{"type":"LineString","coordinates":[[23.524812,46.67657],[23.52502,46.676364],[23.525212,46.675892],[23.525054,46.675353],[23.524978,46.675211],[23.525164,46.674942],[23.525426,46.674696],[23.525591,46.67455],[23.525626,46.674371],[23.525061,46.674068],[23.524849,46.673971]]},"properties":{"name":"","lines":"M71","arr":["M71"],"roundabout":0,"mode":"bus","color":"#0059a9"}},{"type":"Feature","geometry":{"type":"LineString","coordinates":[[23.532987,46.654523],[23.532428,46.654042],[23.532308,46.653757],[23.53216,46.653325],[23.532093,46.653132],[23.532006,46.65252],[23.531962,46.652469],[23.531832,46.652318],[23.531618,46.652134],[23.531512,46.652014],[23.531296,46.651771],[23.531089,46.651514],[23.531022,46.651371],[23.530788,46.65087],[23.530747,46.650781],[23.530513,46.650259],[23.530422,46.650077],[23.530395,46.650023],[23.530346,46.649923],[23.530178,46.649601],[23.52995,46.649404],[23.529835,46.649237],[23.529727,46.649083]]},"properties":{"name":"","lines":"M18","arr":["M18"],"roundabout":0,"mode":"bus","color":"#0059a9"}},{"type":"Feature","geometry":{"type":"LineString","coordinates":[[23.522969,46.636422],[23.523126,46.63598],[23.523236,46.635835],[23.523396,46.635725],[23.523495,46.635682],[23.523956,46.635485]]},"properties":{"name":"DJ107L","lines":"M18","arr":["M18"],"roundabout":0,"mode":"bus","color":"#0059a9"}},{"type":"Feature","geometry":{"type":"LineString","coordinates":[[23.523956,46.635485],[23.523292,46.63471],[23.522877,46.634245],[23.522819,46.63418],[23.522639,46.633808],[23.522416,46.633292],[23.522308,46.633076],[23.522278,46.632927],[23.52233,46.632782],[23.522399,46.632689],[23.522495,46.632623],[23.52276,46.632535],[23.523121,46.632476],[23.523424,46.632423],[23.523706,46.6324],[23.52422,46.632301],[23.524426,46.632203],[23.524624,46.632068],[23.524986,46.631575],[23.525162,46.63116],[23.525261,46.630761],[23.525278,46.630564],[23.525228,46.630343],[23.525108,46.63015],[23.524944,46.629957],[23.524622,46.629685],[23.52408,46.629316],[23.523813,46.629157],[23.523095,46.628802],[23.522664,46.628541],[23.521971,46.627934],[23.521546,46.627676],[23.521083,46.627477],[23.520391,46.627092],[23.519868,46.626871],[23.518898,46.626508],[23.517609,46.626091],[23.516475,46.625919],[23.515905,46.625795],[23.515314,46.62561],[23.514942,46.625394],[23.514317,46.624913],[23.514027,46.624733],[23.513423,46.624496],[23.513184,46.624475],[23.512583,46.624494],[23.512229,46.62453],[23.511747,46.624465],[23.51148,46.624403],[23.511155,46.624314],[23.510835,46.624162],[23.510513,46.623898],[23.510244,46.623617],[23.510118,46.623421],[23.509932,46.623269],[23.509441,46.623066],[23.50907,46.623031],[23.5088,46.622894],[23.508461,46.622589],[23.508052,46.622121],[23.507729,46.621804],[23.507506,46.621557],[23.507422,46.621447],[23.507466,46.621358],[23.507684,46.621239],[23.50784,46.621091],[23.507904,46.620954],[23.507899,46.620735],[23.507811,46.620524],[23.507593,46.620378],[23.507211,46.620102],[23.506588,46.61984],[23.506422,46.61968],[23.506153,46.619051],[23.506033,46.618852],[23.505961,46.618587],[23.505887,46.618515],[23.505797,46.618454],[23.505665,46.618392],[23.50546,46.618371],[23.505378,46.618397],[23.505285,46.618466],[23.505119,46.618655],[23.505027,46.618693],[23.504864,46.618706],[23.504718,46.618651],[23.504589,46.61852],[23.504443,46.61835],[23.504177,46.618045],[23.504082,46.617949],[23.503947,46.617883],[23.503561,46.617788],[23.503216,46.617736],[23.502914,46.617653],[23.502675,46.617505],[23.502438,46.617192],[23.502323,46.61694],[23.502253,46.616786],[23.502112,46.616642],[23.501694,46.616291],[23.501346,46.615873],[23.500967,46.615595],[23.500411,46.615388],[23.500095,46.61524],[23.500011,46.615201],[23.499831,46.615029],[23.499701,46.614862],[23.499607,46.614527],[23.499526,46.614427],[23.499388,46.614338],[23.499263,46.614302],[23.498464,46.614323],[23.498065,46.614333],[23.49718,46.614272],[23.496548,46.614215],[23.495956,46.614116],[23.494982,46.613867],[23.494111,46.613751],[23.491911,46.613361],[23.49142,46.613244],[23.490633,46.612993],[23.489942,46.612908],[23.489374,46.612755],[23.489303,46.612736],[23.488609,46.612514],[23.488069,46.612288],[23.48766,46.611976],[23.487587,46.611931],[23.487444,46.611843],[23.487143,46.611768],[23.486879,46.611704],[23.486589,46.611635],[23.486465,46.611579],[23.486158,46.611453],[23.485574,46.611043],[23.485126,46.610674],[23.484883,46.610411],[23.484472,46.609879],[23.484207,46.609575],[23.483985,46.609446],[23.48321,46.609305],[23.483022,46.609308],[23.482848,46.609393],[23.482338,46.609763],[23.482044,46.609846],[23.481758,46.609868],[23.481432,46.60992],[23.481167,46.609907]]},"properties":{"name":"DJ107R","lines":"M18","arr":["M18"],"roundabout":0,"mode":"bus","color":"#0059a9"}},{"type":"Feature","geometry":{"type":"LineString","coordinates":[[23.526441,46.638892],[23.526706,46.638753]]},"properties":{"name":"Autostrada Transilvania","lines":"M18","arr":["M18"],"roundabout":0,"mode":"bus","color":"#0059a9"}},{"type":"Feature","geometry":{"type":"LineString","coordinates":[[23.590915,46.738043],[23.59099,46.738049],[23.591032,46.738055],[23.591082,46.738068],[23.591117,46.738079],[23.59119,46.738097]]},"properties":{"name":"Strada Făgetului","lines":"M18","arr":["M18"],"roundabout":0,"mode":"bus","color":"#0059a9"}},{"type":"Feature","geometry":{"type":"LineString","coordinates":[[23.533833,46.75489],[23.531613,46.754208],[23.530841,46.75397],[23.529868,46.753673],[23.528971,46.75341],[23.528812,46.753364],[23.528089,46.753155],[23.527053,46.752885],[23.525938,46.752614],[23.525845,46.752587],[23.525006,46.752375],[23.524938,46.752358],[23.523709,46.752069],[23.523101,46.751904]]},"properties":{"name":"Strada Avram Iancu","lines":"M21","arr":["M21"],"roundabout":0,"mode":"bus","color":"#0059a9"}},{"type":"Feature","geometry":{"type":"LineString","coordinates":[[23.533833,46.75489],[23.531613,46.754208],[23.530841,46.75397],[23.529868,46.753673],[23.528971,46.75341],[23.528812,46.753364],[23.528089,46.753155],[23.527053,46.752885],[23.525938,46.752614],[23.525845,46.752587],[23.525006,46.752375],[23.524938,46.752358],[23.523709,46.752069],[23.523101,46.751904]]},"properties":{"name":"Strada Avram Iancu","lines":"M22","arr":["M22"],"roundabout":0,"mode":"bus","color":"#0059a9"}},{"type":"Feature","geometry":{"type":"LineString","coordinates":[[23.533833,46.75489],[23.531613,46.754208],[23.530841,46.75397],[23.529868,46.753673],[23.528971,46.75341],[23.528812,46.753364],[23.528089,46.753155],[23.527053,46.752885],[23.525938,46.752614],[23.525845,46.752587],[23.525006,46.752375],[23.524938,46.752358],[23.523709,46.752069],[23.523101,46.751904]]},"properties":{"name":"Strada Avram Iancu","lines":"M24","arr":["M24"],"roundabout":0,"mode":"bus","color":"#0059a9"}},{"type":"Feature","geometry":{"type":"LineString","coordinates":[[23.533833,46.75489],[23.531613,46.754208],[23.530841,46.75397],[23.529868,46.753673],[23.528971,46.75341],[23.528812,46.753364],[23.528089,46.753155],[23.527053,46.752885],[23.525938,46.752614],[23.525845,46.752587],[23.525006,46.752375],[23.524938,46.752358],[23.523709,46.752069],[23.523101,46.751904]]},"properties":{"name":"Strada Avram Iancu","lines":"M25","arr":["M25"],"roundabout":0,"mode":"bus","color":"#0059a9"}},{"type":"Feature","geometry":{"type":"LineString","coordinates":[[23.533833,46.75489],[23.531613,46.754208],[23.530841,46.75397],[23.529868,46.753673],[23.528971,46.75341],[23.528812,46.753364],[23.528089,46.753155],[23.527053,46.752885],[23.525938,46.752614],[23.525845,46.752587],[23.525006,46.752375],[23.524938,46.752358],[23.523709,46.752069],[23.523101,46.751904]]},"properties":{"name":"Strada Avram Iancu","lines":"M27","arr":["M27"],"roundabout":0,"mode":"bus","color":"#0059a9"}},{"type":"Feature","geometry":{"type":"LineString","coordinates":[[23.533833,46.75489],[23.531613,46.754208],[23.530841,46.75397],[23.529868,46.753673],[23.528971,46.75341],[23.528812,46.753364],[23.528089,46.753155],[23.527053,46.752885],[23.525938,46.752614],[23.525845,46.752587],[23.525006,46.752375],[23.524938,46.752358],[23.523709,46.752069],[23.523101,46.751904]]},"properties":{"name":"Strada Avram Iancu","lines":"M51","arr":["M51"],"roundabout":0,"mode":"bus","color":"#0059a9"}},{"type":"Feature","geometry":{"type":"LineString","coordinates":[[23.533833,46.75489],[23.531613,46.754208],[23.530841,46.75397],[23.529868,46.753673],[23.528971,46.75341],[23.528812,46.753364],[23.528089,46.753155],[23.527053,46.752885],[23.525938,46.752614],[23.525845,46.752587],[23.525006,46.752375],[23.524938,46.752358],[23.523709,46.752069],[23.523101,46.751904]]},"properties":{"name":"Strada Avram Iancu","lines":"M52","arr":["M52"],"roundabout":0,"mode":"bus","color":"#0059a9"}},{"type":"Feature","geometry":{"type":"LineString","coordinates":[[23.533833,46.75489],[23.531613,46.754208],[23.530841,46.75397],[23.529868,46.753673],[23.528971,46.75341],[23.528812,46.753364],[23.528089,46.753155],[23.527053,46.752885],[23.525938,46.752614],[23.525845,46.752587],[23.525006,46.752375],[23.524938,46.752358],[23.523709,46.752069],[23.523101,46.751904]]},"properties":{"name":"Strada Avram Iancu","lines":"M81","arr":["M81"],"roundabout":0,"mode":"bus","color":"#0059a9"}},{"type":"Feature","geometry":{"type":"LineString","coordinates":[[23.51825,46.750764],[23.518163,46.750758],[23.518073,46.750742],[23.517923,46.75071],[23.517835,46.750689]]},"properties":{"name":"Strada Avram Iancu","lines":"M21","arr":["M21"],"roundabout":0,"mode":"bus","color":"#0059a9"}},{"type":"Feature","geometry":{"type":"LineString","coordinates":[[23.51825,46.750764],[23.518163,46.750758],[23.518073,46.750742],[23.517923,46.75071],[23.517835,46.750689]]},"properties":{"name":"Strada Avram Iancu","lines":"M22","arr":["M22"],"roundabout":0,"mode":"bus","color":"#0059a9"}},{"type":"Feature","geometry":{"type":"LineString","coordinates":[[23.51825,46.750764],[23.518163,46.750758],[23.518073,46.750742],[23.517923,46.75071],[23.517835,46.750689]]},"properties":{"name":"Strada Avram Iancu","lines":"M24","arr":["M24"],"roundabout":0,"mode":"bus","color":"#0059a9"}},{"type":"Feature","geometry":{"type":"LineString","coordinates":[[23.51825,46.750764],[23.518163,46.750758],[23.518073,46.750742],[23.517923,46.75071],[23.517835,46.750689]]},"properties":{"name":"Strada Avram Iancu","lines":"M25","arr":["M25"],"roundabout":0,"mode":"bus","color":"#0059a9"}},{"type":"Feature","geometry":{"type":"LineString","coordinates":[[23.51825,46.750764],[23.518163,46.750758],[23.518073,46.750742],[23.517923,46.75071],[23.517835,46.750689]]},"properties":{"name":"Strada Avram Iancu","lines":"M27","arr":["M27"],"roundabout":0,"mode":"bus","color":"#0059a9"}},{"type":"Feature","geometry":{"type":"LineString","coordinates":[[23.51825,46.750764],[23.518163,46.750758],[23.518073,46.750742],[23.517923,46.75071],[23.517835,46.750689]]},"properties":{"name":"Strada Avram Iancu","lines":"M51","arr":["M51"],"roundabout":0,"mode":"bus","color":"#0059a9"}},{"type":"Feature","geometry":{"type":"LineString","coordinates":[[23.51825,46.750764],[23.518163,46.750758],[23.518073,46.750742],[23.517923,46.75071],[23.517835,46.750689]]},"properties":{"name":"Strada Avram Iancu","lines":"M52","arr":["M52"],"roundabout":0,"mode":"bus","color":"#0059a9"}},{"type":"Feature","geometry":{"type":"LineString","coordinates":[[23.51825,46.750764],[23.518163,46.750758],[23.518073,46.750742],[23.517923,46.75071],[23.517835,46.750689]]},"properties":{"name":"Strada Avram Iancu","lines":"M81","arr":["M81"],"roundabout":0,"mode":"bus","color":"#0059a9"}},{"type":"Feature","geometry":{"type":"LineString","coordinates":[[23.523101,46.751904],[23.522337,46.751724],[23.521163,46.751442],[23.521018,46.751407],[23.520407,46.75126],[23.519429,46.751035],[23.519044,46.750944],[23.51825,46.750764]]},"properties":{"name":"Strada Avram Iancu","lines":"M21","arr":["M21"],"roundabout":0,"mode":"bus","color":"#0059a9"}},{"type":"Feature","geometry":{"type":"LineString","coordinates":[[23.523101,46.751904],[23.522337,46.751724],[23.521163,46.751442],[23.521018,46.751407],[23.520407,46.75126],[23.519429,46.751035],[23.519044,46.750944],[23.51825,46.750764]]},"properties":{"name":"Strada Avram Iancu","lines":"M22","arr":["M22"],"roundabout":0,"mode":"bus","color":"#0059a9"}},{"type":"Feature","geometry":{"type":"LineString","coordinates":[[23.523101,46.751904],[23.522337,46.751724],[23.521163,46.751442],[23.521018,46.751407],[23.520407,46.75126],[23.519429,46.751035],[23.519044,46.750944],[23.51825,46.750764]]},"properties":{"name":"Strada Avram Iancu","lines":"M23","arr":["M23"],"roundabout":0,"mode":"bus","color":"#0059a9"}},{"type":"Feature","geometry":{"type":"LineString","coordinates":[[23.523101,46.751904],[23.522337,46.751724],[23.521163,46.751442],[23.521018,46.751407],[23.520407,46.75126],[23.519429,46.751035],[23.519044,46.750944],[23.51825,46.750764]]},"properties":{"name":"Strada Avram Iancu","lines":"M24","arr":["M24"],"roundabout":0,"mode":"bus","color":"#0059a9"}},{"type":"Feature","geometry":{"type":"LineString","coordinates":[[23.523101,46.751904],[23.522337,46.751724],[23.521163,46.751442],[23.521018,46.751407],[23.520407,46.75126],[23.519429,46.751035],[23.519044,46.750944],[23.51825,46.750764]]},"properties":{"name":"Strada Avram Iancu","lines":"M25","arr":["M25"],"roundabout":0,"mode":"bus","color":"#0059a9"}},{"type":"Feature","geometry":{"type":"LineString","coordinates":[[23.523101,46.751904],[23.522337,46.751724],[23.521163,46.751442],[23.521018,46.751407],[23.520407,46.75126],[23.519429,46.751035],[23.519044,46.750944],[23.51825,46.750764]]},"properties":{"name":"Strada Avram Iancu","lines":"M26","arr":["M26"],"roundabout":0,"mode":"bus","color":"#0059a9"}},{"type":"Feature","geometry":{"type":"LineString","coordinates":[[23.523101,46.751904],[23.522337,46.751724],[23.521163,46.751442],[23.521018,46.751407],[23.520407,46.75126],[23.519429,46.751035],[23.519044,46.750944],[23.51825,46.750764]]},"properties":{"name":"Strada Avram Iancu","lines":"M27","arr":["M27"],"roundabout":0,"mode":"bus","color":"#0059a9"}},{"type":"Feature","geometry":{"type":"LineString","coordinates":[[23.523101,46.751904],[23.522337,46.751724],[23.521163,46.751442],[23.521018,46.751407],[23.520407,46.75126],[23.519429,46.751035],[23.519044,46.750944],[23.51825,46.750764]]},"properties":{"name":"Strada Avram Iancu","lines":"M51","arr":["M51"],"roundabout":0,"mode":"bus","color":"#0059a9"}},{"type":"Feature","geometry":{"type":"LineString","coordinates":[[23.523101,46.751904],[23.522337,46.751724],[23.521163,46.751442],[23.521018,46.751407],[23.520407,46.75126],[23.519429,46.751035],[23.519044,46.750944],[23.51825,46.750764]]},"properties":{"name":"Strada Avram Iancu","lines":"M52","arr":["M52"],"roundabout":0,"mode":"bus","color":"#0059a9"}},{"type":"Feature","geometry":{"type":"LineString","coordinates":[[23.523101,46.751904],[23.522337,46.751724],[23.521163,46.751442],[23.521018,46.751407],[23.520407,46.75126],[23.519429,46.751035],[23.519044,46.750944],[23.51825,46.750764]]},"properties":{"name":"Strada Avram Iancu","lines":"M81","arr":["M81"],"roundabout":0,"mode":"bus","color":"#0059a9"}},{"type":"Feature","geometry":{"type":"LineString","coordinates":[[23.517723,46.750664],[23.51752,46.750606],[23.517302,46.750529]]},"properties":{"name":"Strada Avram Iancu","lines":"M21","arr":["M21"],"roundabout":0,"mode":"bus","color":"#0059a9"}},{"type":"Feature","geometry":{"type":"LineString","coordinates":[[23.517723,46.750664],[23.51752,46.750606],[23.517302,46.750529]]},"properties":{"name":"Strada Avram Iancu","lines":"M22","arr":["M22"],"roundabout":0,"mode":"bus","color":"#0059a9"}},{"type":"Feature","geometry":{"type":"LineString","coordinates":[[23.517723,46.750664],[23.51752,46.750606],[23.517302,46.750529]]},"properties":{"name":"Strada Avram Iancu","lines":"M24","arr":["M24"],"roundabout":0,"mode":"bus","color":"#0059a9"}},{"type":"Feature","geometry":{"type":"LineString","coordinates":[[23.517723,46.750664],[23.51752,46.750606],[23.517302,46.750529]]},"properties":{"name":"Strada Avram Iancu","lines":"M25","arr":["M25"],"roundabout":0,"mode":"bus","color":"#0059a9"}},{"type":"Feature","geometry":{"type":"LineString","coordinates":[[23.517723,46.750664],[23.51752,46.750606],[23.517302,46.750529]]},"properties":{"name":"Strada Avram Iancu","lines":"M51","arr":["M51"],"roundabout":0,"mode":"bus","color":"#0059a9"}},{"type":"Feature","geometry":{"type":"LineString","coordinates":[[23.517723,46.750664],[23.51752,46.750606],[23.517302,46.750529]]},"properties":{"name":"Strada Avram Iancu","lines":"M52","arr":["M52"],"roundabout":0,"mode":"bus","color":"#0059a9"}},{"type":"Feature","geometry":{"type":"LineString","coordinates":[[23.517723,46.750664],[23.51752,46.750606],[23.517302,46.750529]]},"properties":{"name":"Strada Avram Iancu","lines":"M81","arr":["M81"],"roundabout":0,"mode":"bus","color":"#0059a9"}},{"type":"Feature","geometry":{"type":"LineString","coordinates":[[23.517302,46.750529],[23.517141,46.750492],[23.51652,46.750332],[23.514991,46.749992],[23.514212,46.7498],[23.513469,46.749631],[23.51277,46.749462],[23.511908,46.749249],[23.511345,46.74911],[23.510818,46.748993],[23.510767,46.748982],[23.510681,46.74896],[23.510039,46.748808],[23.509139,46.748595],[23.509096,46.748585],[23.508304,46.748397],[23.506221,46.747903],[23.506072,46.747868],[23.505289,46.747678],[23.505097,46.747633],[23.503986,46.747375],[23.503152,46.747172],[23.501855,46.746867],[23.50153,46.746791],[23.500133,46.746454],[23.499877,46.746399],[23.499673,46.746351],[23.499269,46.746254],[23.49895,46.746174]]},"properties":{"name":"Strada Avram Iancu","lines":"M21","arr":["M21"],"roundabout":0,"mode":"bus","color":"#0059a9"}},{"type":"Feature","geometry":{"type":"LineString","coordinates":[[23.517302,46.750529],[23.517141,46.750492],[23.51652,46.750332],[23.514991,46.749992],[23.514212,46.7498],[23.513469,46.749631],[23.51277,46.749462],[23.511908,46.749249],[23.511345,46.74911],[23.510818,46.748993],[23.510767,46.748982],[23.510681,46.74896],[23.510039,46.748808],[23.509139,46.748595],[23.509096,46.748585],[23.508304,46.748397],[23.506221,46.747903],[23.506072,46.747868],[23.505289,46.747678],[23.505097,46.747633],[23.503986,46.747375],[23.503152,46.747172],[23.501855,46.746867],[23.50153,46.746791],[23.500133,46.746454],[23.499877,46.746399],[23.499673,46.746351],[23.499269,46.746254],[23.49895,46.746174]]},"properties":{"name":"Strada Avram Iancu","lines":"M22","arr":["M22"],"roundabout":0,"mode":"bus","color":"#0059a9"}},{"type":"Feature","geometry":{"type":"LineString","coordinates":[[23.517302,46.750529],[23.517141,46.750492],[23.51652,46.750332],[23.514991,46.749992],[23.514212,46.7498],[23.513469,46.749631],[23.51277,46.749462],[23.511908,46.749249],[23.511345,46.74911],[23.510818,46.748993],[23.510767,46.748982],[23.510681,46.74896],[23.510039,46.748808],[23.509139,46.748595],[23.509096,46.748585],[23.508304,46.748397],[23.506221,46.747903],[23.506072,46.747868],[23.505289,46.747678],[23.505097,46.747633],[23.503986,46.747375],[23.503152,46.747172],[23.501855,46.746867],[23.50153,46.746791],[23.500133,46.746454],[23.499877,46.746399],[23.499673,46.746351],[23.499269,46.746254],[23.49895,46.746174]]},"properties":{"name":"Strada Avram Iancu","lines":"M23","arr":["M23"],"roundabout":0,"mode":"bus","color":"#0059a9"}},{"type":"Feature","geometry":{"type":"LineString","coordinates":[[23.517302,46.750529],[23.517141,46.750492],[23.51652,46.750332],[23.514991,46.749992],[23.514212,46.7498],[23.513469,46.749631],[23.51277,46.749462],[23.511908,46.749249],[23.511345,46.74911],[23.510818,46.748993],[23.510767,46.748982],[23.510681,46.74896],[23.510039,46.748808],[23.509139,46.748595],[23.509096,46.748585],[23.508304,46.748397],[23.506221,46.747903],[23.506072,46.747868],[23.505289,46.747678],[23.505097,46.747633],[23.503986,46.747375],[23.503152,46.747172],[23.501855,46.746867],[23.50153,46.746791],[23.500133,46.746454],[23.499877,46.746399],[23.499673,46.746351],[23.499269,46.746254],[23.49895,46.746174]]},"properties":{"name":"Strada Avram Iancu","lines":"M24","arr":["M24"],"roundabout":0,"mode":"bus","color":"#0059a9"}},{"type":"Feature","geometry":{"type":"LineString","coordinates":[[23.517302,46.750529],[23.517141,46.750492],[23.51652,46.750332],[23.514991,46.749992],[23.514212,46.7498],[23.513469,46.749631],[23.51277,46.749462],[23.511908,46.749249],[23.511345,46.74911],[23.510818,46.748993],[23.510767,46.748982],[23.510681,46.74896],[23.510039,46.748808],[23.509139,46.748595],[23.509096,46.748585],[23.508304,46.748397],[23.506221,46.747903],[23.506072,46.747868],[23.505289,46.747678],[23.505097,46.747633],[23.503986,46.747375],[23.503152,46.747172],[23.501855,46.746867],[23.50153,46.746791],[23.500133,46.746454],[23.499877,46.746399],[23.499673,46.746351],[23.499269,46.746254],[23.49895,46.746174]]},"properties":{"name":"Strada Avram Iancu","lines":"M25","arr":["M25"],"roundabout":0,"mode":"bus","color":"#0059a9"}},{"type":"Feature","geometry":{"type":"LineString","coordinates":[[23.517302,46.750529],[23.517141,46.750492],[23.51652,46.750332],[23.514991,46.749992],[23.514212,46.7498],[23.513469,46.749631],[23.51277,46.749462],[23.511908,46.749249],[23.511345,46.74911],[23.510818,46.748993],[23.510767,46.748982],[23.510681,46.74896],[23.510039,46.748808],[23.509139,46.748595],[23.509096,46.748585],[23.508304,46.748397],[23.506221,46.747903],[23.506072,46.747868],[23.505289,46.747678],[23.505097,46.747633],[23.503986,46.747375],[23.503152,46.747172],[23.501855,46.746867],[23.50153,46.746791],[23.500133,46.746454],[23.499877,46.746399],[23.499673,46.746351],[23.499269,46.746254],[23.49895,46.746174]]},"properties":{"name":"Strada Avram Iancu","lines":"M26","arr":["M26"],"roundabout":0,"mode":"bus","color":"#0059a9"}},{"type":"Feature","geometry":{"type":"LineString","coordinates":[[23.517302,46.750529],[23.517141,46.750492],[23.51652,46.750332],[23.514991,46.749992],[23.514212,46.7498],[23.513469,46.749631],[23.51277,46.749462],[23.511908,46.749249],[23.511345,46.74911],[23.510818,46.748993],[23.510767,46.748982],[23.510681,46.74896],[23.510039,46.748808],[23.509139,46.748595],[23.509096,46.748585],[23.508304,46.748397],[23.506221,46.747903],[23.506072,46.747868],[23.505289,46.747678],[23.505097,46.747633],[23.503986,46.747375],[23.503152,46.747172],[23.501855,46.746867],[23.50153,46.746791],[23.500133,46.746454],[23.499877,46.746399],[23.499673,46.746351],[23.499269,46.746254],[23.49895,46.746174]]},"properties":{"name":"Strada Avram Iancu","lines":"M51","arr":["M51"],"roundabout":0,"mode":"bus","color":"#0059a9"}},{"type":"Feature","geometry":{"type":"LineString","coordinates":[[23.517302,46.750529],[23.517141,46.750492],[23.51652,46.750332],[23.514991,46.749992],[23.514212,46.7498],[23.513469,46.749631],[23.51277,46.749462],[23.511908,46.749249],[23.511345,46.74911],[23.510818,46.748993],[23.510767,46.748982],[23.510681,46.74896],[23.510039,46.748808],[23.509139,46.748595],[23.509096,46.748585],[23.508304,46.748397],[23.506221,46.747903],[23.506072,46.747868],[23.505289,46.747678],[23.505097,46.747633],[23.503986,46.747375],[23.503152,46.747172],[23.501855,46.746867],[23.50153,46.746791],[23.500133,46.746454],[23.499877,46.746399],[23.499673,46.746351],[23.499269,46.746254],[23.49895,46.746174]]},"properties":{"name":"Strada Avram Iancu","lines":"M52","arr":["M52"],"roundabout":0,"mode":"bus","color":"#0059a9"}},{"type":"Feature","geometry":{"type":"LineString","coordinates":[[23.517302,46.750529],[23.517141,46.750492],[23.51652,46.750332],[23.514991,46.749992],[23.514212,46.7498],[23.513469,46.749631],[23.51277,46.749462],[23.511908,46.749249],[23.511345,46.74911],[23.510818,46.748993],[23.510767,46.748982],[23.510681,46.74896],[23.510039,46.748808],[23.509139,46.748595],[23.509096,46.748585],[23.508304,46.748397],[23.506221,46.747903],[23.506072,46.747868],[23.505289,46.747678],[23.505097,46.747633],[23.503986,46.747375],[23.503152,46.747172],[23.501855,46.746867],[23.50153,46.746791],[23.500133,46.746454],[23.499877,46.746399],[23.499673,46.746351],[23.499269,46.746254],[23.49895,46.746174]]},"properties":{"name":"Strada Avram Iancu","lines":"M81","arr":["M81"],"roundabout":0,"mode":"bus","color":"#0059a9"}},{"type":"Feature","geometry":{"type":"LineString","coordinates":[[23.510681,46.74896],[23.510636,46.74905]]},"properties":{"name":"Strada Avram Iancu","lines":"M21","arr":["M21"],"roundabout":0,"mode":"bus","color":"#0059a9"}},{"type":"Feature","geometry":{"type":"LineString","coordinates":[[23.510681,46.74896],[23.510636,46.74905]]},"properties":{"name":"Strada Avram Iancu","lines":"M81","arr":["M81"],"roundabout":0,"mode":"bus","color":"#0059a9"}},{"type":"Feature","geometry":{"type":"LineString","coordinates":[[23.49895,46.746174],[23.498831,46.746146],[23.498621,46.746097],[23.498298,46.74602],[23.498177,46.745991],[23.497951,46.745937],[23.497821,46.745906],[23.497053,46.745719]]},"properties":{"name":"Strada Avram Iancu","lines":"M21","arr":["M21"],"roundabout":0,"mode":"bus","color":"#0059a9"}},{"type":"Feature","geometry":{"type":"LineString","coordinates":[[23.49895,46.746174],[23.498831,46.746146],[23.498621,46.746097],[23.498298,46.74602],[23.498177,46.745991],[23.497951,46.745937],[23.497821,46.745906],[23.497053,46.745719]]},"properties":{"name":"Strada Avram Iancu","lines":"M22","arr":["M22"],"roundabout":0,"mode":"bus","color":"#0059a9"}},{"type":"Feature","geometry":{"type":"LineString","coordinates":[[23.49895,46.746174],[23.498831,46.746146],[23.498621,46.746097],[23.498298,46.74602],[23.498177,46.745991],[23.497951,46.745937],[23.497821,46.745906],[23.497053,46.745719]]},"properties":{"name":"Strada Avram Iancu","lines":"M23","arr":["M23"],"roundabout":0,"mode":"bus","color":"#0059a9"}},{"type":"Feature","geometry":{"type":"LineString","coordinates":[[23.49895,46.746174],[23.498831,46.746146],[23.498621,46.746097],[23.498298,46.74602],[23.498177,46.745991],[23.497951,46.745937],[23.497821,46.745906],[23.497053,46.745719]]},"properties":{"name":"Strada Avram Iancu","lines":"M24","arr":["M24"],"roundabout":0,"mode":"bus","color":"#0059a9"}},{"type":"Feature","geometry":{"type":"LineString","coordinates":[[23.49895,46.746174],[23.498831,46.746146],[23.498621,46.746097],[23.498298,46.74602],[23.498177,46.745991],[23.497951,46.745937],[23.497821,46.745906],[23.497053,46.745719]]},"properties":{"name":"Strada Avram Iancu","lines":"M26","arr":["M26"],"roundabout":0,"mode":"bus","color":"#0059a9"}},{"type":"Feature","geometry":{"type":"LineString","coordinates":[[23.49895,46.746174],[23.498831,46.746146],[23.498621,46.746097],[23.498298,46.74602],[23.498177,46.745991],[23.497951,46.745937],[23.497821,46.745906],[23.497053,46.745719]]},"properties":{"name":"Strada Avram Iancu","lines":"M51","arr":["M51"],"roundabout":0,"mode":"bus","color":"#0059a9"}},{"type":"Feature","geometry":{"type":"LineString","coordinates":[[23.49895,46.746174],[23.498831,46.746146],[23.498621,46.746097],[23.498298,46.74602],[23.498177,46.745991],[23.497951,46.745937],[23.497821,46.745906],[23.497053,46.745719]]},"properties":{"name":"Strada Avram Iancu","lines":"M52","arr":["M52"],"roundabout":0,"mode":"bus","color":"#0059a9"}},{"type":"Feature","geometry":{"type":"LineString","coordinates":[[23.49895,46.746174],[23.498831,46.746146],[23.498621,46.746097],[23.498298,46.74602],[23.498177,46.745991],[23.497951,46.745937],[23.497821,46.745906],[23.497053,46.745719]]},"properties":{"name":"Strada Avram Iancu","lines":"M81","arr":["M81"],"roundabout":0,"mode":"bus","color":"#0059a9"}},{"type":"Feature","geometry":{"type":"LineString","coordinates":[[23.49895,46.746174],[23.498972,46.74613],[23.498997,46.74608],[23.49908,46.74593],[23.499207,46.74573],[23.50002,46.744389],[23.50044,46.743656],[23.500757,46.743121],[23.500926,46.74284]]},"properties":{"name":"Strada Poligonului","lines":"M21","arr":["M21"],"roundabout":0,"mode":"bus","color":"#0059a9"}},{"type":"Feature","geometry":{"type":"LineString","coordinates":[[23.49895,46.746174],[23.498972,46.74613],[23.498997,46.74608],[23.49908,46.74593],[23.499207,46.74573],[23.50002,46.744389],[23.50044,46.743656],[23.500757,46.743121],[23.500926,46.74284]]},"properties":{"name":"Strada Poligonului","lines":"M25","arr":["M25"],"roundabout":0,"mode":"bus","color":"#0059a9"}},{"type":"Feature","geometry":{"type":"LineString","coordinates":[[23.500926,46.74284],[23.500761,46.74283],[23.50032,46.742821],[23.500187,46.742815],[23.500043,46.74281],[23.499773,46.742792],[23.499569,46.742779],[23.4994,46.742767],[23.498896,46.742733],[23.498661,46.742716],[23.496658,46.742521],[23.49646,46.742503]]},"properties":{"name":"Strada Tăuțiului","lines":"M21","arr":["M21"],"roundabout":0,"mode":"bus","color":"#0059a9"}},{"type":"Feature","geometry":{"type":"LineString","coordinates":[[23.49646,46.742503],[23.496461,46.742432],[23.49646,46.742373],[23.49632,46.74135],[23.49627,46.740846],[23.496255,46.740757],[23.49625,46.740718],[23.49613,46.739862],[23.496075,46.739493],[23.495989,46.738899],[23.495863,46.73807],[23.495732,46.737208],[23.495689,46.737062],[23.495653,46.737014],[23.495596,46.736936],[23.495479,46.736858],[23.495299,46.736815],[23.495021,46.736784],[23.494832,46.736772],[23.494443,46.736747],[23.494086,46.736731],[23.493697,46.736716],[23.4933,46.736696],[23.492814,46.736666],[23.492313,46.73664],[23.491673,46.736605],[23.491566,46.736601],[23.490989,46.736568],[23.490689,46.736554],[23.490368,46.736533],[23.489785,46.736507],[23.489503,46.736489],[23.488914,46.736462],[23.488505,46.73644],[23.488357,46.736431],[23.488034,46.736412],[23.487647,46.736389],[23.487564,46.736385],[23.487125,46.736363],[23.486913,46.736352],[23.486414,46.736326],[23.486289,46.736319],[23.485795,46.736293],[23.48509,46.736258],[23.484443,46.736227],[23.48399,46.736206]]},"properties":{"name":"Strada Cetății","lines":"M21","arr":["M21"],"roundabout":0,"mode":"bus","color":"#0059a9"}},{"type":"Feature","geometry":{"type":"LineString","coordinates":[[23.483598,46.732916],[23.48363,46.733141],[23.483661,46.733373],[23.483677,46.733458],[23.483733,46.733926],[23.483766,46.734294],[23.483769,46.734327],[23.483778,46.734431],[23.483867,46.735133],[23.483909,46.735495],[23.483915,46.735528],[23.48393,46.735698],[23.483949,46.735876],[23.48399,46.736206]]},"properties":{"name":"Strada Eroilor","lines":"M21","arr":["M21"],"roundabout":0,"mode":"bus","color":"#0059a9"}},{"type":"Feature","geometry":{"type":"LineString","coordinates":[[23.483598,46.732916],[23.48363,46.733141],[23.483661,46.733373],[23.483677,46.733458],[23.483733,46.733926],[23.483766,46.734294],[23.483769,46.734327],[23.483778,46.734431],[23.483867,46.735133],[23.483909,46.735495],[23.483915,46.735528],[23.48393,46.735698],[23.483949,46.735876],[23.48399,46.736206]]},"properties":{"name":"Strada Eroilor","lines":"M26","arr":["M26"],"roundabout":0,"mode":"bus","color":"#0059a9"}},{"type":"Feature","geometry":{"type":"LineString","coordinates":[[23.483598,46.732916],[23.483493,46.732478],[23.483439,46.732285],[23.483436,46.732264],[23.483432,46.732226],[23.483419,46.732156],[23.483412,46.73213],[23.483385,46.731987],[23.483359,46.731885],[23.483345,46.731744],[23.483348,46.731599],[23.483359,46.73139],[23.483385,46.731217],[23.483419,46.731027],[23.48345,46.730831],[23.483466,46.730703],[23.48351,46.730588],[23.483623,46.730262],[23.483707,46.730043],[23.483964,46.729612],[23.483981,46.729583],[23.484081,46.729435]]},"properties":{"name":"Bulevardul Cetatea Fetei","lines":"M21","arr":["M21"],"roundabout":0,"mode":"bus","color":"#0059a9"}},{"type":"Feature","geometry":{"type":"LineString","coordinates":[[23.483598,46.732916],[23.483493,46.732478],[23.483439,46.732285],[23.483436,46.732264],[23.483432,46.732226],[23.483419,46.732156],[23.483412,46.73213],[23.483385,46.731987],[23.483359,46.731885],[23.483345,46.731744],[23.483348,46.731599],[23.483359,46.73139],[23.483385,46.731217],[23.483419,46.731027],[23.48345,46.730831],[23.483466,46.730703],[23.48351,46.730588],[23.483623,46.730262],[23.483707,46.730043],[23.483964,46.729612],[23.483981,46.729583],[23.484081,46.729435]]},"properties":{"name":"Bulevardul Cetatea Fetei","lines":"M26","arr":["M26"],"roundabout":0,"mode":"bus","color":"#0059a9"}},{"type":"Feature","geometry":{"type":"LineString","coordinates":[[23.484081,46.729435],[23.484173,46.729299],[23.484369,46.729011],[23.485088,46.728086]]},"properties":{"name":"Bulevardul Cetatea Fetei","lines":"M21","arr":["M21"],"roundabout":0,"mode":"bus","color":"#0059a9"}},{"type":"Feature","geometry":{"type":"LineString","coordinates":[[23.498661,46.742716],[23.498625,46.742782],[23.498466,46.743079],[23.498171,46.743611],[23.498014,46.743907],[23.4971,46.745635],[23.497082,46.745667],[23.497053,46.745719]]},"properties":{"name":"Strada Muncitorilor","lines":"M21","arr":["M21"],"roundabout":0,"mode":"bus","color":"#0059a9"}},{"type":"Feature","geometry":{"type":"LineString","coordinates":[[23.517302,46.750529],[23.51751,46.750541],[23.517618,46.75054],[23.517692,46.750534]]},"properties":{"name":"Strada Avram Iancu","lines":"M21","arr":["M21"],"roundabout":0,"mode":"bus","color":"#0059a9"}},{"type":"Feature","geometry":{"type":"LineString","coordinates":[[23.517302,46.750529],[23.51751,46.750541],[23.517618,46.75054],[23.517692,46.750534]]},"properties":{"name":"Strada Avram Iancu","lines":"M23","arr":["M23"],"roundabout":0,"mode":"bus","color":"#0059a9"}},{"type":"Feature","geometry":{"type":"LineString","coordinates":[[23.517302,46.750529],[23.51751,46.750541],[23.517618,46.75054],[23.517692,46.750534]]},"properties":{"name":"Strada Avram Iancu","lines":"M24","arr":["M24"],"roundabout":0,"mode":"bus","color":"#0059a9"}},{"type":"Feature","geometry":{"type":"LineString","coordinates":[[23.517302,46.750529],[23.51751,46.750541],[23.517618,46.75054],[23.517692,46.750534]]},"properties":{"name":"Strada Avram Iancu","lines":"M26","arr":["M26"],"roundabout":0,"mode":"bus","color":"#0059a9"}},{"type":"Feature","geometry":{"type":"LineString","coordinates":[[23.517302,46.750529],[23.51751,46.750541],[23.517618,46.75054],[23.517692,46.750534]]},"properties":{"name":"Strada Avram Iancu","lines":"M51","arr":["M51"],"roundabout":0,"mode":"bus","color":"#0059a9"}},{"type":"Feature","geometry":{"type":"LineString","coordinates":[[23.517302,46.750529],[23.51751,46.750541],[23.517618,46.75054],[23.517692,46.750534]]},"properties":{"name":"Strada Avram Iancu","lines":"M81","arr":["M81"],"roundabout":0,"mode":"bus","color":"#0059a9"}},{"type":"Feature","geometry":{"type":"LineString","coordinates":[[23.517973,46.75059],[23.518011,46.750625],[23.518051,46.750656],[23.518109,46.750698],[23.51818,46.750735],[23.51825,46.750764]]},"properties":{"name":"Strada Avram Iancu","lines":"M21","arr":["M21"],"roundabout":0,"mode":"bus","color":"#0059a9"}},{"type":"Feature","geometry":{"type":"LineString","coordinates":[[23.517973,46.75059],[23.518011,46.750625],[23.518051,46.750656],[23.518109,46.750698],[23.51818,46.750735],[23.51825,46.750764]]},"properties":{"name":"Strada Avram Iancu","lines":"M23","arr":["M23"],"roundabout":0,"mode":"bus","color":"#0059a9"}},{"type":"Feature","geometry":{"type":"LineString","coordinates":[[23.517973,46.75059],[23.518011,46.750625],[23.518051,46.750656],[23.518109,46.750698],[23.51818,46.750735],[23.51825,46.750764]]},"properties":{"name":"Strada Avram Iancu","lines":"M24","arr":["M24"],"roundabout":0,"mode":"bus","color":"#0059a9"}},{"type":"Feature","geometry":{"type":"LineString","coordinates":[[23.517973,46.75059],[23.518011,46.750625],[23.518051,46.750656],[23.518109,46.750698],[23.51818,46.750735],[23.51825,46.750764]]},"properties":{"name":"Strada Avram Iancu","lines":"M26","arr":["M26"],"roundabout":0,"mode":"bus","color":"#0059a9"}},{"type":"Feature","geometry":{"type":"LineString","coordinates":[[23.517973,46.75059],[23.518011,46.750625],[23.518051,46.750656],[23.518109,46.750698],[23.51818,46.750735],[23.51825,46.750764]]},"properties":{"name":"Strada Avram Iancu","lines":"M27","arr":["M27"],"roundabout":0,"mode":"bus","color":"#0059a9"}},{"type":"Feature","geometry":{"type":"LineString","coordinates":[[23.517973,46.75059],[23.518011,46.750625],[23.518051,46.750656],[23.518109,46.750698],[23.51818,46.750735],[23.51825,46.750764]]},"properties":{"name":"Strada Avram Iancu","lines":"M51","arr":["M51"],"roundabout":0,"mode":"bus","color":"#0059a9"}},{"type":"Feature","geometry":{"type":"LineString","coordinates":[[23.517973,46.75059],[23.518011,46.750625],[23.518051,46.750656],[23.518109,46.750698],[23.51818,46.750735],[23.51825,46.750764]]},"properties":{"name":"Strada Avram Iancu","lines":"M81","arr":["M81"],"roundabout":0,"mode":"bus","color":"#0059a9"}},{"type":"Feature","geometry":{"type":"LineString","coordinates":[[23.523101,46.751904],[23.524131,46.752095],[23.524469,46.752157],[23.524846,46.752223],[23.524912,46.752234],[23.525019,46.752258]]},"properties":{"name":"Strada Avram Iancu","lines":"M21","arr":["M21"],"roundabout":0,"mode":"bus","color":"#0059a9"}},{"type":"Feature","geometry":{"type":"LineString","coordinates":[[23.523101,46.751904],[23.524131,46.752095],[23.524469,46.752157],[23.524846,46.752223],[23.524912,46.752234],[23.525019,46.752258]]},"properties":{"name":"Strada Avram Iancu","lines":"M23","arr":["M23"],"roundabout":0,"mode":"bus","color":"#0059a9"}},{"type":"Feature","geometry":{"type":"LineString","coordinates":[[23.523101,46.751904],[23.524131,46.752095],[23.524469,46.752157],[23.524846,46.752223],[23.524912,46.752234],[23.525019,46.752258]]},"properties":{"name":"Strada Avram Iancu","lines":"M24","arr":["M24"],"roundabout":0,"mode":"bus","color":"#0059a9"}},{"type":"Feature","geometry":{"type":"LineString","coordinates":[[23.523101,46.751904],[23.524131,46.752095],[23.524469,46.752157],[23.524846,46.752223],[23.524912,46.752234],[23.525019,46.752258]]},"properties":{"name":"Strada Avram Iancu","lines":"M26","arr":["M26"],"roundabout":0,"mode":"bus","color":"#0059a9"}},{"type":"Feature","geometry":{"type":"LineString","coordinates":[[23.523101,46.751904],[23.524131,46.752095],[23.524469,46.752157],[23.524846,46.752223],[23.524912,46.752234],[23.525019,46.752258]]},"properties":{"name":"Strada Avram Iancu","lines":"M27","arr":["M27"],"roundabout":0,"mode":"bus","color":"#0059a9"}},{"type":"Feature","geometry":{"type":"LineString","coordinates":[[23.523101,46.751904],[23.524131,46.752095],[23.524469,46.752157],[23.524846,46.752223],[23.524912,46.752234],[23.525019,46.752258]]},"properties":{"name":"Strada Avram Iancu","lines":"M51","arr":["M51"],"roundabout":0,"mode":"bus","color":"#0059a9"}},{"type":"Feature","geometry":{"type":"LineString","coordinates":[[23.523101,46.751904],[23.524131,46.752095],[23.524469,46.752157],[23.524846,46.752223],[23.524912,46.752234],[23.525019,46.752258]]},"properties":{"name":"Strada Avram Iancu","lines":"M81","arr":["M81"],"roundabout":0,"mode":"bus","color":"#0059a9"}},{"type":"Feature","geometry":{"type":"LineString","coordinates":[[23.525417,46.752349],[23.525933,46.752472],[23.526506,46.752608],[23.526534,46.752616],[23.527257,46.752825],[23.527923,46.753013],[23.528193,46.753066],[23.528545,46.753133],[23.529213,46.753238],[23.529784,46.753339],[23.529951,46.753369],[23.530026,46.753382],[23.530903,46.753573],[23.531163,46.753644],[23.531933,46.753864],[23.532303,46.753987],[23.532684,46.754137]]},"properties":{"name":"Strada Avram Iancu","lines":"M21","arr":["M21"],"roundabout":0,"mode":"bus","color":"#0059a9"}},{"type":"Feature","geometry":{"type":"LineString","coordinates":[[23.525417,46.752349],[23.525933,46.752472],[23.526506,46.752608],[23.526534,46.752616],[23.527257,46.752825],[23.527923,46.753013],[23.528193,46.753066],[23.528545,46.753133],[23.529213,46.753238],[23.529784,46.753339],[23.529951,46.753369],[23.530026,46.753382],[23.530903,46.753573],[23.531163,46.753644],[23.531933,46.753864],[23.532303,46.753987],[23.532684,46.754137]]},"properties":{"name":"Strada Avram Iancu","lines":"M23","arr":["M23"],"roundabout":0,"mode":"bus","color":"#0059a9"}},{"type":"Feature","geometry":{"type":"LineString","coordinates":[[23.525417,46.752349],[23.525933,46.752472],[23.526506,46.752608],[23.526534,46.752616],[23.527257,46.752825],[23.527923,46.753013],[23.528193,46.753066],[23.528545,46.753133],[23.529213,46.753238],[23.529784,46.753339],[23.529951,46.753369],[23.530026,46.753382],[23.530903,46.753573],[23.531163,46.753644],[23.531933,46.753864],[23.532303,46.753987],[23.532684,46.754137]]},"properties":{"name":"Strada Avram Iancu","lines":"M24","arr":["M24"],"roundabout":0,"mode":"bus","color":"#0059a9"}},{"type":"Feature","geometry":{"type":"LineString","coordinates":[[23.525417,46.752349],[23.525933,46.752472],[23.526506,46.752608],[23.526534,46.752616],[23.527257,46.752825],[23.527923,46.753013],[23.528193,46.753066],[23.528545,46.753133],[23.529213,46.753238],[23.529784,46.753339],[23.529951,46.753369],[23.530026,46.753382],[23.530903,46.753573],[23.531163,46.753644],[23.531933,46.753864],[23.532303,46.753987],[23.532684,46.754137]]},"properties":{"name":"Strada Avram Iancu","lines":"M26","arr":["M26"],"roundabout":0,"mode":"bus","color":"#0059a9"}},{"type":"Feature","geometry":{"type":"LineString","coordinates":[[23.525417,46.752349],[23.525933,46.752472],[23.526506,46.752608],[23.526534,46.752616],[23.527257,46.752825],[23.527923,46.753013],[23.528193,46.753066],[23.528545,46.753133],[23.529213,46.753238],[23.529784,46.753339],[23.529951,46.753369],[23.530026,46.753382],[23.530903,46.753573],[23.531163,46.753644],[23.531933,46.753864],[23.532303,46.753987],[23.532684,46.754137]]},"properties":{"name":"Strada Avram Iancu","lines":"M27","arr":["M27"],"roundabout":0,"mode":"bus","color":"#0059a9"}},{"type":"Feature","geometry":{"type":"LineString","coordinates":[[23.525417,46.752349],[23.525933,46.752472],[23.526506,46.752608],[23.526534,46.752616],[23.527257,46.752825],[23.527923,46.753013],[23.528193,46.753066],[23.528545,46.753133],[23.529213,46.753238],[23.529784,46.753339],[23.529951,46.753369],[23.530026,46.753382],[23.530903,46.753573],[23.531163,46.753644],[23.531933,46.753864],[23.532303,46.753987],[23.532684,46.754137]]},"properties":{"name":"Strada Avram Iancu","lines":"M51","arr":["M51"],"roundabout":0,"mode":"bus","color":"#0059a9"}},{"type":"Feature","geometry":{"type":"LineString","coordinates":[[23.525417,46.752349],[23.525933,46.752472],[23.526506,46.752608],[23.526534,46.752616],[23.527257,46.752825],[23.527923,46.753013],[23.528193,46.753066],[23.528545,46.753133],[23.529213,46.753238],[23.529784,46.753339],[23.529951,46.753369],[23.530026,46.753382],[23.530903,46.753573],[23.531163,46.753644],[23.531933,46.753864],[23.532303,46.753987],[23.532684,46.754137]]},"properties":{"name":"Strada Avram Iancu","lines":"M81","arr":["M81"],"roundabout":0,"mode":"bus","color":"#0059a9"}},{"type":"Feature","geometry":{"type":"LineString","coordinates":[[23.525019,46.752258],[23.525054,46.752265],[23.525154,46.752287],[23.525417,46.752349]]},"properties":{"name":"Strada Avram Iancu","lines":"M24","arr":["M24"],"roundabout":0,"mode":"bus","color":"#0059a9"}},{"type":"Feature","geometry":{"type":"LineString","coordinates":[[23.525019,46.752258],[23.525054,46.752265],[23.525154,46.752287],[23.525417,46.752349]]},"properties":{"name":"Strada Avram Iancu","lines":"M26","arr":["M26"],"roundabout":0,"mode":"bus","color":"#0059a9"}},{"type":"Feature","geometry":{"type":"LineString","coordinates":[[23.525019,46.752258],[23.525054,46.752265],[23.525154,46.752287],[23.525417,46.752349]]},"properties":{"name":"Strada Avram Iancu","lines":"M27","arr":["M27"],"roundabout":0,"mode":"bus","color":"#0059a9"}},{"type":"Feature","geometry":{"type":"LineString","coordinates":[[23.525019,46.752258],[23.525054,46.752265],[23.525154,46.752287],[23.525417,46.752349]]},"properties":{"name":"Strada Avram Iancu","lines":"M51","arr":["M51"],"roundabout":0,"mode":"bus","color":"#0059a9"}},{"type":"Feature","geometry":{"type":"LineString","coordinates":[[23.525076,46.752137],[23.525045,46.752203],[23.525019,46.752258]]},"properties":{"name":"","lines":"M21","arr":["M21"],"roundabout":0,"mode":"bus","color":"#0059a9"}},{"type":"Feature","geometry":{"type":"LineString","coordinates":[[23.525076,46.752137],[23.525045,46.752203],[23.525019,46.752258]]},"properties":{"name":"","lines":"M23","arr":["M23"],"roundabout":0,"mode":"bus","color":"#0059a9"}},{"type":"Feature","geometry":{"type":"LineString","coordinates":[[23.525076,46.752137],[23.525045,46.752203],[23.525019,46.752258]]},"properties":{"name":"","lines":"M81","arr":["M81"],"roundabout":0,"mode":"bus","color":"#0059a9"}},{"type":"Feature","geometry":{"type":"LineString","coordinates":[[23.525076,46.752137],[23.525058,46.752045],[23.524974,46.751961],[23.524973,46.751926],[23.524857,46.751817],[23.524638,46.751606],[23.52448,46.751455]]},"properties":{"name":"","lines":"M27","arr":["M27"],"roundabout":0,"mode":"bus","color":"#0059a9"}},{"type":"Feature","geometry":{"type":"LineString","coordinates":[[23.525076,46.752137],[23.52515,46.752222],[23.525193,46.752254],[23.525299,46.752298]]},"properties":{"name":"","lines":"M21","arr":["M21"],"roundabout":0,"mode":"bus","color":"#0059a9"}},{"type":"Feature","geometry":{"type":"LineString","coordinates":[[23.525076,46.752137],[23.52515,46.752222],[23.525193,46.752254],[23.525299,46.752298]]},"properties":{"name":"","lines":"M23","arr":["M23"],"roundabout":0,"mode":"bus","color":"#0059a9"}},{"type":"Feature","geometry":{"type":"LineString","coordinates":[[23.525076,46.752137],[23.52515,46.752222],[23.525193,46.752254],[23.525299,46.752298]]},"properties":{"name":"","lines":"M27","arr":["M27"],"roundabout":0,"mode":"bus","color":"#0059a9"}},{"type":"Feature","geometry":{"type":"LineString","coordinates":[[23.525076,46.752137],[23.52515,46.752222],[23.525193,46.752254],[23.525299,46.752298]]},"properties":{"name":"","lines":"M81","arr":["M81"],"roundabout":0,"mode":"bus","color":"#0059a9"}},{"type":"Feature","geometry":{"type":"LineString","coordinates":[[23.525366,46.752325],[23.525417,46.752349]]},"properties":{"name":"","lines":"M21","arr":["M21"],"roundabout":0,"mode":"bus","color":"#0059a9"}},{"type":"Feature","geometry":{"type":"LineString","coordinates":[[23.525366,46.752325],[23.525417,46.752349]]},"properties":{"name":"","lines":"M23","arr":["M23"],"roundabout":0,"mode":"bus","color":"#0059a9"}},{"type":"Feature","geometry":{"type":"LineString","coordinates":[[23.525366,46.752325],[23.525417,46.752349]]},"properties":{"name":"","lines":"M27","arr":["M27"],"roundabout":0,"mode":"bus","color":"#0059a9"}},{"type":"Feature","geometry":{"type":"LineString","coordinates":[[23.525366,46.752325],[23.525417,46.752349]]},"properties":{"name":"","lines":"M81","arr":["M81"],"roundabout":0,"mode":"bus","color":"#0059a9"}},{"type":"Feature","geometry":{"type":"LineString","coordinates":[[23.525299,46.752298],[23.525366,46.752325]]},"properties":{"name":"","lines":"M21","arr":["M21"],"roundabout":0,"mode":"bus","color":"#0059a9"}},{"type":"Feature","geometry":{"type":"LineString","coordinates":[[23.525299,46.752298],[23.525366,46.752325]]},"properties":{"name":"","lines":"M27","arr":["M27"],"roundabout":0,"mode":"bus","color":"#0059a9"}},{"type":"Feature","geometry":{"type":"LineString","coordinates":[[23.525299,46.752298],[23.525366,46.752325]]},"properties":{"name":"","lines":"M81","arr":["M81"],"roundabout":0,"mode":"bus","color":"#0059a9"}},{"type":"Feature","geometry":{"type":"LineString","coordinates":[[23.516424,46.750385],[23.51652,46.750332]]},"properties":{"name":"","lines":"M22","arr":["M22"],"roundabout":0,"mode":"bus","color":"#0059a9"}},{"type":"Feature","geometry":{"type":"LineString","coordinates":[[23.511345,46.74911],[23.511302,46.749201]]},"properties":{"name":"Strada Avram Iancu","lines":"M22","arr":["M22"],"roundabout":0,"mode":"bus","color":"#0059a9"}},{"type":"Feature","geometry":{"type":"LineString","coordinates":[[23.497053,46.745719],[23.496254,46.745533],[23.49559,46.745376],[23.495449,46.745349],[23.495135,46.745306],[23.494386,46.745243],[23.494177,46.74523],[23.493289,46.745178],[23.493132,46.745169],[23.49262,46.745146],[23.492159,46.745128],[23.491693,46.745112],[23.490331,46.745107],[23.490219,46.745105],[23.490148,46.745103],[23.489968,46.745095],[23.489532,46.745044],[23.48939,46.745023],[23.489176,46.744989],[23.48896,46.744945],[23.488804,46.744911],[23.488672,46.744877],[23.488418,46.744804],[23.487967,46.74466],[23.487872,46.744633],[23.487645,46.744576],[23.487452,46.744534],[23.486902,46.744453],[23.485996,46.744341],[23.485937,46.744334],[23.48549,46.744278],[23.485451,46.744274],[23.485296,46.744256]]},"properties":{"name":"Strada Avram Iancu","lines":"M22","arr":["M22"],"roundabout":0,"mode":"bus","color":"#0059a9"}},{"type":"Feature","geometry":{"type":"LineString","coordinates":[[23.497053,46.745719],[23.496254,46.745533],[23.49559,46.745376],[23.495449,46.745349],[23.495135,46.745306],[23.494386,46.745243],[23.494177,46.74523],[23.493289,46.745178],[23.493132,46.745169],[23.49262,46.745146],[23.492159,46.745128],[23.491693,46.745112],[23.490331,46.745107],[23.490219,46.745105],[23.490148,46.745103],[23.489968,46.745095],[23.489532,46.745044],[23.48939,46.745023],[23.489176,46.744989],[23.48896,46.744945],[23.488804,46.744911],[23.488672,46.744877],[23.488418,46.744804],[23.487967,46.74466],[23.487872,46.744633],[23.487645,46.744576],[23.487452,46.744534],[23.486902,46.744453],[23.485996,46.744341],[23.485937,46.744334],[23.48549,46.744278],[23.485451,46.744274],[23.485296,46.744256]]},"properties":{"name":"Strada Avram Iancu","lines":"M23","arr":["M23"],"roundabout":0,"mode":"bus","color":"#0059a9"}},{"type":"Feature","geometry":{"type":"LineString","coordinates":[[23.497053,46.745719],[23.496254,46.745533],[23.49559,46.745376],[23.495449,46.745349],[23.495135,46.745306],[23.494386,46.745243],[23.494177,46.74523],[23.493289,46.745178],[23.493132,46.745169],[23.49262,46.745146],[23.492159,46.745128],[23.491693,46.745112],[23.490331,46.745107],[23.490219,46.745105],[23.490148,46.745103],[23.489968,46.745095],[23.489532,46.745044],[23.48939,46.745023],[23.489176,46.744989],[23.48896,46.744945],[23.488804,46.744911],[23.488672,46.744877],[23.488418,46.744804],[23.487967,46.74466],[23.487872,46.744633],[23.487645,46.744576],[23.487452,46.744534],[23.486902,46.744453],[23.485996,46.744341],[23.485937,46.744334],[23.48549,46.744278],[23.485451,46.744274],[23.485296,46.744256]]},"properties":{"name":"Strada Avram Iancu","lines":"M24","arr":["M24"],"roundabout":0,"mode":"bus","color":"#0059a9"}},{"type":"Feature","geometry":{"type":"LineString","coordinates":[[23.497053,46.745719],[23.496254,46.745533],[23.49559,46.745376],[23.495449,46.745349],[23.495135,46.745306],[23.494386,46.745243],[23.494177,46.74523],[23.493289,46.745178],[23.493132,46.745169],[23.49262,46.745146],[23.492159,46.745128],[23.491693,46.745112],[23.490331,46.745107],[23.490219,46.745105],[23.490148,46.745103],[23.489968,46.745095],[23.489532,46.745044],[23.48939,46.745023],[23.489176,46.744989],[23.48896,46.744945],[23.488804,46.744911],[23.488672,46.744877],[23.488418,46.744804],[23.487967,46.74466],[23.487872,46.744633],[23.487645,46.744576],[23.487452,46.744534],[23.486902,46.744453],[23.485996,46.744341],[23.485937,46.744334],[23.48549,46.744278],[23.485451,46.744274],[23.485296,46.744256]]},"properties":{"name":"Strada Avram Iancu","lines":"M26","arr":["M26"],"roundabout":0,"mode":"bus","color":"#0059a9"}},{"type":"Feature","geometry":{"type":"LineString","coordinates":[[23.497053,46.745719],[23.496254,46.745533],[23.49559,46.745376],[23.495449,46.745349],[23.495135,46.745306],[23.494386,46.745243],[23.494177,46.74523],[23.493289,46.745178],[23.493132,46.745169],[23.49262,46.745146],[23.492159,46.745128],[23.491693,46.745112],[23.490331,46.745107],[23.490219,46.745105],[23.490148,46.745103],[23.489968,46.745095],[23.489532,46.745044],[23.48939,46.745023],[23.489176,46.744989],[23.48896,46.744945],[23.488804,46.744911],[23.488672,46.744877],[23.488418,46.744804],[23.487967,46.74466],[23.487872,46.744633],[23.487645,46.744576],[23.487452,46.744534],[23.486902,46.744453],[23.485996,46.744341],[23.485937,46.744334],[23.48549,46.744278],[23.485451,46.744274],[23.485296,46.744256]]},"properties":{"name":"Strada Avram Iancu","lines":"M51","arr":["M51"],"roundabout":0,"mode":"bus","color":"#0059a9"}},{"type":"Feature","geometry":{"type":"LineString","coordinates":[[23.497053,46.745719],[23.496254,46.745533],[23.49559,46.745376],[23.495449,46.745349],[23.495135,46.745306],[23.494386,46.745243],[23.494177,46.74523],[23.493289,46.745178],[23.493132,46.745169],[23.49262,46.745146],[23.492159,46.745128],[23.491693,46.745112],[23.490331,46.745107],[23.490219,46.745105],[23.490148,46.745103],[23.489968,46.745095],[23.489532,46.745044],[23.48939,46.745023],[23.489176,46.744989],[23.48896,46.744945],[23.488804,46.744911],[23.488672,46.744877],[23.488418,46.744804],[23.487967,46.74466],[23.487872,46.744633],[23.487645,46.744576],[23.487452,46.744534],[23.486902,46.744453],[23.485996,46.744341],[23.485937,46.744334],[23.48549,46.744278],[23.485451,46.744274],[23.485296,46.744256]]},"properties":{"name":"Strada Avram Iancu","lines":"M52","arr":["M52"],"roundabout":0,"mode":"bus","color":"#0059a9"}},{"type":"Feature","geometry":{"type":"LineString","coordinates":[[23.497053,46.745719],[23.496254,46.745533],[23.49559,46.745376],[23.495449,46.745349],[23.495135,46.745306],[23.494386,46.745243],[23.494177,46.74523],[23.493289,46.745178],[23.493132,46.745169],[23.49262,46.745146],[23.492159,46.745128],[23.491693,46.745112],[23.490331,46.745107],[23.490219,46.745105],[23.490148,46.745103],[23.489968,46.745095],[23.489532,46.745044],[23.48939,46.745023],[23.489176,46.744989],[23.48896,46.744945],[23.488804,46.744911],[23.488672,46.744877],[23.488418,46.744804],[23.487967,46.74466],[23.487872,46.744633],[23.487645,46.744576],[23.487452,46.744534],[23.486902,46.744453],[23.485996,46.744341],[23.485937,46.744334],[23.48549,46.744278],[23.485451,46.744274],[23.485296,46.744256]]},"properties":{"name":"Strada Avram Iancu","lines":"M81","arr":["M81"],"roundabout":0,"mode":"bus","color":"#0059a9"}},{"type":"Feature","geometry":{"type":"LineString","coordinates":[[23.485296,46.744256],[23.485184,46.74427],[23.485064,46.744286],[23.484861,46.744316],[23.484765,46.744331]]},"properties":{"name":"Strada Avram Iancu","lines":"M22","arr":["M22"],"roundabout":0,"mode":"bus","color":"#0059a9"}},{"type":"Feature","geometry":{"type":"LineString","coordinates":[[23.485296,46.744256],[23.485184,46.74427],[23.485064,46.744286],[23.484861,46.744316],[23.484765,46.744331]]},"properties":{"name":"Strada Avram Iancu","lines":"M51","arr":["M51"],"roundabout":0,"mode":"bus","color":"#0059a9"}},{"type":"Feature","geometry":{"type":"LineString","coordinates":[[23.485296,46.744256],[23.485184,46.74427],[23.485064,46.744286],[23.484861,46.744316],[23.484765,46.744331]]},"properties":{"name":"Strada Avram Iancu","lines":"M52","arr":["M52"],"roundabout":0,"mode":"bus","color":"#0059a9"}},{"type":"Feature","geometry":{"type":"LineString","coordinates":[[23.485296,46.744256],[23.485184,46.74427],[23.485064,46.744286],[23.484861,46.744316],[23.484765,46.744331]]},"properties":{"name":"Strada Avram Iancu","lines":"M81","arr":["M81"],"roundabout":0,"mode":"bus","color":"#0059a9"}},{"type":"Feature","geometry":{"type":"LineString","coordinates":[[23.484567,46.744382],[23.484479,46.744369],[23.484382,46.744363],[23.484253,46.744363],[23.484091,46.744369],[23.48388,46.744378]]},"properties":{"name":"Strada Avram Iancu","lines":"M22","arr":["M22"],"roundabout":0,"mode":"bus","color":"#0059a9"}},{"type":"Feature","geometry":{"type":"LineString","coordinates":[[23.484567,46.744382],[23.484479,46.744369],[23.484382,46.744363],[23.484253,46.744363],[23.484091,46.744369],[23.48388,46.744378]]},"properties":{"name":"Strada Avram Iancu","lines":"M24","arr":["M24"],"roundabout":0,"mode":"bus","color":"#0059a9"}},{"type":"Feature","geometry":{"type":"LineString","coordinates":[[23.484567,46.744382],[23.484479,46.744369],[23.484382,46.744363],[23.484253,46.744363],[23.484091,46.744369],[23.48388,46.744378]]},"properties":{"name":"Strada Avram Iancu","lines":"M51","arr":["M51"],"roundabout":0,"mode":"bus","color":"#0059a9"}},{"type":"Feature","geometry":{"type":"LineString","coordinates":[[23.484567,46.744382],[23.484479,46.744369],[23.484382,46.744363],[23.484253,46.744363],[23.484091,46.744369],[23.48388,46.744378]]},"properties":{"name":"Strada Avram Iancu","lines":"M52","arr":["M52"],"roundabout":0,"mode":"bus","color":"#0059a9"}},{"type":"Feature","geometry":{"type":"LineString","coordinates":[[23.484567,46.744382],[23.484479,46.744369],[23.484382,46.744363],[23.484253,46.744363],[23.484091,46.744369],[23.48388,46.744378]]},"properties":{"name":"Strada Avram Iancu","lines":"M81","arr":["M81"],"roundabout":0,"mode":"bus","color":"#0059a9"}},{"type":"Feature","geometry":{"type":"LineString","coordinates":[[23.48388,46.744378],[23.483797,46.744385],[23.483606,46.744393],[23.483421,46.744388],[23.483221,46.744369],[23.483093,46.744352],[23.482763,46.744302],[23.482104,46.744208],[23.481976,46.744189],[23.480824,46.744019],[23.479727,46.743846],[23.479706,46.743844],[23.479398,46.743799],[23.479134,46.743764],[23.478772,46.743729],[23.478506,46.743715],[23.478159,46.743712],[23.477211,46.743736],[23.476595,46.743749],[23.476362,46.743762],[23.476205,46.743773],[23.475027,46.743858],[23.474889,46.743867]]},"properties":{"name":"Strada Avram Iancu","lines":"M22","arr":["M22"],"roundabout":0,"mode":"bus","color":"#0059a9"}},{"type":"Feature","geometry":{"type":"LineString","coordinates":[[23.48388,46.744378],[23.483797,46.744385],[23.483606,46.744393],[23.483421,46.744388],[23.483221,46.744369],[23.483093,46.744352],[23.482763,46.744302],[23.482104,46.744208],[23.481976,46.744189],[23.480824,46.744019],[23.479727,46.743846],[23.479706,46.743844],[23.479398,46.743799],[23.479134,46.743764],[23.478772,46.743729],[23.478506,46.743715],[23.478159,46.743712],[23.477211,46.743736],[23.476595,46.743749],[23.476362,46.743762],[23.476205,46.743773],[23.475027,46.743858],[23.474889,46.743867]]},"properties":{"name":"Strada Avram Iancu","lines":"M23","arr":["M23"],"roundabout":0,"mode":"bus","color":"#0059a9"}},{"type":"Feature","geometry":{"type":"LineString","coordinates":[[23.48388,46.744378],[23.483797,46.744385],[23.483606,46.744393],[23.483421,46.744388],[23.483221,46.744369],[23.483093,46.744352],[23.482763,46.744302],[23.482104,46.744208],[23.481976,46.744189],[23.480824,46.744019],[23.479727,46.743846],[23.479706,46.743844],[23.479398,46.743799],[23.479134,46.743764],[23.478772,46.743729],[23.478506,46.743715],[23.478159,46.743712],[23.477211,46.743736],[23.476595,46.743749],[23.476362,46.743762],[23.476205,46.743773],[23.475027,46.743858],[23.474889,46.743867]]},"properties":{"name":"Strada Avram Iancu","lines":"M24","arr":["M24"],"roundabout":0,"mode":"bus","color":"#0059a9"}},{"type":"Feature","geometry":{"type":"LineString","coordinates":[[23.48388,46.744378],[23.483797,46.744385],[23.483606,46.744393],[23.483421,46.744388],[23.483221,46.744369],[23.483093,46.744352],[23.482763,46.744302],[23.482104,46.744208],[23.481976,46.744189],[23.480824,46.744019],[23.479727,46.743846],[23.479706,46.743844],[23.479398,46.743799],[23.479134,46.743764],[23.478772,46.743729],[23.478506,46.743715],[23.478159,46.743712],[23.477211,46.743736],[23.476595,46.743749],[23.476362,46.743762],[23.476205,46.743773],[23.475027,46.743858],[23.474889,46.743867]]},"properties":{"name":"Strada Avram Iancu","lines":"M51","arr":["M51"],"roundabout":0,"mode":"bus","color":"#0059a9"}},{"type":"Feature","geometry":{"type":"LineString","coordinates":[[23.48388,46.744378],[23.483797,46.744385],[23.483606,46.744393],[23.483421,46.744388],[23.483221,46.744369],[23.483093,46.744352],[23.482763,46.744302],[23.482104,46.744208],[23.481976,46.744189],[23.480824,46.744019],[23.479727,46.743846],[23.479706,46.743844],[23.479398,46.743799],[23.479134,46.743764],[23.478772,46.743729],[23.478506,46.743715],[23.478159,46.743712],[23.477211,46.743736],[23.476595,46.743749],[23.476362,46.743762],[23.476205,46.743773],[23.475027,46.743858],[23.474889,46.743867]]},"properties":{"name":"Strada Avram Iancu","lines":"M52","arr":["M52"],"roundabout":0,"mode":"bus","color":"#0059a9"}},{"type":"Feature","geometry":{"type":"LineString","coordinates":[[23.48388,46.744378],[23.483797,46.744385],[23.483606,46.744393],[23.483421,46.744388],[23.483221,46.744369],[23.483093,46.744352],[23.482763,46.744302],[23.482104,46.744208],[23.481976,46.744189],[23.480824,46.744019],[23.479727,46.743846],[23.479706,46.743844],[23.479398,46.743799],[23.479134,46.743764],[23.478772,46.743729],[23.478506,46.743715],[23.478159,46.743712],[23.477211,46.743736],[23.476595,46.743749],[23.476362,46.743762],[23.476205,46.743773],[23.475027,46.743858],[23.474889,46.743867]]},"properties":{"name":"Strada Avram Iancu","lines":"M81","arr":["M81"],"roundabout":0,"mode":"bus","color":"#0059a9"}},{"type":"Feature","geometry":{"type":"LineString","coordinates":[[23.474681,46.743877],[23.47433,46.743889],[23.473963,46.7439],[23.473706,46.743906]]},"properties":{"name":"Strada Avram Iancu","lines":"M22","arr":["M22"],"roundabout":0,"mode":"bus","color":"#0059a9"}},{"type":"Feature","geometry":{"type":"LineString","coordinates":[[23.474681,46.743877],[23.47433,46.743889],[23.473963,46.7439],[23.473706,46.743906]]},"properties":{"name":"Strada Avram Iancu","lines":"M23","arr":["M23"],"roundabout":0,"mode":"bus","color":"#0059a9"}},{"type":"Feature","geometry":{"type":"LineString","coordinates":[[23.474681,46.743877],[23.47433,46.743889],[23.473963,46.7439],[23.473706,46.743906]]},"properties":{"name":"Strada Avram Iancu","lines":"M24","arr":["M24"],"roundabout":0,"mode":"bus","color":"#0059a9"}},{"type":"Feature","geometry":{"type":"LineString","coordinates":[[23.474681,46.743877],[23.47433,46.743889],[23.473963,46.7439],[23.473706,46.743906]]},"properties":{"name":"Strada Avram Iancu","lines":"M51","arr":["M51"],"roundabout":0,"mode":"bus","color":"#0059a9"}},{"type":"Feature","geometry":{"type":"LineString","coordinates":[[23.474681,46.743877],[23.47433,46.743889],[23.473963,46.7439],[23.473706,46.743906]]},"properties":{"name":"Strada Avram Iancu","lines":"M52","arr":["M52"],"roundabout":0,"mode":"bus","color":"#0059a9"}},{"type":"Feature","geometry":{"type":"LineString","coordinates":[[23.474681,46.743877],[23.47433,46.743889],[23.473963,46.7439],[23.473706,46.743906]]},"properties":{"name":"Strada Avram Iancu","lines":"M81","arr":["M81"],"roundabout":0,"mode":"bus","color":"#0059a9"}},{"type":"Feature","geometry":{"type":"LineString","coordinates":[[23.474889,46.743867],[23.474681,46.743877]]},"properties":{"name":"Strada Avram Iancu","lines":"M22","arr":["M22"],"roundabout":0,"mode":"bus","color":"#0059a9"}},{"type":"Feature","geometry":{"type":"LineString","coordinates":[[23.474889,46.743867],[23.474681,46.743877]]},"properties":{"name":"Strada Avram Iancu","lines":"M23","arr":["M23"],"roundabout":0,"mode":"bus","color":"#0059a9"}},{"type":"Feature","geometry":{"type":"LineString","coordinates":[[23.474889,46.743867],[23.474681,46.743877]]},"properties":{"name":"Strada Avram Iancu","lines":"M24","arr":["M24"],"roundabout":0,"mode":"bus","color":"#0059a9"}},{"type":"Feature","geometry":{"type":"LineString","coordinates":[[23.474889,46.743867],[23.474681,46.743877]]},"properties":{"name":"Strada Avram Iancu","lines":"M51","arr":["M51"],"roundabout":0,"mode":"bus","color":"#0059a9"}},{"type":"Feature","geometry":{"type":"LineString","coordinates":[[23.474889,46.743867],[23.474681,46.743877]]},"properties":{"name":"Strada Avram Iancu","lines":"M81","arr":["M81"],"roundabout":0,"mode":"bus","color":"#0059a9"}},{"type":"Feature","geometry":{"type":"LineString","coordinates":[[23.473706,46.743906],[23.473572,46.743413],[23.473511,46.743192],[23.473453,46.742974],[23.473276,46.742299],[23.473198,46.742047],[23.473152,46.741894],[23.47313,46.741866],[23.473116,46.741857]]},"properties":{"name":"Strada Dumitru Tăuțan","lines":"M22","arr":["M22"],"roundabout":0,"mode":"bus","color":"#0059a9"}},{"type":"Feature","geometry":{"type":"LineString","coordinates":[[23.473116,46.741857],[23.473106,46.741853],[23.473058,46.741833],[23.473001,46.741818],[23.472676,46.741751],[23.472059,46.741626],[23.471714,46.741558],[23.471336,46.741469]]},"properties":{"name":"Strada Urușagului","lines":"M22","arr":["M22"],"roundabout":0,"mode":"bus","color":"#0059a9"}},{"type":"Feature","geometry":{"type":"LineString","coordinates":[[23.466045,46.741305],[23.466367,46.741297],[23.466871,46.741285],[23.467453,46.741249],[23.46757,46.741244],[23.467798,46.741235],[23.468009,46.741228],[23.468198,46.741227],[23.469107,46.741239],[23.469256,46.741243],[23.469672,46.741255],[23.470047,46.741292],[23.470114,46.7413],[23.47026,46.741317],[23.470668,46.741351],[23.47076,46.741359],[23.470882,46.74138],[23.471012,46.741403],[23.471336,46.741469]]},"properties":{"name":"Strada Șesul de Sus","lines":"M22","arr":["M22"],"roundabout":0,"mode":"bus","color":"#0059a9"}},{"type":"Feature","geometry":{"type":"LineString","coordinates":[[23.420879,46.733734],[23.420921,46.733825],[23.421328,46.734702],[23.421415,46.73486],[23.421567,46.7351],[23.421749,46.735331],[23.421983,46.735557],[23.4222,46.735739],[23.42228,46.735803],[23.424875,46.737856],[23.424991,46.737944],[23.425126,46.738032],[23.425924,46.738502],[23.427617,46.739468],[23.427748,46.739533]]},"properties":{"name":"Strada Principală","lines":"M81","arr":["M81"],"roundabout":0,"mode":"bus","color":"#0059a9"}},{"type":"Feature","geometry":{"type":"LineString","coordinates":[[23.455917,46.69536],[23.455903,46.695403],[23.455885,46.69545],[23.455866,46.695492],[23.455839,46.695534],[23.455807,46.695576],[23.455765,46.695619],[23.455565,46.695753],[23.455497,46.695798],[23.455359,46.695863],[23.455198,46.695933],[23.454962,46.696031],[23.454924,46.696045],[23.454167,46.696322],[23.454103,46.696345],[23.453997,46.696382],[23.453951,46.6964],[23.453549,46.696553],[23.453354,46.69664],[23.453213,46.696709],[23.45307,46.696786],[23.452948,46.696865],[23.45282,46.696955],[23.452218,46.697443],[23.452043,46.697584],[23.451937,46.697664],[23.451845,46.697721],[23.451751,46.697768],[23.451659,46.697804],[23.451518,46.697845],[23.451348,46.697878],[23.451109,46.697912],[23.450881,46.697945],[23.450733,46.697965],[23.450566,46.698],[23.450366,46.698049],[23.449403,46.69831],[23.448676,46.698511],[23.448244,46.698622],[23.447916,46.698697],[23.446838,46.698895],[23.44625,46.699002],[23.446038,46.69904],[23.44573,46.699096],[23.445425,46.699158],[23.445198,46.699209],[23.44495,46.699267],[23.444501,46.699373],[23.444066,46.699479],[23.443843,46.699543],[23.443675,46.699601],[23.443496,46.699678],[23.44325,46.699804],[23.443014,46.699931],[23.442765,46.700068],[23.44248,46.700226],[23.442092,46.700437],[23.441718,46.700645],[23.441322,46.700858],[23.440687,46.701209]]},"properties":{"name":"Strada Principală","lines":"M81","arr":["M81"],"roundabout":0,"mode":"bus","color":"#0059a9"}},{"type":"Feature","geometry":{"type":"LineString","coordinates":[[23.456358,46.681266],[23.456242,46.680685],[23.456086,46.679979],[23.45606,46.679848],[23.456065,46.67974],[23.45609,46.679644],[23.456581,46.678349],[23.456641,46.67818],[23.456683,46.678003],[23.456694,46.677859],[23.456696,46.67771],[23.456696,46.677564],[23.456677,46.677413],[23.456594,46.677066],[23.456573,46.676975],[23.456507,46.676692],[23.456444,46.676308],[23.456397,46.675839],[23.456404,46.675739],[23.456621,46.675226],[23.456625,46.675167],[23.456618,46.675106],[23.456603,46.675053],[23.45658,46.675001]]},"properties":{"name":"Strada Principală","lines":"M81","arr":["M81"],"roundabout":0,"mode":"bus","color":"#0059a9"}},{"type":"Feature","geometry":{"type":"LineString","coordinates":[[23.427748,46.739533],[23.427897,46.739589],[23.428063,46.739631],[23.428754,46.739778],[23.429054,46.739862],[23.429551,46.740054],[23.430072,46.740259],[23.430571,46.740454],[23.430863,46.740593],[23.43104,46.740693],[23.431205,46.740805],[23.431322,46.740909],[23.431457,46.74105],[23.431526,46.741172],[23.431622,46.741481],[23.431656,46.741611],[23.4317,46.741705],[23.431762,46.741777],[23.431847,46.74186],[23.432314,46.74224],[23.432565,46.742433],[23.432794,46.74264],[23.432877,46.742711],[23.432961,46.74277],[23.433047,46.742821],[23.433137,46.742865],[23.433305,46.742926],[23.433455,46.742964],[23.433645,46.742988],[23.434233,46.743037],[23.434804,46.743074],[23.43508,46.743101],[23.43519,46.743118],[23.435313,46.743152],[23.435455,46.743195],[23.435581,46.743236],[23.435709,46.743307],[23.435882,46.743432],[23.436025,46.743522],[23.436142,46.743573],[23.436281,46.74362],[23.436439,46.743646],[23.436773,46.743679],[23.437857,46.743753],[23.438121,46.743783],[23.438384,46.743822],[23.438974,46.743952],[23.439225,46.743999],[23.43994,46.744099],[23.440962,46.744222],[23.44121,46.744245],[23.441444,46.744263],[23.441636,46.744279],[23.443875,46.744422],[23.447984,46.744685],[23.44964,46.744791],[23.450702,46.744877],[23.450872,46.744898],[23.451013,46.744928],[23.451154,46.744969],[23.451228,46.744996],[23.451315,46.745033],[23.451432,46.745117],[23.451539,46.74517],[23.451795,46.745286],[23.451941,46.745329]]},"properties":{"name":"Strada Principală","lines":"M23","arr":["M23"],"roundabout":0,"mode":"bus","color":"#0059a9"}},{"type":"Feature","geometry":{"type":"LineString","coordinates":[[23.427748,46.739533],[23.427897,46.739589],[23.428063,46.739631],[23.428754,46.739778],[23.429054,46.739862],[23.429551,46.740054],[23.430072,46.740259],[23.430571,46.740454],[23.430863,46.740593],[23.43104,46.740693],[23.431205,46.740805],[23.431322,46.740909],[23.431457,46.74105],[23.431526,46.741172],[23.431622,46.741481],[23.431656,46.741611],[23.4317,46.741705],[23.431762,46.741777],[23.431847,46.74186],[23.432314,46.74224],[23.432565,46.742433],[23.432794,46.74264],[23.432877,46.742711],[23.432961,46.74277],[23.433047,46.742821],[23.433137,46.742865],[23.433305,46.742926],[23.433455,46.742964],[23.433645,46.742988],[23.434233,46.743037],[23.434804,46.743074],[23.43508,46.743101],[23.43519,46.743118],[23.435313,46.743152],[23.435455,46.743195],[23.435581,46.743236],[23.435709,46.743307],[23.435882,46.743432],[23.436025,46.743522],[23.436142,46.743573],[23.436281,46.74362],[23.436439,46.743646],[23.436773,46.743679],[23.437857,46.743753],[23.438121,46.743783],[23.438384,46.743822],[23.438974,46.743952],[23.439225,46.743999],[23.43994,46.744099],[23.440962,46.744222],[23.44121,46.744245],[23.441444,46.744263],[23.441636,46.744279],[23.443875,46.744422],[23.447984,46.744685],[23.44964,46.744791],[23.450702,46.744877],[23.450872,46.744898],[23.451013,46.744928],[23.451154,46.744969],[23.451228,46.744996],[23.451315,46.745033],[23.451432,46.745117],[23.451539,46.74517],[23.451795,46.745286],[23.451941,46.745329]]},"properties":{"name":"Strada Principală","lines":"M81","arr":["M81"],"roundabout":0,"mode":"bus","color":"#0059a9"}},{"type":"Feature","geometry":{"type":"LineString","coordinates":[[23.451941,46.745329],[23.452105,46.745239],[23.452222,46.745178]]},"properties":{"name":"Strada Avram Iancu","lines":"M23","arr":["M23"],"roundabout":0,"mode":"bus","color":"#0059a9"}},{"type":"Feature","geometry":{"type":"LineString","coordinates":[[23.451941,46.745329],[23.452105,46.745239],[23.452222,46.745178]]},"properties":{"name":"Strada Avram Iancu","lines":"M51","arr":["M51"],"roundabout":0,"mode":"bus","color":"#0059a9"}},{"type":"Feature","geometry":{"type":"LineString","coordinates":[[23.451941,46.745329],[23.452105,46.745239],[23.452222,46.745178]]},"properties":{"name":"Strada Avram Iancu","lines":"M81","arr":["M81"],"roundabout":0,"mode":"bus","color":"#0059a9"}},{"type":"Feature","geometry":{"type":"LineString","coordinates":[[23.453425,46.744668],[23.453234,46.744731]]},"properties":{"name":"Strada Avram Iancu","lines":"M23","arr":["M23"],"roundabout":0,"mode":"bus","color":"#0059a9"}},{"type":"Feature","geometry":{"type":"LineString","coordinates":[[23.453425,46.744668],[23.453234,46.744731]]},"properties":{"name":"Strada Avram Iancu","lines":"M51","arr":["M51"],"roundabout":0,"mode":"bus","color":"#0059a9"}},{"type":"Feature","geometry":{"type":"LineString","coordinates":[[23.453425,46.744668],[23.453234,46.744731]]},"properties":{"name":"Strada Avram Iancu","lines":"M81","arr":["M81"],"roundabout":0,"mode":"bus","color":"#0059a9"}},{"type":"Feature","geometry":{"type":"LineString","coordinates":[[23.452222,46.745178],[23.452544,46.745027],[23.452789,46.744912],[23.452997,46.74482],[23.453234,46.744731]]},"properties":{"name":"Strada Avram Iancu","lines":"M23","arr":["M23"],"roundabout":0,"mode":"bus","color":"#0059a9"}},{"type":"Feature","geometry":{"type":"LineString","coordinates":[[23.452222,46.745178],[23.452544,46.745027],[23.452789,46.744912],[23.452997,46.74482],[23.453234,46.744731]]},"properties":{"name":"Strada Avram Iancu","lines":"M51","arr":["M51"],"roundabout":0,"mode":"bus","color":"#0059a9"}},{"type":"Feature","geometry":{"type":"LineString","coordinates":[[23.452222,46.745178],[23.452544,46.745027],[23.452789,46.744912],[23.452997,46.74482],[23.453234,46.744731]]},"properties":{"name":"Strada Avram Iancu","lines":"M52","arr":["M52"],"roundabout":0,"mode":"bus","color":"#0059a9"}},{"type":"Feature","geometry":{"type":"LineString","coordinates":[[23.452222,46.745178],[23.452544,46.745027],[23.452789,46.744912],[23.452997,46.74482],[23.453234,46.744731]]},"properties":{"name":"Strada Avram Iancu","lines":"M81","arr":["M81"],"roundabout":0,"mode":"bus","color":"#0059a9"}},{"type":"Feature","geometry":{"type":"LineString","coordinates":[[23.453425,46.744668],[23.453682,46.744592],[23.453984,46.744517],[23.454291,46.744453],[23.45455,46.744416],[23.454779,46.744392],[23.455016,46.744376],[23.455379,46.74436]]},"properties":{"name":"Strada Avram Iancu","lines":"M23","arr":["M23"],"roundabout":0,"mode":"bus","color":"#0059a9"}},{"type":"Feature","geometry":{"type":"LineString","coordinates":[[23.453425,46.744668],[23.453682,46.744592],[23.453984,46.744517],[23.454291,46.744453],[23.45455,46.744416],[23.454779,46.744392],[23.455016,46.744376],[23.455379,46.74436]]},"properties":{"name":"Strada Avram Iancu","lines":"M51","arr":["M51"],"roundabout":0,"mode":"bus","color":"#0059a9"}},{"type":"Feature","geometry":{"type":"LineString","coordinates":[[23.453425,46.744668],[23.453682,46.744592],[23.453984,46.744517],[23.454291,46.744453],[23.45455,46.744416],[23.454779,46.744392],[23.455016,46.744376],[23.455379,46.74436]]},"properties":{"name":"Strada Avram Iancu","lines":"M52","arr":["M52"],"roundabout":0,"mode":"bus","color":"#0059a9"}},{"type":"Feature","geometry":{"type":"LineString","coordinates":[[23.453425,46.744668],[23.453682,46.744592],[23.453984,46.744517],[23.454291,46.744453],[23.45455,46.744416],[23.454779,46.744392],[23.455016,46.744376],[23.455379,46.74436]]},"properties":{"name":"Strada Avram Iancu","lines":"M81","arr":["M81"],"roundabout":0,"mode":"bus","color":"#0059a9"}},{"type":"Feature","geometry":{"type":"LineString","coordinates":[[23.455379,46.74436],[23.455624,46.744354],[23.456423,46.744334],[23.456832,46.744326],[23.457511,46.744306],[23.458524,46.744283],[23.460049,46.744237],[23.46274,46.744167],[23.464007,46.74413],[23.464661,46.744117],[23.467263,46.744068],[23.467547,46.744062],[23.472643,46.74393],[23.473143,46.743919],[23.473502,46.743911],[23.473706,46.743906]]},"properties":{"name":"Strada Avram Iancu","lines":"M23","arr":["M23"],"roundabout":0,"mode":"bus","color":"#0059a9"}},{"type":"Feature","geometry":{"type":"LineString","coordinates":[[23.455379,46.74436],[23.455624,46.744354],[23.456423,46.744334],[23.456832,46.744326],[23.457511,46.744306],[23.458524,46.744283],[23.460049,46.744237],[23.46274,46.744167],[23.464007,46.74413],[23.464661,46.744117],[23.467263,46.744068],[23.467547,46.744062],[23.472643,46.74393],[23.473143,46.743919],[23.473502,46.743911],[23.473706,46.743906]]},"properties":{"name":"Strada Avram Iancu","lines":"M24","arr":["M24"],"roundabout":0,"mode":"bus","color":"#0059a9"}},{"type":"Feature","geometry":{"type":"LineString","coordinates":[[23.455379,46.74436],[23.455624,46.744354],[23.456423,46.744334],[23.456832,46.744326],[23.457511,46.744306],[23.458524,46.744283],[23.460049,46.744237],[23.46274,46.744167],[23.464007,46.74413],[23.464661,46.744117],[23.467263,46.744068],[23.467547,46.744062],[23.472643,46.74393],[23.473143,46.743919],[23.473502,46.743911],[23.473706,46.743906]]},"properties":{"name":"Strada Avram Iancu","lines":"M51","arr":["M51"],"roundabout":0,"mode":"bus","color":"#0059a9"}},{"type":"Feature","geometry":{"type":"LineString","coordinates":[[23.455379,46.74436],[23.455624,46.744354],[23.456423,46.744334],[23.456832,46.744326],[23.457511,46.744306],[23.458524,46.744283],[23.460049,46.744237],[23.46274,46.744167],[23.464007,46.74413],[23.464661,46.744117],[23.467263,46.744068],[23.467547,46.744062],[23.472643,46.74393],[23.473143,46.743919],[23.473502,46.743911],[23.473706,46.743906]]},"properties":{"name":"Strada Avram Iancu","lines":"M52","arr":["M52"],"roundabout":0,"mode":"bus","color":"#0059a9"}},{"type":"Feature","geometry":{"type":"LineString","coordinates":[[23.455379,46.74436],[23.455624,46.744354],[23.456423,46.744334],[23.456832,46.744326],[23.457511,46.744306],[23.458524,46.744283],[23.460049,46.744237],[23.46274,46.744167],[23.464007,46.74413],[23.464661,46.744117],[23.467263,46.744068],[23.467547,46.744062],[23.472643,46.74393],[23.473143,46.743919],[23.473502,46.743911],[23.473706,46.743906]]},"properties":{"name":"Strada Avram Iancu","lines":"M81","arr":["M81"],"roundabout":0,"mode":"bus","color":"#0059a9"}},{"type":"Feature","geometry":{"type":"LineString","coordinates":[[23.48388,46.744378],[23.484083,46.744334],[23.484225,46.744295],[23.484338,46.744256],[23.48443,46.744218]]},"properties":{"name":"Strada Avram Iancu","lines":"M23","arr":["M23"],"roundabout":0,"mode":"bus","color":"#0059a9"}},{"type":"Feature","geometry":{"type":"LineString","coordinates":[[23.48388,46.744378],[23.484083,46.744334],[23.484225,46.744295],[23.484338,46.744256],[23.48443,46.744218]]},"properties":{"name":"Strada Avram Iancu","lines":"M24","arr":["M24"],"roundabout":0,"mode":"bus","color":"#0059a9"}},{"type":"Feature","geometry":{"type":"LineString","coordinates":[[23.48388,46.744378],[23.484083,46.744334],[23.484225,46.744295],[23.484338,46.744256],[23.48443,46.744218]]},"properties":{"name":"Strada Avram Iancu","lines":"M51","arr":["M51"],"roundabout":0,"mode":"bus","color":"#0059a9"}},{"type":"Feature","geometry":{"type":"LineString","coordinates":[[23.48388,46.744378],[23.484083,46.744334],[23.484225,46.744295],[23.484338,46.744256],[23.48443,46.744218]]},"properties":{"name":"Strada Avram Iancu","lines":"M81","arr":["M81"],"roundabout":0,"mode":"bus","color":"#0059a9"}},{"type":"Feature","geometry":{"type":"LineString","coordinates":[[23.484765,46.744181],[23.484892,46.744198],[23.484975,46.744211],[23.485048,46.744222],[23.485125,46.744232],[23.485296,46.744256]]},"properties":{"name":"Strada Avram Iancu","lines":"M23","arr":["M23"],"roundabout":0,"mode":"bus","color":"#0059a9"}},{"type":"Feature","geometry":{"type":"LineString","coordinates":[[23.484765,46.744181],[23.484892,46.744198],[23.484975,46.744211],[23.485048,46.744222],[23.485125,46.744232],[23.485296,46.744256]]},"properties":{"name":"Strada Avram Iancu","lines":"M24","arr":["M24"],"roundabout":0,"mode":"bus","color":"#0059a9"}},{"type":"Feature","geometry":{"type":"LineString","coordinates":[[23.484765,46.744181],[23.484892,46.744198],[23.484975,46.744211],[23.485048,46.744222],[23.485125,46.744232],[23.485296,46.744256]]},"properties":{"name":"Strada Avram Iancu","lines":"M26","arr":["M26"],"roundabout":0,"mode":"bus","color":"#0059a9"}},{"type":"Feature","geometry":{"type":"LineString","coordinates":[[23.484765,46.744181],[23.484892,46.744198],[23.484975,46.744211],[23.485048,46.744222],[23.485125,46.744232],[23.485296,46.744256]]},"properties":{"name":"Strada Avram Iancu","lines":"M51","arr":["M51"],"roundabout":0,"mode":"bus","color":"#0059a9"}},{"type":"Feature","geometry":{"type":"LineString","coordinates":[[23.484765,46.744181],[23.484892,46.744198],[23.484975,46.744211],[23.485048,46.744222],[23.485125,46.744232],[23.485296,46.744256]]},"properties":{"name":"Strada Avram Iancu","lines":"M81","arr":["M81"],"roundabout":0,"mode":"bus","color":"#0059a9"}},{"type":"Feature","geometry":{"type":"LineString","coordinates":[[23.517764,46.750491],[23.517758,46.750427]]},"properties":{"name":"","lines":"M23","arr":["M23"],"roundabout":0,"mode":"bus","color":"#0059a9"}},{"type":"Feature","geometry":{"type":"LineString","coordinates":[[23.517764,46.750491],[23.517758,46.750427]]},"properties":{"name":"","lines":"M26","arr":["M26"],"roundabout":0,"mode":"bus","color":"#0059a9"}},{"type":"Feature","geometry":{"type":"LineString","coordinates":[[23.497673,46.747168],[23.497684,46.746934],[23.498141,46.746059],[23.498177,46.745991]]},"properties":{"name":"Strada Someșului","lines":"M24","arr":["M24"],"roundabout":0,"mode":"bus","color":"#0059a9"}},{"type":"Feature","geometry":{"type":"LineString","coordinates":[[23.497673,46.747168],[23.497477,46.74717],[23.495841,46.747118],[23.494054,46.747067],[23.493108,46.747038],[23.49303,46.747039],[23.492954,46.747041],[23.492538,46.747033],[23.491241,46.746993],[23.491163,46.746989],[23.490554,46.746966],[23.489084,46.74693]]},"properties":{"name":"Strada Horea","lines":"M24","arr":["M24"],"roundabout":0,"mode":"bus","color":"#0059a9"}},{"type":"Feature","geometry":{"type":"LineString","coordinates":[[23.489224,46.746402],[23.489084,46.74693]]},"properties":{"name":"Strada Mihail Kogălniceanu","lines":"M24","arr":["M24"],"roundabout":0,"mode":"bus","color":"#0059a9"}},{"type":"Feature","geometry":{"type":"LineString","coordinates":[[23.489224,46.746402],[23.488206,46.746255],[23.48759,46.746168],[23.487548,46.746162],[23.487106,46.74611],[23.486294,46.746014],[23.485823,46.745959],[23.484598,46.74577]]},"properties":{"name":"Strada Gheorghe Doja","lines":"M24","arr":["M24"],"roundabout":0,"mode":"bus","color":"#0059a9"}},{"type":"Feature","geometry":{"type":"LineString","coordinates":[[23.484598,46.74577],[23.484871,46.74494],[23.484916,46.744795],[23.484985,46.7446],[23.484967,46.744549],[23.484951,46.744516],[23.484928,46.744482],[23.484898,46.744453],[23.484864,46.744428],[23.484828,46.744408],[23.484787,46.744393],[23.484732,46.744382],[23.484681,46.744377]]},"properties":{"name":"Strada Simion Bărnuțiu","lines":"M24","arr":["M24"],"roundabout":0,"mode":"bus","color":"#0059a9"}},{"type":"Feature","geometry":{"type":"LineString","coordinates":[[23.500926,46.74284],[23.501149,46.742853],[23.501938,46.7429],[23.502038,46.742875],[23.502134,46.742838],[23.502595,46.742578],[23.502624,46.742557],[23.502698,46.742516],[23.502823,46.742454],[23.502979,46.742363],[23.503229,46.742231],[23.503741,46.741948],[23.503803,46.741912],[23.504154,46.741712],[23.504239,46.741663],[23.504546,46.741489],[23.504581,46.741468],[23.504922,46.741292],[23.50501,46.741246],[23.505699,46.740858],[23.50611,46.740642],[23.506288,46.740553],[23.506499,46.740433],[23.506718,46.740319],[23.506969,46.740203],[23.507152,46.740131],[23.507309,46.74008],[23.507472,46.740038],[23.50758,46.740012],[23.507867,46.739963],[23.507943,46.739946],[23.508055,46.739921],[23.508167,46.739884],[23.508245,46.739848],[23.508321,46.739802],[23.508433,46.739735],[23.508476,46.739705],[23.508552,46.739652],[23.508662,46.739568],[23.508759,46.739502],[23.50883,46.739464],[23.508901,46.739427],[23.509161,46.739296],[23.509229,46.739258],[23.509303,46.739203],[23.509358,46.739151],[23.509403,46.73909],[23.509436,46.739024],[23.509439,46.738973],[23.509427,46.738904],[23.509377,46.73877],[23.509281,46.738405],[23.509263,46.738299],[23.50926,46.738198],[23.509281,46.738011],[23.509311,46.737845],[23.509303,46.737725],[23.509297,46.737621],[23.509175,46.737234],[23.509174,46.737048],[23.509197,46.736898],[23.509261,46.736693],[23.509335,46.736409],[23.50938,46.736237],[23.509433,46.736007],[23.509452,46.735921],[23.509475,46.735821],[23.509505,46.735642],[23.509512,46.735347],[23.509514,46.735302],[23.509517,46.735193],[23.509526,46.734961],[23.509525,46.734696],[23.509531,46.734444],[23.509544,46.734182],[23.509561,46.734034],[23.509604,46.73313],[23.509639,46.732743],[23.509702,46.732138],[23.509721,46.73195],[23.509726,46.731903],[23.509754,46.730892],[23.509705,46.730603],[23.509595,46.730162],[23.509508,46.729918],[23.509332,46.729654],[23.509231,46.729472],[23.50918,46.729338],[23.50917,46.729149],[23.50917,46.729027],[23.50918,46.728924],[23.509166,46.728806],[23.509124,46.728692],[23.509051,46.728575],[23.508639,46.728198],[23.508281,46.727829],[23.508234,46.727769],[23.508044,46.727516],[23.507906,46.727338],[23.507848,46.727249],[23.50741,46.726545],[23.507041,46.725934],[23.506694,46.725332],[23.50636,46.724666],[23.506279,46.724437],[23.506233,46.724207],[23.506217,46.723944],[23.506218,46.723715],[23.506223,46.723329],[23.506226,46.723093],[23.506128,46.722828],[23.505826,46.722309],[23.505595,46.721883],[23.505535,46.721731],[23.50549,46.721564],[23.505385,46.720752],[23.505309,46.720423],[23.504862,46.719458],[23.504778,46.719254],[23.504408,46.718635],[23.504121,46.718093],[23.50379,46.717613],[23.503448,46.71716],[23.5033,46.716901],[23.503277,46.716837],[23.503249,46.716761],[23.503234,46.716665],[23.503231,46.716326],[23.503218,46.716021],[23.503136,46.715622],[23.503384,46.714876],[23.503463,46.714708],[23.503504,46.714654],[23.503981,46.714197],[23.504412,46.713643],[23.505074,46.713205],[23.505328,46.712991],[23.505562,46.712795],[23.505941,46.712254],[23.506083,46.712055],[23.506268,46.711848],[23.506765,46.711241]]},"properties":{"name":"Strada Tăuțiului","lines":"M25","arr":["M25"],"roundabout":0,"mode":"bus","color":"#0059a9"}},{"type":"Feature","geometry":{"type":"LineString","coordinates":[[23.506765,46.711241],[23.506896,46.711222],[23.506967,46.711203],[23.507041,46.711183],[23.507191,46.711125],[23.507369,46.711037],[23.507925,46.710668],[23.508506,46.710253],[23.509043,46.709827],[23.509177,46.709689],[23.509302,46.709583],[23.509409,46.709507],[23.509628,46.709369],[23.509763,46.709317],[23.509901,46.709273],[23.509969,46.70926],[23.510136,46.709251]]},"properties":{"name":"Strada Băra","lines":"M25","arr":["M25"],"roundabout":0,"mode":"bus","color":"#0059a9"}},{"type":"Feature","geometry":{"type":"LineString","coordinates":[[23.48399,46.736206],[23.483995,46.736286],[23.484009,46.736751],[23.484014,46.736898],[23.484022,46.737162],[23.484023,46.737195],[23.48403,46.737467],[23.484031,46.73749],[23.484032,46.737526],[23.484037,46.737649],[23.484045,46.73784],[23.484045,46.737946],[23.48405,46.738092],[23.484052,46.738241],[23.484053,46.738297],[23.484052,46.738338],[23.484052,46.738504],[23.48405,46.738572],[23.484049,46.738749],[23.484048,46.738988],[23.484046,46.739609],[23.484043,46.740017],[23.484044,46.740768],[23.484045,46.740818],[23.484066,46.741524],[23.484079,46.741944],[23.484085,46.742145],[23.484077,46.742458],[23.484042,46.742939],[23.484014,46.743166],[23.484008,46.74322],[23.484003,46.743264],[23.48399,46.743397],[23.483982,46.743523],[23.48398,46.743622],[23.483986,46.743679],[23.483997,46.743732],[23.484016,46.743776],[23.484049,46.743828],[23.484092,46.743874],[23.48413,46.743901],[23.484182,46.743933],[23.484317,46.744001],[23.48451,46.744098],[23.484573,46.744129]]},"properties":{"name":"Strada Eroilor","lines":"M26","arr":["M26"],"roundabout":0,"mode":"bus","color":"#0059a9"}},{"type":"Feature","geometry":{"type":"LineString","coordinates":[[23.524912,46.752234],[23.524916,46.752167]]},"properties":{"name":"","lines":"M26","arr":["M26"],"roundabout":0,"mode":"bus","color":"#0059a9"}},{"type":"Feature","geometry":{"type":"LineString","coordinates":[[23.558012,46.76022],[23.557862,46.760209],[23.55788,46.760099]]},"properties":{"name":"","lines":"M26","arr":["M26"],"roundabout":0,"mode":"bus","color":"#0059a9"}},{"type":"Feature","geometry":{"type":"LineString","coordinates":[[23.551847,46.758826],[23.551837,46.758969]]},"properties":{"name":"Strada Agronomilor","lines":"M26","arr":["M26"],"roundabout":0,"mode":"bus","color":"#0059a9"}},{"type":"Feature","geometry":{"type":"LineString","coordinates":[[23.557029,46.759843],[23.557105,46.759807],[23.557188,46.759778],[23.557277,46.759759],[23.557313,46.759758],[23.557459,46.759753],[23.557502,46.759752],[23.557579,46.759764],[23.557656,46.759783],[23.557729,46.759809],[23.557796,46.759841],[23.557855,46.759879],[23.557915,46.75993],[23.557962,46.759987],[23.557995,46.760048],[23.558014,46.760111],[23.558019,46.760176],[23.558012,46.76022],[23.558008,46.760241],[23.557983,46.760304],[23.557944,46.760363],[23.557891,46.760418],[23.557827,46.760466],[23.557753,46.760506],[23.55767,46.760538]]},"properties":{"name":"Strada Primăverii","lines":"M26","arr":["M26"],"roundabout":0,"mode":"bus","color":"#0059a9"}},{"type":"Feature","geometry":{"type":"LineString","coordinates":[[23.55767,46.760538],[23.557543,46.760617],[23.557427,46.760677],[23.557148,46.760794],[23.556985,46.760861],[23.556804,46.760946],[23.556701,46.761003],[23.556628,46.761059],[23.556545,46.761117],[23.556467,46.761186],[23.556452,46.761201],[23.556359,46.761315],[23.556339,46.761343],[23.556278,46.761425],[23.556239,46.761487],[23.556213,46.761539],[23.5562,46.761577],[23.55619,46.761624],[23.556188,46.761689],[23.556195,46.761768],[23.556207,46.761826],[23.556223,46.761881],[23.556245,46.761938],[23.556269,46.761984],[23.55631,46.762046],[23.556351,46.762087],[23.556377,46.762114],[23.556422,46.762152],[23.556472,46.76219],[23.556536,46.762232],[23.556593,46.762266],[23.556658,46.762297],[23.556686,46.762311],[23.556811,46.762368],[23.556887,46.7624],[23.556995,46.762443],[23.557072,46.762471],[23.5571,46.76248],[23.557173,46.762504],[23.557276,46.762533],[23.557388,46.762562],[23.557751,46.762628],[23.557886,46.762644],[23.55802,46.762656],[23.558064,46.76266],[23.558176,46.762668],[23.558235,46.762673],[23.559155,46.762745],[23.559244,46.762753],[23.559576,46.762781],[23.559606,46.76277],[23.559649,46.762758],[23.559993,46.762756],[23.560326,46.762778],[23.560807,46.762812],[23.560849,46.76282],[23.560967,46.76286],[23.561039,46.762884],[23.561257,46.762904],[23.561434,46.762926],[23.561592,46.76295],[23.561721,46.762971],[23.561872,46.763003],[23.562003,46.763037],[23.562227,46.763105],[23.562315,46.763135],[23.562479,46.763201],[23.562676,46.76329],[23.562866,46.763387],[23.563011,46.76347],[23.563125,46.763546],[23.563239,46.763632],[23.563417,46.763776],[23.563695,46.764018],[23.563995,46.764278]]},"properties":{"name":"Strada Plopilor","lines":"M26","arr":["M26"],"roundabout":0,"mode":"bus","color":"#0059a9","nolabel":1}},{"type":"Feature","geometry":{"type":"LineString","coordinates":[[23.563995,46.764278],[23.564098,46.764373],[23.564642,46.764866],[23.564851,46.765075],[23.565137,46.765346],[23.565939,46.766168],[23.566171,46.766393],[23.566244,46.766464],[23.566365,46.766571],[23.566434,46.766628],[23.566493,46.766671],[23.566559,46.766716],[23.566634,46.766762],[23.566751,46.766823],[23.566874,46.766881],[23.567022,46.766936],[23.567145,46.766973],[23.567261,46.767004],[23.568423,46.767271],[23.568846,46.76737],[23.56905,46.767425],[23.569199,46.767468],[23.569287,46.767496],[23.569402,46.767539],[23.569468,46.767564],[23.569601,46.767625],[23.569717,46.767684],[23.569815,46.767737],[23.569912,46.7678],[23.570071,46.76792],[23.570323,46.768153],[23.57041,46.768241],[23.570583,46.76842],[23.570718,46.768552],[23.57092,46.76875],[23.570931,46.768761],[23.570956,46.768785],[23.571238,46.769062],[23.571259,46.769081],[23.571344,46.769157],[23.57143,46.769229],[23.571512,46.769294],[23.571582,46.769345],[23.57166,46.769394],[23.571758,46.769448],[23.571858,46.769494],[23.571951,46.769533],[23.572017,46.769557],[23.572126,46.769592],[23.572309,46.769643],[23.572532,46.769698],[23.572706,46.769733],[23.572909,46.769768],[23.573029,46.769787],[23.573399,46.769845],[23.573932,46.769929],[23.574163,46.769967],[23.574198,46.769973],[23.574234,46.76998]]},"properties":{"name":"Splaiul Independenței","lines":"M26","arr":["M26"],"roundabout":0,"mode":"bus","color":"#0059a9","nolabel":1}},{"type":"Feature","geometry":{"type":"LineString","coordinates":[[23.533876,46.75479],[23.533909,46.754736]]},"properties":{"name":"Strada Valea Gârbăului","lines":"M27","arr":["M27"],"roundabout":0,"mode":"bus","color":"#0059a9"}},{"type":"Feature","geometry":{"type":"LineString","coordinates":[[23.533925,46.754696],[23.533989,46.754532],[23.534184,46.754031],[23.534217,46.753946],[23.534614,46.753959],[23.534718,46.75394],[23.534815,46.753899],[23.534894,46.753815],[23.534942,46.753706],[23.535074,46.753213],[23.53516,46.752891],[23.535449,46.751812],[23.535573,46.751357],[23.535798,46.750657],[23.536159,46.7498],[23.536184,46.749721],[23.536208,46.749641],[23.536265,46.749532],[23.536392,46.749301],[23.536399,46.749247],[23.536399,46.749196],[23.536352,46.749123],[23.536029,46.748779],[23.535956,46.748723],[23.535884,46.748689],[23.53576,46.74866],[23.535626,46.748656],[23.53538,46.748662],[23.535089,46.748671],[23.534969,46.74867],[23.53412,46.748716],[23.53401,46.748726],[23.533933,46.748698],[23.533888,46.748655],[23.533888,46.748608],[23.533922,46.748457],[23.533935,46.748297],[23.533929,46.748155],[23.533899,46.748007],[23.53384,46.747875],[23.533668,46.747629],[23.533549,46.747475],[23.533496,46.747416],[23.533412,46.747356],[23.533294,46.747282],[23.5332,46.74725],[23.533137,46.747231],[23.533016,46.747197],[23.53284,46.747184],[23.532232,46.747158],[23.532184,46.747209]]},"properties":{"name":"Strada Valea Gârbăului","lines":"M27","arr":["M27"],"roundabout":0,"mode":"bus","color":"#0059a9"}},{"type":"Feature","geometry":{"type":"LineString","coordinates":[[23.533909,46.754736],[23.533925,46.754696]]},"properties":{"name":"Strada Valea Gârbăului","lines":"M27","arr":["M27"],"roundabout":0,"mode":"bus","color":"#0059a9"}},{"type":"Feature","geometry":{"type":"LineString","coordinates":[[23.533909,46.754736],[23.533925,46.754696]]},"properties":{"name":"Strada Valea Gârbăului","lines":"M81","arr":["M81"],"roundabout":0,"mode":"bus","color":"#0059a9"}},{"type":"Feature","geometry":{"type":"LineString","coordinates":[[23.532184,46.747209],[23.532117,46.74733],[23.532085,46.747364],[23.532049,46.747392],[23.532017,46.747405],[23.531986,46.74741],[23.531951,46.747408],[23.531905,46.747403],[23.531768,46.747389],[23.530874,46.747223],[23.530752,46.747178],[23.53069,46.747143],[23.530636,46.747107],[23.530462,46.746982],[23.530375,46.746921],[23.530237,46.746862],[23.530092,46.74683],[23.529758,46.746779],[23.526981,46.746358],[23.526918,46.74646]]},"properties":{"name":"Strada Răzoare","lines":"M27","arr":["M27"],"roundabout":0,"mode":"bus","color":"#0059a9"}},{"type":"Feature","geometry":{"type":"LineString","coordinates":[[23.526862,46.746551],[23.526848,46.746609],[23.526854,46.746683],[23.526878,46.746766],[23.526941,46.746853],[23.526997,46.746921],[23.527244,46.747067],[23.52742,46.747133],[23.527612,46.747179],[23.527915,46.747223],[23.528236,46.747273],[23.528348,46.747301],[23.528616,46.747352],[23.529244,46.747496],[23.529547,46.747588],[23.529919,46.747701],[23.529976,46.747723],[23.530026,46.747754],[23.530045,46.747805],[23.530034,46.747836],[23.529956,46.747888],[23.529785,46.747942],[23.529198,46.748122],[23.52887,46.748222],[23.528737,46.748254],[23.527473,46.748746],[23.526978,46.748924],[23.526661,46.749018],[23.526566,46.749041],[23.52646,46.749051],[23.526347,46.749043],[23.526195,46.749007],[23.525777,46.748908],[23.525718,46.748903],[23.525678,46.748923],[23.52565,46.748961],[23.52557,46.7491],[23.525494,46.749214],[23.525417,46.74937],[23.525282,46.749643],[23.525165,46.749878],[23.525099,46.750011],[23.524978,46.750276],[23.524835,46.75061],[23.524633,46.75108],[23.52448,46.751455]]},"properties":{"name":"Strada Răzoare","lines":"M27","arr":["M27"],"roundabout":0,"mode":"bus","color":"#0059a9"}},{"type":"Feature","geometry":{"type":"LineString","coordinates":[[23.535928,46.785559],[23.535685,46.785644],[23.53541,46.785747],[23.532025,46.786919],[23.531735,46.787019],[23.531572,46.787081],[23.531436,46.787145],[23.531296,46.787219],[23.531177,46.787291],[23.530984,46.787424],[23.530149,46.788022],[23.52999,46.788136],[23.529614,46.788402]]},"properties":{"name":"Strada Transilvaniei","lines":"M31","arr":["M31"],"roundabout":0,"mode":"bus","color":"#0059a9"}},{"type":"Feature","geometry":{"type":"LineString","coordinates":[[23.535928,46.785559],[23.535685,46.785644],[23.53541,46.785747],[23.532025,46.786919],[23.531735,46.787019],[23.531572,46.787081],[23.531436,46.787145],[23.531296,46.787219],[23.531177,46.787291],[23.530984,46.787424],[23.530149,46.788022],[23.52999,46.788136],[23.529614,46.788402]]},"properties":{"name":"Strada Transilvaniei","lines":"M32","arr":["M32"],"roundabout":0,"mode":"bus","color":"#0059a9"}},{"type":"Feature","geometry":{"type":"LineString","coordinates":[[23.535928,46.785559],[23.535685,46.785644],[23.53541,46.785747],[23.532025,46.786919],[23.531735,46.787019],[23.531572,46.787081],[23.531436,46.787145],[23.531296,46.787219],[23.531177,46.787291],[23.530984,46.787424],[23.530149,46.788022],[23.52999,46.788136],[23.529614,46.788402]]},"properties":{"name":"Strada Transilvaniei","lines":"M34","arr":["M34"],"roundabout":0,"mode":"bus","color":"#0059a9"}},{"type":"Feature","geometry":{"type":"LineString","coordinates":[[23.529614,46.788402],[23.527612,46.789797],[23.527528,46.789847],[23.52742,46.789923],[23.527316,46.789994],[23.526968,46.790231],[23.526752,46.790385],[23.526551,46.790542],[23.526382,46.79068],[23.526229,46.790819],[23.526178,46.790867],[23.526028,46.791018],[23.525859,46.791205],[23.525759,46.791319],[23.525665,46.791435],[23.525477,46.791671],[23.525333,46.79185],[23.525174,46.792055],[23.525012,46.792257],[23.524861,46.792432],[23.524705,46.792593],[23.524547,46.792748],[23.524395,46.792889],[23.523991,46.793229],[23.523675,46.793478],[23.523446,46.793621],[23.523015,46.793913],[23.522576,46.794194],[23.521679,46.794737],[23.521383,46.794927],[23.521094,46.795121],[23.520561,46.795504],[23.520072,46.795839],[23.519945,46.795924],[23.519859,46.795977],[23.519674,46.796105],[23.519374,46.796265],[23.519284,46.796305],[23.51916,46.796356],[23.519018,46.796414],[23.518875,46.796465],[23.518722,46.796513],[23.518566,46.796555],[23.518409,46.796596],[23.518253,46.796629],[23.518096,46.79666],[23.517939,46.796684],[23.51778,46.796709],[23.517614,46.79673],[23.517261,46.796772],[23.517152,46.796785],[23.515782,46.796962],[23.514575,46.797103]]},"properties":{"name":"DN1F","lines":"M31","arr":["M31"],"roundabout":0,"mode":"bus","color":"#0059a9"}},{"type":"Feature","geometry":{"type":"LineString","coordinates":[[23.529614,46.788402],[23.527612,46.789797],[23.527528,46.789847],[23.52742,46.789923],[23.527316,46.789994],[23.526968,46.790231],[23.526752,46.790385],[23.526551,46.790542],[23.526382,46.79068],[23.526229,46.790819],[23.526178,46.790867],[23.526028,46.791018],[23.525859,46.791205],[23.525759,46.791319],[23.525665,46.791435],[23.525477,46.791671],[23.525333,46.79185],[23.525174,46.792055],[23.525012,46.792257],[23.524861,46.792432],[23.524705,46.792593],[23.524547,46.792748],[23.524395,46.792889],[23.523991,46.793229],[23.523675,46.793478],[23.523446,46.793621],[23.523015,46.793913],[23.522576,46.794194],[23.521679,46.794737],[23.521383,46.794927],[23.521094,46.795121],[23.520561,46.795504],[23.520072,46.795839],[23.519945,46.795924],[23.519859,46.795977],[23.519674,46.796105],[23.519374,46.796265],[23.519284,46.796305],[23.51916,46.796356],[23.519018,46.796414],[23.518875,46.796465],[23.518722,46.796513],[23.518566,46.796555],[23.518409,46.796596],[23.518253,46.796629],[23.518096,46.79666],[23.517939,46.796684],[23.51778,46.796709],[23.517614,46.79673],[23.517261,46.796772],[23.517152,46.796785],[23.515782,46.796962],[23.514575,46.797103]]},"properties":{"name":"DN1F","lines":"M32","arr":["M32"],"roundabout":0,"mode":"bus","color":"#0059a9"}},{"type":"Feature","geometry":{"type":"LineString","coordinates":[[23.529614,46.788402],[23.527612,46.789797],[23.527528,46.789847],[23.52742,46.789923],[23.527316,46.789994],[23.526968,46.790231],[23.526752,46.790385],[23.526551,46.790542],[23.526382,46.79068],[23.526229,46.790819],[23.526178,46.790867],[23.526028,46.791018],[23.525859,46.791205],[23.525759,46.791319],[23.525665,46.791435],[23.525477,46.791671],[23.525333,46.79185],[23.525174,46.792055],[23.525012,46.792257],[23.524861,46.792432],[23.524705,46.792593],[23.524547,46.792748],[23.524395,46.792889],[23.523991,46.793229],[23.523675,46.793478],[23.523446,46.793621],[23.523015,46.793913],[23.522576,46.794194],[23.521679,46.794737],[23.521383,46.794927],[23.521094,46.795121],[23.520561,46.795504],[23.520072,46.795839],[23.519945,46.795924],[23.519859,46.795977],[23.519674,46.796105],[23.519374,46.796265],[23.519284,46.796305],[23.51916,46.796356],[23.519018,46.796414],[23.518875,46.796465],[23.518722,46.796513],[23.518566,46.796555],[23.518409,46.796596],[23.518253,46.796629],[23.518096,46.79666],[23.517939,46.796684],[23.51778,46.796709],[23.517614,46.79673],[23.517261,46.796772],[23.517152,46.796785],[23.515782,46.796962],[23.514575,46.797103]]},"properties":{"name":"DN1F","lines":"M34","arr":["M34"],"roundabout":0,"mode":"bus","color":"#0059a9"}},{"type":"Feature","geometry":{"type":"LineString","coordinates":[[23.514575,46.797103],[23.514165,46.797153],[23.513796,46.797199],[23.513424,46.797262],[23.513078,46.797333],[23.512557,46.797472],[23.51228,46.797537],[23.512006,46.797589],[23.511777,46.797629],[23.511593,46.797649],[23.511407,46.797662],[23.511077,46.797682],[23.510575,46.797691],[23.51045,46.797699],[23.510329,46.79771],[23.510107,46.797729],[23.509844,46.797759],[23.508802,46.797899],[23.508174,46.79799],[23.507801,46.798065],[23.507456,46.798166],[23.507132,46.798297],[23.506819,46.798449],[23.506553,46.798619],[23.506317,46.7988],[23.505508,46.799663],[23.505296,46.799828],[23.505111,46.799944],[23.504959,46.800033],[23.5048,46.800112],[23.504494,46.80022],[23.504174,46.800304],[23.503834,46.800351],[23.503495,46.800368],[23.503156,46.800352],[23.502949,46.80033],[23.502747,46.800295],[23.502567,46.800256],[23.502359,46.800202],[23.501309,46.799877],[23.500516,46.799668],[23.498683,46.799128],[23.498536,46.799083],[23.498387,46.799034],[23.498255,46.798987],[23.498116,46.798933],[23.497964,46.798865],[23.497716,46.798744],[23.497421,46.798585],[23.496884,46.798294],[23.495819,46.797709],[23.495636,46.797609],[23.495341,46.797447],[23.494879,46.797191],[23.493938,46.796676],[23.493803,46.796608],[23.493666,46.796545],[23.493556,46.796494],[23.493448,46.796452],[23.493317,46.796404],[23.493178,46.796357],[23.492901,46.796277],[23.492346,46.796122],[23.491257,46.795834],[23.491043,46.795782],[23.490926,46.795759],[23.490806,46.79574],[23.49069,46.795724],[23.490577,46.795713],[23.490459,46.795707],[23.490376,46.795705],[23.490219,46.795705],[23.490039,46.795718],[23.489942,46.795728],[23.489836,46.795743],[23.489714,46.795766],[23.489568,46.795799],[23.489411,46.795845],[23.489265,46.795896],[23.489157,46.795942],[23.489075,46.795978],[23.488994,46.796017],[23.488859,46.796088],[23.48875,46.796162],[23.488616,46.79628],[23.488471,46.796419],[23.48834,46.796562],[23.488252,46.79664],[23.488169,46.796709],[23.488043,46.796799],[23.487903,46.796884],[23.487781,46.796943],[23.487623,46.797007],[23.487497,46.797049],[23.487368,46.797087],[23.487163,46.797126],[23.487013,46.797151],[23.486875,46.797163],[23.486027,46.797257],[23.485537,46.797314],[23.485437,46.797332],[23.485352,46.797349],[23.485267,46.797367],[23.485196,46.797384],[23.485127,46.797402],[23.48506,46.797424],[23.484988,46.797448],[23.484909,46.797477],[23.484781,46.797531],[23.484677,46.797577],[23.484598,46.797617],[23.484518,46.797658],[23.48437,46.797739],[23.484195,46.797833],[23.484068,46.797907],[23.483964,46.797954],[23.483857,46.798003],[23.483682,46.798075],[23.483615,46.798101],[23.483476,46.79815],[23.483277,46.798214],[23.482871,46.798337],[23.480818,46.798947],[23.480636,46.798995],[23.48044,46.799044],[23.480257,46.799085],[23.480088,46.799118],[23.479948,46.79914],[23.479782,46.799163],[23.479631,46.799181],[23.479471,46.799198],[23.479313,46.799208],[23.479161,46.799214],[23.478963,46.799216],[23.478784,46.799217],[23.478698,46.799215],[23.478557,46.799212],[23.478371,46.799205],[23.478201,46.799193],[23.47798,46.799173],[23.477756,46.799146],[23.477537,46.799108],[23.477323,46.799064],[23.477089,46.799009],[23.476856,46.798951],[23.476656,46.798895],[23.476463,46.798836],[23.476257,46.798767],[23.476005,46.798673],[23.475595,46.798528]]},"properties":{"name":"DN1F","lines":"M32","arr":["M32"],"roundabout":0,"mode":"bus","color":"#0059a9"}},{"type":"Feature","geometry":{"type":"LineString","coordinates":[[23.514575,46.797103],[23.514165,46.797153],[23.513796,46.797199],[23.513424,46.797262],[23.513078,46.797333],[23.512557,46.797472],[23.51228,46.797537],[23.512006,46.797589],[23.511777,46.797629],[23.511593,46.797649],[23.511407,46.797662],[23.511077,46.797682],[23.510575,46.797691],[23.51045,46.797699],[23.510329,46.79771],[23.510107,46.797729],[23.509844,46.797759],[23.508802,46.797899],[23.508174,46.79799],[23.507801,46.798065],[23.507456,46.798166],[23.507132,46.798297],[23.506819,46.798449],[23.506553,46.798619],[23.506317,46.7988],[23.505508,46.799663],[23.505296,46.799828],[23.505111,46.799944],[23.504959,46.800033],[23.5048,46.800112],[23.504494,46.80022],[23.504174,46.800304],[23.503834,46.800351],[23.503495,46.800368],[23.503156,46.800352],[23.502949,46.80033],[23.502747,46.800295],[23.502567,46.800256],[23.502359,46.800202],[23.501309,46.799877],[23.500516,46.799668],[23.498683,46.799128],[23.498536,46.799083],[23.498387,46.799034],[23.498255,46.798987],[23.498116,46.798933],[23.497964,46.798865],[23.497716,46.798744],[23.497421,46.798585],[23.496884,46.798294],[23.495819,46.797709],[23.495636,46.797609],[23.495341,46.797447],[23.494879,46.797191],[23.493938,46.796676],[23.493803,46.796608],[23.493666,46.796545],[23.493556,46.796494],[23.493448,46.796452],[23.493317,46.796404],[23.493178,46.796357],[23.492901,46.796277],[23.492346,46.796122],[23.491257,46.795834],[23.491043,46.795782],[23.490926,46.795759],[23.490806,46.79574],[23.49069,46.795724],[23.490577,46.795713],[23.490459,46.795707],[23.490376,46.795705],[23.490219,46.795705],[23.490039,46.795718],[23.489942,46.795728],[23.489836,46.795743],[23.489714,46.795766],[23.489568,46.795799],[23.489411,46.795845],[23.489265,46.795896],[23.489157,46.795942],[23.489075,46.795978],[23.488994,46.796017],[23.488859,46.796088],[23.48875,46.796162],[23.488616,46.79628],[23.488471,46.796419],[23.48834,46.796562],[23.488252,46.79664],[23.488169,46.796709],[23.488043,46.796799],[23.487903,46.796884],[23.487781,46.796943],[23.487623,46.797007],[23.487497,46.797049],[23.487368,46.797087],[23.487163,46.797126],[23.487013,46.797151],[23.486875,46.797163],[23.486027,46.797257],[23.485537,46.797314],[23.485437,46.797332],[23.485352,46.797349],[23.485267,46.797367],[23.485196,46.797384],[23.485127,46.797402],[23.48506,46.797424],[23.484988,46.797448],[23.484909,46.797477],[23.484781,46.797531],[23.484677,46.797577],[23.484598,46.797617],[23.484518,46.797658],[23.48437,46.797739],[23.484195,46.797833],[23.484068,46.797907],[23.483964,46.797954],[23.483857,46.798003],[23.483682,46.798075],[23.483615,46.798101],[23.483476,46.79815],[23.483277,46.798214],[23.482871,46.798337],[23.480818,46.798947],[23.480636,46.798995],[23.48044,46.799044],[23.480257,46.799085],[23.480088,46.799118],[23.479948,46.79914],[23.479782,46.799163],[23.479631,46.799181],[23.479471,46.799198],[23.479313,46.799208],[23.479161,46.799214],[23.478963,46.799216],[23.478784,46.799217],[23.478698,46.799215],[23.478557,46.799212],[23.478371,46.799205],[23.478201,46.799193],[23.47798,46.799173],[23.477756,46.799146],[23.477537,46.799108],[23.477323,46.799064],[23.477089,46.799009],[23.476856,46.798951],[23.476656,46.798895],[23.476463,46.798836],[23.476257,46.798767],[23.476005,46.798673],[23.475595,46.798528]]},"properties":{"name":"DN1F","lines":"M34","arr":["M34"],"roundabout":0,"mode":"bus","color":"#0059a9"}},{"type":"Feature","geometry":{"type":"LineString","coordinates":[[23.592243,46.774337],[23.592283,46.774372]]},"properties":{"name":"Strada Ploiești","lines":"M31","arr":["M31"],"roundabout":0,"mode":"bus","color":"#0059a9"}},{"type":"Feature","geometry":{"type":"LineString","coordinates":[[23.484068,46.797907],[23.484145,46.797952]]},"properties":{"name":"","lines":"M32","arr":["M32"],"roundabout":0,"mode":"bus","color":"#0059a9"}},{"type":"Feature","geometry":{"type":"LineString","coordinates":[[23.484068,46.797907],[23.484145,46.797952]]},"properties":{"name":"","lines":"M34","arr":["M34"],"roundabout":0,"mode":"bus","color":"#0059a9"}},{"type":"Feature","geometry":{"type":"LineString","coordinates":[[23.475595,46.798528],[23.475691,46.798486],[23.475742,46.798484],[23.475816,46.798479],[23.475974,46.798502],[23.476196,46.798603],[23.476493,46.798702],[23.476642,46.798744],[23.476778,46.798786],[23.476916,46.798823],[23.477039,46.798861],[23.477267,46.798914],[23.477431,46.79895],[23.47762,46.798987],[23.47777,46.799009],[23.477923,46.799025],[23.478092,46.799047],[23.478266,46.799052],[23.478483,46.799053],[23.47868,46.799045],[23.478864,46.799037],[23.47908,46.79902],[23.47928,46.798989],[23.479817,46.798912],[23.479968,46.798886],[23.480123,46.798858],[23.480272,46.79882],[23.480898,46.79863],[23.481013,46.798596],[23.481621,46.798427],[23.482155,46.798274],[23.48246,46.798184],[23.482655,46.798121],[23.482752,46.79809],[23.48281,46.798069],[23.482771,46.797992],[23.482736,46.797945],[23.482442,46.797634],[23.482177,46.79738],[23.481793,46.797082],[23.481648,46.796949],[23.481571,46.796857],[23.481501,46.796759],[23.481443,46.79665],[23.481199,46.795992],[23.481133,46.795808],[23.481096,46.79572],[23.481052,46.79563],[23.481015,46.795571],[23.48097,46.795509],[23.48093,46.795459],[23.480878,46.795406],[23.480817,46.795355],[23.480747,46.795305],[23.48068,46.795259],[23.480608,46.795217],[23.480333,46.795079],[23.480232,46.795022],[23.480138,46.794963],[23.480058,46.794903],[23.479987,46.794845],[23.479939,46.794796],[23.479898,46.794744],[23.479839,46.794649],[23.479491,46.794067],[23.479138,46.793427],[23.478926,46.793055],[23.47891,46.79298],[23.478902,46.792856],[23.4789,46.792607],[23.478931,46.791581],[23.47893,46.791456],[23.478922,46.791386],[23.478906,46.79132],[23.47889,46.791269],[23.478867,46.791217],[23.478841,46.791179],[23.478815,46.791145],[23.478786,46.791117],[23.478753,46.791081],[23.478648,46.791],[23.477954,46.790518],[23.477845,46.790423],[23.477762,46.790342],[23.477693,46.790237],[23.4775,46.789937],[23.477304,46.78962],[23.477256,46.78955],[23.477219,46.789458],[23.47718,46.78929],[23.476956,46.788492],[23.47694,46.788411],[23.476869,46.788322],[23.476544,46.788076],[23.476377,46.787948],[23.475943,46.787646],[23.475855,46.787589],[23.475774,46.787545],[23.475675,46.787502],[23.475581,46.787461],[23.475529,46.787439],[23.475473,46.787416],[23.47542,46.787395],[23.47537,46.787365],[23.475328,46.78733],[23.475308,46.787307],[23.475281,46.787273],[23.475249,46.787237],[23.475206,46.787201],[23.475108,46.787124],[23.475011,46.787056],[23.474907,46.786992],[23.474759,46.786907],[23.474536,46.786776],[23.474355,46.786687],[23.474183,46.786601],[23.474011,46.786527],[23.473836,46.786452],[23.473486,46.786314],[23.473379,46.786281],[23.473274,46.786247],[23.473167,46.786216],[23.473056,46.786193],[23.472118,46.786004],[23.471708,46.785886],[23.470859,46.785624],[23.470594,46.785543],[23.470375,46.78546],[23.470194,46.78539],[23.469942,46.78528],[23.469804,46.785211],[23.46967,46.785156],[23.469408,46.785022],[23.469218,46.784939],[23.468805,46.784794],[23.468602,46.784738],[23.46843,46.784701],[23.468296,46.784693],[23.468126,46.784686],[23.467985,46.784687],[23.467714,46.784697],[23.467477,46.784691],[23.467317,46.784686],[23.467194,46.784678],[23.467084,46.784663],[23.466942,46.784633],[23.466821,46.784602],[23.466701,46.78456],[23.466458,46.784459],[23.466281,46.784393],[23.465991,46.78433],[23.465556,46.784294],[23.465111,46.784316],[23.464699,46.78438],[23.464084,46.78448],[23.463613,46.784506],[23.46312,46.78448],[23.462873,46.784484],[23.462583,46.78448],[23.462202,46.784462],[23.461682,46.784432],[23.461266,46.784407],[23.461066,46.784406],[23.460197,46.784694],[23.459114,46.784922],[23.458749,46.785115],[23.458342,46.785242],[23.457486,46.785368],[23.456925,46.785383],[23.456386,46.785443],[23.456289,46.785446],[23.456069,46.785425],[23.45563,46.785388],[23.45472,46.785287],[23.453762,46.785147],[23.453515,46.785128],[23.452974,46.785094],[23.452576,46.78508],[23.452385,46.785093],[23.452006,46.785159],[23.45163,46.78527]]},"properties":{"name":"Strada Principală","lines":"M32","arr":["M32"],"roundabout":0,"mode":"bus","color":"#0059a9"}},{"type":"Feature","geometry":{"type":"LineString","coordinates":[[23.45163,46.78527],[23.45155,46.785261]]},"properties":{"name":"","lines":"M32","arr":["M32"],"roundabout":0,"mode":"bus","color":"#0059a9"}},{"type":"Feature","geometry":{"type":"LineString","coordinates":[[23.582256,46.784922],[23.582159,46.785079],[23.582083,46.785189],[23.581987,46.785307],[23.581885,46.785406],[23.581795,46.785477],[23.581714,46.785539],[23.581641,46.785602]]},"properties":{"name":"","lines":"M32","arr":["M32"],"roundabout":0,"mode":"bus","color":"#0059a9"}},{"type":"Feature","geometry":{"type":"LineString","coordinates":[[23.59658,46.787958],[23.596633,46.787935],[23.596664,46.787913]]},"properties":{"name":"","lines":"M32","arr":["M32"],"roundabout":0,"mode":"bus","color":"#0059a9"}},{"type":"Feature","geometry":{"type":"LineString","coordinates":[[23.596412,46.785765],[23.596346,46.785764],[23.596308,46.785762],[23.596193,46.785752],[23.596124,46.785739],[23.59607,46.785724],[23.596046,46.785715],[23.596023,46.785707],[23.595978,46.785687],[23.595935,46.785665],[23.595805,46.785581],[23.59577,46.785552],[23.59574,46.785524],[23.595712,46.785494],[23.595666,46.785451],[23.595647,46.785434],[23.595589,46.785383],[23.595554,46.785352],[23.59555,46.78533]]},"properties":{"name":"","lines":"M32","arr":["M32"],"roundabout":0,"mode":"bus","color":"#0059a9"}},{"type":"Feature","geometry":{"type":"LineString","coordinates":[[23.582256,46.784922],[23.582481,46.784426],[23.582654,46.784465],[23.582876,46.784519],[23.58308,46.784573],[23.583407,46.784651],[23.584884,46.784997],[23.585062,46.785037],[23.585779,46.785198],[23.585916,46.78523],[23.586647,46.785383],[23.586899,46.785437],[23.587107,46.785475],[23.587324,46.785526],[23.587452,46.785568],[23.587594,46.785629],[23.587628,46.785646],[23.587707,46.785686],[23.587769,46.78573],[23.587853,46.785803],[23.587897,46.785852],[23.587914,46.785871],[23.587974,46.785949],[23.58806,46.786094]]},"properties":{"name":"Strada Fabricii de Chibrituri","lines":"M32","arr":["M32"],"roundabout":0,"mode":"bus","color":"#0059a9"}},{"type":"Feature","geometry":{"type":"LineString","coordinates":[[23.58806,46.786094],[23.588159,46.786234],[23.588212,46.786288],[23.588258,46.786326],[23.58834,46.786373],[23.588459,46.786424],[23.588619,46.786469],[23.589444,46.786662],[23.590126,46.786815],[23.590533,46.78689],[23.592432,46.787242],[23.592614,46.787278],[23.593181,46.787386],[23.594246,46.787575],[23.594678,46.787653],[23.594741,46.787665],[23.595479,46.787773],[23.596076,46.787876],[23.596344,46.787918],[23.596502,46.787945],[23.596539,46.787952],[23.59658,46.787958]]},"properties":{"name":"Strada Gării","lines":"M32","arr":["M32"],"roundabout":0,"mode":"bus","color":"#0059a9"}},{"type":"Feature","geometry":{"type":"LineString","coordinates":[[23.550565,46.785777],[23.550551,46.78585],[23.550539,46.785887],[23.550523,46.78592],[23.550503,46.785945],[23.550463,46.785995],[23.550417,46.786042],[23.549875,46.786585],[23.549691,46.786746],[23.549597,46.786833],[23.549497,46.786914],[23.549355,46.78703],[23.549205,46.787146],[23.548898,46.787369],[23.54829,46.787811],[23.548112,46.787925],[23.547924,46.788038],[23.54755,46.788255],[23.54679,46.788676],[23.546365,46.788898],[23.545659,46.789277],[23.545232,46.789491],[23.543795,46.790152],[23.54362,46.790246],[23.543429,46.790359],[23.543364,46.790402],[23.543204,46.790526],[23.543039,46.790679],[23.542832,46.790882],[23.542738,46.790977],[23.542712,46.790998],[23.54234,46.79136],[23.541619,46.792029],[23.541411,46.792188],[23.541093,46.792397],[23.540914,46.792528],[23.540829,46.792597],[23.540755,46.792667],[23.540684,46.79275],[23.540615,46.792845],[23.540539,46.792926],[23.540495,46.79299],[23.540462,46.793057],[23.540422,46.793133],[23.540258,46.793363]]},"properties":{"name":"Strada Valea Seacă","lines":"M33","arr":["M33"],"roundabout":0,"mode":"bus","color":"#0059a9"}},{"type":"Feature","geometry":{"type":"LineString","coordinates":[[23.540258,46.793363],[23.539946,46.793781],[23.539629,46.794172],[23.538713,46.795235],[23.53854,46.795443],[23.538503,46.795488],[23.538234,46.795813],[23.537967,46.796102],[23.537403,46.796681],[23.536277,46.797812],[23.536249,46.797844],[23.536095,46.798023],[23.536006,46.798132],[23.535876,46.798316],[23.53586,46.798343],[23.535625,46.798728],[23.535571,46.798816],[23.535503,46.798896],[23.534501,46.799973],[23.534394,46.800111],[23.534314,46.800236],[23.534256,46.800331],[23.534196,46.800453],[23.533832,46.801463],[23.533773,46.801599],[23.533707,46.801725],[23.533433,46.802156],[23.53338,46.802261],[23.533347,46.802329],[23.533316,46.802408],[23.533282,46.8025],[23.533263,46.802572],[23.53325,46.80265],[23.533243,46.802798],[23.533242,46.802955],[23.53325,46.803202],[23.533242,46.803329],[23.533225,46.803408],[23.533199,46.803498],[23.533152,46.803605],[23.533093,46.803719],[23.533045,46.803793],[23.532954,46.803921],[23.532805,46.804124],[23.532487,46.804557],[23.532288,46.804912],[23.531913,46.805646],[23.531825,46.80576],[23.5317,46.805856],[23.531428,46.806045],[23.530333,46.806897],[23.528874,46.808182],[23.528295,46.808924],[23.528211,46.809004],[23.52778,46.809423],[23.527706,46.809534],[23.527666,46.809645],[23.527464,46.810453],[23.527308,46.810887],[23.527098,46.811343],[23.52699,46.811604],[23.526969,46.811773],[23.526997,46.812492],[23.526993,46.812946],[23.526963,46.813112],[23.526894,46.813236],[23.526777,46.813359],[23.526598,46.81361],[23.526092,46.814208],[23.525698,46.814673],[23.52516,46.815061],[23.524835,46.815269],[23.52469,46.815361],[23.524561,46.815446],[23.524373,46.81556],[23.524255,46.815662],[23.524121,46.815847],[23.522337,46.818959],[23.52208,46.819409],[23.521933,46.819592],[23.521796,46.81977],[23.521627,46.820047],[23.521482,46.820334],[23.521321,46.820774],[23.521187,46.821301],[23.521072,46.821839],[23.521077,46.822189],[23.521082,46.822494],[23.521139,46.822749],[23.52131,46.823065],[23.522152,46.824015],[23.522259,46.824231],[23.522365,46.824493],[23.522462,46.82558],[23.52245,46.82573],[23.522432,46.825765],[23.52189,46.826809],[23.521557,46.827521],[23.521465,46.82782],[23.521411,46.827958],[23.52105,46.828798],[23.520227,46.829928],[23.519484,46.830836],[23.519165,46.831228],[23.518971,46.831536],[23.518633,46.832182],[23.518459,46.832443],[23.518127,46.832775],[23.517684,46.833143],[23.517434,46.833407],[23.517209,46.833683],[23.516873,46.834173],[23.516781,46.834254],[23.516018,46.835041],[23.515463,46.835535],[23.514829,46.835962],[23.514644,46.836138],[23.514485,46.836317],[23.513953,46.836937],[23.513497,46.837551],[23.512781,46.838653],[23.512166,46.839417],[23.511776,46.839892],[23.511407,46.840232],[23.511037,46.840556],[23.510612,46.840935],[23.510365,46.841169],[23.510206,46.84132],[23.509611,46.841998],[23.509262,46.842416],[23.509005,46.842771],[23.508873,46.843033],[23.508759,46.843357],[23.508394,46.844044],[23.508216,46.844455],[23.508112,46.844759],[23.508008,46.84492],[23.507896,46.84506],[23.507807,46.845133],[23.507663,46.845314],[23.507568,46.845468],[23.507513,46.845611],[23.507383,46.846085],[23.507298,46.846436],[23.507221,46.84744],[23.507198,46.847498],[23.507163,46.847555],[23.507104,46.847605],[23.507051,46.847644],[23.506929,46.847707],[23.506806,46.847747],[23.506448,46.847818],[23.506285,46.847845],[23.506061,46.847888],[23.505743,46.847949],[23.505598,46.848011],[23.505287,46.84817],[23.504802,46.848449],[23.504543,46.848626],[23.504347,46.848815],[23.50376,46.849507],[23.503426,46.849937],[23.503372,46.850008],[23.503349,46.850048],[23.503144,46.850385],[23.503063,46.85062],[23.502913,46.851315],[23.502823,46.851565],[23.502438,46.852216],[23.502296,46.852459],[23.502319,46.852695],[23.50235,46.853019],[23.502401,46.853379],[23.502435,46.853617],[23.502455,46.853858],[23.50249,46.854286],[23.502532,46.854973],[23.502543,46.856153],[23.502516,46.856719],[23.502439,46.856911],[23.502286,46.85715],[23.502084,46.857374],[23.501887,46.857576],[23.501631,46.857784],[23.501082,46.858166],[23.500927,46.858253],[23.500793,46.858316],[23.500101,46.858568],[23.497987,46.859415],[23.497755,46.859517],[23.497255,46.859738],[23.496878,46.85993],[23.496657,46.860047],[23.496494,46.860138],[23.496457,46.860159],[23.49621,46.860337],[23.495883,46.860602],[23.495397,46.861011],[23.495067,46.861252],[23.494854,46.861399],[23.494716,46.861505],[23.494571,46.861653],[23.494438,46.861832],[23.494174,46.862162],[23.494028,46.862431],[23.493945,46.862614],[23.49389,46.862764],[23.493764,46.863253],[23.493708,46.863483],[23.493667,46.863627],[23.493537,46.864071],[23.493466,46.864232],[23.493207,46.864695],[23.493069,46.864936],[23.492974,46.865171],[23.492678,46.865905],[23.492448,46.866494],[23.492252,46.8669],[23.492069,46.867267],[23.491918,46.867617],[23.491644,46.868389],[23.491399,46.868894],[23.491067,46.86945],[23.490706,46.869995],[23.490532,46.870234],[23.490108,46.870785],[23.489974,46.870989],[23.489911,46.871086],[23.489765,46.871351],[23.489675,46.871583],[23.489627,46.871882],[23.489629,46.87198],[23.489651,46.872078],[23.489718,46.872284],[23.489834,46.872547],[23.489932,46.872725],[23.490043,46.872927]]},"properties":{"name":"DJ105T","lines":"M33","arr":["M33"],"roundabout":0,"mode":"bus","color":"#0059a9"}},{"type":"Feature","geometry":{"type":"LineString","coordinates":[[23.475595,46.798528],[23.475198,46.798383],[23.474939,46.798301],[23.474681,46.798225],[23.474469,46.798169],[23.47429,46.798131],[23.474121,46.798102],[23.473958,46.798082],[23.473783,46.798066],[23.473602,46.798058],[23.473267,46.798063],[23.473086,46.798077],[23.47291,46.798096],[23.472752,46.798118],[23.472587,46.798152],[23.472318,46.798225],[23.472083,46.798296],[23.471869,46.79838],[23.471584,46.798531],[23.471452,46.798614],[23.471328,46.798701],[23.471184,46.798806],[23.471047,46.798914],[23.470962,46.798985],[23.470783,46.799135],[23.470512,46.799362],[23.470243,46.799578],[23.469838,46.799861],[23.469705,46.799949],[23.469608,46.800013],[23.46951,46.80007],[23.469356,46.800147],[23.469188,46.800221],[23.469045,46.800269],[23.468947,46.800299],[23.468866,46.800321],[23.46871,46.800358],[23.467415,46.800649],[23.467061,46.800711],[23.466724,46.800763],[23.466387,46.800786],[23.465137,46.800758],[23.463334,46.800792],[23.46248,46.800799],[23.460887,46.800821],[23.460757,46.800821],[23.46064,46.800829],[23.460338,46.800844],[23.460049,46.800879],[23.459767,46.800946],[23.459233,46.801171],[23.458771,46.801342],[23.458254,46.801497],[23.456951,46.801791],[23.456481,46.801923],[23.456063,46.802068],[23.455753,46.802209],[23.455411,46.802406]]},"properties":{"name":"DN1F","lines":"M34","arr":["M34"],"roundabout":0,"mode":"bus","color":"#0059a9"}},{"type":"Feature","geometry":{"type":"LineString","coordinates":[[23.455411,46.802406],[23.455564,46.802676],[23.455587,46.802784],[23.455558,46.802846],[23.455427,46.802937],[23.455272,46.803026],[23.455196,46.803106],[23.455174,46.80318],[23.455188,46.803257],[23.455198,46.80332],[23.455197,46.803423],[23.455057,46.803598],[23.45463,46.80402],[23.453867,46.804445],[23.453768,46.804561],[23.453794,46.804785],[23.453876,46.805008],[23.453935,46.805131],[23.453997,46.80521],[23.45438,46.805535],[23.454884,46.805948],[23.455298,46.8063],[23.455753,46.806682],[23.456019,46.806893],[23.456266,46.807114],[23.456486,46.807345],[23.456767,46.807668],[23.456931,46.807842],[23.457054,46.807949],[23.457306,46.808111],[23.457529,46.808239],[23.457674,46.808333],[23.457792,46.808456],[23.4579,46.808623],[23.457945,46.808749],[23.457962,46.808875],[23.45794,46.809017],[23.457864,46.809232],[23.45776,46.809447],[23.457526,46.809781],[23.457331,46.810016],[23.457119,46.810227],[23.456708,46.810594],[23.456502,46.810796],[23.456277,46.810989],[23.456116,46.811136],[23.455933,46.811349],[23.455743,46.81162],[23.455611,46.811784],[23.455499,46.811901],[23.455324,46.812048],[23.455048,46.812226],[23.454648,46.812432],[23.454268,46.812628],[23.454168,46.812689],[23.454077,46.812751],[23.453852,46.813006],[23.453815,46.813037],[23.453758,46.813074],[23.453702,46.813113],[23.453648,46.813166],[23.453557,46.813296],[23.453374,46.813566],[23.453236,46.813788],[23.45319,46.81387],[23.453148,46.813975],[23.453033,46.814409],[23.45292,46.814872],[23.452873,46.815096],[23.45285,46.81524],[23.45277,46.815467],[23.452662,46.815728],[23.452442,46.816158],[23.452242,46.816474],[23.452172,46.816609],[23.451935,46.817005],[23.451634,46.817442],[23.451412,46.81775],[23.451366,46.817813],[23.451093,46.818195],[23.450986,46.81839],[23.450949,46.818463],[23.450835,46.818687],[23.450576,46.819111],[23.450406,46.819341],[23.450296,46.819488],[23.450143,46.819686],[23.449938,46.819956],[23.449632,46.820432],[23.449342,46.820862],[23.449319,46.820952]]},"properties":{"name":"DC141B","lines":"M34","arr":["M34"],"roundabout":0,"mode":"bus","color":"#0059a9"}},{"type":"Feature","geometry":{"type":"LineString","coordinates":[[23.45285,46.81524],[23.453025,46.815219]]},"properties":{"name":"","lines":"M34","arr":["M34"],"roundabout":0,"mode":"bus","color":"#0059a9"}},{"type":"Feature","geometry":{"type":"LineString","coordinates":[[23.556461,46.790677],[23.555918,46.791491],[23.554686,46.79311],[23.554346,46.793633],[23.554105,46.793981],[23.553932,46.794231],[23.553903,46.794302],[23.553894,46.794338],[23.553899,46.794376],[23.553915,46.794421],[23.553944,46.794462],[23.554694,46.795182],[23.555331,46.795886],[23.555778,46.796349],[23.556047,46.796629],[23.557223,46.797789],[23.557956,46.798513],[23.55811,46.798664],[23.558228,46.798826],[23.55826,46.798921],[23.558249,46.798995],[23.55812,46.799142],[23.557284,46.799913],[23.557234,46.799968],[23.556683,46.800581],[23.556648,46.80062],[23.556599,46.800677],[23.556243,46.801081],[23.555975,46.80133],[23.555846,46.801411],[23.555642,46.801514],[23.55467,46.801908],[23.553829,46.802248],[23.553652,46.802309],[23.551865,46.802924],[23.550406,46.803592],[23.550305,46.803628],[23.549555,46.803829],[23.548883,46.804048],[23.547292,46.804685],[23.546888,46.804932],[23.546726,46.805032],[23.545718,46.805465],[23.54516,46.805817],[23.544302,46.806706],[23.544098,46.806853],[23.543742,46.807062],[23.5431,46.80744],[23.542338,46.807815],[23.541898,46.808138],[23.541802,46.80827],[23.54177,46.808417],[23.541803,46.80857],[23.541813,46.80863],[23.541823,46.80874],[23.54178,46.808858],[23.541363,46.809953],[23.541306,46.810151],[23.541136,46.810841],[23.541079,46.811346],[23.540944,46.812536],[23.540873,46.812904],[23.540726,46.813338],[23.540625,46.813602],[23.540525,46.813843],[23.540278,46.814086],[23.539948,46.814302],[23.539819,46.814389],[23.539645,46.814526],[23.539235,46.814879],[23.538868,46.815355],[23.538552,46.815665],[23.538187,46.815961],[23.537896,46.816157],[23.53758,46.816333],[23.537017,46.816648],[23.536256,46.817096],[23.535902,46.81736],[23.535802,46.817453],[23.535677,46.817624],[23.535563,46.817918],[23.53538,46.818681],[23.535187,46.819329],[23.534985,46.820184],[23.534912,46.820389],[23.534346,46.821362],[23.534292,46.821538],[23.534246,46.821881],[23.534236,46.82249],[23.534263,46.822665],[23.534239,46.822808],[23.534062,46.823104],[23.534003,46.823204],[23.533992,46.823344]]},"properties":{"name":"DC142B","lines":"M35","arr":["M35"],"roundabout":0,"mode":"bus","color":"#0059a9"}},{"type":"Feature","geometry":{"type":"LineString","coordinates":[[23.59485,46.821041],[23.594891,46.821105],[23.594884,46.82113],[23.594862,46.82115],[23.594364,46.821535],[23.593808,46.821988],[23.593778,46.82206],[23.593765,46.822156],[23.593833,46.822273],[23.593896,46.82232],[23.59397,46.822356],[23.594124,46.822381],[23.594265,46.822359],[23.594461,46.822269],[23.594638,46.822223],[23.59489,46.822196],[23.595339,46.822177],[23.595815,46.822071],[23.596281,46.821931],[23.59658,46.821844],[23.596781,46.821839],[23.596903,46.821866],[23.596961,46.821909],[23.596997,46.821956],[23.59701,46.821997],[23.597,46.82204],[23.596662,46.82251],[23.596577,46.822628],[23.596525,46.822776],[23.596527,46.822922],[23.596541,46.822985]]},"properties":{"name":"Strada Dealul Fânațelor","lines":"M37","arr":["M37"],"roundabout":0,"mode":"bus","color":"#0059a9"}},{"type":"Feature","geometry":{"type":"LineString","coordinates":[[23.596541,46.822985],[23.596615,46.823315],[23.596678,46.823406],[23.596775,46.823478],[23.596963,46.82354],[23.597007,46.823537],[23.597398,46.823497],[23.597559,46.823509],[23.597719,46.823568],[23.597768,46.823644],[23.59779,46.823774],[23.59776,46.823905],[23.597589,46.824152],[23.597188,46.824593],[23.596815,46.825085],[23.596709,46.825368],[23.596717,46.825612],[23.59679,46.825905],[23.596852,46.82603],[23.596878,46.826081],[23.596989,46.826222],[23.597212,46.826347],[23.597375,46.826381],[23.597548,46.82639],[23.597763,46.826341],[23.59811,46.826203],[23.598493,46.826077],[23.598753,46.826],[23.599018,46.825947],[23.599695,46.825887],[23.600235,46.825782],[23.600478,46.825711],[23.600727,46.825603],[23.601828,46.825061],[23.602215,46.824848],[23.602834,46.824397],[23.602932,46.82427],[23.603064,46.8239],[23.603126,46.82382],[23.603239,46.823734],[23.603307,46.8237],[23.603365,46.823678],[23.603451,46.823662],[23.603525,46.823667],[23.603598,46.823683],[23.603686,46.823727],[23.603759,46.823783],[23.603819,46.823858],[23.603937,46.824115],[23.604287,46.825058],[23.605247,46.826325],[23.605706,46.826933],[23.605753,46.827013],[23.605784,46.827109],[23.605778,46.827199],[23.60576,46.827286],[23.605602,46.827698],[23.605518,46.828113],[23.605257,46.8288],[23.604476,46.829835],[23.604399,46.829956],[23.604349,46.830082],[23.604333,46.830163],[23.604349,46.830233],[23.604385,46.83029],[23.604441,46.830336],[23.604527,46.830364],[23.604618,46.830376],[23.604758,46.830372],[23.605081,46.830346],[23.605298,46.8303],[23.605532,46.83022],[23.605915,46.830015],[23.60649,46.829539],[23.606596,46.829498],[23.606656,46.829492],[23.606723,46.829497],[23.606763,46.829516],[23.606783,46.829539],[23.606802,46.829576],[23.606794,46.82962],[23.60674,46.829749],[23.606561,46.830025],[23.606252,46.83051],[23.60616,46.830677],[23.606083,46.830851],[23.605998,46.831061],[23.605966,46.831206],[23.605971,46.831342],[23.606005,46.831489],[23.606073,46.831623],[23.60616,46.831754],[23.606178,46.831855],[23.606184,46.831974],[23.606116,46.832643],[23.606138,46.832909],[23.606119,46.833838],[23.606135,46.834133],[23.606184,46.834479],[23.606252,46.834794],[23.606294,46.834935],[23.606333,46.835047],[23.606396,46.835171],[23.60651,46.835372],[23.606549,46.835468],[23.606573,46.835569],[23.606582,46.836094],[23.606588,46.836199],[23.606616,46.83627],[23.606659,46.836329],[23.606767,46.836436],[23.60698,46.836624],[23.607052,46.836723],[23.607105,46.836818],[23.607276,46.837269],[23.607345,46.837483],[23.607363,46.837581],[23.607373,46.837688],[23.607371,46.838084],[23.607287,46.838948],[23.607268,46.839116],[23.60728,46.83924],[23.607308,46.839357],[23.607381,46.839552],[23.607523,46.839878],[23.607798,46.840456],[23.607933,46.840761],[23.608057,46.841048],[23.608301,46.841828],[23.608505,46.842441],[23.608581,46.842733],[23.608596,46.842849],[23.608607,46.842934],[23.608604,46.842962],[23.608592,46.843094],[23.608561,46.843205],[23.608545,46.843262],[23.608105,46.844266],[23.608025,46.844413],[23.607982,46.84447],[23.607925,46.844543],[23.607801,46.844694],[23.60768,46.844805],[23.60753,46.844915],[23.6073,46.845052],[23.606929,46.845268],[23.606724,46.845373],[23.606578,46.845439],[23.606112,46.845613],[23.604958,46.84604],[23.604058,46.846388],[23.60397,46.84644],[23.603924,46.846487],[23.603914,46.846512],[23.603919,46.846543],[23.603965,46.846598],[23.604059,46.846652],[23.604243,46.84672],[23.60485,46.846824],[23.605011,46.846856],[23.605152,46.846895],[23.605317,46.846961],[23.605502,46.847049],[23.60666,46.847699],[23.606749,46.84778],[23.60681,46.847862],[23.60685,46.847945],[23.606871,46.848023],[23.606869,46.848098],[23.606847,46.848192],[23.606814,46.84829],[23.606589,46.848837],[23.605467,46.851579],[23.604585,46.853713],[23.604538,46.853807],[23.604479,46.853909],[23.604242,46.854216],[23.603859,46.854693],[23.603218,46.855477],[23.603081,46.855679],[23.602967,46.855876],[23.602892,46.856019],[23.602822,46.856156],[23.602462,46.856939],[23.602379,46.857137],[23.60233,46.857263],[23.601995,46.858351],[23.60183,46.859049],[23.601776,46.859184],[23.601717,46.85936],[23.601611,46.85966],[23.601311,46.86032],[23.601068,46.860904],[23.601014,46.861005],[23.6008,46.861466],[23.600551,46.861904],[23.600433,46.862102],[23.60028,46.86235],[23.600146,46.862546],[23.600065,46.862641],[23.59992,46.86279],[23.599808,46.862874],[23.599735,46.862935],[23.599513,46.863069],[23.598833,46.863395],[23.598143,46.863668],[23.597058,46.864037],[23.596305,46.864271],[23.595847,46.864411],[23.595497,46.864504],[23.595395,46.864526],[23.595256,46.864549],[23.595096,46.864569],[23.594984,46.864571],[23.594868,46.864568],[23.594623,46.864553],[23.594504,46.864554],[23.594404,46.864561],[23.594078,46.864594],[23.593089,46.864714],[23.592829,46.864734],[23.592701,46.864751],[23.592577,46.864778],[23.59252,46.864809],[23.592472,46.864854],[23.592463,46.864891],[23.592461,46.864936],[23.592461,46.864972],[23.592516,46.86512],[23.592783,46.865792],[23.592805,46.866049],[23.592719,46.866496],[23.59274,46.866988],[23.592759,46.86715],[23.592808,46.867315],[23.59294,46.867568],[23.592984,46.867628],[23.593268,46.868026],[23.59362,46.868545],[23.59376,46.868728],[23.593842,46.868781],[23.59394,46.868832],[23.594066,46.868867],[23.594169,46.868887],[23.594547,46.868904],[23.594676,46.868941],[23.594763,46.868969],[23.594835,46.869],[23.594884,46.869041],[23.594911,46.86908],[23.594935,46.869126],[23.59495,46.869174],[23.594952,46.86927],[23.594938,46.869364],[23.594902,46.869472],[23.594877,46.869525],[23.594828,46.869598],[23.594756,46.869691],[23.594374,46.870086],[23.594323,46.870184],[23.594281,46.87029],[23.594254,46.870403],[23.5942,46.870663]]},"properties":{"name":"DJ109V","lines":"M37","arr":["M37"],"roundabout":0,"mode":"bus","color":"#0059a9"}},{"type":"Feature","geometry":{"type":"LineString","coordinates":[[23.618146,46.880749],[23.618009,46.880702],[23.617858,46.880664],[23.61767,46.880651],[23.617524,46.880635],[23.617333,46.880606],[23.617199,46.880576],[23.617048,46.880532],[23.616828,46.880464],[23.616659,46.8804],[23.616551,46.880343],[23.616382,46.880255],[23.616179,46.880124],[23.615737,46.879851],[23.615481,46.879699],[23.615267,46.879595],[23.615005,46.879505],[23.614723,46.879417],[23.614595,46.879369],[23.614353,46.879285],[23.614216,46.879253],[23.614068,46.879231],[23.61386,46.879218],[23.613692,46.87922],[23.613543,46.879222],[23.61337,46.879237],[23.61322,46.879263],[23.613036,46.879284],[23.612865,46.879289],[23.612588,46.879282],[23.612402,46.879271],[23.612203,46.87924],[23.612036,46.879193],[23.611902,46.879151],[23.611796,46.879115],[23.611642,46.879034],[23.611444,46.878926],[23.611293,46.878831],[23.611137,46.878725],[23.611037,46.878637],[23.610958,46.878553],[23.610821,46.878385],[23.610632,46.878145],[23.610319,46.877756],[23.610064,46.877424],[23.609938,46.877246],[23.609791,46.877085],[23.609619,46.876942],[23.609391,46.876797],[23.609135,46.876667],[23.60897,46.87659],[23.608882,46.876548],[23.60867,46.876475],[23.608338,46.876372],[23.608026,46.876282],[23.607628,46.876193],[23.60727,46.876111],[23.606744,46.87597],[23.606392,46.87587],[23.606034,46.875749],[23.605703,46.875633],[23.605656,46.875614],[23.605591,46.875588],[23.605545,46.875565],[23.605317,46.875432],[23.604916,46.875218],[23.604453,46.874994],[23.603918,46.874751],[23.603462,46.874546],[23.603178,46.874416],[23.603006,46.874356],[23.602886,46.874321],[23.602758,46.874303],[23.602664,46.874299],[23.602515,46.874313],[23.602365,46.874344],[23.602235,46.874382],[23.602039,46.874436],[23.601815,46.874492],[23.601633,46.874509],[23.601483,46.874508],[23.601311,46.874504],[23.601154,46.874481],[23.600887,46.874415],[23.600618,46.874345],[23.600384,46.874266],[23.600264,46.87421],[23.600163,46.874162],[23.60004,46.874056],[23.599931,46.873924],[23.5998,46.873732],[23.599638,46.873523],[23.599522,46.873415],[23.599364,46.873308],[23.59835,46.872775],[23.598114,46.872659],[23.597366,46.872219],[23.597154,46.872089],[23.597047,46.872006],[23.596784,46.871761],[23.596658,46.871687],[23.596424,46.871572],[23.59591,46.871392],[23.595014,46.871038],[23.5942,46.870663]]},"properties":{"name":"DC147","lines":"M37","arr":["M37"],"roundabout":0,"mode":"bus","color":"#0059a9"}},{"type":"Feature","geometry":{"type":"LineString","coordinates":[[23.618146,46.880749],[23.618209,46.880732],[23.618268,46.88072],[23.618322,46.880719],[23.618432,46.880731],[23.618593,46.88075],[23.618739,46.88078],[23.618816,46.880794],[23.618902,46.880795],[23.618959,46.880788],[23.619021,46.880773],[23.619061,46.880757],[23.619162,46.880724],[23.619213,46.880719],[23.6193,46.880715],[23.619389,46.880708],[23.619492,46.880707],[23.619658,46.880713],[23.619718,46.880715],[23.619816,46.880717],[23.619893,46.880718],[23.619993,46.880708],[23.620111,46.880699],[23.620374,46.880666],[23.620518,46.880646],[23.620687,46.88062],[23.620899,46.880585],[23.62115,46.880549],[23.621441,46.88051],[23.621505,46.880499],[23.621574,46.880489],[23.621703,46.880454],[23.62177,46.880451],[23.621886,46.880461],[23.621993,46.880476],[23.622357,46.880532],[23.622521,46.880555],[23.622579,46.880566],[23.622743,46.880586],[23.622839,46.880598],[23.622977,46.880608],[23.623072,46.880612],[23.623166,46.880616],[23.623256,46.880617],[23.623319,46.880611],[23.623441,46.88059],[23.623593,46.880556],[23.623693,46.880528],[23.623786,46.88049],[23.623865,46.880456],[23.623949,46.880408],[23.624033,46.880363],[23.624174,46.880267],[23.624224,46.880218],[23.624302,46.880153],[23.624459,46.880027],[23.624567,46.879946],[23.624627,46.879906],[23.6247,46.879867],[23.624773,46.879828],[23.624851,46.879792],[23.624951,46.879754],[23.625022,46.879729],[23.625078,46.879713],[23.625156,46.879711],[23.625215,46.879719],[23.62531,46.879736],[23.625407,46.87977],[23.625551,46.879847],[23.625654,46.879904],[23.625816,46.880008],[23.6259,46.880071],[23.626003,46.880154]]},"properties":{"name":"","lines":"M37","arr":["M37"],"roundabout":0,"mode":"bus","color":"#0059a9"}},{"type":"Feature","geometry":{"type":"LineString","coordinates":[[23.626091,46.880132],[23.626003,46.880154]]},"properties":{"name":"Pădureni-Feiurdeni","lines":"M37","arr":["M37"],"roundabout":0,"mode":"bus","color":"#0059a9"}},{"type":"Feature","geometry":{"type":"LineString","coordinates":[[23.56692,46.889513],[23.566978,46.889595],[23.567027,46.889677],[23.566943,46.889784],[23.56681,46.889998],[23.566729,46.890146],[23.566677,46.890276],[23.566643,46.890394],[23.566629,46.890481],[23.566604,46.891194],[23.566582,46.89132],[23.566558,46.891386],[23.566513,46.891469],[23.566411,46.891566],[23.566276,46.891663],[23.566212,46.891719],[23.566166,46.891786],[23.566142,46.89186],[23.566134,46.891951],[23.566083,46.892825],[23.56607,46.892976],[23.56606,46.893035],[23.565976,46.89329],[23.56589,46.893505],[23.565701,46.893943],[23.565477,46.8944],[23.56541,46.894538],[23.565327,46.894657],[23.565228,46.894782],[23.565132,46.894877],[23.565019,46.894979],[23.564785,46.895144],[23.564427,46.895376],[23.564073,46.895608],[23.564013,46.895649],[23.563783,46.895827]]},"properties":{"name":"","lines":"M38","arr":["M38"],"roundabout":0,"mode":"bus","color":"#0059a9"}},{"type":"Feature","geometry":{"type":"LineString","coordinates":[[23.563783,46.895827],[23.563546,46.895721],[23.563251,46.895605],[23.562913,46.895483],[23.562639,46.8954],[23.56174,46.895182],[23.561559,46.895146],[23.561378,46.895127],[23.561216,46.895123],[23.560657,46.895125],[23.560395,46.895112],[23.560175,46.895095],[23.559954,46.895065],[23.559217,46.89495],[23.558003,46.894827],[23.557634,46.894778],[23.557276,46.894745],[23.556007,46.894675],[23.555127,46.89458],[23.553413,46.894477],[23.553059,46.894497],[23.552745,46.89455],[23.552367,46.894664],[23.551951,46.894864],[23.55168,46.895058],[23.551463,46.895201],[23.55105,46.895408],[23.549905,46.895773],[23.54961,46.89585],[23.548851,46.896009],[23.548658,46.896053],[23.548443,46.896119],[23.547751,46.896365],[23.547504,46.896436],[23.547209,46.896486],[23.546855,46.896515],[23.54634,46.896522],[23.545804,46.896566],[23.545332,46.89661],[23.545149,46.896647],[23.544978,46.896698],[23.544549,46.896903],[23.544162,46.897131],[23.543969,46.897197],[23.543754,46.897233],[23.543529,46.897255],[23.542295,46.897241],[23.54192,46.897248],[23.541609,46.89727],[23.541206,46.897312],[23.540986,46.897321],[23.540815,46.897292],[23.540665,46.897241],[23.540461,46.897146],[23.539967,46.89692],[23.539503,46.896777],[23.538889,46.896658],[23.538532,46.896566],[23.537978,46.896356],[23.537752,46.896279],[23.537513,46.896246],[23.537312,46.896253],[23.537125,46.89628],[23.536309,46.896427],[23.535931,46.896491],[23.535582,46.896508],[23.535212,46.896497],[23.534614,46.896403],[23.533847,46.896229],[23.53363,46.896198],[23.533391,46.896156],[23.532951,46.89606],[23.532608,46.895951],[23.532157,46.895731],[23.531771,46.895524],[23.531529,46.895412],[23.531355,46.895335],[23.530948,46.895208],[23.530687,46.895076],[23.530512,46.89499],[23.53038,46.894948],[23.530238,46.894937],[23.529936,46.89499],[23.529142,46.895159],[23.528595,46.895261],[23.527989,46.895452],[23.527769,46.895555],[23.527576,46.895672],[23.527013,46.896194],[23.526787,46.896464],[23.526602,46.896731],[23.52635,46.89734],[23.526148,46.8978],[23.526011,46.897978],[23.525859,46.898113],[23.525568,46.898258],[23.524518,46.898538],[23.524049,46.898617],[23.522587,46.898817],[23.52219,46.898861],[23.521879,46.898861],[23.521167,46.89875],[23.520657,46.898674],[23.52,46.898495],[23.519265,46.898293]]},"properties":{"name":"DJ109S","lines":"M38","arr":["M38"],"roundabout":0,"mode":"bus","color":"#0059a9"}},{"type":"Feature","geometry":{"type":"LineString","coordinates":[[23.520414,46.898231],[23.521129,46.898258],[23.521348,46.898217],[23.521479,46.898159],[23.521607,46.898075],[23.521963,46.897719],[23.523067,46.896339],[23.523462,46.895811],[23.523494,46.89569],[23.523482,46.895557],[23.52341,46.895463],[23.523338,46.895408],[23.523022,46.895268],[23.52241,46.895061],[23.522195,46.894982],[23.521445,46.894572],[23.520985,46.89417],[23.520845,46.893942],[23.520786,46.89369],[23.520795,46.89283],[23.520696,46.892658],[23.520544,46.892492],[23.519893,46.892105],[23.519795,46.892022],[23.51972,46.891923],[23.519627,46.891727],[23.519335,46.890898],[23.519254,46.890604],[23.519253,46.89042],[23.519258,46.890325],[23.51929,46.890207],[23.519336,46.89005],[23.519408,46.889909],[23.519536,46.889668],[23.51958,46.889544],[23.519611,46.889369],[23.519642,46.889],[23.519617,46.88794],[23.519323,46.886487],[23.519266,46.88629],[23.519162,46.8861],[23.518975,46.885865],[23.518874,46.885764],[23.517908,46.884793],[23.517826,46.884697],[23.517747,46.884567],[23.5177,46.884425],[23.517702,46.884288],[23.517755,46.88356],[23.517915,46.881302],[23.517922,46.881258],[23.517966,46.881104],[23.518014,46.880935],[23.518046,46.880879]]},"properties":{"name":"DJ109A","lines":"M38","arr":["M38"],"roundabout":0,"mode":"bus","color":"#0059a9"}},{"type":"Feature","geometry":{"type":"LineString","coordinates":[[23.520414,46.898231],[23.521129,46.898258],[23.521348,46.898217],[23.521479,46.898159],[23.521607,46.898075],[23.521963,46.897719],[23.523067,46.896339],[23.523462,46.895811],[23.523494,46.89569],[23.523482,46.895557],[23.52341,46.895463],[23.523338,46.895408],[23.523022,46.895268],[23.52241,46.895061],[23.522195,46.894982],[23.521445,46.894572],[23.520985,46.89417],[23.520845,46.893942],[23.520786,46.89369],[23.520795,46.89283],[23.520696,46.892658],[23.520544,46.892492],[23.519893,46.892105],[23.519795,46.892022],[23.51972,46.891923],[23.519627,46.891727],[23.519335,46.890898],[23.519254,46.890604],[23.519253,46.89042],[23.519258,46.890325],[23.51929,46.890207],[23.519336,46.89005],[23.519408,46.889909],[23.519536,46.889668],[23.51958,46.889544],[23.519611,46.889369],[23.519642,46.889],[23.519617,46.88794],[23.519323,46.886487],[23.519266,46.88629],[23.519162,46.8861],[23.518975,46.885865],[23.518874,46.885764],[23.517908,46.884793],[23.517826,46.884697],[23.517747,46.884567],[23.5177,46.884425],[23.517702,46.884288],[23.517755,46.88356],[23.517915,46.881302],[23.517922,46.881258],[23.517966,46.881104],[23.518014,46.880935],[23.518046,46.880879]]},"properties":{"name":"DJ109A","lines":"M39L","arr":["M39L"],"roundabout":0,"mode":"bus","color":"#0059a9"}},{"type":"Feature","geometry":{"type":"LineString","coordinates":[[23.520414,46.898231],[23.519775,46.898214],[23.51962,46.898213],[23.519478,46.898226],[23.519368,46.89825],[23.519265,46.898293]]},"properties":{"name":"DJ109A","lines":"M38","arr":["M38"],"roundabout":0,"mode":"bus","color":"#0059a9"}},{"type":"Feature","geometry":{"type":"LineString","coordinates":[[23.525454,46.875398],[23.526071,46.875333],[23.526256,46.875292],[23.52643,46.875235],[23.526685,46.875116],[23.52686,46.875001],[23.527032,46.874817],[23.527096,46.8747],[23.527136,46.874581],[23.52714,46.874473],[23.527106,46.874361],[23.526878,46.873968],[23.526849,46.873822],[23.52688,46.873727],[23.527309,46.873137],[23.529075,46.870707],[23.529243,46.870475],[23.529307,46.870374],[23.529357,46.870189],[23.529353,46.870098],[23.529314,46.869779],[23.529238,46.869163],[23.529252,46.869034],[23.529293,46.8689],[23.529435,46.868669],[23.53007,46.867776],[23.530454,46.867123],[23.530757,46.866662],[23.530849,46.866577],[23.530977,46.8665],[23.531207,46.866401],[23.532058,46.866039],[23.532628,46.865733],[23.532928,46.86553],[23.533127,46.865375],[23.533376,46.865099],[23.533457,46.864994],[23.533575,46.864883],[23.533703,46.864804],[23.533848,46.864735],[23.534507,46.864479],[23.536123,46.863905],[23.536969,46.863672],[23.537508,46.863498],[23.537889,46.863322],[23.538221,46.863157],[23.53852,46.862973],[23.53919,46.862325],[23.539546,46.861827],[23.539704,46.861567],[23.539907,46.861218],[23.540285,46.860389],[23.540378,46.860268],[23.540477,46.860169],[23.541295,46.859388],[23.541604,46.8591],[23.541918,46.858858],[23.542451,46.858493],[23.542677,46.858366],[23.542918,46.858262],[23.543621,46.857981],[23.543792,46.857878],[23.543843,46.857832],[23.54391,46.857593],[23.543913,46.857253],[23.544034,46.856956],[23.544144,46.856728],[23.545002,46.855505],[23.545128,46.85534],[23.545353,46.855123],[23.546424,46.854217],[23.546565,46.854081],[23.546658,46.853993],[23.546807,46.853856],[23.546867,46.853756],[23.546916,46.85361],[23.54694,46.853253],[23.546961,46.852995],[23.546992,46.852822],[23.547076,46.852625],[23.547348,46.852325],[23.548928,46.850902],[23.549027,46.850821],[23.550141,46.849743],[23.550452,46.849536],[23.550766,46.849386],[23.551372,46.849153],[23.552034,46.848916],[23.552418,46.848802],[23.553428,46.848581],[23.554046,46.848408],[23.55459,46.848194],[23.554613,46.848184],[23.555486,46.847801],[23.556144,46.847464],[23.557085,46.847021],[23.557194,46.846968],[23.557667,46.84668],[23.557774,46.846598],[23.557935,46.846462],[23.558061,46.846328],[23.558117,46.846213],[23.558145,46.846078],[23.558141,46.845934],[23.558084,46.845704],[23.557996,46.845586],[23.557962,46.845541],[23.557878,46.845458],[23.557765,46.845354]]},"properties":{"name":"Strada Unirii","lines":"M38","arr":["M38"],"roundabout":0,"mode":"bus","color":"#0059a9"}},{"type":"Feature","geometry":{"type":"LineString","coordinates":[[23.525454,46.875398],[23.526071,46.875333],[23.526256,46.875292],[23.52643,46.875235],[23.526685,46.875116],[23.52686,46.875001],[23.527032,46.874817],[23.527096,46.8747],[23.527136,46.874581],[23.52714,46.874473],[23.527106,46.874361],[23.526878,46.873968],[23.526849,46.873822],[23.52688,46.873727],[23.527309,46.873137],[23.529075,46.870707],[23.529243,46.870475],[23.529307,46.870374],[23.529357,46.870189],[23.529353,46.870098],[23.529314,46.869779],[23.529238,46.869163],[23.529252,46.869034],[23.529293,46.8689],[23.529435,46.868669],[23.53007,46.867776],[23.530454,46.867123],[23.530757,46.866662],[23.530849,46.866577],[23.530977,46.8665],[23.531207,46.866401],[23.532058,46.866039],[23.532628,46.865733],[23.532928,46.86553],[23.533127,46.865375],[23.533376,46.865099],[23.533457,46.864994],[23.533575,46.864883],[23.533703,46.864804],[23.533848,46.864735],[23.534507,46.864479],[23.536123,46.863905],[23.536969,46.863672],[23.537508,46.863498],[23.537889,46.863322],[23.538221,46.863157],[23.53852,46.862973],[23.53919,46.862325],[23.539546,46.861827],[23.539704,46.861567],[23.539907,46.861218],[23.540285,46.860389],[23.540378,46.860268],[23.540477,46.860169],[23.541295,46.859388],[23.541604,46.8591],[23.541918,46.858858],[23.542451,46.858493],[23.542677,46.858366],[23.542918,46.858262],[23.543621,46.857981],[23.543792,46.857878],[23.543843,46.857832],[23.54391,46.857593],[23.543913,46.857253],[23.544034,46.856956],[23.544144,46.856728],[23.545002,46.855505],[23.545128,46.85534],[23.545353,46.855123],[23.546424,46.854217],[23.546565,46.854081],[23.546658,46.853993],[23.546807,46.853856],[23.546867,46.853756],[23.546916,46.85361],[23.54694,46.853253],[23.546961,46.852995],[23.546992,46.852822],[23.547076,46.852625],[23.547348,46.852325],[23.548928,46.850902],[23.549027,46.850821],[23.550141,46.849743],[23.550452,46.849536],[23.550766,46.849386],[23.551372,46.849153],[23.552034,46.848916],[23.552418,46.848802],[23.553428,46.848581],[23.554046,46.848408],[23.55459,46.848194],[23.554613,46.848184],[23.555486,46.847801],[23.556144,46.847464],[23.557085,46.847021],[23.557194,46.846968],[23.557667,46.84668],[23.557774,46.846598],[23.557935,46.846462],[23.558061,46.846328],[23.558117,46.846213],[23.558145,46.846078],[23.558141,46.845934],[23.558084,46.845704],[23.557996,46.845586],[23.557962,46.845541],[23.557878,46.845458],[23.557765,46.845354]]},"properties":{"name":"Strada Unirii","lines":"M39","arr":["M39"],"roundabout":0,"mode":"bus","color":"#0059a9"}},{"type":"Feature","geometry":{"type":"LineString","coordinates":[[23.525454,46.875398],[23.526071,46.875333],[23.526256,46.875292],[23.52643,46.875235],[23.526685,46.875116],[23.52686,46.875001],[23.527032,46.874817],[23.527096,46.8747],[23.527136,46.874581],[23.52714,46.874473],[23.527106,46.874361],[23.526878,46.873968],[23.526849,46.873822],[23.52688,46.873727],[23.527309,46.873137],[23.529075,46.870707],[23.529243,46.870475],[23.529307,46.870374],[23.529357,46.870189],[23.529353,46.870098],[23.529314,46.869779],[23.529238,46.869163],[23.529252,46.869034],[23.529293,46.8689],[23.529435,46.868669],[23.53007,46.867776],[23.530454,46.867123],[23.530757,46.866662],[23.530849,46.866577],[23.530977,46.8665],[23.531207,46.866401],[23.532058,46.866039],[23.532628,46.865733],[23.532928,46.86553],[23.533127,46.865375],[23.533376,46.865099],[23.533457,46.864994],[23.533575,46.864883],[23.533703,46.864804],[23.533848,46.864735],[23.534507,46.864479],[23.536123,46.863905],[23.536969,46.863672],[23.537508,46.863498],[23.537889,46.863322],[23.538221,46.863157],[23.53852,46.862973],[23.53919,46.862325],[23.539546,46.861827],[23.539704,46.861567],[23.539907,46.861218],[23.540285,46.860389],[23.540378,46.860268],[23.540477,46.860169],[23.541295,46.859388],[23.541604,46.8591],[23.541918,46.858858],[23.542451,46.858493],[23.542677,46.858366],[23.542918,46.858262],[23.543621,46.857981],[23.543792,46.857878],[23.543843,46.857832],[23.54391,46.857593],[23.543913,46.857253],[23.544034,46.856956],[23.544144,46.856728],[23.545002,46.855505],[23.545128,46.85534],[23.545353,46.855123],[23.546424,46.854217],[23.546565,46.854081],[23.546658,46.853993],[23.546807,46.853856],[23.546867,46.853756],[23.546916,46.85361],[23.54694,46.853253],[23.546961,46.852995],[23.546992,46.852822],[23.547076,46.852625],[23.547348,46.852325],[23.548928,46.850902],[23.549027,46.850821],[23.550141,46.849743],[23.550452,46.849536],[23.550766,46.849386],[23.551372,46.849153],[23.552034,46.848916],[23.552418,46.848802],[23.553428,46.848581],[23.554046,46.848408],[23.55459,46.848194],[23.554613,46.848184],[23.555486,46.847801],[23.556144,46.847464],[23.557085,46.847021],[23.557194,46.846968],[23.557667,46.84668],[23.557774,46.846598],[23.557935,46.846462],[23.558061,46.846328],[23.558117,46.846213],[23.558145,46.846078],[23.558141,46.845934],[23.558084,46.845704],[23.557996,46.845586],[23.557962,46.845541],[23.557878,46.845458],[23.557765,46.845354]]},"properties":{"name":"Strada Unirii","lines":"M39L","arr":["M39L"],"roundabout":0,"mode":"bus","color":"#0059a9"}},{"type":"Feature","geometry":{"type":"LineString","coordinates":[[23.525454,46.875398],[23.523807,46.875452],[23.52085,46.875626],[23.520503,46.875659],[23.520316,46.875692],[23.520194,46.875729],[23.52008,46.875777],[23.519804,46.875911],[23.519492,46.87606],[23.518892,46.876371],[23.51871,46.876502],[23.518613,46.876622],[23.518526,46.876765],[23.518479,46.876884],[23.518425,46.877033],[23.518421,46.877126],[23.518459,46.877802],[23.51872,46.879265],[23.518741,46.879378],[23.518738,46.879658],[23.518727,46.879733],[23.518602,46.880055],[23.518553,46.880137],[23.518046,46.880879]]},"properties":{"name":"Strada Unirii","lines":"M38","arr":["M38"],"roundabout":0,"mode":"bus","color":"#0059a9"}},{"type":"Feature","geometry":{"type":"LineString","coordinates":[[23.525454,46.875398],[23.523807,46.875452],[23.52085,46.875626],[23.520503,46.875659],[23.520316,46.875692],[23.520194,46.875729],[23.52008,46.875777],[23.519804,46.875911],[23.519492,46.87606],[23.518892,46.876371],[23.51871,46.876502],[23.518613,46.876622],[23.518526,46.876765],[23.518479,46.876884],[23.518425,46.877033],[23.518421,46.877126],[23.518459,46.877802],[23.51872,46.879265],[23.518741,46.879378],[23.518738,46.879658],[23.518727,46.879733],[23.518602,46.880055],[23.518553,46.880137],[23.518046,46.880879]]},"properties":{"name":"Strada Unirii","lines":"M39L","arr":["M39L"],"roundabout":0,"mode":"bus","color":"#0059a9"}},{"type":"Feature","geometry":{"type":"LineString","coordinates":[[23.569123,46.83734],[23.569356,46.837554],[23.569438,46.837636],[23.569548,46.837707],[23.569609,46.837731],[23.569686,46.837753],[23.569759,46.837766],[23.569859,46.837776],[23.569962,46.837783],[23.57008,46.83779],[23.570339,46.837798],[23.570782,46.837797],[23.571006,46.837798],[23.571158,46.837809],[23.5713,46.837865],[23.571415,46.837919],[23.571559,46.838019],[23.572205,46.838451],[23.572386,46.838592],[23.572513,46.838719],[23.572683,46.838927],[23.572732,46.839031],[23.572841,46.839257],[23.57297,46.839515]]},"properties":{"name":"Strada Jijiei","lines":"M39","arr":["M39"],"roundabout":0,"mode":"bus","color":"#0059a9"}},{"type":"Feature","geometry":{"type":"LineString","coordinates":[[23.569123,46.83734],[23.569356,46.837554],[23.569438,46.837636],[23.569548,46.837707],[23.569609,46.837731],[23.569686,46.837753],[23.569759,46.837766],[23.569859,46.837776],[23.569962,46.837783],[23.57008,46.83779],[23.570339,46.837798],[23.570782,46.837797],[23.571006,46.837798],[23.571158,46.837809],[23.5713,46.837865],[23.571415,46.837919],[23.571559,46.838019],[23.572205,46.838451],[23.572386,46.838592],[23.572513,46.838719],[23.572683,46.838927],[23.572732,46.839031],[23.572841,46.839257],[23.57297,46.839515]]},"properties":{"name":"Strada Jijiei","lines":"M39L","arr":["M39L"],"roundabout":0,"mode":"bus","color":"#0059a9"}},{"type":"Feature","geometry":{"type":"LineString","coordinates":[[23.573279,46.840143],[23.573179,46.839935],[23.57314,46.839853],[23.57297,46.839515]]},"properties":{"name":"Strada Jijiei","lines":"M39L","arr":["M39L"],"roundabout":0,"mode":"bus","color":"#0059a9"}},{"type":"Feature","geometry":{"type":"LineString","coordinates":[[23.57297,46.839515],[23.571872,46.840024],[23.571804,46.840027],[23.571731,46.840017],[23.571497,46.839989],[23.571404,46.839991],[23.571328,46.840016],[23.571289,46.840164],[23.571236,46.84028],[23.571171,46.840354],[23.571084,46.840429]]},"properties":{"name":"Strada Oltului","lines":"M39","arr":["M39"],"roundabout":0,"mode":"bus","color":"#0059a9"}},{"type":"Feature","geometry":{"type":"LineString","coordinates":[[23.57297,46.839515],[23.571872,46.840024],[23.571804,46.840027],[23.571731,46.840017],[23.571497,46.839989],[23.571404,46.839991],[23.571328,46.840016],[23.571289,46.840164],[23.571236,46.84028],[23.571171,46.840354],[23.571084,46.840429]]},"properties":{"name":"Strada Oltului","lines":"M39L","arr":["M39L"],"roundabout":0,"mode":"bus","color":"#0059a9"}},{"type":"Feature","geometry":{"type":"LineString","coordinates":[[23.570904,46.840544],[23.571015,46.840482]]},"properties":{"name":"Strada Oltului","lines":"M39","arr":["M39"],"roundabout":0,"mode":"bus","color":"#0059a9"}},{"type":"Feature","geometry":{"type":"LineString","coordinates":[[23.570904,46.840544],[23.571015,46.840482]]},"properties":{"name":"Strada Oltului","lines":"M39L","arr":["M39L"],"roundabout":0,"mode":"bus","color":"#0059a9"}},{"type":"Feature","geometry":{"type":"LineString","coordinates":[[23.570904,46.840544],[23.570806,46.840577],[23.570666,46.840606],[23.57055,46.840621],[23.570429,46.840629],[23.570292,46.840625],[23.57019,46.840614],[23.569925,46.840765],[23.569038,46.841257]]},"properties":{"name":"Strada Oltului","lines":"M39L","arr":["M39L"],"roundabout":0,"mode":"bus","color":"#0059a9"}},{"type":"Feature","geometry":{"type":"LineString","coordinates":[[23.571015,46.840482],[23.571084,46.840429]]},"properties":{"name":"Strada Oltului","lines":"M39L","arr":["M39L"],"roundabout":0,"mode":"bus","color":"#0059a9"}},{"type":"Feature","geometry":{"type":"LineString","coordinates":[[23.599865,46.791575],[23.599609,46.791509]]},"properties":{"name":"Strada Gheorghe Asachi","lines":"M39L","arr":["M39L"],"roundabout":0,"mode":"bus","color":"#0059a9"}},{"type":"Feature","geometry":{"type":"LineString","coordinates":[[23.569578,46.841804],[23.573279,46.840143]]},"properties":{"name":"Strada Siretului","lines":"M39L","arr":["M39L"],"roundabout":0,"mode":"bus","color":"#0059a9"}},{"type":"Feature","geometry":{"type":"LineString","coordinates":[[23.569038,46.841257],[23.569578,46.841804]]},"properties":{"name":"","lines":"M39L","arr":["M39L"],"roundabout":0,"mode":"bus","color":"#0059a9"}},{"type":"Feature","geometry":{"type":"LineString","coordinates":[[23.626587,46.780528],[23.626578,46.780554]]},"properties":{"name":"Strada Siretului","lines":"M41","arr":["M41"],"roundabout":0,"mode":"bus","color":"#0059a9"}},{"type":"Feature","geometry":{"type":"LineString","coordinates":[[23.626587,46.780528],[23.626578,46.780554]]},"properties":{"name":"Strada Siretului","lines":"M42L","arr":["M42L"],"roundabout":0,"mode":"bus","color":"#0059a9"}},{"type":"Feature","geometry":{"type":"LineString","coordinates":[[23.626587,46.780528],[23.626578,46.780554]]},"properties":{"name":"Strada Siretului","lines":"M43","arr":["M43"],"roundabout":0,"mode":"bus","color":"#0059a9"}},{"type":"Feature","geometry":{"type":"LineString","coordinates":[[23.697096,46.781915],[23.697415,46.781934],[23.697612,46.781949],[23.698156,46.781982],[23.698303,46.781992],[23.699051,46.782042],[23.699412,46.782067],[23.700066,46.782111],[23.700629,46.782141],[23.700843,46.782153],[23.701083,46.782162],[23.701536,46.782163],[23.701962,46.782165]]},"properties":{"name":"Strada Traian Vuia","lines":"M41","arr":["M41"],"roundabout":0,"mode":"bus","color":"#0059a9"}},{"type":"Feature","geometry":{"type":"LineString","coordinates":[[23.697096,46.781915],[23.697415,46.781934],[23.697612,46.781949],[23.698156,46.781982],[23.698303,46.781992],[23.699051,46.782042],[23.699412,46.782067],[23.700066,46.782111],[23.700629,46.782141],[23.700843,46.782153],[23.701083,46.782162],[23.701536,46.782163],[23.701962,46.782165]]},"properties":{"name":"Strada Traian Vuia","lines":"M41L","arr":["M41L"],"roundabout":0,"mode":"bus","color":"#0059a9"}},{"type":"Feature","geometry":{"type":"LineString","coordinates":[[23.697096,46.781915],[23.697415,46.781934],[23.697612,46.781949],[23.698156,46.781982],[23.698303,46.781992],[23.699051,46.782042],[23.699412,46.782067],[23.700066,46.782111],[23.700629,46.782141],[23.700843,46.782153],[23.701083,46.782162],[23.701536,46.782163],[23.701962,46.782165]]},"properties":{"name":"Strada Traian Vuia","lines":"M42","arr":["M42"],"roundabout":0,"mode":"bus","color":"#0059a9"}},{"type":"Feature","geometry":{"type":"LineString","coordinates":[[23.697096,46.781915],[23.697415,46.781934],[23.697612,46.781949],[23.698156,46.781982],[23.698303,46.781992],[23.699051,46.782042],[23.699412,46.782067],[23.700066,46.782111],[23.700629,46.782141],[23.700843,46.782153],[23.701083,46.782162],[23.701536,46.782163],[23.701962,46.782165]]},"properties":{"name":"Strada Traian Vuia","lines":"M42L","arr":["M42L"],"roundabout":0,"mode":"bus","color":"#0059a9"}},{"type":"Feature","geometry":{"type":"LineString","coordinates":[[23.697096,46.781915],[23.697415,46.781934],[23.697612,46.781949],[23.698156,46.781982],[23.698303,46.781992],[23.699051,46.782042],[23.699412,46.782067],[23.700066,46.782111],[23.700629,46.782141],[23.700843,46.782153],[23.701083,46.782162],[23.701536,46.782163],[23.701962,46.782165]]},"properties":{"name":"Strada Traian Vuia","lines":"M43","arr":["M43"],"roundabout":0,"mode":"bus","color":"#0059a9"}},{"type":"Feature","geometry":{"type":"LineString","coordinates":[[23.697096,46.781915],[23.697415,46.781934],[23.697612,46.781949],[23.698156,46.781982],[23.698303,46.781992],[23.699051,46.782042],[23.699412,46.782067],[23.700066,46.782111],[23.700629,46.782141],[23.700843,46.782153],[23.701083,46.782162],[23.701536,46.782163],[23.701962,46.782165]]},"properties":{"name":"Strada Traian Vuia","lines":"M44","arr":["M44"],"roundabout":0,"mode":"bus","color":"#0059a9"}},{"type":"Feature","geometry":{"type":"LineString","coordinates":[[23.703438,46.782172],[23.703359,46.782171],[23.701962,46.782165]]},"properties":{"name":"Strada Traian Vuia","lines":"M41","arr":["M41"],"roundabout":0,"mode":"bus","color":"#0059a9"}},{"type":"Feature","geometry":{"type":"LineString","coordinates":[[23.703438,46.782172],[23.703359,46.782171],[23.701962,46.782165]]},"properties":{"name":"Strada Traian Vuia","lines":"M41L","arr":["M41L"],"roundabout":0,"mode":"bus","color":"#0059a9"}},{"type":"Feature","geometry":{"type":"LineString","coordinates":[[23.703438,46.782172],[23.703359,46.782171],[23.701962,46.782165]]},"properties":{"name":"Strada Traian Vuia","lines":"M42","arr":["M42"],"roundabout":0,"mode":"bus","color":"#0059a9"}},{"type":"Feature","geometry":{"type":"LineString","coordinates":[[23.703438,46.782172],[23.703359,46.782171],[23.701962,46.782165]]},"properties":{"name":"Strada Traian Vuia","lines":"M42L","arr":["M42L"],"roundabout":0,"mode":"bus","color":"#0059a9"}},{"type":"Feature","geometry":{"type":"LineString","coordinates":[[23.703438,46.782172],[23.703359,46.782171],[23.701962,46.782165]]},"properties":{"name":"Strada Traian Vuia","lines":"M44","arr":["M44"],"roundabout":0,"mode":"bus","color":"#0059a9"}},{"type":"Feature","geometry":{"type":"LineString","coordinates":[[23.703928,46.782246],[23.703438,46.782172]]},"properties":{"name":"Strada Traian Vuia","lines":"M41","arr":["M41"],"roundabout":0,"mode":"bus","color":"#0059a9"}},{"type":"Feature","geometry":{"type":"LineString","coordinates":[[23.703928,46.782246],[23.703438,46.782172]]},"properties":{"name":"Strada Traian Vuia","lines":"M42","arr":["M42"],"roundabout":0,"mode":"bus","color":"#0059a9"}},{"type":"Feature","geometry":{"type":"LineString","coordinates":[[23.703928,46.782246],[23.703438,46.782172]]},"properties":{"name":"Strada Traian Vuia","lines":"M42L","arr":["M42L"],"roundabout":0,"mode":"bus","color":"#0059a9"}},{"type":"Feature","geometry":{"type":"LineString","coordinates":[[23.703928,46.782246],[23.703438,46.782172]]},"properties":{"name":"Strada Traian Vuia","lines":"M44","arr":["M44"],"roundabout":0,"mode":"bus","color":"#0059a9"}},{"type":"Feature","geometry":{"type":"LineString","coordinates":[[23.704998,46.782155],[23.70439,46.782206]]},"properties":{"name":"DN1C","lines":"M41","arr":["M41"],"roundabout":0,"mode":"bus","color":"#0059a9"}},{"type":"Feature","geometry":{"type":"LineString","coordinates":[[23.704998,46.782155],[23.70439,46.782206]]},"properties":{"name":"DN1C","lines":"M42","arr":["M42"],"roundabout":0,"mode":"bus","color":"#0059a9"}},{"type":"Feature","geometry":{"type":"LineString","coordinates":[[23.704998,46.782155],[23.70439,46.782206]]},"properties":{"name":"DN1C","lines":"M42L","arr":["M42L"],"roundabout":0,"mode":"bus","color":"#0059a9"}},{"type":"Feature","geometry":{"type":"LineString","coordinates":[[23.704998,46.782155],[23.70439,46.782206]]},"properties":{"name":"DN1C","lines":"M44","arr":["M44"],"roundabout":0,"mode":"bus","color":"#0059a9"}},{"type":"Feature","geometry":{"type":"LineString","coordinates":[[23.706557,46.782337],[23.706917,46.782394],[23.70719,46.782436],[23.707379,46.782469]]},"properties":{"name":"DN1C","lines":"M41","arr":["M41"],"roundabout":0,"mode":"bus","color":"#0059a9"}},{"type":"Feature","geometry":{"type":"LineString","coordinates":[[23.706557,46.782337],[23.706917,46.782394],[23.70719,46.782436],[23.707379,46.782469]]},"properties":{"name":"DN1C","lines":"M42","arr":["M42"],"roundabout":0,"mode":"bus","color":"#0059a9"}},{"type":"Feature","geometry":{"type":"LineString","coordinates":[[23.706557,46.782337],[23.706917,46.782394],[23.70719,46.782436],[23.707379,46.782469]]},"properties":{"name":"DN1C","lines":"M42L","arr":["M42L"],"roundabout":0,"mode":"bus","color":"#0059a9"}},{"type":"Feature","geometry":{"type":"LineString","coordinates":[[23.706557,46.782337],[23.706917,46.782394],[23.70719,46.782436],[23.707379,46.782469]]},"properties":{"name":"DN1C","lines":"M44","arr":["M44"],"roundabout":0,"mode":"bus","color":"#0059a9"}},{"type":"Feature","geometry":{"type":"LineString","coordinates":[[23.713716,46.783631],[23.713544,46.783572],[23.713162,46.783501],[23.713029,46.783451]]},"properties":{"name":"DN1C","lines":"M41","arr":["M41"],"roundabout":0,"mode":"bus","color":"#0059a9"}},{"type":"Feature","geometry":{"type":"LineString","coordinates":[[23.713716,46.783631],[23.713544,46.783572],[23.713162,46.783501],[23.713029,46.783451]]},"properties":{"name":"DN1C","lines":"M42","arr":["M42"],"roundabout":0,"mode":"bus","color":"#0059a9"}},{"type":"Feature","geometry":{"type":"LineString","coordinates":[[23.713716,46.783631],[23.713544,46.783572],[23.713162,46.783501],[23.713029,46.783451]]},"properties":{"name":"DN1C","lines":"M42L","arr":["M42L"],"roundabout":0,"mode":"bus","color":"#0059a9"}},{"type":"Feature","geometry":{"type":"LineString","coordinates":[[23.713716,46.783631],[23.713544,46.783572],[23.713162,46.783501],[23.713029,46.783451]]},"properties":{"name":"DN1C","lines":"M44","arr":["M44"],"roundabout":0,"mode":"bus","color":"#0059a9"}},{"type":"Feature","geometry":{"type":"LineString","coordinates":[[23.706557,46.782337],[23.706123,46.782267],[23.705695,46.782209],[23.704998,46.782155]]},"properties":{"name":"DN1C","lines":"M41","arr":["M41"],"roundabout":0,"mode":"bus","color":"#0059a9"}},{"type":"Feature","geometry":{"type":"LineString","coordinates":[[23.706557,46.782337],[23.706123,46.782267],[23.705695,46.782209],[23.704998,46.782155]]},"properties":{"name":"DN1C","lines":"M41L","arr":["M41L"],"roundabout":0,"mode":"bus","color":"#0059a9"}},{"type":"Feature","geometry":{"type":"LineString","coordinates":[[23.706557,46.782337],[23.706123,46.782267],[23.705695,46.782209],[23.704998,46.782155]]},"properties":{"name":"DN1C","lines":"M42","arr":["M42"],"roundabout":0,"mode":"bus","color":"#0059a9"}},{"type":"Feature","geometry":{"type":"LineString","coordinates":[[23.706557,46.782337],[23.706123,46.782267],[23.705695,46.782209],[23.704998,46.782155]]},"properties":{"name":"DN1C","lines":"M42L","arr":["M42L"],"roundabout":0,"mode":"bus","color":"#0059a9"}},{"type":"Feature","geometry":{"type":"LineString","coordinates":[[23.706557,46.782337],[23.706123,46.782267],[23.705695,46.782209],[23.704998,46.782155]]},"properties":{"name":"DN1C","lines":"M44","arr":["M44"],"roundabout":0,"mode":"bus","color":"#0059a9"}},{"type":"Feature","geometry":{"type":"LineString","coordinates":[[23.707379,46.782469],[23.708456,46.782653],[23.708638,46.782684],[23.709728,46.78287],[23.710414,46.782987],[23.71101,46.783093],[23.712877,46.783423],[23.713029,46.783451]]},"properties":{"name":"DN1C","lines":"M41","arr":["M41"],"roundabout":0,"mode":"bus","color":"#0059a9"}},{"type":"Feature","geometry":{"type":"LineString","coordinates":[[23.707379,46.782469],[23.708456,46.782653],[23.708638,46.782684],[23.709728,46.78287],[23.710414,46.782987],[23.71101,46.783093],[23.712877,46.783423],[23.713029,46.783451]]},"properties":{"name":"DN1C","lines":"M41L","arr":["M41L"],"roundabout":0,"mode":"bus","color":"#0059a9"}},{"type":"Feature","geometry":{"type":"LineString","coordinates":[[23.707379,46.782469],[23.708456,46.782653],[23.708638,46.782684],[23.709728,46.78287],[23.710414,46.782987],[23.71101,46.783093],[23.712877,46.783423],[23.713029,46.783451]]},"properties":{"name":"DN1C","lines":"M42","arr":["M42"],"roundabout":0,"mode":"bus","color":"#0059a9"}},{"type":"Feature","geometry":{"type":"LineString","coordinates":[[23.707379,46.782469],[23.708456,46.782653],[23.708638,46.782684],[23.709728,46.78287],[23.710414,46.782987],[23.71101,46.783093],[23.712877,46.783423],[23.713029,46.783451]]},"properties":{"name":"DN1C","lines":"M42L","arr":["M42L"],"roundabout":0,"mode":"bus","color":"#0059a9"}},{"type":"Feature","geometry":{"type":"LineString","coordinates":[[23.707379,46.782469],[23.708456,46.782653],[23.708638,46.782684],[23.709728,46.78287],[23.710414,46.782987],[23.71101,46.783093],[23.712877,46.783423],[23.713029,46.783451]]},"properties":{"name":"DN1C","lines":"M44","arr":["M44"],"roundabout":0,"mode":"bus","color":"#0059a9"}},{"type":"Feature","geometry":{"type":"LineString","coordinates":[[23.707319,46.782389],[23.707379,46.782469]]},"properties":{"name":"","lines":"M41","arr":["M41"],"roundabout":0,"mode":"bus","color":"#0059a9"}},{"type":"Feature","geometry":{"type":"LineString","coordinates":[[23.707319,46.782389],[23.707379,46.782469]]},"properties":{"name":"","lines":"M41L","arr":["M41L"],"roundabout":0,"mode":"bus","color":"#0059a9"}},{"type":"Feature","geometry":{"type":"LineString","coordinates":[[23.707319,46.782389],[23.707379,46.782469]]},"properties":{"name":"","lines":"M42L","arr":["M42L"],"roundabout":0,"mode":"bus","color":"#0059a9"}},{"type":"Feature","geometry":{"type":"LineString","coordinates":[[23.71458,46.783717],[23.714501,46.783722],[23.714118,46.78367],[23.714007,46.783673]]},"properties":{"name":"Strada Libertății","lines":"M41","arr":["M41"],"roundabout":0,"mode":"bus","color":"#0059a9"}},{"type":"Feature","geometry":{"type":"LineString","coordinates":[[23.71458,46.783717],[23.714501,46.783722],[23.714118,46.78367],[23.714007,46.783673]]},"properties":{"name":"Strada Libertății","lines":"M42","arr":["M42"],"roundabout":0,"mode":"bus","color":"#0059a9"}},{"type":"Feature","geometry":{"type":"LineString","coordinates":[[23.71458,46.783717],[23.714501,46.783722],[23.714118,46.78367],[23.714007,46.783673]]},"properties":{"name":"Strada Libertății","lines":"M42L","arr":["M42L"],"roundabout":0,"mode":"bus","color":"#0059a9"}},{"type":"Feature","geometry":{"type":"LineString","coordinates":[[23.71458,46.783717],[23.714501,46.783722],[23.714118,46.78367],[23.714007,46.783673]]},"properties":{"name":"Strada Libertății","lines":"M44","arr":["M44"],"roundabout":0,"mode":"bus","color":"#0059a9"}},{"type":"Feature","geometry":{"type":"LineString","coordinates":[[23.71458,46.783717],[23.715938,46.783951],[23.716859,46.78411],[23.717589,46.784239],[23.71813,46.784334],[23.718393,46.784393],[23.718469,46.78441],[23.718988,46.784544],[23.721165,46.785233],[23.721645,46.785381],[23.722617,46.78568],[23.726156,46.786817],[23.72773,46.787322],[23.727985,46.787402],[23.728501,46.787565],[23.730695,46.78825],[23.731855,46.788613],[23.732033,46.788671],[23.734212,46.789385],[23.734468,46.789469],[23.734936,46.78962],[23.73528,46.789731],[23.735888,46.789927],[23.736823,46.79023],[23.737236,46.790371],[23.738021,46.79064],[23.738458,46.790773],[23.738696,46.790834]]},"properties":{"name":"Strada Libertății","lines":"M41","arr":["M41"],"roundabout":0,"mode":"bus","color":"#0059a9"}},{"type":"Feature","geometry":{"type":"LineString","coordinates":[[23.71458,46.783717],[23.715938,46.783951],[23.716859,46.78411],[23.717589,46.784239],[23.71813,46.784334],[23.718393,46.784393],[23.718469,46.78441],[23.718988,46.784544],[23.721165,46.785233],[23.721645,46.785381],[23.722617,46.78568],[23.726156,46.786817],[23.72773,46.787322],[23.727985,46.787402],[23.728501,46.787565],[23.730695,46.78825],[23.731855,46.788613],[23.732033,46.788671],[23.734212,46.789385],[23.734468,46.789469],[23.734936,46.78962],[23.73528,46.789731],[23.735888,46.789927],[23.736823,46.79023],[23.737236,46.790371],[23.738021,46.79064],[23.738458,46.790773],[23.738696,46.790834]]},"properties":{"name":"Strada Libertății","lines":"M41L","arr":["M41L"],"roundabout":0,"mode":"bus","color":"#0059a9"}},{"type":"Feature","geometry":{"type":"LineString","coordinates":[[23.71458,46.783717],[23.715938,46.783951],[23.716859,46.78411],[23.717589,46.784239],[23.71813,46.784334],[23.718393,46.784393],[23.718469,46.78441],[23.718988,46.784544],[23.721165,46.785233],[23.721645,46.785381],[23.722617,46.78568],[23.726156,46.786817],[23.72773,46.787322],[23.727985,46.787402],[23.728501,46.787565],[23.730695,46.78825],[23.731855,46.788613],[23.732033,46.788671],[23.734212,46.789385],[23.734468,46.789469],[23.734936,46.78962],[23.73528,46.789731],[23.735888,46.789927],[23.736823,46.79023],[23.737236,46.790371],[23.738021,46.79064],[23.738458,46.790773],[23.738696,46.790834]]},"properties":{"name":"Strada Libertății","lines":"M42","arr":["M42"],"roundabout":0,"mode":"bus","color":"#0059a9"}},{"type":"Feature","geometry":{"type":"LineString","coordinates":[[23.71458,46.783717],[23.715938,46.783951],[23.716859,46.78411],[23.717589,46.784239],[23.71813,46.784334],[23.718393,46.784393],[23.718469,46.78441],[23.718988,46.784544],[23.721165,46.785233],[23.721645,46.785381],[23.722617,46.78568],[23.726156,46.786817],[23.72773,46.787322],[23.727985,46.787402],[23.728501,46.787565],[23.730695,46.78825],[23.731855,46.788613],[23.732033,46.788671],[23.734212,46.789385],[23.734468,46.789469],[23.734936,46.78962],[23.73528,46.789731],[23.735888,46.789927],[23.736823,46.79023],[23.737236,46.790371],[23.738021,46.79064],[23.738458,46.790773],[23.738696,46.790834]]},"properties":{"name":"Strada Libertății","lines":"M42L","arr":["M42L"],"roundabout":0,"mode":"bus","color":"#0059a9"}},{"type":"Feature","geometry":{"type":"LineString","coordinates":[[23.71458,46.783717],[23.715938,46.783951],[23.716859,46.78411],[23.717589,46.784239],[23.71813,46.784334],[23.718393,46.784393],[23.718469,46.78441],[23.718988,46.784544],[23.721165,46.785233],[23.721645,46.785381],[23.722617,46.78568],[23.726156,46.786817],[23.72773,46.787322],[23.727985,46.787402],[23.728501,46.787565],[23.730695,46.78825],[23.731855,46.788613],[23.732033,46.788671],[23.734212,46.789385],[23.734468,46.789469],[23.734936,46.78962],[23.73528,46.789731],[23.735888,46.789927],[23.736823,46.79023],[23.737236,46.790371],[23.738021,46.79064],[23.738458,46.790773],[23.738696,46.790834]]},"properties":{"name":"Strada Libertății","lines":"M44","arr":["M44"],"roundabout":0,"mode":"bus","color":"#0059a9"}},{"type":"Feature","geometry":{"type":"LineString","coordinates":[[23.738696,46.790834],[23.738862,46.790886],[23.739017,46.790934],[23.739399,46.791058],[23.740097,46.791281],[23.740728,46.791482],[23.741092,46.791598],[23.742359,46.792002],[23.743064,46.792227],[23.743571,46.792389],[23.744362,46.792641],[23.744572,46.792706],[23.745213,46.792903],[23.745734,46.793068],[23.746044,46.793164],[23.74624,46.793245],[23.746411,46.793329],[23.74664,46.793472],[23.746721,46.793526],[23.748247,46.794732],[23.749266,46.795528],[23.749988,46.796085],[23.750067,46.796162],[23.750208,46.796272],[23.75296,46.79842],[23.753416,46.798794],[23.753986,46.799252],[23.754156,46.799395],[23.754253,46.799492]]},"properties":{"name":"Strada Libertății","lines":"M41","arr":["M41"],"roundabout":0,"mode":"bus","color":"#0059a9"}},{"type":"Feature","geometry":{"type":"LineString","coordinates":[[23.738696,46.790834],[23.738862,46.790886],[23.739017,46.790934],[23.739399,46.791058],[23.740097,46.791281],[23.740728,46.791482],[23.741092,46.791598],[23.742359,46.792002],[23.743064,46.792227],[23.743571,46.792389],[23.744362,46.792641],[23.744572,46.792706],[23.745213,46.792903],[23.745734,46.793068],[23.746044,46.793164],[23.74624,46.793245],[23.746411,46.793329],[23.74664,46.793472],[23.746721,46.793526],[23.748247,46.794732],[23.749266,46.795528],[23.749988,46.796085],[23.750067,46.796162],[23.750208,46.796272],[23.75296,46.79842],[23.753416,46.798794],[23.753986,46.799252],[23.754156,46.799395],[23.754253,46.799492]]},"properties":{"name":"Strada Libertății","lines":"M41L","arr":["M41L"],"roundabout":0,"mode":"bus","color":"#0059a9"}},{"type":"Feature","geometry":{"type":"LineString","coordinates":[[23.738696,46.790834],[23.738862,46.790886],[23.739017,46.790934],[23.739399,46.791058],[23.740097,46.791281],[23.740728,46.791482],[23.741092,46.791598],[23.742359,46.792002],[23.743064,46.792227],[23.743571,46.792389],[23.744362,46.792641],[23.744572,46.792706],[23.745213,46.792903],[23.745734,46.793068],[23.746044,46.793164],[23.74624,46.793245],[23.746411,46.793329],[23.74664,46.793472],[23.746721,46.793526],[23.748247,46.794732],[23.749266,46.795528],[23.749988,46.796085],[23.750067,46.796162],[23.750208,46.796272],[23.75296,46.79842],[23.753416,46.798794],[23.753986,46.799252],[23.754156,46.799395],[23.754253,46.799492]]},"properties":{"name":"Strada Libertății","lines":"M44","arr":["M44"],"roundabout":0,"mode":"bus","color":"#0059a9"}},{"type":"Feature","geometry":{"type":"LineString","coordinates":[[23.7544,46.799777],[23.754253,46.799492]]},"properties":{"name":"Strada Libertății","lines":"M41","arr":["M41"],"roundabout":0,"mode":"bus","color":"#0059a9"}},{"type":"Feature","geometry":{"type":"LineString","coordinates":[[23.754405,46.80014],[23.754406,46.800066],[23.754407,46.799955],[23.754408,46.799912]]},"properties":{"name":"Strada Libertății","lines":"M41","arr":["M41"],"roundabout":0,"mode":"bus","color":"#0059a9"}},{"type":"Feature","geometry":{"type":"LineString","coordinates":[[23.754405,46.80014],[23.754334,46.80027],[23.753874,46.801187],[23.753437,46.80205],[23.752649,46.803608],[23.752037,46.804816],[23.751982,46.804925],[23.751782,46.805322],[23.751645,46.805766],[23.751627,46.805906],[23.751424,46.807287],[23.751218,46.808203],[23.751173,46.808319],[23.750863,46.809261],[23.750672,46.809823],[23.750615,46.810176],[23.750677,46.810357],[23.750766,46.810555],[23.750815,46.810658],[23.750906,46.810815],[23.751135,46.81132],[23.751293,46.811668],[23.751428,46.812025],[23.751437,46.812232],[23.751308,46.812617],[23.750882,46.813435],[23.750615,46.813964],[23.750583,46.814029],[23.750292,46.814572],[23.750095,46.814836]]},"properties":{"name":"Strada Libertății","lines":"M41","arr":["M41"],"roundabout":0,"mode":"bus","color":"#0059a9"}},{"type":"Feature","geometry":{"type":"LineString","coordinates":[[23.754405,46.80014],[23.754334,46.80027],[23.753874,46.801187],[23.753437,46.80205],[23.752649,46.803608],[23.752037,46.804816],[23.751982,46.804925],[23.751782,46.805322],[23.751645,46.805766],[23.751627,46.805906],[23.751424,46.807287],[23.751218,46.808203],[23.751173,46.808319],[23.750863,46.809261],[23.750672,46.809823],[23.750615,46.810176],[23.750677,46.810357],[23.750766,46.810555],[23.750815,46.810658],[23.750906,46.810815],[23.751135,46.81132],[23.751293,46.811668],[23.751428,46.812025],[23.751437,46.812232],[23.751308,46.812617],[23.750882,46.813435],[23.750615,46.813964],[23.750583,46.814029],[23.750292,46.814572],[23.750095,46.814836]]},"properties":{"name":"Strada Libertății","lines":"M41L","arr":["M41L"],"roundabout":0,"mode":"bus","color":"#0059a9"}},{"type":"Feature","geometry":{"type":"LineString","coordinates":[[23.749565,46.815072],[23.749488,46.815067],[23.748842,46.815041],[23.748311,46.815029],[23.74795,46.81502],[23.74749,46.815021],[23.746108,46.815022],[23.745349,46.815071],[23.745027,46.815244],[23.744777,46.815558],[23.744529,46.815927]]},"properties":{"name":"Strada Libertății","lines":"M41","arr":["M41"],"roundabout":0,"mode":"bus","color":"#0059a9"}},{"type":"Feature","geometry":{"type":"LineString","coordinates":[[23.749565,46.815072],[23.749488,46.815067],[23.748842,46.815041],[23.748311,46.815029],[23.74795,46.81502],[23.74749,46.815021],[23.746108,46.815022],[23.745349,46.815071],[23.745027,46.815244],[23.744777,46.815558],[23.744529,46.815927]]},"properties":{"name":"Strada Libertății","lines":"M41L","arr":["M41L"],"roundabout":0,"mode":"bus","color":"#0059a9"}},{"type":"Feature","geometry":{"type":"LineString","coordinates":[[23.750095,46.814836],[23.7499,46.81509],[23.749565,46.815072]]},"properties":{"name":"Strada Libertății","lines":"M41L","arr":["M41L"],"roundabout":0,"mode":"bus","color":"#0059a9"}},{"type":"Feature","geometry":{"type":"LineString","coordinates":[[23.744529,46.815927],[23.744369,46.816145],[23.744255,46.816301],[23.744006,46.816714],[23.743725,46.817183],[23.743613,46.819456],[23.743579,46.820327],[23.743546,46.820676],[23.743664,46.82101],[23.743805,46.82136],[23.743849,46.821483],[23.743867,46.821626],[23.743851,46.821829]]},"properties":{"name":"Strada Libertății","lines":"M41L","arr":["M41L"],"roundabout":0,"mode":"bus","color":"#0059a9"}},{"type":"Feature","geometry":{"type":"LineString","coordinates":[[23.754548,46.799965],[23.754405,46.80014]]},"properties":{"name":"Strada Libertății","lines":"M41L","arr":["M41L"],"roundabout":0,"mode":"bus","color":"#0059a9"}},{"type":"Feature","geometry":{"type":"LineString","coordinates":[[23.749565,46.815072],[23.749593,46.815058],[23.749615,46.815048],[23.749654,46.815037],[23.749776,46.815],[23.74994,46.814928],[23.750012,46.81486],[23.750038,46.814838],[23.750095,46.814836]]},"properties":{"name":"","lines":"M41","arr":["M41"],"roundabout":0,"mode":"bus","color":"#0059a9"}},{"type":"Feature","geometry":{"type":"LineString","coordinates":[[23.70719,46.782436],[23.707217,46.782596]]},"properties":{"name":"","lines":"M41","arr":["M41"],"roundabout":0,"mode":"bus","color":"#0059a9"}},{"type":"Feature","geometry":{"type":"LineString","coordinates":[[23.70719,46.782436],[23.707217,46.782596]]},"properties":{"name":"","lines":"M42","arr":["M42"],"roundabout":0,"mode":"bus","color":"#0059a9"}},{"type":"Feature","geometry":{"type":"LineString","coordinates":[[23.70719,46.782436],[23.707217,46.782596]]},"properties":{"name":"","lines":"M42L","arr":["M42L"],"roundabout":0,"mode":"bus","color":"#0059a9"}},{"type":"Feature","geometry":{"type":"LineString","coordinates":[[23.703438,46.782172],[23.70349,46.782157],[23.703862,46.782005],[23.703995,46.78192],[23.704067,46.781906]]},"properties":{"name":"Strada Traian Vuia","lines":"M41L","arr":["M41L"],"roundabout":0,"mode":"bus","color":"#0059a9"}},{"type":"Feature","geometry":{"type":"LineString","coordinates":[[23.704067,46.781906],[23.704148,46.781904],[23.704266,46.781928],[23.704362,46.781965],[23.70442,46.781997],[23.704868,46.78213],[23.704998,46.782155]]},"properties":{"name":"DN1C","lines":"M41L","arr":["M41L"],"roundabout":0,"mode":"bus","color":"#0059a9"}},{"type":"Feature","geometry":{"type":"LineString","coordinates":[[23.744679,46.822428],[23.744627,46.822547],[23.744477,46.822858],[23.744468,46.823065],[23.744494,46.82337],[23.744622,46.824192],[23.745262,46.828279],[23.745417,46.829275],[23.745425,46.82934],[23.745429,46.829364]]},"properties":{"name":"DN1C","lines":"M41L","arr":["M41L"],"roundabout":0,"mode":"bus","color":"#0059a9"}},{"type":"Feature","geometry":{"type":"LineString","coordinates":[[23.706557,46.782337],[23.706702,46.782276],[23.706771,46.782189],[23.706822,46.78213],[23.7069,46.782108],[23.706971,46.782098],[23.707132,46.782111],[23.707274,46.782164],[23.707335,46.782219],[23.707341,46.782294],[23.707319,46.78234],[23.707319,46.782389]]},"properties":{"name":"","lines":"M41L","arr":["M41L"],"roundabout":0,"mode":"bus","color":"#0059a9"}},{"type":"Feature","geometry":{"type":"LineString","coordinates":[[23.713029,46.783451],[23.71318,46.783444],[23.7134,46.78348],[23.713575,46.783508],[23.713766,46.783493]]},"properties":{"name":"DN1C","lines":"M41L","arr":["M41L"],"roundabout":0,"mode":"bus","color":"#0059a9"}},{"type":"Feature","geometry":{"type":"LineString","coordinates":[[23.713029,46.783451],[23.71318,46.783444],[23.7134,46.78348],[23.713575,46.783508],[23.713766,46.783493]]},"properties":{"name":"DN1C","lines":"M44","arr":["M44"],"roundabout":0,"mode":"bus","color":"#0059a9"}},{"type":"Feature","geometry":{"type":"LineString","coordinates":[[23.714057,46.783556],[23.71414,46.783603],[23.714528,46.783682],[23.71458,46.783717]]},"properties":{"name":"Strada Libertății","lines":"M41L","arr":["M41L"],"roundabout":0,"mode":"bus","color":"#0059a9"}},{"type":"Feature","geometry":{"type":"LineString","coordinates":[[23.714057,46.783556],[23.71414,46.783603],[23.714528,46.783682],[23.71458,46.783717]]},"properties":{"name":"Strada Libertății","lines":"M42","arr":["M42"],"roundabout":0,"mode":"bus","color":"#0059a9"}},{"type":"Feature","geometry":{"type":"LineString","coordinates":[[23.714057,46.783556],[23.71414,46.783603],[23.714528,46.783682],[23.71458,46.783717]]},"properties":{"name":"Strada Libertății","lines":"M44","arr":["M44"],"roundabout":0,"mode":"bus","color":"#0059a9"}},{"type":"Feature","geometry":{"type":"LineString","coordinates":[[23.754253,46.799492],[23.754497,46.799676],[23.75455,46.799716]]},"properties":{"name":"Strada Libertății","lines":"M41L","arr":["M41L"],"roundabout":0,"mode":"bus","color":"#0059a9"}},{"type":"Feature","geometry":{"type":"LineString","coordinates":[[23.754253,46.799492],[23.754497,46.799676],[23.75455,46.799716]]},"properties":{"name":"Strada Libertății","lines":"M44","arr":["M44"],"roundabout":0,"mode":"bus","color":"#0059a9"}},{"type":"Feature","geometry":{"type":"LineString","coordinates":[[23.743851,46.821829],[23.744005,46.821941],[23.744467,46.822133]]},"properties":{"name":"Centura Apahida-Vâlcele","lines":"M41L","arr":["M41L"],"roundabout":0,"mode":"bus","color":"#0059a9"}},{"type":"Feature","geometry":{"type":"LineString","coordinates":[[23.745379,46.82941],[23.745255,46.829418],[23.745152,46.829426],[23.743653,46.829548],[23.741715,46.829705],[23.741422,46.829729],[23.740836,46.829782],[23.740573,46.829811],[23.740345,46.829846],[23.740319,46.82985],[23.740182,46.829891],[23.740061,46.829928],[23.73976,46.830049],[23.739669,46.830095],[23.739503,46.830178],[23.739327,46.83028],[23.739151,46.830381],[23.738969,46.83052]]},"properties":{"name":"Strada Câmpenești","lines":"M41L","arr":["M41L"],"roundabout":0,"mode":"bus","color":"#0059a9"}},{"type":"Feature","geometry":{"type":"LineString","coordinates":[[23.738969,46.83052],[23.738865,46.830622],[23.738747,46.830769],[23.738618,46.830926]]},"properties":{"name":"Strada Viitorului","lines":"M41L","arr":["M41L"],"roundabout":0,"mode":"bus","color":"#0059a9"}},{"type":"Feature","geometry":{"type":"LineString","coordinates":[[23.701962,46.782165],[23.702143,46.782034],[23.702479,46.781912],[23.702657,46.781856],[23.702861,46.78182],[23.703055,46.781806]]},"properties":{"name":"","lines":"M42","arr":["M42"],"roundabout":0,"mode":"bus","color":"#0059a9"}},{"type":"Feature","geometry":{"type":"LineString","coordinates":[[23.701962,46.782165],[23.702143,46.782034],[23.702479,46.781912],[23.702657,46.781856],[23.702861,46.78182],[23.703055,46.781806]]},"properties":{"name":"","lines":"M43","arr":["M43"],"roundabout":0,"mode":"bus","color":"#0059a9"}},{"type":"Feature","geometry":{"type":"LineString","coordinates":[[23.703646,46.780978],[23.703561,46.780699],[23.70353,46.780287],[23.703722,46.780676],[23.703774,46.780837]]},"properties":{"name":"Centura Apahida-Vâlcele","lines":"M42","arr":["M42"],"roundabout":0,"mode":"bus","color":"#0059a9"}},{"type":"Feature","geometry":{"type":"LineString","coordinates":[[23.703646,46.780978],[23.703561,46.780699],[23.70353,46.780287],[23.703722,46.780676],[23.703774,46.780837]]},"properties":{"name":"Centura Apahida-Vâlcele","lines":"M43","arr":["M43"],"roundabout":0,"mode":"bus","color":"#0059a9"}},{"type":"Feature","geometry":{"type":"LineString","coordinates":[[23.704085,46.780279],[23.70408,46.780346],[23.704086,46.780442],[23.704098,46.780629],[23.704092,46.780678]]},"properties":{"name":"DC80","lines":"M42","arr":["M42"],"roundabout":0,"mode":"bus","color":"#0059a9"}},{"type":"Feature","geometry":{"type":"LineString","coordinates":[[23.704085,46.780279],[23.70408,46.780346],[23.704086,46.780442],[23.704098,46.780629],[23.704092,46.780678]]},"properties":{"name":"DC80","lines":"M43","arr":["M43"],"roundabout":0,"mode":"bus","color":"#0059a9"}},{"type":"Feature","geometry":{"type":"LineString","coordinates":[[23.704092,46.780678],[23.704077,46.780715],[23.704052,46.780748],[23.704027,46.78077],[23.704009,46.780792],[23.703999,46.780814],[23.703997,46.780832]]},"properties":{"name":"DC80","lines":"M43","arr":["M43"],"roundabout":0,"mode":"bus","color":"#0059a9"}},{"type":"Feature","geometry":{"type":"LineString","coordinates":[[23.706345,46.77656],[23.706373,46.77663],[23.706389,46.776733],[23.706395,46.776775],[23.706384,46.776871],[23.706336,46.776963],[23.705841,46.777736],[23.705312,46.778482],[23.705204,46.778622]]},"properties":{"name":"Strada Crișeni","lines":"M42","arr":["M42"],"roundabout":0,"mode":"bus","color":"#0059a9"}},{"type":"Feature","geometry":{"type":"LineString","coordinates":[[23.706345,46.77656],[23.706373,46.77663],[23.706389,46.776733],[23.706395,46.776775],[23.706384,46.776871],[23.706336,46.776963],[23.705841,46.777736],[23.705312,46.778482],[23.705204,46.778622]]},"properties":{"name":"Strada Crișeni","lines":"M43","arr":["M43"],"roundabout":0,"mode":"bus","color":"#0059a9"}},{"type":"Feature","geometry":{"type":"LineString","coordinates":[[23.70645,46.776529],[23.706345,46.77656]]},"properties":{"name":"","lines":"M42","arr":["M42"],"roundabout":0,"mode":"bus","color":"#0059a9"}},{"type":"Feature","geometry":{"type":"LineString","coordinates":[[23.724034,46.781123],[23.723675,46.781562],[23.723588,46.781675],[23.723144,46.782254],[23.722929,46.782498],[23.72279,46.78268],[23.72258,46.782954],[23.72231,46.783406],[23.722174,46.783699],[23.722145,46.783733],[23.722099,46.783752],[23.722053,46.783761],[23.722001,46.783757],[23.721716,46.783684],[23.719982,46.783164],[23.719841,46.783145],[23.719467,46.783094],[23.719125,46.783074],[23.718859,46.783068],[23.71846,46.783061],[23.716726,46.782971],[23.71642,46.782934],[23.714807,46.782654],[23.714779,46.782652],[23.71475,46.782657],[23.714732,46.782665],[23.714722,46.782672],[23.71471,46.782688],[23.714694,46.782711],[23.714618,46.782827],[23.714542,46.782949],[23.71452,46.782987],[23.714467,46.783084],[23.714425,46.783121],[23.71437,46.783152],[23.714242,46.783206],[23.71413,46.783248],[23.714106,46.783266],[23.714084,46.783289],[23.71401,46.783405],[23.714,46.783428],[23.713996,46.783451],[23.714009,46.783498]]},"properties":{"name":"","lines":"M42","arr":["M42"],"roundabout":0,"mode":"bus","color":"#0059a9"}},{"type":"Feature","geometry":{"type":"LineString","coordinates":[[23.724034,46.781123],[23.723463,46.780731],[23.723069,46.780474],[23.720266,46.778951],[23.720183,46.778906],[23.720043,46.778826],[23.719797,46.778742],[23.719395,46.778679],[23.717309,46.7784],[23.717234,46.77839],[23.716893,46.77835],[23.716655,46.778336],[23.71633,46.778352],[23.716104,46.77839],[23.715984,46.77843],[23.715889,46.778455],[23.715776,46.778487],[23.715702,46.778489],[23.715071,46.778439],[23.714228,46.778384],[23.712653,46.778289],[23.711759,46.778215],[23.711288,46.778148],[23.710981,46.778084],[23.710329,46.777888],[23.709636,46.777664],[23.709611,46.777655],[23.70929,46.777549],[23.708712,46.777351],[23.707559,46.776933],[23.70645,46.776529]]},"properties":{"name":"Strada Planoarelor","lines":"M42","arr":["M42"],"roundabout":0,"mode":"bus","color":"#0059a9"}},{"type":"Feature","geometry":{"type":"LineString","coordinates":[[23.735211,46.799188],[23.735463,46.798957]]},"properties":{"name":"Strada Constructorilor","lines":"M42L","arr":["M42L"],"roundabout":0,"mode":"bus","color":"#0059a9"}},{"type":"Feature","geometry":{"type":"LineString","coordinates":[[23.735463,46.798957],[23.735997,46.798289],[23.736398,46.797789],[23.736884,46.797174],[23.736966,46.797077],[23.737374,46.796588],[23.737473,46.796476],[23.737964,46.795848],[23.738721,46.79494],[23.738745,46.79485],[23.738734,46.794776],[23.738662,46.794674],[23.737321,46.793601],[23.737272,46.793498],[23.737278,46.793414],[23.737321,46.793296],[23.737888,46.792419],[23.738366,46.79168],[23.738737,46.791107],[23.738758,46.791023],[23.738733,46.790943],[23.738686,46.790886],[23.738678,46.790875],[23.738678,46.79086],[23.738696,46.790834]]},"properties":{"name":"Strada Constructorilor","lines":"M42","arr":["M42"],"roundabout":0,"mode":"bus","color":"#0059a9"}},{"type":"Feature","geometry":{"type":"LineString","coordinates":[[23.735463,46.798957],[23.735997,46.798289],[23.736398,46.797789],[23.736884,46.797174],[23.736966,46.797077],[23.737374,46.796588],[23.737473,46.796476],[23.737964,46.795848],[23.738721,46.79494],[23.738745,46.79485],[23.738734,46.794776],[23.738662,46.794674],[23.737321,46.793601],[23.737272,46.793498],[23.737278,46.793414],[23.737321,46.793296],[23.737888,46.792419],[23.738366,46.79168],[23.738737,46.791107],[23.738758,46.791023],[23.738733,46.790943],[23.738686,46.790886],[23.738678,46.790875],[23.738678,46.79086],[23.738696,46.790834]]},"properties":{"name":"Strada Constructorilor","lines":"M42L","arr":["M42L"],"roundabout":0,"mode":"bus","color":"#0059a9"}},{"type":"Feature","geometry":{"type":"LineString","coordinates":[[23.72773,46.787322],[23.727693,46.78735],[23.726396,46.788842],[23.725655,46.78979],[23.725525,46.789952],[23.725356,46.790129],[23.725041,46.790475],[23.723747,46.791904],[23.723571,46.792098]]},"properties":{"name":"Strada 1 Mai","lines":"M42","arr":["M42"],"roundabout":0,"mode":"bus","color":"#0059a9"}},{"type":"Feature","geometry":{"type":"LineString","coordinates":[[23.72773,46.787322],[23.727693,46.78735],[23.726396,46.788842],[23.725655,46.78979],[23.725525,46.789952],[23.725356,46.790129],[23.725041,46.790475],[23.723747,46.791904],[23.723571,46.792098]]},"properties":{"name":"Strada 1 Mai","lines":"M42L","arr":["M42L"],"roundabout":0,"mode":"bus","color":"#0059a9"}},{"type":"Feature","geometry":{"type":"LineString","coordinates":[[23.723571,46.792098],[23.723302,46.792349]]},"properties":{"name":"Strada 1 Mai","lines":"M42","arr":["M42"],"roundabout":0,"mode":"bus","color":"#0059a9"}},{"type":"Feature","geometry":{"type":"LineString","coordinates":[[23.723302,46.792349],[23.722905,46.79217],[23.722283,46.791801],[23.721647,46.791496],[23.720048,46.790604],[23.719171,46.790229],[23.718895,46.790093],[23.718774,46.790014],[23.718531,46.789805],[23.71854,46.78886],[23.718527,46.788282],[23.718503,46.786924],[23.718469,46.78441]]},"properties":{"name":"Strada Școlii","lines":"M42","arr":["M42"],"roundabout":0,"mode":"bus","color":"#0059a9"}},{"type":"Feature","geometry":{"type":"LineString","coordinates":[[23.723302,46.792349],[23.722905,46.79217],[23.722283,46.791801],[23.721647,46.791496],[23.720048,46.790604],[23.719171,46.790229],[23.718895,46.790093],[23.718774,46.790014],[23.718531,46.789805],[23.71854,46.78886],[23.718527,46.788282],[23.718503,46.786924],[23.718469,46.78441]]},"properties":{"name":"Strada Școlii","lines":"M42L","arr":["M42L"],"roundabout":0,"mode":"bus","color":"#0059a9"}},{"type":"Feature","geometry":{"type":"LineString","coordinates":[[23.707217,46.782596],[23.707136,46.782628]]},"properties":{"name":"","lines":"M42","arr":["M42"],"roundabout":0,"mode":"bus","color":"#0059a9"}},{"type":"Feature","geometry":{"type":"LineString","coordinates":[[23.707217,46.782596],[23.707136,46.782628]]},"properties":{"name":"","lines":"M42L","arr":["M42L"],"roundabout":0,"mode":"bus","color":"#0059a9"}},{"type":"Feature","geometry":{"type":"LineString","coordinates":[[23.734991,46.799527],[23.735211,46.799188],[23.735003,46.799305],[23.734789,46.799404]]},"properties":{"name":"","lines":"M42L","arr":["M42L"],"roundabout":0,"mode":"bus","color":"#0059a9"}},{"type":"Feature","geometry":{"type":"LineString","coordinates":[[23.723571,46.792098],[23.723657,46.792133],[23.723713,46.792145],[23.723795,46.792141],[23.72387,46.792116],[23.723964,46.792104],[23.724065,46.792098],[23.724217,46.792099],[23.724348,46.792111],[23.724462,46.792133],[23.725439,46.792465],[23.725481,46.792482],[23.725504,46.792502],[23.725515,46.792526],[23.725522,46.792556],[23.725499,46.792749],[23.724921,46.792733],[23.724322,46.792734],[23.723806,46.792523],[23.723302,46.792349]]},"properties":{"name":"Strada Ion Luca Caragiale","lines":"M42L","arr":["M42L"],"roundabout":0,"mode":"bus","color":"#0059a9"}},{"type":"Feature","geometry":{"type":"LineString","coordinates":[[23.718048,46.763973],[23.718439,46.764054],[23.718744,46.764107],[23.71904,46.764108],[23.719224,46.764123],[23.719909,46.764245],[23.720607,46.764278],[23.721277,46.764296],[23.721449,46.764282],[23.721683,46.764238],[23.721951,46.764151],[23.722234,46.764003],[23.722508,46.7638],[23.722842,46.763717],[23.723549,46.763535],[23.72384,46.763488],[23.723946,46.763457],[23.724315,46.76333],[23.724575,46.763254],[23.724679,46.763233],[23.724897,46.76317],[23.725163,46.763054],[23.72569,46.762764],[23.726176,46.762538],[23.726352,46.762483],[23.726524,46.762436],[23.726641,46.762572],[23.726765,46.762694],[23.726942,46.762926],[23.727037,46.763034],[23.727473,46.762962],[23.727849,46.76287],[23.728262,46.762863],[23.72835,46.762891],[23.72842,46.762949],[23.728448,46.763015],[23.728457,46.763074],[23.728466,46.763164],[23.728441,46.763243],[23.728128,46.763304],[23.727838,46.763422],[23.727516,46.763576],[23.727079,46.763844],[23.726883,46.763968],[23.726725,46.764114],[23.726395,46.764404],[23.726252,46.764565],[23.726156,46.764716],[23.726073,46.764946],[23.726062,46.765063],[23.726065,46.765188],[23.726124,46.76533],[23.726244,46.765579],[23.726252,46.765655],[23.726234,46.765782],[23.726207,46.765892],[23.726142,46.766011],[23.725791,46.76647],[23.725571,46.76673],[23.72523,46.766959],[23.724843,46.767148],[23.724351,46.767405],[23.724072,46.767584],[23.723804,46.767718],[23.723589,46.767791],[23.72312,46.767892],[23.722763,46.76796],[23.72257,46.767956],[23.721887,46.767857],[23.721806,46.767857],[23.721689,46.767846],[23.721621,46.767679],[23.721541,46.767547],[23.72143,46.767336],[23.721306,46.767185],[23.721245,46.767048],[23.721236,46.767017],[23.721164,46.766783],[23.721109,46.766648],[23.720987,46.766476],[23.720864,46.766365],[23.720676,46.766227],[23.720423,46.766069],[23.720168,46.76594],[23.719926,46.765853],[23.719784,46.765827],[23.719663,46.765795],[23.719293,46.7657],[23.718971,46.765553],[23.718729,46.765362],[23.718552,46.76516],[23.718456,46.764917],[23.718402,46.764627],[23.718402,46.764443],[23.718402,46.764321],[23.718403,46.764199]]},"properties":{"name":"","lines":"M43","arr":["M43"],"roundabout":0,"mode":"bus","color":"#0059a9"}},{"type":"Feature","geometry":{"type":"LineString","coordinates":[[23.676422,46.780768],[23.676573,46.780755],[23.676699,46.780755],[23.677135,46.780752],[23.678704,46.780855],[23.67927,46.780934]]},"properties":{"name":"Strada Traian Vuia","lines":"M44","arr":["M44"],"roundabout":0,"mode":"bus","color":"#0059a9"}},{"type":"Feature","geometry":{"type":"LineString","coordinates":[[23.754717,46.799781],[23.75514,46.799861],[23.755361,46.799894],[23.755483,46.799923],[23.755577,46.799948],[23.756713,46.800274],[23.756978,46.800308],[23.757194,46.800301],[23.757445,46.800253],[23.760356,46.799505],[23.760618,46.799487],[23.760789,46.799539],[23.760918,46.79964],[23.761135,46.799916],[23.761477,46.800353],[23.761537,46.800433],[23.761652,46.800501],[23.761789,46.800529],[23.761922,46.800537],[23.762239,46.800517],[23.763488,46.800356],[23.763982,46.8003],[23.764408,46.800312],[23.764912,46.800476],[23.765033,46.800568],[23.765176,46.800728],[23.765411,46.801255],[23.765638,46.801726],[23.765761,46.801853],[23.765921,46.801973],[23.766348,46.802132],[23.766595,46.80221],[23.769156,46.803053],[23.769424,46.803162],[23.769825,46.803325],[23.770443,46.803659],[23.771227,46.804205]]},"properties":{"name":"Strada Iuliu Maniu","lines":"M44","arr":["M44"],"roundabout":0,"mode":"bus","color":"#0059a9"}},{"type":"Feature","geometry":{"type":"LineString","coordinates":[[23.771227,46.804205],[23.77258,46.805303],[23.774317,46.80664],[23.774762,46.806957],[23.77528,46.807198],[23.775567,46.807273],[23.779457,46.807953],[23.779821,46.808044],[23.780138,46.808156],[23.780445,46.808298],[23.780909,46.808633],[23.782097,46.810036],[23.782532,46.810365],[23.782726,46.810464],[23.783054,46.810598],[23.783153,46.810644],[23.784281,46.811092],[23.784609,46.811194],[23.78505,46.811259],[23.785626,46.811259],[23.786768,46.811185],[23.787378,46.811168],[23.793105,46.811245],[23.794047,46.811382],[23.797262,46.811993],[23.798192,46.812047],[23.798698,46.812019],[23.798998,46.812002],[23.79946,46.81192],[23.800232,46.811694],[23.802918,46.810967],[23.80356,46.810837],[23.804419,46.810688],[23.804712,46.810675],[23.805,46.810686],[23.805916,46.810873],[23.808805,46.811582],[23.810594,46.812015],[23.814395,46.812574],[23.814892,46.812647],[23.81491,46.812649],[23.815027,46.81266],[23.815465,46.812702],[23.815787,46.812694],[23.81606,46.812647],[23.81607,46.812645],[23.81633,46.812559],[23.816537,46.812441],[23.817119,46.812031],[23.817587,46.811814],[23.817907,46.811737],[23.818452,46.81168],[23.820591,46.811574],[23.822746,46.811465],[23.823761,46.811513],[23.826477,46.81174],[23.826755,46.811752],[23.827029,46.811742],[23.827345,46.811695],[23.82816,46.811539],[23.831254,46.81089],[23.831874,46.810834],[23.832454,46.81085],[23.834354,46.811014],[23.834667,46.81102],[23.834977,46.810982],[23.835305,46.810871],[23.836035,46.810504],[23.838803,46.809012],[23.839704,46.808423],[23.840099,46.808125],[23.840316,46.807836],[23.840477,46.807536],[23.840555,46.807233],[23.840587,46.806972],[23.840551,46.805961],[23.840565,46.805828],[23.840619,46.8057],[23.840675,46.805611],[23.840753,46.805515],[23.841489,46.804983]]},"properties":{"name":"DN16","lines":"M44","arr":["M44"],"roundabout":0,"mode":"bus","color":"#0059a9"}},{"type":"Feature","geometry":{"type":"LineString","coordinates":[[23.754253,46.799492],[23.754304,46.799502],[23.754362,46.799521],[23.75452,46.799601],[23.754661,46.799671],[23.754765,46.799716],[23.754873,46.799755],[23.755059,46.799814],[23.755097,46.799831],[23.75514,46.799861]]},"properties":{"name":"DN16","lines":"M44","arr":["M44"],"roundabout":0,"mode":"bus","color":"#0059a9"}},{"type":"Feature","geometry":{"type":"LineString","coordinates":[[23.841489,46.804983],[23.841147,46.804841],[23.840917,46.80471],[23.840685,46.804501],[23.839432,46.803407],[23.83762,46.801851],[23.837237,46.801516],[23.836505,46.800878],[23.835796,46.800267],[23.835291,46.799841],[23.834804,46.799415],[23.834549,46.799169],[23.834254,46.798881],[23.834177,46.79877],[23.834025,46.798457],[23.833518,46.797528],[23.833173,46.796979],[23.832902,46.796536],[23.832452,46.79573],[23.832244,46.795254],[23.832223,46.795188],[23.832194,46.795097],[23.832145,46.794971],[23.832068,46.79485],[23.832,46.794771],[23.831912,46.794687],[23.83161,46.794454],[23.831183,46.794193],[23.830844,46.794004],[23.830519,46.793849],[23.830327,46.793783],[23.830087,46.7937],[23.829217,46.793445],[23.828558,46.793177],[23.82832,46.793022],[23.828226,46.792954],[23.828101,46.79285],[23.827851,46.79261],[23.827844,46.792603],[23.826873,46.791663],[23.826215,46.791115],[23.825661,46.790708],[23.82536,46.79047],[23.825261,46.790382],[23.825241,46.79035],[23.825229,46.790315],[23.825226,46.79024],[23.825248,46.790112],[23.825229,46.78995],[23.825167,46.789775],[23.82506,46.789578],[23.82494,46.789386],[23.824792,46.789215],[23.824635,46.789049],[23.82449,46.788846],[23.824447,46.788785],[23.824398,46.788729],[23.824347,46.788683],[23.824269,46.788635],[23.824152,46.788585],[23.823971,46.788523],[23.823822,46.788493]]},"properties":{"name":"Strada Horea","lines":"M44","arr":["M44"],"roundabout":0,"mode":"bus","color":"#0059a9"}},{"type":"Feature","geometry":{"type":"LineString","coordinates":[[23.823822,46.788493],[23.823862,46.788581]]},"properties":{"name":"","lines":"M44","arr":["M44"],"roundabout":0,"mode":"bus","color":"#0059a9"}},{"type":"Feature","geometry":{"type":"LineString","coordinates":[[23.702821,46.778674],[23.702832,46.778563],[23.70284,46.778324],[23.702585,46.777358],[23.702574,46.777112],[23.702256,46.775821],[23.701796,46.773939],[23.701665,46.773478],[23.701595,46.773271],[23.701431,46.772928],[23.701277,46.772645],[23.701093,46.772399],[23.700854,46.772156],[23.700624,46.771952],[23.700274,46.771707],[23.699928,46.771514],[23.699817,46.771458],[23.699464,46.771291],[23.699025,46.771141],[23.698608,46.771028],[23.698183,46.770958],[23.697701,46.770867],[23.69722,46.770828],[23.695323,46.770812],[23.6945,46.77078],[23.693914,46.770738],[23.693289,46.770659],[23.692623,46.770442],[23.69199,46.770105],[23.691539,46.769781],[23.691208,46.76945],[23.69103,46.769205],[23.69084,46.768936],[23.690722,46.768687],[23.69065,46.768508],[23.690375,46.767445],[23.690338,46.76718],[23.690301,46.76669],[23.690275,46.766061],[23.690256,46.765632],[23.690246,46.764795],[23.690247,46.764015],[23.690314,46.763683],[23.690491,46.763293],[23.690755,46.762933],[23.691123,46.762561],[23.691689,46.762019],[23.691949,46.761801],[23.692886,46.761147],[23.693875,46.760436],[23.695811,46.75888],[23.697556,46.757473],[23.699311,46.755891],[23.702337,46.753096],[23.703058,46.752431],[23.705271,46.750391],[23.705388,46.750288],[23.705908,46.749825],[23.706661,46.749156],[23.706837,46.748994],[23.706989,46.748854],[23.707302,46.748579],[23.707587,46.748347],[23.707914,46.748095],[23.708276,46.747842],[23.708507,46.747687],[23.70874,46.747553],[23.708987,46.747426],[23.709448,46.747233],[23.709754,46.747118],[23.710044,46.747028],[23.710366,46.746901],[23.710631,46.74677],[23.710872,46.746636],[23.711181,46.746421],[23.711487,46.746092],[23.711634,46.745895],[23.711744,46.745708],[23.71182,46.74557],[23.711858,46.745474]]},"properties":{"name":"Centura Apahida-Vâlcele","lines":"M45","arr":["M45"],"roundabout":0,"mode":"bus","color":"#0059a9"}},{"type":"Feature","geometry":{"type":"LineString","coordinates":[[23.711858,46.745474],[23.711964,46.745489],[23.712047,46.745497],[23.712119,46.745493],[23.712245,46.745479],[23.712429,46.745443],[23.712542,46.745371],[23.712793,46.745225],[23.712927,46.745147],[23.713058,46.745074],[23.713265,46.74498],[23.71339,46.744917],[23.713461,46.744874],[23.713611,46.744778],[23.713847,46.744605],[23.71411,46.74439],[23.714357,46.744195],[23.714542,46.744063],[23.714668,46.743984],[23.71478,46.743914],[23.714912,46.743852],[23.715129,46.743767],[23.715373,46.74369],[23.715556,46.743638],[23.715802,46.74358],[23.716065,46.74353],[23.716363,46.743488],[23.716527,46.743464],[23.716696,46.743434],[23.716977,46.743379],[23.71724,46.74333],[23.717484,46.74328],[23.717693,46.743236],[23.71794,46.743175],[23.718147,46.743109],[23.718418,46.743017],[23.718645,46.742925],[23.718978,46.742791],[23.719319,46.742666],[23.719737,46.742512],[23.720137,46.742372],[23.720555,46.742219],[23.721017,46.742048],[23.721239,46.741969],[23.721467,46.74189],[23.721816,46.741787],[23.722296,46.741666],[23.722596,46.741594],[23.722819,46.74153],[23.723144,46.741442],[23.723361,46.741378],[23.723495,46.741326],[23.723758,46.74122],[23.724005,46.741122],[23.724192,46.741052],[23.724431,46.740971],[23.724772,46.74087],[23.725107,46.740766],[23.725405,46.740666],[23.72567,46.740574],[23.725804,46.740521],[23.725946,46.740459],[23.726102,46.740374],[23.726225,46.740297],[23.726356,46.740214],[23.726496,46.740107],[23.726664,46.739968],[23.726814,46.739837],[23.726934,46.73974],[23.727069,46.739635],[23.727205,46.739539],[23.727349,46.73945],[23.727522,46.739356],[23.727675,46.739271],[23.727846,46.739179],[23.728025,46.73908],[23.728106,46.739032],[23.72817,46.738988],[23.728277,46.738902],[23.728419,46.738767],[23.728537,46.738636],[23.728629,46.738523],[23.728706,46.738412],[23.728776,46.738298],[23.728838,46.738181],[23.728886,46.738073],[23.728926,46.737955],[23.728945,46.737887],[23.728969,46.737778],[23.728988,46.737653],[23.728999,46.737504],[23.729002,46.737293],[23.729014,46.737107],[23.729024,46.736993],[23.729043,46.736874],[23.729077,46.736748],[23.729091,46.736707],[23.729133,46.73659],[23.729208,46.736408],[23.729288,46.736199],[23.729361,46.736024],[23.729413,46.735926],[23.729433,46.735888],[23.729479,46.735821],[23.729547,46.735732],[23.729613,46.735667],[23.729691,46.735603],[23.729804,46.735534],[23.729938,46.735468],[23.730085,46.735428],[23.730205,46.735399],[23.730316,46.735377],[23.730457,46.735356],[23.730554,46.735339],[23.73063,46.735322],[23.73074,46.73529],[23.730849,46.735248],[23.73106,46.735165],[23.731237,46.735095],[23.731394,46.735033],[23.731523,46.734985],[23.731677,46.734931],[23.73185,46.734883],[23.73201,46.734848],[23.732297,46.734803],[23.732655,46.734762],[23.732855,46.734734],[23.733057,46.73469],[23.733172,46.734667],[23.733276,46.734644],[23.733441,46.734607],[23.733742,46.734538],[23.734201,46.734408],[23.734579,46.734285],[23.734814,46.73421],[23.73516,46.73411],[23.73553,46.73401],[23.735965,46.733912],[23.736468,46.733801],[23.737043,46.733664],[23.737736,46.73351],[23.738038,46.733457],[23.738367,46.733401],[23.738713,46.733352],[23.739088,46.733308],[23.739236,46.733289],[23.739386,46.73327],[23.73957,46.733245],[23.739818,46.733217],[23.740009,46.733185],[23.740295,46.733124],[23.740565,46.73306],[23.740853,46.732997],[23.741086,46.732942],[23.741455,46.732884],[23.741819,46.732832],[23.742154,46.732778],[23.742348,46.732738],[23.74249,46.732697],[23.74268,46.732637],[23.742879,46.73257],[23.743046,46.732503],[23.743164,46.732459],[23.743271,46.732413],[23.743448,46.732355],[23.743663,46.732303],[23.743907,46.732256],[23.744187,46.732212],[23.744408,46.732181],[23.744541,46.732158],[23.74463,46.732138],[23.744715,46.732106],[23.744793,46.73207],[23.744892,46.732001],[23.744957,46.731939],[23.745001,46.731854],[23.745017,46.731782],[23.745022,46.731716],[23.745014,46.731644],[23.745,46.731575],[23.744988,46.731489],[23.744989,46.731426],[23.745003,46.73135],[23.745035,46.731287],[23.745106,46.731174],[23.745194,46.731064],[23.745267,46.730978],[23.74532,46.730901],[23.745371,46.730822],[23.745395,46.730782],[23.745453,46.730648],[23.745521,46.73048],[23.745564,46.730344],[23.745575,46.730263],[23.745578,46.730217],[23.745564,46.730175],[23.745532,46.730094],[23.745489,46.729982],[23.74546,46.72987],[23.74543,46.72971],[23.745402,46.729499],[23.745375,46.729331],[23.745354,46.729192],[23.745346,46.729145],[23.745332,46.729083],[23.745317,46.729022],[23.745288,46.728914],[23.745242,46.72877],[23.74517,46.728557],[23.745097,46.728373],[23.745065,46.728278],[23.74504,46.728161],[23.745021,46.728063],[23.745013,46.727978]]},"properties":{"name":"DJ105S","lines":"M45","arr":["M45"],"roundabout":0,"mode":"bus","color":"#0059a9"}},{"type":"Feature","geometry":{"type":"LineString","coordinates":[[23.690375,46.767445],[23.689969,46.76771],[23.689791,46.767788],[23.689554,46.767953],[23.689213,46.768127],[23.688848,46.76829],[23.688165,46.76855],[23.687029,46.768897],[23.686695,46.769041],[23.686595,46.769074]]},"properties":{"name":"DJ105S","lines":"M45","arr":["M45"],"roundabout":0,"mode":"bus","color":"#0059a9"}},{"type":"Feature","geometry":{"type":"LineString","coordinates":[[23.745013,46.727978],[23.745022,46.727899],[23.745041,46.72781],[23.745089,46.727724],[23.745164,46.727643],[23.745252,46.72757],[23.745323,46.727533],[23.745482,46.727492],[23.74557,46.72748],[23.745677,46.727464],[23.745882,46.727446],[23.746034,46.727431],[23.746185,46.727397],[23.746278,46.727366],[23.746376,46.727324],[23.746491,46.727262],[23.746702,46.727118],[23.746931,46.726951],[23.747237,46.726725],[23.747526,46.726516],[23.747804,46.726314],[23.748167,46.726055],[23.748469,46.725846],[23.748782,46.725635],[23.748969,46.725514],[23.749071,46.725458],[23.749141,46.725422],[23.749213,46.725392],[23.749312,46.725367]]},"properties":{"name":"Strada George Coșbuc","lines":"M45","arr":["M45"],"roundabout":0,"mode":"bus","color":"#0059a9"}},{"type":"Feature","geometry":{"type":"LineString","coordinates":[[23.686595,46.769074],[23.686336,46.769352],[23.685689,46.770523],[23.685307,46.771243],[23.684621,46.773912],[23.6845,46.774205],[23.684242,46.774678],[23.683632,46.775446],[23.68345,46.775715],[23.683079,46.776348],[23.68276,46.776881],[23.682477,46.777238],[23.682159,46.777644]]},"properties":{"name":"Strada Platanilor","lines":"M45","arr":["M45"],"roundabout":0,"mode":"bus","color":"#0059a9"}},{"type":"Feature","geometry":{"type":"LineString","coordinates":[[23.451582,46.745482],[23.451734,46.745418],[23.451941,46.745329]]},"properties":{"name":"Strada Avram Iancu","lines":"M51","arr":["M51"],"roundabout":0,"mode":"bus","color":"#0059a9"}},{"type":"Feature","geometry":{"type":"LineString","coordinates":[[23.451582,46.745482],[23.451734,46.745418],[23.451941,46.745329]]},"properties":{"name":"Strada Avram Iancu","lines":"M52","arr":["M52"],"roundabout":0,"mode":"bus","color":"#0059a9"}},{"type":"Feature","geometry":{"type":"LineString","coordinates":[[23.476334,46.743488],[23.476362,46.743762]]},"properties":{"name":"Strada Cuza Vodă","lines":"M51","arr":["M51"],"roundabout":0,"mode":"bus","color":"#0059a9"}},{"type":"Feature","geometry":{"type":"LineString","coordinates":[[23.476334,46.743488],[23.476362,46.743762]]},"properties":{"name":"Strada Cuza Vodă","lines":"M52","arr":["M52"],"roundabout":0,"mode":"bus","color":"#0059a9"}},{"type":"Feature","geometry":{"type":"LineString","coordinates":[[23.476333,46.743446],[23.476346,46.743453]]},"properties":{"name":"","lines":"M51","arr":["M51"],"roundabout":0,"mode":"bus","color":"#0059a9"}},{"type":"Feature","geometry":{"type":"LineString","coordinates":[[23.476333,46.743446],[23.476346,46.743453]]},"properties":{"name":"","lines":"M52","arr":["M52"],"roundabout":0,"mode":"bus","color":"#0059a9"}},{"type":"Feature","geometry":{"type":"LineString","coordinates":[[23.451395,46.745636],[23.451276,46.74571],[23.451143,46.745793],[23.45107,46.745833],[23.45094,46.745897],[23.450609,46.746017],[23.450174,46.746207],[23.449471,46.746539],[23.448847,46.746834],[23.447667,46.747434],[23.446529,46.747993],[23.446345,46.748081],[23.445376,46.748601],[23.445079,46.748745],[23.444663,46.748947],[23.444283,46.749132],[23.44402,46.749258],[23.443759,46.749391],[23.443146,46.749663],[23.442839,46.749775],[23.442467,46.749885],[23.442367,46.749899],[23.441529,46.750055],[23.44059,46.750213],[23.440228,46.75028],[23.439657,46.750386],[23.439399,46.750429],[23.439122,46.750468],[23.438543,46.750555],[23.438067,46.750607],[23.437584,46.750635],[23.436936,46.750652],[23.43678,46.750655],[23.435986,46.750673],[23.434315,46.750709],[23.433269,46.750732],[23.433015,46.750736],[23.431595,46.750764],[23.430431,46.750789],[23.430214,46.750789],[23.430161,46.750791],[23.429532,46.750776]]},"properties":{"name":"DN1","lines":"M51","arr":["M51"],"roundabout":0,"mode":"bus","color":"#0059a9"}},{"type":"Feature","geometry":{"type":"LineString","coordinates":[[23.451395,46.745636],[23.451276,46.74571],[23.451143,46.745793],[23.45107,46.745833],[23.45094,46.745897],[23.450609,46.746017],[23.450174,46.746207],[23.449471,46.746539],[23.448847,46.746834],[23.447667,46.747434],[23.446529,46.747993],[23.446345,46.748081],[23.445376,46.748601],[23.445079,46.748745],[23.444663,46.748947],[23.444283,46.749132],[23.44402,46.749258],[23.443759,46.749391],[23.443146,46.749663],[23.442839,46.749775],[23.442467,46.749885],[23.442367,46.749899],[23.441529,46.750055],[23.44059,46.750213],[23.440228,46.75028],[23.439657,46.750386],[23.439399,46.750429],[23.439122,46.750468],[23.438543,46.750555],[23.438067,46.750607],[23.437584,46.750635],[23.436936,46.750652],[23.43678,46.750655],[23.435986,46.750673],[23.434315,46.750709],[23.433269,46.750732],[23.433015,46.750736],[23.431595,46.750764],[23.430431,46.750789],[23.430214,46.750789],[23.430161,46.750791],[23.429532,46.750776]]},"properties":{"name":"DN1","lines":"M52","arr":["M52"],"roundabout":0,"mode":"bus","color":"#0059a9"}},{"type":"Feature","geometry":{"type":"LineString","coordinates":[[23.428645,46.750777],[23.4281,46.750778],[23.427007,46.750855],[23.425792,46.750876],[23.424331,46.750911],[23.423266,46.750935],[23.422606,46.750942],[23.421557,46.750961],[23.420723,46.750982],[23.419867,46.750997],[23.41908,46.751021],[23.418334,46.751036],[23.417062,46.751065],[23.416827,46.751066],[23.416624,46.751065],[23.416498,46.751069],[23.416358,46.751074],[23.41607,46.751081],[23.415871,46.751086],[23.415636,46.751088],[23.415355,46.751131],[23.414328,46.751145],[23.41408,46.751148],[23.413847,46.751151],[23.412922,46.751166],[23.411975,46.751177],[23.411476,46.751171],[23.410972,46.751184],[23.410693,46.751188],[23.410172,46.751195],[23.407877,46.751253],[23.407743,46.751254],[23.407192,46.751264],[23.406887,46.751275],[23.406677,46.751303],[23.40646,46.751318],[23.406276,46.751314],[23.406101,46.751293],[23.405801,46.751297],[23.405672,46.7513],[23.404783,46.751316],[23.40356,46.751341],[23.40221,46.751375],[23.400504,46.751414],[23.400033,46.751428],[23.399874,46.751453],[23.39969,46.751467],[23.399477,46.751464],[23.39926,46.751447],[23.39884,46.751447],[23.397786,46.75149],[23.397074,46.751503],[23.396343,46.751523],[23.396156,46.751529]]},"properties":{"name":"DN1","lines":"M51","arr":["M51"],"roundabout":0,"mode":"bus","color":"#0059a9"}},{"type":"Feature","geometry":{"type":"LineString","coordinates":[[23.428645,46.750777],[23.4281,46.750778],[23.427007,46.750855],[23.425792,46.750876],[23.424331,46.750911],[23.423266,46.750935],[23.422606,46.750942],[23.421557,46.750961],[23.420723,46.750982],[23.419867,46.750997],[23.41908,46.751021],[23.418334,46.751036],[23.417062,46.751065],[23.416827,46.751066],[23.416624,46.751065],[23.416498,46.751069],[23.416358,46.751074],[23.41607,46.751081],[23.415871,46.751086],[23.415636,46.751088],[23.415355,46.751131],[23.414328,46.751145],[23.41408,46.751148],[23.413847,46.751151],[23.412922,46.751166],[23.411975,46.751177],[23.411476,46.751171],[23.410972,46.751184],[23.410693,46.751188],[23.410172,46.751195],[23.407877,46.751253],[23.407743,46.751254],[23.407192,46.751264],[23.406887,46.751275],[23.406677,46.751303],[23.40646,46.751318],[23.406276,46.751314],[23.406101,46.751293],[23.405801,46.751297],[23.405672,46.7513],[23.404783,46.751316],[23.40356,46.751341],[23.40221,46.751375],[23.400504,46.751414],[23.400033,46.751428],[23.399874,46.751453],[23.39969,46.751467],[23.399477,46.751464],[23.39926,46.751447],[23.39884,46.751447],[23.397786,46.75149],[23.397074,46.751503],[23.396343,46.751523],[23.396156,46.751529]]},"properties":{"name":"DN1","lines":"M52","arr":["M52"],"roundabout":0,"mode":"bus","color":"#0059a9"}},{"type":"Feature","geometry":{"type":"LineString","coordinates":[[23.429532,46.750776],[23.429566,46.751094],[23.429399,46.750965],[23.429383,46.75096],[23.429136,46.750882],[23.428908,46.750851],[23.428645,46.750777]]},"properties":{"name":"Strada Balastierei","lines":"M51","arr":["M51"],"roundabout":0,"mode":"bus","color":"#0059a9"}},{"type":"Feature","geometry":{"type":"LineString","coordinates":[[23.429532,46.750776],[23.429566,46.751094],[23.429399,46.750965],[23.429383,46.75096],[23.429136,46.750882],[23.428908,46.750851],[23.428645,46.750777]]},"properties":{"name":"Strada Balastierei","lines":"M52","arr":["M52"],"roundabout":0,"mode":"bus","color":"#0059a9"}},{"type":"Feature","geometry":{"type":"LineString","coordinates":[[23.429532,46.750776],[23.428645,46.750777]]},"properties":{"name":"DN1","lines":"M51","arr":["M51"],"roundabout":0,"mode":"bus","color":"#0059a9"}},{"type":"Feature","geometry":{"type":"LineString","coordinates":[[23.396156,46.751529],[23.395954,46.751536],[23.395864,46.751539],[23.395478,46.751567],[23.39517,46.751613],[23.394852,46.751676],[23.394395,46.751784],[23.394095,46.75187],[23.393841,46.751956],[23.393574,46.75205],[23.392801,46.752417],[23.392487,46.752564],[23.391741,46.75288],[23.391339,46.753075],[23.39116,46.753167],[23.390552,46.753434],[23.390476,46.753461],[23.390333,46.753498],[23.390209,46.753519],[23.390066,46.75353],[23.389915,46.753529],[23.389486,46.753498]]},"properties":{"name":"DN1","lines":"M51","arr":["M51"],"roundabout":0,"mode":"bus","color":"#0059a9"}},{"type":"Feature","geometry":{"type":"LineString","coordinates":[[23.38888,46.753539],[23.38912,46.753522],[23.389486,46.753498],[23.388934,46.753473],[23.388833,46.753468]]},"properties":{"name":"DN1","lines":"M51","arr":["M51"],"roundabout":0,"mode":"bus","color":"#0059a9"}},{"type":"Feature","geometry":{"type":"LineString","coordinates":[[23.388614,46.753617],[23.388493,46.753711],[23.388432,46.753756],[23.388378,46.753803],[23.388166,46.754016]]},"properties":{"name":"DN1","lines":"M51","arr":["M51"],"roundabout":0,"mode":"bus","color":"#0059a9"}},{"type":"Feature","geometry":{"type":"LineString","coordinates":[[23.36085,46.764377],[23.361462,46.764223],[23.362092,46.764051],[23.362836,46.763852],[23.365966,46.763057],[23.3673,46.762704]]},"properties":{"name":"DN1","lines":"M51","arr":["M51"],"roundabout":0,"mode":"bus","color":"#0059a9"}},{"type":"Feature","geometry":{"type":"LineString","coordinates":[[23.388574,46.753526],[23.388386,46.753724],[23.388338,46.753777],[23.388299,46.753826],[23.388166,46.754016],[23.387392,46.755019],[23.387342,46.755079],[23.387244,46.755201],[23.386342,46.756215],[23.386154,46.756405],[23.385954,46.756622],[23.38529,46.757573],[23.385131,46.757754],[23.384963,46.757894],[23.38469,46.758087],[23.384397,46.75822],[23.383273,46.758522],[23.381175,46.759062]]},"properties":{"name":"DN1","lines":"M51","arr":["M51"],"roundabout":0,"mode":"bus","color":"#0059a9"}},{"type":"Feature","geometry":{"type":"LineString","coordinates":[[23.39926,46.751447],[23.399514,46.751419],[23.399593,46.751409],[23.399682,46.751405],[23.399843,46.751407],[23.400033,46.751428]]},"properties":{"name":"DN1","lines":"M51","arr":["M51"],"roundabout":0,"mode":"bus","color":"#0059a9"}},{"type":"Feature","geometry":{"type":"LineString","coordinates":[[23.406101,46.751293],[23.406239,46.751266],[23.406447,46.751253],[23.40667,46.751259],[23.406887,46.751275]]},"properties":{"name":"DN1","lines":"M51","arr":["M51"],"roundabout":0,"mode":"bus","color":"#0059a9"}},{"type":"Feature","geometry":{"type":"LineString","coordinates":[[23.411476,46.751171],[23.412918,46.751109],[23.414761,46.751068],[23.415334,46.75106],[23.415636,46.751088]]},"properties":{"name":"DN1","lines":"M51","arr":["M51"],"roundabout":0,"mode":"bus","color":"#0059a9"}},{"type":"Feature","geometry":{"type":"LineString","coordinates":[[23.381175,46.759062],[23.380723,46.759227],[23.380272,46.759292]]},"properties":{"name":"DN1","lines":"M51","arr":["M51"],"roundabout":0,"mode":"bus","color":"#0059a9"}},{"type":"Feature","geometry":{"type":"LineString","coordinates":[[23.380272,46.759292],[23.380006,46.759361],[23.376055,46.76043],[23.375912,46.760467],[23.374801,46.760757]]},"properties":{"name":"DN1","lines":"M51","arr":["M51"],"roundabout":0,"mode":"bus","color":"#0059a9"}},{"type":"Feature","geometry":{"type":"LineString","coordinates":[[23.374801,46.760757],[23.374408,46.76091],[23.373894,46.760986]]},"properties":{"name":"DN1","lines":"M51","arr":["M51"],"roundabout":0,"mode":"bus","color":"#0059a9"}},{"type":"Feature","geometry":{"type":"LineString","coordinates":[[23.373894,46.760986],[23.372332,46.761382]]},"properties":{"name":"DN1","lines":"M51","arr":["M51"],"roundabout":0,"mode":"bus","color":"#0059a9"}},{"type":"Feature","geometry":{"type":"LineString","coordinates":[[23.372332,46.761382],[23.371686,46.761611],[23.370966,46.761741]]},"properties":{"name":"DN1","lines":"M51","arr":["M51"],"roundabout":0,"mode":"bus","color":"#0059a9"}},{"type":"Feature","geometry":{"type":"LineString","coordinates":[[23.370966,46.761741],[23.370135,46.761981],[23.368692,46.762351]]},"properties":{"name":"DN1","lines":"M51","arr":["M51"],"roundabout":0,"mode":"bus","color":"#0059a9"}},{"type":"Feature","geometry":{"type":"LineString","coordinates":[[23.368692,46.762351],[23.367966,46.762583],[23.3673,46.762704],[23.367931,46.762508],[23.368692,46.762351]]},"properties":{"name":"DN1","lines":"M51","arr":["M51"],"roundabout":0,"mode":"bus","color":"#0059a9"}},{"type":"Feature","geometry":{"type":"LineString","coordinates":[[23.370966,46.761741],[23.371659,46.76154],[23.372332,46.761382]]},"properties":{"name":"DN1","lines":"M51","arr":["M51"],"roundabout":0,"mode":"bus","color":"#0059a9"}},{"type":"Feature","geometry":{"type":"LineString","coordinates":[[23.373894,46.760986],[23.374384,46.760843],[23.374801,46.760757]]},"properties":{"name":"DN1","lines":"M51","arr":["M51"],"roundabout":0,"mode":"bus","color":"#0059a9"}},{"type":"Feature","geometry":{"type":"LineString","coordinates":[[23.380272,46.759292],[23.380669,46.759161],[23.381175,46.759062]]},"properties":{"name":"DN1","lines":"M51","arr":["M51"],"roundabout":0,"mode":"bus","color":"#0059a9"}},{"type":"Feature","geometry":{"type":"LineString","coordinates":[[23.36085,46.764377],[23.360962,46.764587],[23.36065,46.76467]]},"properties":{"name":"","lines":"M51","arr":["M51"],"roundabout":0,"mode":"bus","color":"#0059a9"}},{"type":"Feature","geometry":{"type":"LineString","coordinates":[[23.455379,46.74436],[23.455373,46.744278],[23.455364,46.744174],[23.456027,46.744154],[23.456218,46.744148],[23.456412,46.744141],[23.456423,46.744334]]},"properties":{"name":"","lines":"M51","arr":["M51"],"roundabout":0,"mode":"bus","color":"#0059a9"}},{"type":"Feature","geometry":{"type":"LineString","coordinates":[[23.485307,46.744219],[23.485464,46.743689]]},"properties":{"name":"","lines":"M51","arr":["M51"],"roundabout":0,"mode":"bus","color":"#0059a9"}},{"type":"Feature","geometry":{"type":"LineString","coordinates":[[23.396156,46.751529],[23.396159,46.751362],[23.396134,46.751274],[23.39604,46.751063],[23.395836,46.750683],[23.395715,46.750491],[23.395549,46.75035],[23.395249,46.750175],[23.394803,46.750015],[23.394196,46.749827],[23.393873,46.74976],[23.393106,46.749637],[23.39258,46.749541],[23.392314,46.749484],[23.392121,46.749413],[23.392006,46.749337],[23.391866,46.749201],[23.391392,46.748611],[23.39133,46.748544],[23.391198,46.748402],[23.390745,46.748001],[23.389281,46.746882],[23.388889,46.746641],[23.388652,46.746528],[23.388457,46.746432],[23.387915,46.746277],[23.38754,46.746213],[23.387178,46.74618],[23.386749,46.746185],[23.385869,46.746274],[23.385547,46.746275],[23.385319,46.746244],[23.384828,46.746125],[23.384203,46.745919],[23.383897,46.745828],[23.383698,46.745792],[23.383396,46.745739],[23.381859,46.745619],[23.381312,46.745591],[23.380762,46.745502],[23.380261,46.745344],[23.379398,46.745058],[23.379215,46.745007],[23.379158,46.744989],[23.378836,46.74493],[23.378739,46.744921],[23.378574,46.74491],[23.376277,46.745003],[23.37602,46.744989],[23.375803,46.744937],[23.37567,46.744877],[23.375575,46.744834],[23.375469,46.744773],[23.374775,46.744316],[23.374547,46.744239],[23.374362,46.744202],[23.374148,46.744189],[23.373863,46.744187],[23.372734,46.744307],[23.372348,46.744333],[23.372139,46.744323],[23.37186,46.744289],[23.371645,46.744217],[23.371525,46.744149],[23.371388,46.744044],[23.371286,46.743934],[23.371211,46.743787],[23.37116,46.743518],[23.37113,46.743333],[23.371085,46.743173],[23.370921,46.742825],[23.370749,46.74259],[23.370583,46.74241],[23.370114,46.742002],[23.369422,46.741513],[23.369001,46.741043],[23.368561,46.740467],[23.368053,46.739912],[23.366828,46.739054],[23.366483,46.738742],[23.366235,46.738581],[23.366013,46.738473],[23.36572,46.738376],[23.365578,46.738355],[23.365248,46.738337],[23.364677,46.738344],[23.3645,46.738322],[23.364269,46.73825],[23.364041,46.738092],[23.363653,46.737638],[23.363325,46.737226],[23.363118,46.737044],[23.362901,46.736879],[23.361874,46.736261],[23.361657,46.736098],[23.361563,46.735914],[23.361549,46.735767],[23.361586,46.735231],[23.361656,46.734338],[23.361634,46.734156],[23.361375,46.733559],[23.361369,46.733407],[23.361368,46.733004],[23.361382,46.732908]]},"properties":{"name":"DJ107P","lines":"M52","arr":["M52"],"roundabout":0,"mode":"bus","color":"#0059a9"}},{"type":"Feature","geometry":{"type":"LineString","coordinates":[[23.361382,46.732908],[23.361417,46.732738],[23.36162,46.732285],[23.36189,46.73177],[23.362166,46.731251],[23.362413,46.730569]]},"properties":{"name":"DJ107N","lines":"M52","arr":["M52"],"roundabout":0,"mode":"bus","color":"#0059a9"}},{"type":"Feature","geometry":{"type":"LineString","coordinates":[[23.363489,46.728366],[23.363554,46.727865],[23.363708,46.726751],[23.363697,46.72665],[23.363509,46.726294],[23.363222,46.725903],[23.363023,46.725635],[23.362805,46.725419],[23.362512,46.725109],[23.362102,46.72486],[23.361266,46.724541],[23.360923,46.724305],[23.359805,46.723061],[23.359384,46.722684],[23.358782,46.722254],[23.35864,46.72213],[23.358268,46.721742],[23.357886,46.721348],[23.357657,46.721114],[23.357437,46.720946],[23.356099,46.720138],[23.355949,46.720042],[23.355888,46.719944],[23.355847,46.719762],[23.355765,46.719579],[23.355727,46.719485],[23.355625,46.719391],[23.355483,46.719301],[23.354863,46.719069],[23.354708,46.719006],[23.354544,46.718922],[23.354437,46.71878],[23.35431,46.718355],[23.354227,46.718203],[23.354139,46.718107],[23.353994,46.718024],[23.351785,46.717077],[23.351406,46.716901],[23.351129,46.716746],[23.350959,46.716628],[23.350635,46.716354],[23.349749,46.715624],[23.349595,46.715428],[23.349445,46.715218],[23.348878,46.714415],[23.348686,46.714155],[23.348516,46.713973],[23.34806,46.713727],[23.346439,46.713225],[23.345978,46.713099],[23.345364,46.713025],[23.345137,46.712985],[23.344727,46.712912],[23.344467,46.712845],[23.344236,46.712781],[23.344012,46.7127],[23.343842,46.712635],[23.343685,46.712566],[23.343524,46.712454],[23.342953,46.711948],[23.342735,46.71176],[23.342482,46.711622],[23.342377,46.711589],[23.342302,46.711565],[23.342074,46.711539],[23.341636,46.711508],[23.341241,46.711488],[23.340949,46.711462],[23.340729,46.711422],[23.340399,46.711336],[23.339966,46.711182],[23.339653,46.711058],[23.339376,46.710917],[23.339122,46.710796],[23.338948,46.710698],[23.338784,46.710586],[23.338504,46.710315],[23.338253,46.71003],[23.337965,46.709686],[23.337789,46.709476],[23.337415,46.709132],[23.337211,46.708941],[23.336962,46.708708],[23.336688,46.708483],[23.336383,46.708232],[23.336187,46.708043],[23.336039,46.707849],[23.335878,46.707623],[23.335583,46.707214],[23.335382,46.706966],[23.335106,46.706714],[23.334349,46.70624],[23.334002,46.705963],[23.332735,46.704948],[23.332078,46.704417],[23.331855,46.704233],[23.331635,46.704095],[23.331304,46.703907],[23.330875,46.703692],[23.330168,46.703357],[23.329919,46.703226],[23.328314,46.702473],[23.328098,46.702338],[23.3279,46.702189],[23.327726,46.702044],[23.327591,46.701896],[23.327311,46.701557],[23.327208,46.701429],[23.327076,46.701286],[23.32646,46.700867],[23.325864,46.700526],[23.3254,46.700283],[23.324952,46.70009],[23.324665,46.699965],[23.324429,46.699868],[23.324211,46.699815],[23.324038,46.699787],[23.32379,46.699784],[23.323267,46.699799],[23.322896,46.699805],[23.322705,46.69979],[23.322499,46.699745],[23.322345,46.699679],[23.322246,46.699613],[23.322187,46.699551],[23.322098,46.699466],[23.321879,46.699165],[23.321805,46.699085],[23.321661,46.699003],[23.321506,46.698944],[23.321299,46.698905],[23.321144,46.698898],[23.320976,46.698917],[23.320789,46.698955],[23.320523,46.699062],[23.320264,46.69912],[23.320113,46.699125],[23.319937,46.699093],[23.319667,46.698997],[23.319503,46.698858],[23.319399,46.698705],[23.319332,46.698556],[23.319296,46.698397],[23.319249,46.698071],[23.319214,46.697728],[23.319152,46.697443],[23.319106,46.697323],[23.319046,46.697198],[23.318718,46.69691],[23.318323,46.696571],[23.31791,46.69633],[23.317527,46.696106],[23.317254,46.695959],[23.31697,46.6958],[23.316621,46.695601],[23.316274,46.695402],[23.315951,46.695244],[23.315608,46.695087],[23.31524,46.69495],[23.315075,46.694897],[23.314917,46.694857],[23.314799,46.694828],[23.314683,46.694812],[23.314457,46.694801],[23.31406,46.694787],[23.313793,46.694774],[23.313564,46.694733],[23.31322,46.694653],[23.312978,46.694586],[23.312753,46.694509],[23.312394,46.694356],[23.312087,46.694227],[23.311488,46.693966],[23.310313,46.693414],[23.309403,46.693014],[23.308961,46.692799],[23.308911,46.692741],[23.308832,46.692653],[23.308779,46.69255],[23.30877,46.692422],[23.308834,46.692161],[23.308807,46.69207],[23.308734,46.691994],[23.308628,46.691935],[23.307633,46.691589]]},"properties":{"name":"DJ107N","lines":"M52","arr":["M52"],"roundabout":0,"mode":"bus","color":"#0059a9"}},{"type":"Feature","geometry":{"type":"LineString","coordinates":[[23.362413,46.730569],[23.362213,46.730508],[23.361956,46.73043],[23.361845,46.730397],[23.362081,46.730055],[23.362162,46.729821],[23.362178,46.729494],[23.362234,46.729272],[23.362253,46.729011],[23.362395,46.728766],[23.362585,46.728538],[23.362593,46.728461],[23.362583,46.728389],[23.362856,46.728375],[23.363063,46.728365],[23.363489,46.728366]]},"properties":{"name":"","lines":"M52","arr":["M52"],"roundabout":0,"mode":"bus","color":"#0059a9"}},{"type":"Feature","geometry":{"type":"LineString","coordinates":[[23.288838,46.686094],[23.289197,46.686125],[23.289312,46.686149],[23.289463,46.686208],[23.289903,46.686476],[23.290098,46.686555],[23.290407,46.686583],[23.290784,46.686592],[23.291005,46.68662],[23.291252,46.686674],[23.291482,46.6868],[23.292012,46.687149],[23.292764,46.687645],[23.293173,46.687946],[23.293644,46.688219],[23.294254,46.688492],[23.29486,46.688809],[23.295272,46.689212],[23.295667,46.689642],[23.295942,46.689895],[23.296174,46.69004],[23.296498,46.690175],[23.296973,46.690309],[23.298115,46.690664],[23.298671,46.690883],[23.299258,46.691076],[23.299846,46.691241],[23.300395,46.691325],[23.300672,46.691354],[23.300981,46.691336],[23.301205,46.691291],[23.301401,46.691212],[23.301573,46.691072],[23.301761,46.690929],[23.302183,46.690573],[23.302403,46.690377],[23.302679,46.690237],[23.302943,46.690175],[23.303185,46.690189],[23.30342,46.690232],[23.304228,46.690393],[23.305011,46.690611],[23.305791,46.690902],[23.307633,46.691589]]},"properties":{"name":"DJ107S","lines":"M52","arr":["M52"],"roundabout":0,"mode":"bus","color":"#0059a9"}},{"type":"Feature","geometry":{"type":"LineString","coordinates":[[23.743663,46.694809],[23.743479,46.694638],[23.743291,46.694448],[23.743081,46.694198],[23.742882,46.693933],[23.742629,46.693555],[23.742414,46.693267],[23.742316,46.693154],[23.742158,46.693009],[23.742053,46.692913],[23.741994,46.69286],[23.741954,46.692817],[23.741931,46.692762],[23.741916,46.692674],[23.741926,46.692578],[23.741933,46.692389],[23.74192,46.692139],[23.741898,46.691971],[23.74186,46.691752],[23.741812,46.691469],[23.741731,46.691039],[23.741652,46.690753],[23.741611,46.690572],[23.741573,46.690337],[23.741578,46.690134],[23.741592,46.689968],[23.741598,46.689921],[23.741601,46.689883],[23.741595,46.689855],[23.741576,46.689826],[23.741558,46.6898],[23.740978,46.689365],[23.740213,46.688729],[23.739363,46.688064],[23.738473,46.687338],[23.738404,46.687282],[23.738387,46.687246],[23.738391,46.687206],[23.73842,46.687167],[23.738707,46.686824],[23.738817,46.686711],[23.738942,46.686602],[23.739044,46.686531],[23.739519,46.686345],[23.739645,46.686292],[23.739779,46.686248],[23.739988,46.686197],[23.740484,46.686093],[23.740994,46.685991],[23.741192,46.685935],[23.74129,46.685879],[23.741259,46.685818],[23.740963,46.685564],[23.740402,46.68497],[23.740381,46.684945],[23.740255,46.684796],[23.740017,46.6845],[23.739704,46.684062],[23.739686,46.683961],[23.739712,46.683865],[23.739875,46.683584],[23.739886,46.683492],[23.739869,46.683438],[23.739859,46.683405],[23.739803,46.683334],[23.73968,46.683247],[23.739284,46.68317],[23.738404,46.682966],[23.737899,46.682856],[23.737789,46.682813],[23.737688,46.682763],[23.737593,46.682709],[23.737477,46.682624],[23.737209,46.682393],[23.736854,46.682114],[23.73676,46.682052],[23.736691,46.682017],[23.736541,46.681946],[23.736348,46.68188],[23.736257,46.681856],[23.736146,46.68183],[23.735806,46.681749],[23.735495,46.681667],[23.735198,46.681534],[23.735019,46.681452]]},"properties":{"name":"Strada Principală","lines":"M61","arr":["M61"],"roundabout":0,"mode":"bus","color":"#0059a9"}},{"type":"Feature","geometry":{"type":"LineString","coordinates":[[23.690777,46.680923],[23.692358,46.681381],[23.692573,46.681399],[23.692921,46.681399],[23.693345,46.681366],[23.693619,46.681373],[23.694607,46.681489],[23.695155,46.681566],[23.695346,46.681599],[23.695641,46.681671],[23.69599,46.681822],[23.696269,46.681933],[23.69665,46.682036],[23.697495,46.682223],[23.698078,46.68238],[23.698347,46.68246],[23.699417,46.682496],[23.699524,46.682503],[23.699957,46.682541],[23.700417,46.682603],[23.700805,46.682674],[23.701278,46.682848],[23.701497,46.682902],[23.701867,46.682971],[23.70362,46.683464],[23.703902,46.683535],[23.704691,46.683708],[23.707722,46.684165],[23.708167,46.684253],[23.708854,46.684454],[23.709707,46.684744],[23.71004,46.684863],[23.710161,46.684871]]},"properties":{"name":"Strada Principală","lines":"M61","arr":["M61"],"roundabout":0,"mode":"bus","color":"#0059a9"}},{"type":"Feature","geometry":{"type":"LineString","coordinates":[[23.730782,46.683796],[23.731911,46.682958],[23.732566,46.682518],[23.732716,46.682415],[23.732872,46.682341],[23.733178,46.682207],[23.733873,46.681901],[23.734204,46.681757],[23.73443,46.681664],[23.735019,46.681452]]},"properties":{"name":"Strada Morii","lines":"M61","arr":["M61"],"roundabout":0,"mode":"bus","color":"#0059a9"}},{"type":"Feature","geometry":{"type":"LineString","coordinates":[[23.730782,46.683796],[23.730661,46.683706],[23.730544,46.683607],[23.73034,46.683451],[23.730273,46.683408],[23.729914,46.683328],[23.729782,46.683315],[23.729546,46.683311],[23.729333,46.683313],[23.729207,46.683314],[23.728994,46.683331],[23.728822,46.683347],[23.728574,46.683382],[23.728264,46.68341],[23.728091,46.683414],[23.727675,46.683407],[23.727461,46.683387],[23.727213,46.683367],[23.726757,46.683323],[23.726411,46.683284],[23.725677,46.683255],[23.725466,46.683262],[23.725098,46.68329],[23.723329,46.683446],[23.721851,46.683615],[23.720832,46.683729],[23.719,46.683906],[23.714156,46.684445],[23.710543,46.684837],[23.71036,46.684856],[23.710161,46.684871]]},"properties":{"name":"DJ103M","lines":"M61","arr":["M61"],"roundabout":0,"mode":"bus","color":"#0059a9"}},{"type":"Feature","geometry":{"type":"LineString","coordinates":[[23.69054,46.680933],[23.690777,46.680923],[23.690516,46.680824]]},"properties":{"name":"DJ103M","lines":"M61","arr":["M61"],"roundabout":0,"mode":"bus","color":"#0059a9"}},{"type":"Feature","geometry":{"type":"LineString","coordinates":[[23.690739,46.680605],[23.69065,46.680725],[23.690516,46.680824]]},"properties":{"name":"Strada Baciului","lines":"M61","arr":["M61"],"roundabout":0,"mode":"bus","color":"#0059a9"}},{"type":"Feature","geometry":{"type":"LineString","coordinates":[[23.730108,46.683177],[23.730058,46.683223],[23.729914,46.683328]]},"properties":{"name":"Strada Vasile Lazăr","lines":"M61","arr":["M61"],"roundabout":0,"mode":"bus","color":"#0059a9"}},{"type":"Feature","geometry":{"type":"LineString","coordinates":[[23.730108,46.683177],[23.730162,46.683251],[23.730273,46.683408]]},"properties":{"name":"","lines":"M61","arr":["M61"],"roundabout":0,"mode":"bus","color":"#0059a9"}},{"type":"Feature","geometry":{"type":"LineString","coordinates":[[23.549084,46.62919],[23.550042,46.628924],[23.551084,46.628633],[23.551733,46.628476],[23.55237,46.628321],[23.552727,46.628228],[23.554199,46.627925],[23.555701,46.627633],[23.557319,46.627326],[23.557444,46.627302],[23.558842,46.627037],[23.561428,46.626549],[23.562705,46.626291],[23.563547,46.626108],[23.563619,46.626091],[23.564104,46.625976],[23.565344,46.625619],[23.565743,46.6255],[23.566167,46.625369],[23.566587,46.625232],[23.566753,46.625171],[23.566849,46.625137],[23.566947,46.625105],[23.567072,46.625063],[23.56827,46.62464],[23.569505,46.624205],[23.569941,46.624069],[23.570504,46.623901],[23.570746,46.62383],[23.570974,46.623745],[23.571568,46.62345],[23.572162,46.623165],[23.572723,46.622874],[23.575295,46.621392],[23.57654,46.62065],[23.577777,46.61989],[23.57866,46.619368],[23.5789,46.619221],[23.579145,46.619093],[23.579584,46.618923],[23.580033,46.61878],[23.580249,46.618731],[23.580488,46.618708],[23.582653,46.618646],[23.582824,46.618611],[23.582993,46.618545],[23.58317,46.61844],[23.583374,46.618322],[23.583619,46.618146],[23.583721,46.618052],[23.583815,46.617932],[23.583901,46.617804],[23.583919,46.617742],[23.583934,46.617691],[23.583952,46.617573],[23.583945,46.617497],[23.583928,46.617427],[23.583718,46.617083],[23.583665,46.616977],[23.583662,46.616868],[23.583713,46.616763],[23.583804,46.616646],[23.583974,46.616544],[23.584215,46.616435],[23.584583,46.616279],[23.585195,46.616023],[23.585411,46.615921],[23.585646,46.615795],[23.585927,46.615609],[23.586138,46.615441],[23.58619,46.6154],[23.586451,46.61519],[23.5867,46.614987],[23.586957,46.614764],[23.5872,46.614548],[23.587468,46.614338],[23.587643,46.614232],[23.587819,46.614127],[23.587986,46.614043],[23.588585,46.613782],[23.588817,46.613672],[23.58904,46.613557],[23.589462,46.613303],[23.590196,46.612844],[23.590433,46.612706],[23.590675,46.61257],[23.590845,46.612474],[23.591026,46.612348],[23.591361,46.612102],[23.591473,46.612022],[23.591599,46.611944],[23.591745,46.611871],[23.591902,46.611806],[23.59221,46.611681],[23.592484,46.611554],[23.592648,46.611463],[23.592724,46.611415],[23.5928,46.611355],[23.592951,46.611219],[23.593105,46.611044],[23.593216,46.610936],[23.59327,46.610887],[23.593337,46.610844],[23.593432,46.610786],[23.593543,46.610733],[23.593836,46.610605],[23.594402,46.610383],[23.59546,46.609928],[23.595701,46.609838],[23.595959,46.609756],[23.596372,46.609658],[23.596486,46.609621],[23.59673,46.609536],[23.596963,46.609439],[23.597398,46.609232],[23.597876,46.609011],[23.598115,46.608896],[23.598344,46.60877],[23.598476,46.608688],[23.599383,46.608007],[23.600065,46.607481],[23.60022,46.607361],[23.600309,46.607301],[23.600406,46.607248],[23.601369,46.606756],[23.602343,46.606261],[23.603058,46.605903],[23.605179,46.604855],[23.605335,46.604778],[23.605692,46.604602],[23.605848,46.604525],[23.608706,46.603182],[23.610204,46.602457],[23.611734,46.601751],[23.612124,46.601567],[23.6125,46.601363],[23.612653,46.601276],[23.612784,46.601174],[23.61291,46.601073],[23.613037,46.600957],[23.613216,46.600787],[23.613396,46.600577],[23.613688,46.60012],[23.613956,46.599654],[23.614277,46.599191],[23.614426,46.598989],[23.6146,46.598799],[23.614804,46.598631],[23.615054,46.598473],[23.615573,46.598216],[23.615783,46.598121],[23.616016,46.598043],[23.616518,46.597898],[23.617009,46.59776],[23.617502,46.59761],[23.618093,46.597445],[23.61895,46.597267],[23.619321,46.597184],[23.61946,46.597137],[23.619613,46.59707],[23.619946,46.596893],[23.62074,46.59647],[23.620919,46.596375],[23.621082,46.596269],[23.621182,46.596175],[23.621278,46.596039],[23.621435,46.595701],[23.621526,46.59555],[23.621626,46.595418],[23.621719,46.59531],[23.621839,46.5952],[23.622132,46.594953],[23.622884,46.594461],[23.623315,46.594101],[23.623732,46.593699],[23.623803,46.593583],[23.623844,46.593432],[23.623851,46.593299],[23.623837,46.593152],[23.623781,46.59291],[23.623698,46.592628],[23.623618,46.592374],[23.623516,46.592119],[23.623245,46.591675],[23.622945,46.59125],[23.622791,46.591029],[23.622755,46.590947],[23.622727,46.590851],[23.622712,46.590782],[23.622716,46.590704],[23.622723,46.590638],[23.622745,46.59057],[23.622781,46.590494],[23.622831,46.590417],[23.622931,46.590321],[23.623048,46.590231],[23.624973,46.589049],[23.625628,46.588656],[23.625775,46.588567],[23.626992,46.587837],[23.627358,46.587558],[23.62752,46.587435],[23.628313,46.586786],[23.629136,46.586139],[23.62939,46.585983],[23.629669,46.585839],[23.629831,46.585776],[23.630146,46.585654],[23.630638,46.585482],[23.631132,46.585311],[23.631634,46.585147],[23.63196,46.585056],[23.63202,46.585039],[23.632704,46.584862],[23.632876,46.584811],[23.633079,46.584734],[23.633293,46.584637],[23.634014,46.584239],[23.634368,46.584024],[23.634541,46.583918],[23.634736,46.583826],[23.634844,46.583784],[23.634957,46.583749],[23.63508,46.583717],[23.635207,46.583697],[23.635366,46.583681],[23.635532,46.583676],[23.635871,46.583689],[23.637691,46.58383],[23.637949,46.583855],[23.638305,46.583905],[23.638644,46.583975],[23.639296,46.584129],[23.63995,46.584331],[23.640153,46.58437],[23.640364,46.584382],[23.640572,46.584381],[23.640781,46.584359],[23.640946,46.584321],[23.641104,46.584272],[23.641288,46.584164],[23.641436,46.584073],[23.641676,46.58396],[23.641908,46.58387],[23.642503,46.583702],[23.643053,46.583573],[23.644134,46.583384],[23.644265,46.583343],[23.644337,46.583321],[23.644483,46.58325],[23.644626,46.583155],[23.645257,46.582434],[23.64569,46.581924],[23.645982,46.581622],[23.646315,46.581338],[23.646604,46.581107],[23.646784,46.580991],[23.646999,46.58089],[23.647143,46.580842],[23.647305,46.580812],[23.647698,46.580803],[23.647888,46.580787],[23.648196,46.580732],[23.648482,46.58067],[23.649344,46.580458],[23.649434,46.580425],[23.650822,46.579919],[23.650917,46.579884],[23.651146,46.579806],[23.651303,46.579766],[23.651471,46.579749],[23.651625,46.579749],[23.651785,46.579766],[23.651975,46.579803],[23.65217,46.57985],[23.652332,46.579896],[23.65249,46.579947],[23.652811,46.580059],[23.65298,46.580098],[23.653151,46.580128],[23.653499,46.580165],[23.653792,46.58018],[23.654093,46.58016],[23.654623,46.580092],[23.655751,46.579887],[23.655997,46.579832],[23.65624,46.579757],[23.656386,46.579703],[23.656831,46.579491],[23.657143,46.579378],[23.657349,46.579313],[23.657473,46.579274],[23.658131,46.579133]]},"properties":{"name":"DJ107L","lines":"M71","arr":["M71"],"roundabout":0,"mode":"bus","color":"#0059a9"}},{"type":"Feature","geometry":{"type":"LineString","coordinates":[[23.511908,46.749249],[23.511876,46.749339]]},"properties":{"name":"","lines":"M81","arr":["M81"],"roundabout":0,"mode":"bus","color":"#0059a9"}},{"type":"Feature","geometry":{"type":"LineString","coordinates":[[23.456666,46.674947],[23.45658,46.675001]]},"properties":{"name":"","lines":"M81","arr":["M81"],"roundabout":0,"mode":"bus","color":"#0059a9"}},{"type":"Feature","geometry":{"type":"LineString","coordinates":[[23.517856,46.750486],[23.517893,46.750476],[23.517933,46.750468],[23.51797,46.750457],[23.517995,46.750447],[23.517981,46.750498],[23.517965,46.750554]]},"properties":{"name":"","lines":"M81","arr":["M81"],"roundabout":0,"mode":"bus","color":"#0059a9"}},{"type":"Feature","geometry":{"type":"LineString","coordinates":[[23.53043,46.753323],[23.530475,46.753298]]},"properties":{"name":"","lines":"M81","arr":["M81"],"roundabout":0,"mode":"bus","color":"#0059a9"}},{"type":"Feature","geometry":{"type":"LineString","coordinates":[[23.420879,46.733734],[23.420829,46.733627],[23.420331,46.732572],[23.419712,46.731274],[23.419668,46.731098],[23.419665,46.731042],[23.419649,46.730853],[23.419598,46.729202],[23.419581,46.728855],[23.419528,46.727419],[23.419547,46.72678],[23.419717,46.72553],[23.419746,46.725366],[23.419788,46.725203],[23.419838,46.725038],[23.419888,46.724873],[23.419939,46.724747],[23.419995,46.724618],[23.420401,46.723834],[23.420611,46.723504],[23.42084,46.723179],[23.420954,46.723023],[23.421084,46.72287],[23.421423,46.72256],[23.422402,46.721732],[23.423409,46.720881],[23.42354,46.720754],[23.423577,46.720718],[23.42367,46.720597],[23.423761,46.720445],[23.424106,46.719465]]},"properties":{"name":"DJ107M","lines":"M81","arr":["M81"],"roundabout":0,"mode":"bus","color":"#0059a9"}},{"type":"Feature","geometry":{"type":"LineString","coordinates":[[23.456176,46.69018],[23.456192,46.689611],[23.456191,46.689392],[23.456186,46.68929],[23.456165,46.689156],[23.45615,46.689052],[23.456121,46.6889],[23.45609,46.688724],[23.456075,46.688632],[23.456059,46.688506],[23.456051,46.688376],[23.456046,46.68826],[23.456046,46.68811],[23.456065,46.686449],[23.456103,46.684518],[23.456081,46.682974],[23.456076,46.682676],[23.456079,46.68265],[23.456109,46.682406],[23.456301,46.682066],[23.456419,46.681816],[23.456445,46.681707],[23.456414,46.681438],[23.456358,46.681266]]},"properties":{"name":"DJ107M","lines":"M81","arr":["M81"],"roundabout":0,"mode":"bus","color":"#0059a9"}},{"type":"Feature","geometry":{"type":"LineString","coordinates":[[23.424106,46.719465],[23.424149,46.719353],[23.424239,46.719182],[23.426566,46.71489],[23.426688,46.714671],[23.426773,46.714485],[23.427276,46.713556],[23.427516,46.713112],[23.428369,46.711406],[23.428473,46.711222],[23.429149,46.710289],[23.42919,46.710232],[23.430332,46.708585],[23.430429,46.70846],[23.430528,46.708345],[23.430652,46.70822],[23.43091,46.707989],[23.436273,46.703848],[23.436822,46.703479],[23.436961,46.703386],[23.437007,46.70335],[23.437072,46.703305],[23.437431,46.703099],[23.437587,46.703013],[23.4379,46.702844],[23.438338,46.702586],[23.438749,46.702315],[23.43909,46.702092],[23.439268,46.701984],[23.439444,46.701885],[23.440195,46.701478],[23.440687,46.701209]]},"properties":{"name":"DJ107M;DJ103V","lines":"M81","arr":["M81"],"roundabout":0,"mode":"bus","color":"#0059a9"}},{"type":"Feature","geometry":{"type":"LineString","coordinates":[[23.455917,46.69536],[23.456014,46.694969],[23.456038,46.694882],[23.456062,46.694807],[23.456122,46.694672],[23.456169,46.694589],[23.45623,46.694502],[23.456308,46.69439],[23.456406,46.694234],[23.456445,46.694167],[23.45648,46.694098],[23.456513,46.69402],[23.456539,46.69394],[23.456562,46.693848],[23.456568,46.69377],[23.456567,46.693583],[23.456555,46.693473],[23.456537,46.693361],[23.456517,46.693253],[23.456479,46.693117],[23.456441,46.693014],[23.456409,46.692937],[23.456375,46.692863],[23.456339,46.692791],[23.456297,46.692721],[23.456201,46.692556],[23.45611,46.692412],[23.456021,46.692252],[23.455985,46.692166],[23.455966,46.692082],[23.455954,46.691961],[23.455969,46.691842],[23.455993,46.69175],[23.45603,46.691654],[23.456065,46.691574],[23.456098,46.691492],[23.456133,46.691368],[23.456157,46.691254],[23.456169,46.691138],[23.456176,46.690801],[23.456176,46.690751],[23.456174,46.690458],[23.456176,46.69018]]},"properties":{"name":"DJ107M;DJ103V","lines":"M81","arr":["M81"],"roundabout":0,"mode":"bus","color":"#0059a9"}},{"type":"Feature","geometry":{"type":"LineString","coordinates":[[23.549621,46.765511],[23.549957,46.764753],[23.55009,46.764598],[23.550248,46.763852]]},"properties":{"name":"","lines":"26L","arr":["26L"],"roundabout":0,"mode":"bus","color":"#0059a9","unmapped":1}},{"type":"Feature","geometry":{"type":"LineString","coordinates":[[23.550248,46.763852],[23.549422,46.764184],[23.549167,46.764141],[23.548943,46.764048],[23.548723,46.763951],[23.5485,46.763856],[23.548263,46.763779],[23.547299,46.764085]]},"properties":{"name":"","lines":"26L","arr":["26L"],"roundabout":0,"mode":"bus","color":"#0059a9","unmapped":1}},{"type":"Feature","geometry":{"type":"LineString","coordinates":[[23.58214,46.772568],[23.582561,46.772112]]},"properties":{"name":"","lines":"26L","arr":["26L"],"roundabout":0,"mode":"bus","color":"#0059a9","unmapped":1}},{"type":"Feature","geometry":{"type":"LineString","coordinates":[[23.550248,46.763852],[23.55095,46.764322]]},"properties":{"name":"","lines":"26L","arr":["26L"],"roundabout":0,"mode":"bus","color":"#0059a9","unmapped":1}},{"type":"Feature","geometry":{"type":"LineString","coordinates":[[23.547456,46.764499],[23.547788,46.764544]]},"properties":{"name":"","lines":"30","arr":["30"],"roundabout":0,"mode":"bus","color":"#0059a9","unmapped":1}},{"type":"Feature","geometry":{"type":"LineString","coordinates":[[23.529727,46.649083],[23.530558,46.648591],[23.530718,46.648449],[23.530625,46.648297],[23.530575,46.648132],[23.530319,46.648172],[23.530063,46.648212],[23.529813,46.648266],[23.529562,46.648316],[23.529307,46.648305],[23.529063,46.648241],[23.528816,46.648179],[23.528585,46.648243],[23.528395,46.648367],[23.528179,46.648469],[23.527944,46.648544],[23.527736,46.648539],[23.527725,46.648362],[23.527782,46.648188],[23.52787,46.648018],[23.527982,46.647856],[23.528115,46.647702],[23.528249,46.647547],[23.528382,46.647392],[23.528515,46.647237],[23.528651,46.647083],[23.528786,46.646929],[23.528871,46.64676],[23.52893,46.646585],[23.528975,46.646408],[23.528987,46.646228],[23.529012,46.646049],[23.529047,46.645871],[23.529082,46.645693],[23.529123,46.645515],[23.52919,46.645341],[23.529265,46.645169],[23.529327,46.644994],[23.529376,46.644818],[23.529425,46.644641],[23.52947,46.644464],[23.529512,46.644286],[23.529554,46.644109],[23.529595,46.643931],[23.529637,46.643754],[23.529627,46.643574],[23.529624,46.643395],[23.529667,46.643217],[23.529672,46.643039],[23.529621,46.642864],[23.529534,46.642694],[23.529427,46.642531],[23.529289,46.642377],[23.529127,46.642238],[23.528938,46.642113],[23.528749,46.641988],[23.528561,46.641863],[23.528367,46.641742],[23.528158,46.641633],[23.52795,46.641524],[23.527741,46.641414],[23.527535,46.641303],[23.527281,46.641261],[23.527065,46.641177],[23.526982,46.641011],[23.526881,46.640846],[23.526718,46.640708],[23.526614,46.640551],[23.526654,46.64038],[23.526847,46.64026],[23.527065,46.64016],[23.527282,46.640059],[23.527474,46.63994],[23.52758,46.639782],[23.527505,46.639618],[23.527374,46.639462],[23.526746,46.638863]]},"properties":{"name":"","lines":"M18","arr":["M18"],"roundabout":0,"mode":"bus","color":"#0059a9","unmapped":1}},{"type":"Feature","geometry":{"type":"LineString","coordinates":[[23.526746,46.638863],[23.526775,46.638849]]},"properties":{"name":"","lines":"M18","arr":["M18"],"roundabout":0,"mode":"bus","color":"#0059a9","unmapped":1}},{"type":"Feature","geometry":{"type":"LineString","coordinates":[[23.52652,46.638851],[23.525844,46.638279],[23.525688,46.638134],[23.525524,46.637994],[23.52536,46.637854],[23.525196,46.637713],[23.524973,46.63762],[23.524745,46.637531],[23.524516,46.637443],[23.524304,46.637337],[23.524146,46.637196],[23.524045,46.63703],[23.523944,46.636864],[23.523843,46.636698],[23.522969,46.636422]]},"properties":{"name":"","lines":"M18","arr":["M18"],"roundabout":0,"mode":"bus","color":"#0059a9","unmapped":1}},{"type":"Feature","geometry":{"type":"LineString","coordinates":[[23.703071,46.781806],[23.703705,46.781148]]},"properties":{"name":"","lines":"M42","arr":["M42"],"roundabout":0,"mode":"bus","color":"#0059a9","unmapped":1}},{"type":"Feature","geometry":{"type":"LineString","coordinates":[[23.703071,46.781806],[23.703705,46.781148]]},"properties":{"name":"","lines":"M43","arr":["M43"],"roundabout":0,"mode":"bus","color":"#0059a9","unmapped":1}},{"type":"Feature","geometry":{"type":"LineString","coordinates":[[23.703646,46.780978],[23.70296,46.781813]]},"properties":{"name":"","lines":"M43","arr":["M43"],"roundabout":0,"mode":"bus","color":"#0059a9","unmapped":1}},{"type":"Feature","geometry":{"type":"LineString","coordinates":[[23.646489,46.796403],[23.64575,46.796385],[23.644297,46.796346],[23.640599,46.796248],[23.640068,46.796235],[23.639844,46.796227],[23.639612,46.79621],[23.637472,46.796089],[23.637281,46.796081],[23.637136,46.796075],[23.636745,46.796068],[23.636386,46.796067],[23.636166,46.796067]]},"properties":{"name":"","lines":"100, 102, 102L","arr":["100","102","102L"],"roundabout":0,"mode":"tram","color":"#d6212b","busLines":"26L, 48L, 50D, 50L"}},{"type":"Feature","geometry":{"type":"LineString","coordinates":[[23.636166,46.796067],[23.635938,46.796066],[23.63551,46.796059]]},"properties":{"name":"","lines":"100, 102, 102L","arr":["100","102","102L"],"roundabout":0,"mode":"tram","color":"#d6212b","busLines":"12, 14, 26L, 48L, 50D, 50L"}},{"type":"Feature","geometry":{"type":"LineString","coordinates":[[23.63551,46.796059],[23.635362,46.796056],[23.634724,46.796045],[23.633786,46.796005],[23.633594,46.796002],[23.631611,46.79597],[23.630736,46.795956],[23.630551,46.79595],[23.630264,46.795931],[23.630069,46.795915],[23.629908,46.795899],[23.62979,46.795887],[23.629639,46.795865],[23.629462,46.795834],[23.629259,46.79579],[23.628901,46.795709],[23.6283,46.795574],[23.628186,46.79555],[23.628067,46.795527],[23.627996,46.795517],[23.627908,46.795508],[23.627815,46.795503],[23.627703,46.795501],[23.627578,46.795504],[23.627442,46.795509],[23.625557,46.795597],[23.624515,46.795646],[23.62439,46.79565],[23.624057,46.795663],[23.623328,46.7957],[23.622599,46.795744],[23.622406,46.79576],[23.62221,46.795782],[23.621915,46.795828],[23.621415,46.79592],[23.621203,46.795958],[23.621115,46.795977],[23.621056,46.795989],[23.620638,46.796073],[23.617262,46.79674],[23.613879,46.797429],[23.612907,46.797632],[23.612512,46.797713],[23.612399,46.797736],[23.612397,46.797736]]},"properties":{"name":"","lines":"100, 102, 102L","arr":["100","102","102L"],"roundabout":0,"mode":"tram","color":"#d6212b","busLines":"10, 12, 14, 23, 26, 26L, 48, 48L, 50, 50D, 50L"}},{"type":"Feature","geometry":{"type":"LineString","coordinates":[[23.612397,46.797736],[23.612184,46.797779],[23.611858,46.797847],[23.61184,46.797851],[23.610992,46.798107],[23.610718,46.798206],[23.61045,46.798303],[23.609933,46.798489],[23.609335,46.798705],[23.609043,46.798801],[23.608834,46.798859],[23.60862,46.798919],[23.608278,46.799008],[23.608193,46.799026],[23.608113,46.79903],[23.608036,46.799029],[23.607983,46.799026],[23.607876,46.799023],[23.607844,46.799021],[23.607769,46.799016],[23.607715,46.799011],[23.60764,46.799007],[23.607605,46.799006],[23.607566,46.799003],[23.607561,46.799003]]},"properties":{"name":"","lines":"100, 102, 102L","arr":["100","102","102L"],"roundabout":0,"mode":"tram","color":"#d6212b","busLines":"26, 26L"}},{"type":"Feature","geometry":{"type":"LineString","coordinates":[[23.607561,46.799003],[23.607517,46.799],[23.607473,46.798991],[23.60741,46.798974],[23.607348,46.798952],[23.607282,46.798922],[23.607238,46.7989],[23.607189,46.79887],[23.607119,46.798822],[23.60704,46.798762],[23.606954,46.798702],[23.606643,46.798486],[23.606557,46.798422],[23.606204,46.798165],[23.605735,46.797829],[23.605031,46.797314],[23.603941,46.796552],[23.603167,46.795995],[23.603022,46.795864],[23.602799,46.795638],[23.602754,46.795592],[23.602746,46.795584],[23.602707,46.79555],[23.602665,46.795512],[23.602618,46.79548],[23.60256,46.795447],[23.60253,46.795429],[23.602439,46.795386],[23.602254,46.795301],[23.601427,46.794923],[23.601137,46.794801],[23.601017,46.794745],[23.600934,46.794703],[23.600895,46.794681],[23.600859,46.794657],[23.600805,46.794618],[23.600751,46.794576],[23.600739,46.794565],[23.600702,46.794513],[23.60067,46.79446],[23.60063,46.794401],[23.600599,46.794338]]},"properties":{"name":"","lines":"100, 102, 102L","arr":["100","102","102L"],"roundabout":0,"mode":"tram","color":"#d6212b","busLines":"26, 26L, 39, 39L, M37, M38, M39, M39L"}},{"type":"Feature","geometry":{"type":"LineString","coordinates":[[23.600599,46.794338],[23.600006,46.793133],[23.599543,46.792142],[23.599508,46.79207],[23.599365,46.791764],[23.599297,46.791621],[23.599234,46.791486],[23.599205,46.791435],[23.599196,46.791417],[23.59913,46.791315],[23.599046,46.791186],[23.598965,46.791079],[23.598851,46.790945],[23.59874,46.790827],[23.597969,46.790058],[23.597911,46.789997],[23.597646,46.789723],[23.59711,46.789184],[23.597041,46.789102],[23.597008,46.789061],[23.596944,46.788973],[23.596883,46.788878],[23.596847,46.788806],[23.596805,46.788713],[23.596769,46.788628],[23.596735,46.788522],[23.596712,46.788427],[23.5967,46.788344],[23.596689,46.788164],[23.596689,46.788118],[23.596686,46.787999]]},"properties":{"name":"","lines":"100, 102, 102L","arr":["100","102","102L"],"roundabout":0,"mode":"tram","color":"#d6212b","busLines":"26, 26L, M37, M38, M39, M39L"}},{"type":"Feature","geometry":{"type":"LineString","coordinates":[[23.596686,46.787999],[23.596686,46.787988],[23.596685,46.787935],[23.596684,46.787927],[23.596679,46.787656],[23.596679,46.787617],[23.596678,46.787577],[23.596681,46.787463],[23.596684,46.787359],[23.596686,46.787296],[23.596676,46.787108],[23.596599,46.78638],[23.596599,46.786301],[23.596597,46.786171],[23.596594,46.785921],[23.596582,46.785855],[23.596562,46.785773],[23.596536,46.785715],[23.596483,46.785644],[23.596441,46.785592],[23.596404,46.785556]]},"properties":{"name":"","lines":"100, 102, 102L","arr":["100","102","102L"],"roundabout":0,"mode":"tram","color":"#d6212b","busLines":"26, 26L, M32, M37, M38, M39, M39L"}},{"type":"Feature","geometry":{"type":"LineString","coordinates":[[23.596404,46.785556],[23.59639,46.785543],[23.596335,46.785498],[23.596288,46.785465],[23.596223,46.785427],[23.596164,46.785401],[23.596142,46.785391],[23.596124,46.785384],[23.596064,46.785363],[23.596018,46.785349],[23.595965,46.785336],[23.595921,46.785327],[23.59587,46.785319],[23.595865,46.785319]]},"properties":{"name":"","lines":"100, 102, 102L","arr":["100","102","102L"],"roundabout":0,"mode":"tram","color":"#d6212b","busLines":"26, 26L, 34, M37, M38, M39, M39L"}},{"type":"Feature","geometry":{"type":"LineString","coordinates":[[23.595865,46.785319],[23.59583,46.785315],[23.595789,46.785312],[23.595748,46.785311],[23.595723,46.785312],[23.595664,46.785312],[23.595552,46.785319],[23.595422,46.785333],[23.595188,46.785362],[23.59501,46.785382],[23.594977,46.785385],[23.594942,46.785388],[23.594862,46.785392],[23.594796,46.785392],[23.594748,46.785389],[23.594687,46.785382],[23.594508,46.785355],[23.594387,46.785337],[23.594245,46.785319]]},"properties":{"name":"","lines":"100, 102, 102L","arr":["100","102","102L"],"roundabout":0,"mode":"tram","color":"#d6212b","busLines":"26, 26L, 34, M32, M37, M38, M39, M39L"}},{"type":"Feature","geometry":{"type":"LineString","coordinates":[[23.594245,46.785319],[23.594225,46.785316],[23.592901,46.785102],[23.589308,46.784501],[23.589141,46.784473]]},"properties":{"name":"","lines":"100, 102, 102L","arr":["100","102","102L"],"roundabout":0,"mode":"tram","color":"#d6212b","busLines":"34, M32, M37, M38, M39, M39L"}},{"type":"Feature","geometry":{"type":"LineString","coordinates":[[23.589141,46.784473],[23.589033,46.784455],[23.58901,46.784451],[23.588786,46.784407],[23.588495,46.784347],[23.588194,46.78429]]},"properties":{"name":"","lines":"100, 102, 102L","arr":["100","102","102L"],"roundabout":0,"mode":"tram","color":"#d6212b","busLines":"34, M32, M34"}},{"type":"Feature","geometry":{"type":"LineString","coordinates":[[23.588194,46.78429],[23.587996,46.784253],[23.587851,46.784221],[23.587802,46.784206],[23.587752,46.784189],[23.587722,46.784177],[23.58768,46.784159],[23.587653,46.784142],[23.587634,46.784128],[23.587618,46.784114],[23.587606,46.784098],[23.587594,46.784079],[23.587583,46.784054],[23.587562,46.783994],[23.587551,46.783954]]},"properties":{"name":"","lines":"100, 102, 102L","arr":["100","102","102L"],"roundabout":0,"mode":"tram","color":"#d6212b","busLines":"3, 4, 5, 9, 22, 27, 32B, 34, 35, 56, M32, M33, M34, M35"}},{"type":"Feature","geometry":{"type":"LineString","coordinates":[[23.646489,46.796403],[23.646822,46.796415],[23.647391,46.796432],[23.647856,46.796453],[23.648388,46.796477],[23.648762,46.796496]]},"properties":{"name":"","lines":"100, 102L","arr":["100","102L"],"roundabout":0,"mode":"tram","color":"#d6212b","busLines":"26L, 48L, 50L"}},{"type":"Feature","geometry":{"type":"LineString","coordinates":[[23.65933,46.795663],[23.659288,46.795666],[23.659254,46.795672],[23.659216,46.795685],[23.659186,46.795701],[23.659161,46.795719],[23.659137,46.795742],[23.659112,46.795784],[23.659096,46.795815],[23.659072,46.795896],[23.659067,46.795944],[23.659085,46.79681]]},"properties":{"name":"","lines":"102L","arr":["102L"],"roundabout":0,"mode":"tram","color":"#d6212b"}},{"type":"Feature","geometry":{"type":"LineString","coordinates":[[23.659085,46.79681],[23.659086,46.79685],[23.659083,46.79689],[23.659067,46.796927],[23.65905,46.796949],[23.659031,46.796967],[23.659003,46.796985],[23.658971,46.796997],[23.658929,46.797007],[23.658883,46.797013],[23.65883,46.797015],[23.658766,46.797017],[23.658605,46.797009],[23.657932,46.796973],[23.657078,46.796929],[23.656961,46.796923],[23.655317,46.796834],[23.651417,46.796626],[23.649728,46.796546],[23.648762,46.796496]]},"properties":{"name":"","lines":"102L","arr":["102L"],"roundabout":0,"mode":"tram","color":"#d6212b","busLines":"26L, 48L, 50L"}},{"type":"Feature","geometry":{"type":"LineString","coordinates":[[23.658949,46.797051],[23.658863,46.797054],[23.658853,46.797053],[23.658783,46.797051],[23.658759,46.797051],[23.657565,46.796996],[23.657307,46.796984],[23.657079,46.796972],[23.656763,46.796957],[23.655819,46.7969],[23.655796,46.796899],[23.654976,46.79686],[23.65496,46.796859],[23.65382,46.796816],[23.653582,46.796807],[23.652664,46.796735],[23.652301,46.796717],[23.651401,46.796673],[23.651225,46.796665],[23.650694,46.796641],[23.650087,46.796609],[23.649791,46.796593],[23.648393,46.79652],[23.647351,46.796476],[23.646999,46.796464],[23.646981,46.796456],[23.646963,46.796448],[23.646948,46.796443],[23.646934,46.796439],[23.646906,46.796431],[23.646884,46.796425],[23.646864,46.796421],[23.646843,46.796417],[23.646822,46.796415]]},"properties":{"name":"","lines":"102L","arr":["102L"],"roundabout":0,"mode":"tram","color":"#d6212b","busLines":"26L, 48L, 50L"}},{"type":"Feature","geometry":{"type":"LineString","coordinates":[[23.587551,46.783954],[23.587551,46.783978],[23.587548,46.784],[23.587543,46.784016],[23.587531,46.784037],[23.587512,46.784055],[23.587487,46.784074],[23.587459,46.78409],[23.587431,46.784103],[23.587389,46.784119],[23.587348,46.784128]]},"properties":{"name":"","lines":"100, 101, 102L","arr":["100","101","102L"],"roundabout":0,"mode":"tram","color":"#d6212b"}},{"type":"Feature","geometry":{"type":"LineString","coordinates":[[23.587348,46.784128],[23.587324,46.784131],[23.587297,46.784135],[23.587262,46.784136],[23.587218,46.784135]]},"properties":{"name":"","lines":"101, 102L","arr":["101","102L"],"roundabout":0,"mode":"tram","color":"#d6212b"}},{"type":"Feature","geometry":{"type":"LineString","coordinates":[[23.543106,46.751384],[23.543161,46.751371],[23.543254,46.751356],[23.54335,46.751344],[23.54344,46.751344],[23.5436,46.751376],[23.543654,46.751387]]},"properties":{"name":"","lines":"101, 102L","arr":["101","102L"],"roundabout":0,"mode":"tram","color":"#d6212b"}},{"type":"Feature","geometry":{"type":"LineString","coordinates":[[23.556496,46.755908],[23.556469,46.755975]]},"properties":{"name":"","lines":"101, 102L","arr":["101","102L"],"roundabout":0,"mode":"tram","color":"#d6212b"}},{"type":"Feature","geometry":{"type":"LineString","coordinates":[[23.556446,46.756077],[23.556446,46.756134]]},"properties":{"name":"","lines":"101, 102L","arr":["101","102L"],"roundabout":0,"mode":"tram","color":"#d6212b"}},{"type":"Feature","geometry":{"type":"LineString","coordinates":[[23.543362,46.751587],[23.543394,46.751558],[23.543427,46.751528],[23.543458,46.751502],[23.543496,46.751482],[23.54355,46.751464],[23.543603,46.751455],[23.543659,46.751452]]},"properties":{"name":"","lines":"101, 102L","arr":["101","102L"],"roundabout":0,"mode":"tram","color":"#d6212b"}},{"type":"Feature","geometry":{"type":"LineString","coordinates":[[23.543654,46.751387],[23.544426,46.751576]]},"properties":{"name":"","lines":"101, 102, 102L","arr":["101","102","102L"],"roundabout":0,"mode":"tram","color":"#d6212b","busLines":"1, 6, 14, 24, 25, 25N, 29, 29S, 52, M24, M25, M81"}},{"type":"Feature","geometry":{"type":"LineString","coordinates":[[23.544426,46.751576],[23.54469,46.751641],[23.544736,46.751652]]},"properties":{"name":"","lines":"101, 102, 102L","arr":["101","102","102L"],"roundabout":0,"mode":"tram","color":"#d6212b","busLines":"1, 6, 14, 24, 25, 25N, 29, 29S, 43, 43B, 43P, 52, M24, M25, M81"}},{"type":"Feature","geometry":{"type":"LineString","coordinates":[[23.544736,46.751652],[23.544803,46.751668],[23.545135,46.751753],[23.545701,46.751894],[23.545821,46.75192],[23.546194,46.752021],[23.546602,46.752151],[23.54682,46.752225],[23.547236,46.752385],[23.548413,46.752821],[23.549607,46.753264],[23.550488,46.7536],[23.550626,46.753652],[23.550804,46.753725],[23.551275,46.753888],[23.551467,46.753934],[23.551654,46.75398],[23.551749,46.754],[23.551936,46.75404],[23.551962,46.754044],[23.552214,46.754085],[23.552824,46.754168],[23.553057,46.754207],[23.553998,46.754362],[23.554297,46.75441],[23.554477,46.754458],[23.55462,46.754505],[23.555021,46.754645],[23.555163,46.754697],[23.555218,46.754719],[23.555574,46.754854],[23.55581,46.75495],[23.55639,46.755193],[23.55645,46.755226],[23.556492,46.755251],[23.556544,46.755295],[23.556574,46.75533],[23.556586,46.755343]]},"properties":{"name":"","lines":"101, 102, 102L","arr":["101","102","102L"],"roundabout":0,"mode":"tram","color":"#d6212b","busLines":"1, 6, 14, 25, 25N, 43, 43B, 43P"}},{"type":"Feature","geometry":{"type":"LineString","coordinates":[[23.556586,46.755343],[23.556606,46.755366],[23.556626,46.755395],[23.55664,46.755419],[23.55665,46.755448],[23.556657,46.755482],[23.556658,46.755511],[23.556657,46.755537],[23.556653,46.755566],[23.556646,46.755587],[23.556632,46.755625],[23.556496,46.755908]]},"properties":{"name":"","lines":"101, 102, 102L","arr":["101","102","102L"],"roundabout":0,"mode":"tram","color":"#d6212b","busLines":"1, 7, 14"}},{"type":"Feature","geometry":{"type":"LineString","coordinates":[[23.556469,46.755975],[23.556453,46.756029],[23.556446,46.756077]]},"properties":{"name":"","lines":"101, 102, 102L","arr":["101","102","102L"],"roundabout":0,"mode":"tram","color":"#d6212b"}},{"type":"Feature","geometry":{"type":"LineString","coordinates":[[23.556446,46.756134],[23.556451,46.756179],[23.556477,46.75632],[23.556504,46.756467],[23.556508,46.756484],[23.556536,46.756601],[23.556565,46.756681],[23.556562,46.756809],[23.556557,46.756963],[23.556548,46.75726],[23.55655,46.757318],[23.556558,46.75738],[23.556585,46.757532],[23.556614,46.757657],[23.556639,46.75775],[23.556679,46.757843],[23.556741,46.757988],[23.55677,46.758053],[23.557198,46.759012],[23.557276,46.759199],[23.55742,46.759463],[23.557444,46.759523]]},"properties":{"name":"","lines":"101, 102, 102L","arr":["101","102","102L"],"roundabout":0,"mode":"tram","color":"#d6212b","busLines":"1, 6, 7, 14, 25"}},{"type":"Feature","geometry":{"type":"LineString","coordinates":[[23.557444,46.759523],[23.557485,46.759626],[23.557493,46.759683],[23.557502,46.759752],[23.557504,46.759926],[23.557484,46.760061],[23.557465,46.76011],[23.557443,46.760156],[23.557431,46.760178],[23.557419,46.760206],[23.557396,46.760249],[23.557362,46.760303],[23.557316,46.760365],[23.557263,46.760428],[23.557204,46.760491],[23.55717,46.760542],[23.557126,46.760584]]},"properties":{"name":"","lines":"101, 102, 102L","arr":["101","102","102L"],"roundabout":0,"mode":"tram","color":"#d6212b"}},{"type":"Feature","geometry":{"type":"LineString","coordinates":[[23.557126,46.760584],[23.557085,46.760623],[23.556628,46.761059],[23.556474,46.761217],[23.556401,46.761296],[23.556354,46.761349],[23.556311,46.761408],[23.556263,46.761481],[23.556242,46.761521],[23.556229,46.761551],[23.556219,46.761587],[23.556213,46.761625],[23.55621,46.761667],[23.556212,46.761718],[23.556216,46.761759],[23.556224,46.761799],[23.556233,46.761834],[23.556244,46.76187],[23.556255,46.7619],[23.55627,46.761936],[23.556286,46.761968],[23.556304,46.761998],[23.556327,46.76203],[23.556357,46.762065],[23.556398,46.762106],[23.556441,46.762141],[23.556482,46.762173],[23.556536,46.762212],[23.556594,46.762247],[23.556685,46.762292],[23.556805,46.762349],[23.556892,46.762388],[23.556969,46.762419],[23.557055,46.762451],[23.557146,46.76248],[23.557242,46.76251],[23.557327,46.762534],[23.557417,46.762554],[23.557515,46.762575],[23.557601,46.762591],[23.557692,46.762605],[23.557776,46.762617],[23.557886,46.762631],[23.558065,46.762646],[23.558178,46.762654],[23.559244,46.762735],[23.559606,46.76277],[23.56032,46.762821],[23.560717,46.762846],[23.560764,46.762849],[23.560967,46.76286],[23.561159,46.762879],[23.561271,46.762891],[23.561399,46.762907],[23.561521,46.762925],[23.561649,46.762946],[23.561776,46.76297],[23.561905,46.762996],[23.562037,46.76303],[23.562161,46.763068],[23.562326,46.763121],[23.562415,46.763157],[23.562484,46.763188],[23.562635,46.763255],[23.562835,46.763352],[23.562986,46.763438],[23.563097,46.763506],[23.56318,46.763565],[23.563296,46.763655],[23.56371,46.76401],[23.564007,46.764264],[23.564118,46.764364],[23.56466,46.764854],[23.564872,46.765063],[23.565757,46.765942],[23.565964,46.766158],[23.566082,46.76628],[23.56627,46.766457],[23.566368,46.766547],[23.566436,46.766608],[23.566577,46.766699],[23.566629,46.766732],[23.566731,46.766788],[23.56684,46.766841],[23.566965,46.766893],[23.567083,46.766936],[23.567222,46.766977],[23.567331,46.767003],[23.56823,46.767211],[23.56886,46.767346],[23.569068,46.767402],[23.569262,46.767461],[23.569394,46.767508],[23.569541,46.767568],[23.569668,46.767625],[23.569788,46.767688],[23.56987,46.767736],[23.569975,46.767812],[23.570032,46.767855],[23.570091,46.767909],[23.570292,46.768098],[23.570432,46.768234],[23.570743,46.768539],[23.57088,46.768674],[23.570982,46.768773],[23.571287,46.76907],[23.571296,46.76908],[23.571387,46.769161],[23.571507,46.769259],[23.571603,46.76933],[23.571666,46.769372],[23.571721,46.769405],[23.571807,46.76945],[23.571878,46.769481],[23.571987,46.769525],[23.572127,46.76957],[23.572314,46.769624],[23.572484,46.769666],[23.57262,46.769696],[23.572738,46.76972],[23.572864,46.769742],[23.573936,46.769911]]},"properties":{"name":"","lines":"101, 102, 102L","arr":["101","102","102L"],"roundabout":0,"mode":"tram","color":"#d6212b","busLines":"M26"}},{"type":"Feature","geometry":{"type":"LineString","coordinates":[[23.573936,46.769911],[23.573992,46.76992],[23.574172,46.769947],[23.574276,46.769965],[23.57493,46.770072],[23.575663,46.770189],[23.57595,46.770246],[23.576217,46.770306],[23.577709,46.77067]]},"properties":{"name":"","lines":"101, 102, 102L","arr":["101","102","102L"],"roundabout":0,"mode":"tram","color":"#d6212b","busLines":"30, 54N, M26"}},{"type":"Feature","geometry":{"type":"LineString","coordinates":[[23.577709,46.77067],[23.577948,46.770728],[23.578329,46.770817]]},"properties":{"name":"","lines":"101, 102, 102L","arr":["101","102","102L"],"roundabout":0,"mode":"tram","color":"#d6212b","busLines":"26, 28B, 30, 41, 44, 54N, M26"}},{"type":"Feature","geometry":{"type":"LineString","coordinates":[[23.578329,46.770817],[23.580653,46.771363],[23.580898,46.771422],[23.581239,46.771513],[23.581398,46.77156],[23.581468,46.771585],[23.581554,46.771618],[23.581679,46.771667],[23.581772,46.77171],[23.582574,46.772096],[23.582783,46.772194]]},"properties":{"name":"","lines":"101, 102, 102L","arr":["101","102","102L"],"roundabout":0,"mode":"tram","color":"#d6212b","busLines":"26, 28B, 41, 44, M26"}},{"type":"Feature","geometry":{"type":"LineString","coordinates":[[23.582783,46.772194],[23.582789,46.772197],[23.582813,46.772204],[23.582834,46.77221],[23.582863,46.772214],[23.582892,46.772217],[23.58292,46.772217],[23.582966,46.772216],[23.583063,46.772206],[23.583154,46.772193],[23.583222,46.772175],[23.583277,46.772155],[23.583371,46.772115],[23.583397,46.772104]]},"properties":{"name":"","lines":"101, 102, 102L","arr":["101","102","102L"],"roundabout":0,"mode":"tram","color":"#d6212b","busLines":"26, 28B, 41, 44"}},{"type":"Feature","geometry":{"type":"LineString","coordinates":[[23.583397,46.772104],[23.583409,46.772099],[23.583707,46.771972],[23.583828,46.771926],[23.584047,46.77184],[23.584098,46.771825],[23.584144,46.771815],[23.584206,46.771804],[23.584269,46.771797],[23.584314,46.771794],[23.584355,46.771792],[23.584398,46.771791],[23.584441,46.771792],[23.584491,46.771795],[23.584543,46.7718],[23.584575,46.771805],[23.584601,46.77181],[23.584653,46.771822],[23.584705,46.771839],[23.584759,46.771861],[23.585831,46.772357],[23.586548,46.772757],[23.587053,46.773061],[23.587084,46.773079],[23.587441,46.773294],[23.587811,46.773518],[23.587892,46.773566],[23.587927,46.773595],[23.587936,46.773606],[23.587936,46.773606]]},"properties":{"name":"","lines":"101, 102, 102L","arr":["101","102","102L"],"roundabout":0,"mode":"tram","color":"#d6212b","busLines":"26, 26L, 28B, 41, 44, M26"}},{"type":"Feature","geometry":{"type":"LineString","coordinates":[[23.587936,46.773606],[23.587955,46.77363],[23.587963,46.773651],[23.587971,46.773667],[23.58798,46.773707],[23.587985,46.773746],[23.587987,46.773765],[23.587988,46.773772],[23.587986,46.773804],[23.587982,46.773825]]},"properties":{"name":"","lines":"101, 102, 102L","arr":["101","102","102L"],"roundabout":0,"mode":"tram","color":"#d6212b","busLines":"3, 4, 5, 9, 22, 26, 26L, 28, 28B, 31, 32B, 35, 36L, 37, 38, 39, 39L, 41, 44, 56, M26, M31"}},{"type":"Feature","geometry":{"type":"LineString","coordinates":[[23.587982,46.773825],[23.58798,46.773838],[23.587966,46.773874],[23.587946,46.773907],[23.58793,46.77393],[23.587761,46.774142],[23.587488,46.774513],[23.587414,46.774634]]},"properties":{"name":"","lines":"101, 102, 102L","arr":["101","102","102L"],"roundabout":0,"mode":"tram","color":"#d6212b","busLines":"3, 4, 5, 9, 22, 28, 31, 32B, 35, 36L, 37, 38, 39, 39L, 44, 56, M31"}},{"type":"Feature","geometry":{"type":"LineString","coordinates":[[23.587414,46.774634],[23.587366,46.774712],[23.587349,46.77475],[23.587342,46.77477],[23.587336,46.774793],[23.58733,46.77483],[23.587328,46.774849]]},"properties":{"name":"","lines":"101, 102, 102L","arr":["101","102","102L"],"roundabout":0,"mode":"tram","color":"#d6212b","busLines":"3, 4, 5, 9, 22, 27, 28, 31, 32B, 35, 36L, 37, 38, 39, 39L, 44, 56, M31"}},{"type":"Feature","geometry":{"type":"LineString","coordinates":[[23.587328,46.774849],[23.587325,46.774887],[23.587314,46.775001],[23.58715,46.776749],[23.587151,46.776831],[23.587152,46.776922],[23.587167,46.777388],[23.587173,46.777485],[23.587176,46.777543]]},"properties":{"name":"","lines":"101, 102, 102L","arr":["101","102","102L"],"roundabout":0,"mode":"tram","color":"#d6212b","busLines":"3, 4, 5, 9, 22, 27, 31, 32B, 35, 37, 38, 39, 39L, 56, M31"}},{"type":"Feature","geometry":{"type":"LineString","coordinates":[[23.587176,46.777543],[23.587204,46.778007],[23.58722,46.778199],[23.58722,46.778285],[23.587223,46.778991],[23.587228,46.779311],[23.587241,46.779502],[23.587277,46.77987],[23.587337,46.780442],[23.587341,46.780516],[23.587424,46.781578],[23.587432,46.781689],[23.587487,46.782483]]},"properties":{"name":"","lines":"101, 102, 102L","arr":["101","102","102L"],"roundabout":0,"mode":"tram","color":"#d6212b","busLines":"3, 4, 5, 9, 22, 27, 31, 32B, 35, 39, 39L, 56, M31"}},{"type":"Feature","geometry":{"type":"LineString","coordinates":[[23.587487,46.782483],[23.587494,46.782578],[23.587504,46.782711],[23.58751,46.78286],[23.587518,46.783065],[23.587551,46.783954]]},"properties":{"name":"","lines":"101, 102, 102L","arr":["101","102","102L"],"roundabout":0,"mode":"tram","color":"#d6212b","busLines":"3, 4, 5, 9, 22, 27, 31, 32B, 35, 39, 39L, 56, M31, M35"}},{"type":"Feature","geometry":{"type":"LineString","coordinates":[[23.587218,46.784135],[23.586496,46.784018],[23.585953,46.783936],[23.585901,46.783919],[23.585873,46.783907],[23.585847,46.783889],[23.585839,46.783882],[23.585828,46.783872],[23.585819,46.78386]]},"properties":{"name":"","lines":"101, 102, 102L","arr":["101","102","102L"],"roundabout":0,"mode":"tram","color":"#d6212b","busLines":"31, 34, 39, 39L, 56, M31, M32, M33, M34, M35"}},{"type":"Feature","geometry":{"type":"LineString","coordinates":[[23.585819,46.78386],[23.585814,46.783854],[23.585803,46.783839],[23.585791,46.783818],[23.585781,46.783799],[23.585773,46.783768],[23.585773,46.783739],[23.585778,46.783709],[23.585795,46.783671],[23.585814,46.783646],[23.585858,46.783595],[23.586331,46.783042],[23.58636,46.783017],[23.586395,46.782997],[23.586459,46.782967],[23.586844,46.782819],[23.586946,46.782783],[23.58699,46.782768],[23.58703,46.782758],[23.587077,46.782749],[23.587133,46.782742],[23.587156,46.782739]]},"properties":{"name":"","lines":"101, 102, 102L","arr":["101","102","102L"],"roundabout":0,"mode":"tram","color":"#d6212b","busLines":"31, 39, 39L, 56, M31, M35"}},{"type":"Feature","geometry":{"type":"LineString","coordinates":[[23.587156,46.782739],[23.587282,46.78272],[23.587339,46.782709],[23.587369,46.782698],[23.587385,46.782688],[23.587412,46.782668],[23.587435,46.782642]]},"properties":{"name":"","lines":"101, 102, 102L","arr":["101","102","102L"],"roundabout":0,"mode":"tram","color":"#d6212b","busLines":"3, 4, 5, 9, 22, 27, 31, 32B, 35, 39, 39L, 56, M31, M35"}},{"type":"Feature","geometry":{"type":"LineString","coordinates":[[23.587435,46.782642],[23.587436,46.78264],[23.58745,46.782614],[23.587456,46.782587],[23.587456,46.782578],[23.587458,46.782551],[23.587395,46.781699],[23.587384,46.78158],[23.587345,46.781144],[23.587296,46.780601],[23.587282,46.780447],[23.587259,46.780183],[23.58723,46.779871],[23.587197,46.779473],[23.587188,46.779348],[23.587182,46.779217],[23.58718,46.779017],[23.58717,46.778196],[23.587143,46.777704]]},"properties":{"name":"","lines":"101, 102, 102L","arr":["101","102","102L"],"roundabout":0,"mode":"tram","color":"#d6212b","busLines":"3, 4, 5, 9, 22, 27, 31, 32B, 35, 39, 39L, 56, M31"}},{"type":"Feature","geometry":{"type":"LineString","coordinates":[[23.587143,46.777704],[23.58713,46.777473],[23.587126,46.77739],[23.587107,46.777041],[23.587099,46.776914],[23.587096,46.776834],[23.587098,46.776749],[23.587099,46.776679],[23.587151,46.776179],[23.587178,46.775886],[23.587194,46.775717],[23.587261,46.77501]]},"properties":{"name":"","lines":"101, 102, 102L","arr":["101","102","102L"],"roundabout":0,"mode":"tram","color":"#d6212b","busLines":"3, 4, 5, 9, 22, 27, 31, 32B, 35, 37, 38, 39, 39L, 56, M31"}},{"type":"Feature","geometry":{"type":"LineString","coordinates":[[23.587261,46.77501],[23.587274,46.774874],[23.587279,46.774816],[23.587286,46.774781],[23.587298,46.774748],[23.587299,46.774744],[23.587303,46.77473],[23.587319,46.7747],[23.587395,46.774575]]},"properties":{"name":"","lines":"101, 102, 102L","arr":["101","102","102L"],"roundabout":0,"mode":"tram","color":"#d6212b","busLines":"3, 4, 5, 9, 22, 27, 28, 31, 32B, 35, 36L, 37, 38, 39, 39L, 44, 56, M31"}},{"type":"Feature","geometry":{"type":"LineString","coordinates":[[23.587395,46.774575],[23.587444,46.774494],[23.587471,46.774457],[23.587592,46.774295],[23.587704,46.774144],[23.587723,46.774119],[23.587804,46.774008],[23.587878,46.773907],[23.587899,46.773867],[23.587913,46.773829],[23.587926,46.773791],[23.587928,46.773763],[23.587927,46.773739],[23.587924,46.77372],[23.58792,46.773701],[23.587913,46.773679],[23.587905,46.773655],[23.587897,46.773643],[23.587883,46.773623],[23.58785,46.773586],[23.587808,46.77355]]},"properties":{"name":"","lines":"101, 102, 102L","arr":["101","102","102L"],"roundabout":0,"mode":"tram","color":"#d6212b","busLines":"3, 4, 5, 9, 22, 28, 31, 32B, 35, 36L, 37, 38, 39, 39L, 44, 56, M31"}},{"type":"Feature","geometry":{"type":"LineString","coordinates":[[23.587698,46.773477],[23.587079,46.773108],[23.587007,46.773067],[23.586522,46.772784],[23.586506,46.772775],[23.585849,46.772408],[23.585774,46.772371],[23.585505,46.772242],[23.585216,46.772109],[23.584724,46.771882],[23.584653,46.771857],[23.584614,46.771846],[23.584571,46.771834],[23.584552,46.771831],[23.584518,46.771827],[23.584467,46.771822],[23.584401,46.77182],[23.584353,46.77182],[23.584297,46.771823],[23.584242,46.771829],[23.584193,46.771835],[23.584149,46.771843],[23.584094,46.771856],[23.584042,46.771875],[23.583859,46.77195],[23.58347,46.772119],[23.58344,46.772132],[23.5834,46.772149],[23.583272,46.772205],[23.583221,46.772221],[23.583171,46.772232],[23.583124,46.772241],[23.583078,46.772246],[23.58303,46.772249],[23.582963,46.772251],[23.582895,46.77225],[23.582875,46.772249],[23.582843,46.772244],[23.582808,46.772237],[23.582776,46.772228],[23.582735,46.772214],[23.582642,46.772171]]},"properties":{"name":"","lines":"101, 102, 102L","arr":["101","102","102L"],"roundabout":0,"mode":"tram","color":"#d6212b","busLines":"26, 26L, 28B, 41, 44, M26"}},{"type":"Feature","geometry":{"type":"LineString","coordinates":[[23.582642,46.772171],[23.582618,46.77216],[23.582549,46.772126],[23.581902,46.771809],[23.581716,46.771729],[23.581565,46.771666],[23.581448,46.771623],[23.581273,46.771567],[23.581095,46.771518],[23.578169,46.770819]]},"properties":{"name":"","lines":"101, 102, 102L","arr":["101","102","102L"],"roundabout":0,"mode":"tram","color":"#d6212b","busLines":"26, 28B, 41, 44, M26"}},{"type":"Feature","geometry":{"type":"LineString","coordinates":[[23.578169,46.770819],[23.578018,46.770783],[23.577932,46.770763],[23.577859,46.770746]]},"properties":{"name":"","lines":"101, 102, 102L","arr":["101","102","102L"],"roundabout":0,"mode":"tram","color":"#d6212b","busLines":"26, 28B, 30, 41, 44, 54N, M26"}},{"type":"Feature","geometry":{"type":"LineString","coordinates":[[23.577859,46.770746],[23.575955,46.770291],[23.57571,46.770241],[23.575495,46.7702],[23.57502,46.77012],[23.574237,46.769999],[23.57409,46.769976]]},"properties":{"name":"","lines":"101, 102, 102L","arr":["101","102","102L"],"roundabout":0,"mode":"tram","color":"#d6212b","busLines":"30, 54N, M26"}},{"type":"Feature","geometry":{"type":"LineString","coordinates":[[23.57409,46.769976],[23.573393,46.769865],[23.572896,46.769787],[23.572631,46.769736],[23.572479,46.769704],[23.57233,46.769667],[23.572178,46.769623],[23.572021,46.769574],[23.571923,46.769538],[23.571836,46.769503],[23.571714,46.769447],[23.571607,46.76938],[23.571514,46.769321],[23.571471,46.769288],[23.571373,46.769209]]},"properties":{"name":"","lines":"101, 102, 102L","arr":["101","102","102L"],"roundabout":0,"mode":"tram","color":"#d6212b"}},{"type":"Feature","geometry":{"type":"LineString","coordinates":[[23.571265,46.769114],[23.570512,46.76838],[23.570104,46.767973]]},"properties":{"name":"","lines":"101, 102, 102L","arr":["101","102","102L"],"roundabout":0,"mode":"tram","color":"#d6212b","busLines":"M26"}},{"type":"Feature","geometry":{"type":"LineString","coordinates":[[23.570052,46.767929],[23.57,46.767889],[23.569933,46.767834],[23.569852,46.767782],[23.569744,46.767719],[23.569539,46.767615],[23.569449,46.767574],[23.569183,46.767485],[23.569035,46.767442],[23.568834,46.767385],[23.568422,46.767287],[23.567652,46.767111],[23.567243,46.767018],[23.56722,46.767014],[23.566963,46.766939],[23.566922,46.766924],[23.566872,46.766906],[23.566818,46.766883],[23.566722,46.766838],[23.56661,46.766781],[23.566545,46.766743],[23.566484,46.7667],[23.566399,46.766641],[23.566312,46.766568],[23.566225,46.766488],[23.566169,46.76643],[23.566135,46.766395],[23.565824,46.766084],[23.565134,46.76539],[23.564828,46.765085],[23.564623,46.764875],[23.56408,46.764382],[23.563983,46.764294],[23.563421,46.763801],[23.563255,46.763663],[23.56313,46.763568],[23.563011,46.763493],[23.56287,46.763408],[23.56273,46.763334],[23.56261,46.763277],[23.562486,46.763223],[23.562306,46.763148],[23.562217,46.763118],[23.56204,46.763063],[23.561928,46.763031],[23.56179,46.762999],[23.561586,46.762961],[23.561467,46.762944],[23.561251,46.76292],[23.560971,46.762891],[23.560316,46.762842],[23.559883,46.762812],[23.559597,46.762796],[23.559573,46.762794],[23.558172,46.762685],[23.558066,46.762677],[23.557872,46.762658],[23.557778,46.762648],[23.557695,46.762637],[23.557625,46.762627],[23.557587,46.762621],[23.55749,46.7626],[23.557406,46.762581],[23.557295,46.762554],[23.557207,46.762528],[23.557093,46.762491],[23.556993,46.762456],[23.556871,46.76241],[23.556777,46.762369],[23.556693,46.76233],[23.556647,46.762309],[23.556611,46.762293],[23.556522,46.762243],[23.556461,46.762204],[23.556413,46.762168],[23.556361,46.762123],[23.556326,46.762091],[23.556299,46.762061],[23.556297,46.762062],[23.556257,46.762006],[23.556235,46.761968],[23.556215,46.761926],[23.5562,46.761883],[23.55619,46.761851],[23.55618,46.761813],[23.556174,46.761778],[23.556167,46.761727],[23.556165,46.761674],[23.556166,46.761631],[23.556173,46.761586],[23.556184,46.761546],[23.556203,46.761499],[23.556228,46.761459],[23.556265,46.761408],[23.556328,46.761323],[23.556348,46.761296],[23.556439,46.761201],[23.556456,46.761183],[23.556594,46.761048],[23.556971,46.760672],[23.55704,46.760607],[23.557046,46.760601]]},"properties":{"name":"","lines":"101, 102, 102L","arr":["101","102","102L"],"roundabout":0,"mode":"tram","color":"#d6212b","busLines":"M26"}},{"type":"Feature","geometry":{"type":"LineString","coordinates":[[23.557046,46.760601],[23.557125,46.760527],[23.557184,46.760454],[23.557253,46.76038],[23.557302,46.760323],[23.557341,46.760271],[23.557367,46.760224],[23.557391,46.760175],[23.557418,46.760122],[23.55744,46.760056],[23.557467,46.759863],[23.55746,46.759771]]},"properties":{"name":"","lines":"101, 102, 102L","arr":["101","102","102L"],"roundabout":0,"mode":"tram","color":"#d6212b"}},{"type":"Feature","geometry":{"type":"LineString","coordinates":[[23.55746,46.759771],[23.557459,46.759753],[23.55745,46.759685],[23.557442,46.759629],[23.557386,46.759472],[23.557362,46.75942],[23.557159,46.759019],[23.556757,46.758107],[23.556733,46.758059],[23.5567,46.757992],[23.556628,46.757835],[23.556594,46.757751],[23.55656,46.757636],[23.556508,46.757349],[23.556505,46.757297],[23.556509,46.756809],[23.55651,46.756706],[23.556508,46.756691],[23.556505,46.756661],[23.556421,46.756243],[23.556416,46.756182],[23.556411,46.756106],[23.556415,46.756047],[23.556432,46.755983],[23.556457,46.755913],[23.556473,46.755875],[23.556586,46.755647],[23.556597,46.755618],[23.556598,46.755616]]},"properties":{"name":"","lines":"101, 102, 102L","arr":["101","102","102L"],"roundabout":0,"mode":"tram","color":"#d6212b","busLines":"1, 6, 7, 14, 25"}},{"type":"Feature","geometry":{"type":"LineString","coordinates":[[23.556598,46.755616],[23.556611,46.75559],[23.55662,46.755539],[23.556622,46.755505],[23.556618,46.755473],[23.556609,46.755444],[23.55659,46.755404],[23.556585,46.755396]]},"properties":{"name":"","lines":"101, 102, 102L","arr":["101","102","102L"],"roundabout":0,"mode":"tram","color":"#d6212b","busLines":"1, 7, 14"}},{"type":"Feature","geometry":{"type":"LineString","coordinates":[[23.556585,46.755396],[23.556565,46.755365],[23.55653,46.755326],[23.55649,46.755286],[23.556457,46.755264],[23.556388,46.755222],[23.556232,46.755154],[23.555781,46.754973],[23.555137,46.754726],[23.554989,46.754673],[23.55463,46.754536],[23.5543,46.754443],[23.554016,46.754389],[23.553679,46.754335],[23.553057,46.754233],[23.552203,46.754116],[23.551975,46.754077],[23.551747,46.75403],[23.551579,46.753993],[23.551432,46.753956],[23.551241,46.753911],[23.550866,46.753785],[23.550785,46.753755],[23.5506,46.753682],[23.550501,46.753643],[23.549118,46.753118],[23.548382,46.752846],[23.547216,46.75241],[23.546793,46.75225],[23.546581,46.752175],[23.546184,46.752049],[23.54578,46.75194],[23.545279,46.751816],[23.545126,46.75178],[23.544777,46.751701],[23.544756,46.751696]]},"properties":{"name":"","lines":"101, 102, 102L","arr":["101","102","102L"],"roundabout":0,"mode":"tram","color":"#d6212b","busLines":"1, 6, 14, 25, 25N, 43, 43B, 43P"}},{"type":"Feature","geometry":{"type":"LineString","coordinates":[[23.544756,46.751696],[23.544443,46.751628]]},"properties":{"name":"","lines":"101, 102, 102L","arr":["101","102","102L"],"roundabout":0,"mode":"tram","color":"#d6212b","busLines":"1, 6, 14, 24, 25, 25N, 29, 29S, 43, 43B, 43P, 52, M24, M25, M81"}},{"type":"Feature","geometry":{"type":"LineString","coordinates":[[23.544443,46.751628],[23.544345,46.751606],[23.544096,46.751546],[23.543886,46.751479],[23.543848,46.751472],[23.543807,46.751465],[23.543756,46.751458],[23.543705,46.751453],[23.543659,46.751452]]},"properties":{"name":"","lines":"101, 102, 102L","arr":["101","102","102L"],"roundabout":0,"mode":"tram","color":"#d6212b","busLines":"1, 6, 14, 24, 25, 25N, 29, 29S, 52, 52L, M24, M25, M27, M51, M52, M81"}},{"type":"Feature","geometry":{"type":"LineString","coordinates":[[23.587077,46.782749],[23.587132,46.782745],[23.587178,46.782747],[23.587216,46.78275],[23.587253,46.782758],[23.587286,46.78277],[23.587317,46.782787],[23.587351,46.782809],[23.587375,46.782831],[23.587392,46.782846],[23.587417,46.782877],[23.587435,46.782904],[23.587449,46.782923],[23.587496,46.783005],[23.587518,46.783065]]},"properties":{"name":"","lines":"101","arr":["101"],"roundabout":0,"mode":"tram","color":"#d6212b"}},{"type":"Feature","geometry":{"type":"LineString","coordinates":[[23.587808,46.77355],[23.587698,46.773477]]},"properties":{"name":"","lines":"102, 102L","arr":["102","102L"],"roundabout":0,"mode":"tram","color":"#d6212b"}},{"type":"Feature","geometry":{"type":"LineString","coordinates":[[23.571373,46.769209],[23.571265,46.769114]]},"properties":{"name":"","lines":"102, 102L","arr":["102","102L"],"roundabout":0,"mode":"tram","color":"#d6212b"}},{"type":"Feature","geometry":{"type":"LineString","coordinates":[[23.570104,46.767973],[23.570052,46.767929]]},"properties":{"name":"","lines":"102, 102L","arr":["102","102L"],"roundabout":0,"mode":"tram","color":"#d6212b"}},{"type":"Feature","geometry":{"type":"LineString","coordinates":[[23.646549,46.796452],[23.645893,46.796434],[23.645764,46.79643],[23.645715,46.796429],[23.64555,46.796424],[23.642481,46.796353],[23.64011,46.796288],[23.639945,46.796281],[23.637476,46.796131],[23.637374,46.796128],[23.637238,46.796123],[23.636227,46.796112]]},"properties":{"name":"","lines":"102","arr":["102"],"roundabout":0,"mode":"tram","color":"#d6212b","busLines":"26L, 48L, 50D, 50L"}},{"type":"Feature","geometry":{"type":"LineString","coordinates":[[23.636227,46.796112],[23.635972,46.796109],[23.635571,46.7961]]},"properties":{"name":"","lines":"102","arr":["102"],"roundabout":0,"mode":"tram","color":"#d6212b","busLines":"12, 14, 26L, 48L, 50D, 50L"}},{"type":"Feature","geometry":{"type":"LineString","coordinates":[[23.635571,46.7961],[23.634794,46.796084],[23.634725,46.796082],[23.633787,46.796046],[23.631068,46.796],[23.630319,46.795977],[23.630094,46.795963],[23.629939,46.795948],[23.629812,46.795934],[23.629673,46.795912],[23.629456,46.795875],[23.629146,46.795811],[23.628269,46.795608],[23.628195,46.795594],[23.628164,46.795588],[23.628016,46.795568],[23.627903,46.795558],[23.627804,46.795552],[23.627695,46.795549],[23.627595,46.795548],[23.627457,46.795551],[23.625561,46.795635],[23.624403,46.795686],[23.6238,46.795713],[23.623124,46.79575],[23.622579,46.79578],[23.622376,46.795799],[23.622196,46.795821],[23.621891,46.795868],[23.621733,46.7959],[23.621441,46.795959],[23.621267,46.795992],[23.621138,46.79602],[23.621072,46.796035],[23.620994,46.796052],[23.620711,46.796113],[23.619394,46.796387],[23.617289,46.796794],[23.616939,46.796863],[23.616332,46.796983],[23.613081,46.797628],[23.612453,46.797741],[23.612444,46.797743]]},"properties":{"name":"","lines":"102","arr":["102"],"roundabout":0,"mode":"tram","color":"#d6212b","busLines":"10, 12, 14, 23, 26, 26L, 48, 48L, 50, 50D, 50L"}},{"type":"Feature","geometry":{"type":"LineString","coordinates":[[23.612444,46.797743],[23.612427,46.797746],[23.612131,46.797809]]},"properties":{"name":"","lines":"102","arr":["102"],"roundabout":0,"mode":"tram","color":"#d6212b","busLines":"14, 23, 26, 26L, 48, 48L, 50L"}},{"type":"Feature","geometry":{"type":"LineString","coordinates":[[23.612131,46.797809],[23.611849,46.797868],[23.611736,46.797903],[23.611006,46.798127],[23.610862,46.798181],[23.610183,46.798435],[23.609358,46.798743],[23.609064,46.798831],[23.608855,46.798894],[23.608633,46.798949],[23.60829,46.799032],[23.608204,46.799052],[23.608118,46.799061],[23.608088,46.799059],[23.608047,46.799059],[23.60798,46.799057],[23.607888,46.799052],[23.607631,46.799038],[23.607619,46.799038]]},"properties":{"name":"","lines":"102","arr":["102"],"roundabout":0,"mode":"tram","color":"#d6212b","busLines":"26, 26L"}},{"type":"Feature","geometry":{"type":"LineString","coordinates":[[23.607619,46.799038],[23.607603,46.799037],[23.607566,46.799034],[23.607522,46.799029],[23.60749,46.799022],[23.607436,46.799008],[23.60738,46.79899],[23.607333,46.798969],[23.60727,46.798943],[23.607229,46.798922],[23.607169,46.798887],[23.607107,46.798846],[23.607023,46.798786],[23.606644,46.798518],[23.606553,46.798454],[23.605912,46.798012],[23.605127,46.797441],[23.604751,46.79717],[23.60392,46.79657],[23.603641,46.796374],[23.603308,46.796134],[23.603143,46.796011],[23.60307,46.795944],[23.602998,46.795876],[23.602719,46.79561],[23.602671,46.795569],[23.602634,46.795543],[23.602572,46.795497],[23.602508,46.795454],[23.602415,46.79541],[23.60222,46.795324],[23.601409,46.794941],[23.601083,46.794803],[23.600976,46.794751],[23.60094,46.794731],[23.600877,46.794695],[23.600824,46.794661],[23.600783,46.79463],[23.600746,46.794602],[23.600716,46.794574],[23.600676,46.794543],[23.600632,46.794487],[23.600617,46.794454],[23.600601,46.794426],[23.600591,46.794411]]},"properties":{"name":"","lines":"102","arr":["102"],"roundabout":0,"mode":"tram","color":"#d6212b","busLines":"26, 26L, 39, 39L, M37, M38, M39, M39L"}},{"type":"Feature","geometry":{"type":"LineString","coordinates":[[23.600591,46.794411],[23.600553,46.794354],[23.600544,46.794341],[23.600476,46.7942],[23.600327,46.793905],[23.600033,46.793313],[23.599439,46.79212],[23.599346,46.791906],[23.59924,46.791633],[23.599199,46.791528],[23.59916,46.791454],[23.599149,46.791433],[23.599076,46.79132],[23.59899,46.79119],[23.598928,46.791105],[23.598814,46.790972],[23.598708,46.790863],[23.597861,46.790018],[23.597583,46.789727],[23.597178,46.78932],[23.597063,46.789196],[23.597003,46.789127],[23.596957,46.789067],[23.596899,46.788982],[23.596848,46.788892],[23.596802,46.788804],[23.596753,46.788683],[23.596717,46.788596],[23.596685,46.788489],[23.59665,46.788297],[23.596641,46.788178],[23.59664,46.788164],[23.596639,46.788118],[23.596637,46.788076]]},"properties":{"name":"","lines":"102","arr":["102"],"roundabout":0,"mode":"tram","color":"#d6212b","busLines":"26, 26L, M37, M38, M39, M39L"}},{"type":"Feature","geometry":{"type":"LineString","coordinates":[[23.596637,46.788076],[23.596637,46.788063],[23.596635,46.787999],[23.596634,46.787982],[23.596634,46.787965],[23.596633,46.787942],[23.596633,46.787935],[23.59663,46.787869],[23.596628,46.787794],[23.596627,46.787657],[23.596625,46.787547],[23.596628,46.787276],[23.596616,46.787087],[23.596583,46.786808],[23.59655,46.786394],[23.596536,46.786324],[23.596482,46.786041],[23.596438,46.785794],[23.596413,46.785734],[23.596388,46.78569],[23.596355,46.785647],[23.596335,46.785625]]},"properties":{"name":"","lines":"102","arr":["102"],"roundabout":0,"mode":"tram","color":"#d6212b","busLines":"26, 26L, M32, M37, M38, M39, M39L"}},{"type":"Feature","geometry":{"type":"LineString","coordinates":[[23.596335,46.785625],[23.596315,46.785604],[23.596266,46.785561],[23.596209,46.78552],[23.596137,46.785475],[23.596095,46.785453],[23.596049,46.785436],[23.596006,46.785419],[23.595915,46.785388],[23.595815,46.78537]]},"properties":{"name":"","lines":"102","arr":["102"],"roundabout":0,"mode":"tram","color":"#d6212b","busLines":"26, 26L, 34, M37, M38, M39, M39L"}},{"type":"Feature","geometry":{"type":"LineString","coordinates":[[23.595815,46.78537],[23.595796,46.785367],[23.595723,46.785359],[23.595649,46.78535],[23.595554,46.785352],[23.595492,46.785356],[23.595426,46.785362],[23.595363,46.785368],[23.595032,46.785409],[23.594991,46.785414],[23.594951,46.785418],[23.594897,46.78542],[23.59482,46.78542],[23.594749,46.785417],[23.594678,46.785411],[23.594567,46.785398],[23.594418,46.785378],[23.594196,46.785341]]},"properties":{"name":"","lines":"102","arr":["102"],"roundabout":0,"mode":"tram","color":"#d6212b","busLines":"26, 26L, 34, M32, M37, M38, M39, M39L"}},{"type":"Feature","geometry":{"type":"LineString","coordinates":[[23.594196,46.785341],[23.593685,46.785257],[23.589092,46.784496]]},"properties":{"name":"","lines":"102","arr":["102"],"roundabout":0,"mode":"tram","color":"#d6212b","busLines":"34, M32, M37, M38, M39, M39L"}},{"type":"Feature","geometry":{"type":"LineString","coordinates":[[23.589092,46.784496],[23.589011,46.784483],[23.588967,46.784474],[23.588147,46.784307]]},"properties":{"name":"","lines":"102","arr":["102"],"roundabout":0,"mode":"tram","color":"#d6212b","busLines":"3, 4, 5, 5N, 9, 22, 27, 32B, 34, 35, 56, M32, M33, M34, M35, M39, M39L"}},{"type":"Feature","geometry":{"type":"LineString","coordinates":[[23.588147,46.784307],[23.587986,46.784274],[23.587218,46.784135]]},"properties":{"name":"","lines":"102","arr":["102"],"roundabout":0,"mode":"tram","color":"#d6212b","busLines":"34, M32, M34"}}]}